{
"type": "FeatureCollection",
"name": "CleElumBasin",
"bbox": [ -121.31410312221, 47.241665931545, -120.946400012321, 47.5976096569406 ],                                                
"features": [
{ "type": "Feature", "id": "globalwatershedpoint", "properties": { }, "geometry": { "type": "Point", "coordinates": [ -121.073557554445529, 47.245335883459951 ] } },
{ "type": "Feature", "id": "globalwatershed", "properties": { "id": "CLEELUM", "area": 129466, "acres": 129466 }, "geometry": { "type": "Polygon", "coordinates": [ [ [ -121.314103122209687, 47.477895026102317 ], [ -121.313339997879581, 47.478037978774637 ], [ -121.313444106469717, 47.478299940333891 ], [ -121.313062541632718, 47.478371415470981 ], [ -121.31316664964092, 47.478633377542117 ], [ -121.311640376261053, 47.478919269157615 ], [ -121.311744479433258, 47.479181232796712 ], [ -121.311362907580317, 47.479252703467353 ], [ -121.311467010170489, 47.479514667618389 ], [ -121.311085436063507, 47.479586137606951 ], [ -121.311189538071616, 47.479848102269941 ], [ -121.310807961710623, 47.479919571576346 ], [ -121.311640796526675, 47.482015297457814 ], [ -121.311259207984818, 47.482086768546097 ], [ -121.311467422212814, 47.482610702321253 ], [ -121.31070423694824, 47.482753642803523 ], [ -121.310808342479945, 47.483015610635292 ], [ -121.307755556634888, 47.48358733401399 ], [ -121.307859651656642, 47.48384930482208 ], [ -121.307478048245727, 47.483920765942571 ], [ -121.307582142685177, 47.484182737262763 ], [ -121.30720053701998, 47.484254197701063 ], [ -121.307304630877084, 47.48451616953345 ], [ -121.306541414202087, 47.484659088011483 ], [ -121.306645506058459, 47.484921060708068 ], [ -121.30244773897401, 47.485707042261659 ], [ -121.302864052348284, 47.486754950137893 ], [ -121.30248242646941, 47.486826398208748 ], [ -121.302794666021555, 47.487612331855146 ], [ -121.302413035051174, 47.48768377994768 ], [ -121.302621196095103, 47.488207737217678 ], [ -121.302239561451643, 47.488279184979831 ], [ -121.302447723002189, 47.48880314359527 ], [ -121.302066084685592, 47.488874591027226 ], [ -121.30227424674267, 47.489398550988163 ], [ -121.301892604752894, 47.489469998089788 ], [ -121.301996685616714, 47.48973197866286 ], [ -121.30161504137233, 47.489803425082094 ], [ -121.301823202770535, 47.490327387413657 ], [ -121.301441554852858, 47.490398833502603 ], [ -121.301545635387228, 47.490660815261066 ], [ -121.301163985214885, 47.490732260667684 ], [ -121.30137214595409, 47.491256225369987 ], [ -121.300990492108326, 47.491327670446289 ], [ -121.301614985877308, 47.492899570517153 ], [ -121.301233322682918, 47.492971016671248 ], [ -121.3014414911231, 47.493494985349855 ], [ -121.301059824255049, 47.493566431173711 ], [ -121.301163908310343, 47.493828416105856 ], [ -121.300782239187427, 47.493899861247364 ], [ -121.300990406968438, 47.494423832297592 ], [ -121.30060873417176, 47.494495277108769 ], [ -121.300816902459189, 47.49501924950544 ], [ -121.300435225988664, 47.495090693986398 ], [ -121.300643394782512, 47.495614667729598 ], [ -121.300261714638097, 47.495686111880282 ], [ -121.300365798870175, 47.495948099344922 ], [ -121.299984116470711, 47.496019542813201 ], [ -121.300088200119916, 47.496281530790597 ], [ -121.299324829974921, 47.496424415327915 ], [ -121.299428911622201, 47.496686404170106 ], [ -121.298665535294958, 47.496829285273769 ], [ -121.298769614940298, 47.497091274980747 ], [ -121.298387924103594, 47.497162714332944 ], [ -121.298596083064311, 47.497686694933265 ], [ -121.298214388553447, 47.497758133955081 ], [ -121.29831846786881, 47.498020124848381 ], [ -121.297936771102826, 47.498091563187806 ], [ -121.298040849835175, 47.498353554593962 ], [ -121.297277450956841, 47.498496428873459 ], [ -121.297381527687037, 47.498758421144494 ], [ -121.296999825574673, 47.498829857084559 ], [ -121.297103901721783, 47.499091849868456 ], [ -121.296722197354228, 47.499163285126059 ], [ -121.296826272918238, 47.499425278422827 ], [ -121.296444566295463, 47.499496712997981 ], [ -121.29654864127636, 47.499758706807626 ], [ -121.296166932398378, 47.499830140700325 ], [ -121.296271006796104, 47.500092135022854 ], [ -121.295125870888256, 47.500306431549873 ], [ -121.295229941864406, 47.500568427089526 ], [ -121.294466510907199, 47.500711286972177 ], [ -121.294570579880826, 47.500973283376808 ], [ -121.293807142741002, 47.501116139825314 ], [ -121.293911209712093, 47.501378137094989 ], [ -121.292002595135941, 47.50173526187119 ], [ -121.292314779775296, 47.502521259926731 ], [ -121.291933050094016, 47.502592682834354 ], [ -121.292245237999154, 47.503378683394445 ], [ -121.291863503223652, 47.50345010632369 ], [ -121.29196756611131, 47.503712107184384 ], [ -121.291585829080347, 47.503783529431075 ], [ -121.29179395452482, 47.504307532339524 ], [ -121.291030472277043, 47.504450375137324 ], [ -121.291134533414336, 47.504712377537231 ], [ -121.290371044983502, 47.504855216900502 ], [ -121.290683224894437, 47.505641227178941 ], [ -121.29030147516643, 47.505712646364834 ], [ -121.290509596448089, 47.506236654726543 ], [ -121.2901278430449, 47.50630807358197 ], [ -121.290231903520208, 47.506570078356511 ], [ -121.289850147861415, 47.506641496529369 ], [ -121.290058268480919, 47.50716550726596 ], [ -121.289676509146858, 47.507236925108259 ], [ -121.289884630271303, 47.507760937193453 ], [ -121.289502867261902, 47.507832354705343 ], [ -121.289606927658554, 47.508094361341726 ], [ -121.288843396292265, 47.508237193965513 ], [ -121.288947454685612, 47.508499201467295 ], [ -121.288565686328695, 47.508570616579185 ], [ -121.288669744138389, 47.508832624594241 ], [ -121.288287973525712, 47.50890403902347 ], [ -121.288392030751737, 47.509166047551844 ], [ -121.288010257883272, 47.509237461298468 ], [ -121.288114314525572, 47.509499470340081 ], [ -121.288496088813773, 47.509428056241362 ], [ -121.288912329422729, 47.510476092611363 ], [ -121.289294108553904, 47.510404676069278 ], [ -121.289398172216139, 47.510666685212641 ], [ -121.289779951930981, 47.510595267283541 ], [ -121.289988084603436, 47.511119285349587 ], [ -121.290369866321726, 47.511047865681391 ], [ -121.290473935331917, 47.511309874604038 ], [ -121.290855717633832, 47.511238453548799 ], [ -121.290959788900039, 47.51150046228048 ], [ -121.291341571785537, 47.511429039838347 ], [ -121.291966025461974, 47.513001093501387 ], [ -121.291584234057538, 47.513072518056909 ], [ -121.291480157774075, 47.512810508357639 ], [ -121.291098366953264, 47.51288193152611 ], [ -121.290994292925859, 47.512619921635938 ], [ -121.290612502688674, 47.512691343417359 ], [ -121.290508430917342, 47.512429333336243 ], [ -121.285926899888494, 47.513286309770216 ], [ -121.286030954620955, 47.513548324077533 ], [ -121.285267351570582, 47.513691139699702 ], [ -121.28537140429917, 47.513953154872723 ], [ -121.284607795064488, 47.514095967059696 ], [ -121.284711845789147, 47.514357983098428 ], [ -121.283948230370115, 47.514500791850139 ], [ -121.284052279090758, 47.514762808754561 ], [ -121.283288657487375, 47.514905614071019 ], [ -121.283392704203933, 47.515167631841202 ], [ -121.283774516843721, 47.515096229348231 ], [ -121.283878565816437, 47.515358246927626 ], [ -121.284260379040219, 47.515286843047605 ], [ -121.284572535235085, 47.51607289569781 ], [ -121.284954351883073, 47.516001489726335 ], [ -121.285370577529036, 47.517049560777863 ], [ -121.284606932035985, 47.517192374503487 ], [ -121.284710987697579, 47.517454393374479 ], [ -121.284329162276663, 47.517525799037074 ], [ -121.284433217354206, 47.51778781842166 ], [ -121.284051389676975, 47.517859223401544 ], [ -121.284155444170494, 47.518121243299895 ], [ -121.283773614236907, 47.518192647596976 ], [ -121.283877668146374, 47.518454668009035 ], [ -121.28349583595643, 47.518526071623391 ], [ -121.283599889281817, 47.518788092549194 ], [ -121.283218054835473, 47.518859495480811 ], [ -121.283322107576765, 47.519121516920407 ], [ -121.282558433335126, 47.519264320383058 ], [ -121.282662484072034, 47.519526342688614 ], [ -121.281135119873952, 47.519811938602949 ], [ -121.281239165765754, 47.520073962478861 ], [ -121.280475475809354, 47.520216754930409 ], [ -121.280579519696573, 47.520478779672345 ], [ -121.280197672043826, 47.520550174697767 ], [ -121.280405759485802, 47.521074225370896 ], [ -121.280023908156195, 47.521145620065759 ], [ -121.280127951710952, 47.52140764599698 ], [ -121.279746098124818, 47.521479040008913 ], [ -121.279850141095267, 47.521741066454027 ], [ -121.279468285252591, 47.521812459783163 ], [ -121.279572327638732, 47.522074486742127 ], [ -121.279190469539472, 47.522145879388397 ], [ -121.279294511341263, 47.522407906861289 ], [ -121.278912650985433, 47.522479298824699 ], [ -121.279120734256352, 47.523003354959911 ], [ -121.27835700535438, 47.523146137190444 ], [ -121.278252966141878, 47.52288410833755 ], [ -121.277107370779703, 47.523098272863585 ], [ -121.277003336664862, 47.522836243115812 ], [ -121.276621471292515, 47.522907628868751 ], [ -121.276517439434272, 47.522645598930502 ], [ -121.275753709022538, 47.52278836662677 ], [ -121.275649680841397, 47.522526336145837 ], [ -121.273740347284715, 47.522883235511287 ], [ -121.273636327042439, 47.522621203431306 ], [ -121.270963234897124, 47.523120816603026 ], [ -121.270859225435075, 47.522858782219863 ], [ -121.269713606239108, 47.523072885567231 ], [ -121.269817611439166, 47.523334921006729 ], [ -121.268671980458492, 47.523549016094044 ], [ -121.268567979520512, 47.523286979598211 ], [ -121.267422345279513, 47.523501064312775 ], [ -121.267318349439478, 47.523239026922518 ], [ -121.265790831100063, 47.523524457307794 ], [ -121.265686841778759, 47.52326241867101 ], [ -121.264923080436091, 47.523405126948447 ], [ -121.264819094792045, 47.523143087769441 ], [ -121.263291567761328, 47.523428490493842 ], [ -121.263187588636086, 47.52316645006843 ], [ -121.262423822948293, 47.523309144515444 ], [ -121.262527799231918, 47.523571185644826 ], [ -121.261382140170483, 47.523785220607216 ], [ -121.26148611302726, 47.524047262954511 ], [ -121.261104223581341, 47.524118606223595 ], [ -121.261208195852859, 47.524380649084812 ], [ -121.26082630415047, 47.524451991670595 ], [ -121.260930275836742, 47.524714035045768 ], [ -121.260548381877797, 47.524785376948344 ], [ -121.260860297687657, 47.525571509101233 ], [ -121.260478398630312, 47.5256428510246 ], [ -121.260790317698181, 47.526428985690934 ], [ -121.260026508550766, 47.526571668544179 ], [ -121.260130480402722, 47.526833714460984 ], [ -121.259366665070701, 47.526976393877163 ], [ -121.259470634916269, 47.527238440660028 ], [ -121.259088724575776, 47.527309779167197 ], [ -121.259192693835971, 47.527571826464083 ], [ -121.258046953537416, 47.527785836829842 ], [ -121.258358853542191, 47.528571982860967 ], [ -121.257976934174792, 47.528643318635062 ], [ -121.258080901093237, 47.528905367988244 ], [ -121.256935133713753, 47.529119370154589 ], [ -121.257039097204398, 47.52938142072594 ], [ -121.256657171652151, 47.529452753062735 ], [ -121.257073028286314, 47.530500958377267 ], [ -121.256691096213615, 47.530572291086912 ], [ -121.257002993199976, 47.531358447831266 ], [ -121.256621056027896, 47.531429780561723 ], [ -121.256828988687957, 47.531953886572879 ], [ -121.256447047837639, 47.532025218972052 ], [ -121.256551013999925, 47.532287272572972 ], [ -121.255787126949627, 47.532429934969208 ], [ -121.255891091104985, 47.532691989436493 ], [ -121.255509144904963, 47.532763319433577 ], [ -121.255717072879989, 47.533287429558868 ], [ -121.255335123001601, 47.533358759224683 ], [ -121.255439086821298, 47.533620814882767 ], [ -121.25429322790788, 47.533834798723845 ], [ -121.254085309632558, 47.533310685457479 ], [ -121.25370335783289, 47.533382010629467 ], [ -121.253599401370067, 47.533119953887621 ], [ -121.253217450156185, 47.533191277672152 ], [ -121.252905590045643, 47.532405107363829 ], [ -121.252523642260314, 47.532476429056757 ], [ -121.252419691982681, 47.53221437225978 ], [ -121.250509947629595, 47.532570963432683 ], [ -121.25061389080021, 47.532833021989745 ], [ -121.249849984367401, 47.532975651914775 ], [ -121.249953925530605, 47.533237711338153 ], [ -121.249190012912848, 47.533380337825271 ], [ -121.249293952068626, 47.533642398114942 ], [ -121.248148072611215, 47.53385633113561 ], [ -121.248252008337985, 47.534118392643549 ], [ -121.247488081679222, 47.534261010183798 ], [ -121.247592015398396, 47.534523072558123 ], [ -121.247210049394212, 47.534594380126954 ], [ -121.247313982527317, 47.53485644301557 ], [ -121.246932014266108, 47.534927749900923 ], [ -121.247035946813085, 47.535189813303873 ], [ -121.242834225162539, 47.535974124569066 ], [ -121.242938142906752, 47.536236192006193 ], [ -121.243320123201045, 47.536164895807858 ], [ -121.243735808218872, 47.537213165772776 ], [ -121.243353822237651, 47.537284463378946 ], [ -121.243561666915596, 47.537808600040059 ], [ -121.243179677255426, 47.537879897314646 ], [ -121.24328359942578, 47.538141966240836 ], [ -121.242901607508372, 47.538213262831867 ], [ -121.243005529092386, 47.538475332272611 ], [ -121.242623534917726, 47.538546628179958 ], [ -121.242727455915343, 47.53880869813522 ], [ -121.242345459483417, 47.538879993358982 ], [ -121.242449379894637, 47.539142063828685 ], [ -121.24206738120543, 47.539213358368798 ], [ -121.242275221690491, 47.539737500499839 ], [ -121.241893219322108, 47.539808794708335 ], [ -121.242204982049955, 47.540595010180034 ], [ -121.241822974580373, 47.540666304408937 ], [ -121.241926895738672, 47.540928376910045 ], [ -121.241544886011681, 47.540999670455271 ], [ -121.241648806583527, 47.541261743470919 ], [ -121.241266794599099, 47.541333036332581 ], [ -121.24137071458442, 47.541595109862861 ], [ -121.240988700342569, 47.541666402040846 ], [ -121.241092619741394, 47.541928476085779 ], [ -121.240710603242064, 47.541999767580052 ], [ -121.240814522054364, 47.542261842139617 ], [ -121.240432503297555, 47.542333132950269 ], [ -121.240536421523288, 47.542595208024537 ], [ -121.240154400508999, 47.542666498151519 ], [ -121.24025831814815, 47.542928573740483 ], [ -121.239876294876339, 47.542999863183717 ], [ -121.239980211928923, 47.543261939287397 ], [ -121.239598186399547, 47.543333228046926 ], [ -121.239702102865508, 47.543595304665345 ], [ -121.239320075078567, 47.543666592741197 ], [ -121.239423990957917, 47.543928669874312 ], [ -121.237131798158941, 47.544356378691369 ], [ -121.237027890812413, 47.544094299446144 ], [ -121.236645857177379, 47.544165580271873 ], [ -121.236749763101741, 47.5444276598691 ], [ -121.236367727209142, 47.544498940011017 ], [ -121.236263822706974, 47.544236860061815 ], [ -121.235499751259965, 47.544379416534412 ], [ -121.235603652917732, 47.544641497187669 ], [ -121.234839575284809, 47.544784050221182 ], [ -121.234943474933502, 47.545046131741167 ], [ -121.234561433441726, 47.545117407056232 ], [ -121.234665332503567, 47.545379489091033 ], [ -121.23428328875417, 47.545450763722307 ], [ -121.234491086539393, 47.54597492898418 ], [ -121.234109039110066, 47.546046203283694 ], [ -121.234524639015945, 47.547094537169393 ], [ -121.23490669213453, 47.547023261461881 ], [ -121.235218405102785, 47.547809512529923 ], [ -121.235600461652922, 47.547738234730495 ], [ -121.235704369068941, 47.548000318393584 ], [ -121.235322311096425, 47.548071596545078 ], [ -121.235426217925522, 47.548333680723019 ], [ -121.235044157695171, 47.548404958190723 ], [ -121.235148063937359, 47.548667042883636 ], [ -121.233619808971739, 47.5489521438042 ], [ -121.233723710359712, 47.549214230068202 ], [ -121.233341643107266, 47.549285503060695 ], [ -121.233653348016503, 47.550071763886471 ], [ -121.233271275661195, 47.550143036899229 ], [ -121.234310332106588, 47.552763920432561 ], [ -121.233928244690347, 47.552835195930207 ], [ -121.234136063160562, 47.553359375297347 ], [ -121.233753972063553, 47.553430650463326 ], [ -121.233857881129339, 47.5536927407436 ], [ -121.233475787774154, 47.553764015225696 ], [ -121.234203164672323, 47.555598654219111 ], [ -121.233821060522786, 47.555669930130144 ], [ -121.234028887168677, 47.556194114872149 ], [ -121.233264670671787, 47.556336664994888 ], [ -121.233368582402633, 47.556598758314884 ], [ -121.23260435971774, 47.556741304997928 ], [ -121.23270826943866, 47.55700339918544 ], [ -121.231944040565736, 47.55714594242869 ], [ -121.232151856823137, 47.55767013270188 ], [ -121.231769738287596, 47.557741403473848 ], [ -121.233016688951381, 47.5608865630523 ], [ -121.232634552505274, 47.560957837014286 ], [ -121.232842386469585, 47.561482033267986 ], [ -121.232460246341802, 47.56155330689824 ], [ -121.232668080803009, 47.562077504509837 ], [ -121.232285936993435, 47.562148777808517 ], [ -121.232389854054631, 47.562410877211526 ], [ -121.232007707986298, 47.562482149826316 ], [ -121.232111624460146, 47.562744249744974 ], [ -121.230583026137268, 47.563029331251883 ], [ -121.230686937754513, 47.563291432742787 ], [ -121.229922630732574, 47.563433967983933 ], [ -121.230130450781715, 47.563958172864915 ], [ -121.229748293170928, 47.564029439635732 ], [ -121.229852203025885, 47.564291542673573 ], [ -121.229470043156184, 47.564362808760428 ], [ -121.229677862526927, 47.564887016031079 ], [ -121.229295698975136, 47.564958281786168 ], [ -121.22939960849088, 47.56522038601895 ], [ -121.22901744268016, 47.565291651090142 ], [ -121.229121351608384, 47.56555375583865 ], [ -121.228739183538735, 47.565625020225845 ], [ -121.228843091879426, 47.565887125490136 ], [ -121.225403528836708, 47.566528461516079 ], [ -121.225507425203375, 47.566790570113767 ], [ -121.224743065821542, 47.566933078536685 ], [ -121.224846960177118, 47.567195188002373 ], [ -121.222936039982216, 47.567551442686266 ], [ -121.223039928056338, 47.567813554076523 ], [ -121.221511171165886, 47.568098540579619 ], [ -121.221407288785599, 47.56783642778062 ], [ -121.221025098897542, 47.567907671463537 ], [ -121.221128979854342, 47.56816978461471 ], [ -121.219982400906446, 47.568383510502159 ], [ -121.220086278428255, 47.568645624873504 ], [ -121.21893968769001, 47.56885934249074 ], [ -121.219043561776715, 47.569121458082236 ], [ -121.218279160926528, 47.569263932016433 ], [ -121.218383033001572, 47.569526048475929 ], [ -121.216472009137007, 47.569882216936428 ], [ -121.216368144180066, 47.569620098716179 ], [ -121.21598593832438, 47.569691328947115 ], [ -121.215778213764125, 47.569167092293682 ], [ -121.21539600992034, 47.569238320784052 ], [ -121.215292150316955, 47.568976202350804 ], [ -121.214909947061358, 47.569047429452674 ], [ -121.214806089717044, 47.56878531083111 ], [ -121.214423887049705, 47.56885653654453 ], [ -121.214320031964377, 47.56859441773458 ], [ -121.213555626970916, 47.568736865348242 ], [ -121.213451775568231, 47.568474745997861 ], [ -121.212687370080729, 47.568617188761877 ], [ -121.212583522360646, 47.568355068871092 ], [ -121.212201319787596, 47.568426288346529 ], [ -121.21209747432647, 47.568164168267394 ], [ -121.211715272341792, 47.568235386354367 ], [ -121.211611429139595, 47.567973266086938 ], [ -121.211229227743303, 47.568044482785602 ], [ -121.211125386800035, 47.567782362329787 ], [ -121.210743185992143, 47.567853577640044 ], [ -121.210639347307762, 47.567591456995906 ], [ -121.210257147088299, 47.567662670917755 ], [ -121.210049475072537, 47.567138429416701 ], [ -121.209667276865176, 47.567209641598154 ], [ -121.209459611037445, 47.566685400047895 ], [ -121.209077414842199, 47.566756610489008 ], [ -121.208973584604706, 47.566494489607415 ], [ -121.208591388997959, 47.56656569866017 ], [ -121.208487561019254, 47.566303577590318 ], [ -121.208105366001007, 47.566374785254673 ], [ -121.20800154028106, 47.56611266399657 ], [ -121.206854954486616, 47.566326279715753 ], [ -121.206751133872729, 47.566064157565364 ], [ -121.205222346817152, 47.566348962607393 ], [ -121.20511853273301, 47.566086839213 ], [ -121.2035897380118, 47.566371626265294 ], [ -121.203485930457461, 47.566109501626883 ], [ -121.202721530934411, 47.566251888230923 ], [ -121.202617727062474, 47.565989763052386 ], [ -121.201471125786995, 47.566203334129817 ], [ -121.201367327021202, 47.5659412080593 ], [ -121.200602924843807, 47.566083582891821 ], [ -121.200706720762071, 47.566345709666102 ], [ -121.199177900693641, 47.566630448301758 ], [ -121.199074110470534, 47.56636832012002 ], [ -121.197927490924641, 47.566581862158706 ], [ -121.197823705807821, 47.566319733085216 ], [ -121.196677083020091, 47.566533264740499 ], [ -121.196573303009572, 47.566271134775207 ], [ -121.195808886491591, 47.566413483326208 ], [ -121.195705110163502, 47.566151352821073 ], [ -121.194940693154265, 47.566293696522663 ], [ -121.194836920508664, 47.566031565477644 ], [ -121.192543657991322, 47.566458569596826 ], [ -121.192647422093557, 47.566720702752569 ], [ -121.190736339923006, 47.567076512774577 ], [ -121.190840097740079, 47.567338647853049 ], [ -121.19007565618152, 47.56748096530994 ], [ -121.190179411985198, 47.5677431012558 ], [ -121.189414964240186, 47.567885415270204 ], [ -121.189518718030413, 47.568147552083495 ], [ -121.18875426409889, 47.568289862655369 ], [ -121.188858015875624, 47.568552000336091 ], [ -121.18771132444671, 47.568765459475145 ], [ -121.187607576942256, 47.568503320739154 ], [ -121.187225346220927, 47.568574471360627 ], [ -121.187121600975104, 47.568312332436847 ], [ -121.186739370843313, 47.568383481670054 ], [ -121.186428144385317, 47.56759706482682 ], [ -121.186045917691303, 47.567668211968325 ], [ -121.185838440406641, 47.567143934188906 ], [ -121.185073990211507, 47.567286223955435 ], [ -121.184970255669015, 47.567024084608157 ], [ -121.184588030743868, 47.567095227584986 ], [ -121.184380567010365, 47.566570948678688 ], [ -121.183998344098939, 47.566642089915533 ], [ -121.183894614907899, 47.566379950356556 ], [ -121.183512392586152, 47.566451090205241 ], [ -121.183304939555327, 47.565926810875489 ], [ -121.182922719247344, 47.565997948984347 ], [ -121.182611550230959, 47.565211530163829 ], [ -121.182229333360809, 47.565282666181162 ], [ -121.182125613448065, 47.56502052655042 ], [ -121.181743397167665, 47.565091661179572 ], [ -121.181639679513225, 47.564829521361069 ], [ -121.180875247297664, 47.564971786806545 ], [ -121.180771533325625, 47.564709646448684 ], [ -121.179242664579718, 47.564994163494909 ], [ -121.179346372855463, 47.565256305259297 ], [ -121.178199708264415, 47.565469683215014 ], [ -121.177817485065674, 47.565540807127235 ], [ -121.177921188479132, 47.565802950461773 ], [ -121.177538963022045, 47.565874073688974 ], [ -121.177642665845539, 47.566136217539054 ], [ -121.176878209580451, 47.566278461586847 ], [ -121.17698191038977, 47.566540606303967 ], [ -121.17659967958177, 47.566611727124602 ], [ -121.176703379801083, 47.566873872357256 ], [ -121.176321146734665, 47.566944992492878 ], [ -121.177150767126676, 47.569042163069881 ], [ -121.176768521831917, 47.569113284981732 ], [ -121.176975932423645, 47.569637579969239 ], [ -121.176593683446001, 47.569708701547704 ], [ -121.176697388568911, 47.569970849639091 ], [ -121.176315137332637, 47.570041970532507 ], [ -121.17641884186547, 47.570304119139628 ], [ -121.175654334041411, 47.570446358519824 ], [ -121.175758036559699, 47.57070850799424 ], [ -121.175375779971901, 47.570779626480928 ], [ -121.175479481900069, 47.571041776471162 ], [ -121.175097223053598, 47.571112894272837 ], [ -121.175304626563829, 47.57163719544878 ], [ -121.174922364034188, 47.571708312916989 ], [ -121.175129768032576, 47.572232615452691 ], [ -121.174747501819738, 47.572303732587514 ], [ -121.174851203645844, 47.572565884453212 ], [ -121.174086665868373, 47.572708116316093 ], [ -121.174190365679749, 47.572970269049257 ], [ -121.173043548483037, 47.573183610123152 ], [ -121.173147244855016, 47.573445764075394 ], [ -121.172382693036852, 47.573587986977564 ], [ -121.172486387393903, 47.573850141797315 ], [ -121.171721829389611, 47.573992361255826 ], [ -121.171825521731705, 47.574254516943043 ], [ -121.171443240053591, 47.574325625468823 ], [ -121.171546931805267, 47.574587781671866 ], [ -121.171164647868295, 47.574658889512492 ], [ -121.171372031025044, 47.575183203114648 ], [ -121.17098974340449, 47.575254310621744 ], [ -121.171093434809549, 47.575516468020922 ], [ -121.170711144930095, 47.57558757484292 ], [ -121.170918527393482, 47.576111890837289 ], [ -121.170536233830362, 47.576182997325795 ], [ -121.170639924888718, 47.576445155921093 ], [ -121.170257629066583, 47.576516261724471 ], [ -121.170672395943498, 47.577564899155526 ], [ -121.169907790398298, 47.577707110465035 ], [ -121.170115173143159, 47.578231431573357 ], [ -121.169732866269513, 47.578302536376214 ], [ -121.170769815803382, 47.580924155298788 ], [ -121.171152136925883, 47.580853046978937 ], [ -121.171255837893057, 47.581115209423878 ], [ -121.17163815960609, 47.581044099715427 ], [ -121.171741862832619, 47.581306261973097 ], [ -121.17212418513617, 47.581235150876054 ], [ -121.172953852387607, 47.583332452044985 ], [ -121.171806848774239, 47.583545790667806 ], [ -121.17191055666072, 47.583807955109549 ], [ -121.171528219028957, 47.583879066261787 ], [ -121.171631926324849, 47.584141231219903 ], [ -121.171249586433547, 47.584212341686921 ], [ -121.171353293138878, 47.584474507161374 ], [ -121.170970950988021, 47.584545616943309 ], [ -121.17117836405194, 47.585069949089551 ], [ -121.170796018216379, 47.585141058538063 ], [ -121.171003431768, 47.585665392046273 ], [ -121.170621082247706, 47.585736501161499 ], [ -121.171035913664326, 47.586785171560649 ], [ -121.170653557608844, 47.586856281046096 ], [ -121.170757266124099, 47.587118449409353 ], [ -121.171139623604759, 47.587047339572123 ], [ -121.171658185825294, 47.588358182099533 ], [ -121.172040549597497, 47.588287069466141 ], [ -121.172455420097435, 47.589335745045346 ], [ -121.172073050624206, 47.589406859086125 ], [ -121.17228048803139, 47.589931198567911 ], [ -121.167309571872252, 47.590855595876313 ], [ -121.167413273297953, 47.591117770438416 ], [ -121.167030887864513, 47.591188871016072 ], [ -121.167134588699312, 47.591451046094853 ], [ -121.166752201005892, 47.59152214598722 ], [ -121.166855901249733, 47.59178432158275 ], [ -121.16494394313753, 47.592139807247371 ], [ -121.165047637088364, 47.592401984766873 ], [ -121.163518049875634, 47.592686356037696 ], [ -121.163414361627019, 47.592424177110978 ], [ -121.161119964328137, 47.592850700792219 ], [ -121.161016285467525, 47.592588519919623 ], [ -121.159486676282995, 47.592872846890316 ], [ -121.159590349441061, 47.593135029169943 ], [ -121.158825536991372, 47.593277187135762 ], [ -121.158721866684687, 47.593015004152591 ], [ -121.156045006810061, 47.593512521899299 ], [ -121.156148667136748, 47.593774707344679 ], [ -121.155383839669781, 47.593916846640923 ], [ -121.15548749797918, 47.594179032954756 ], [ -121.1547226643237, 47.594321168805578 ], [ -121.154826320615754, 47.594583355987908 ], [ -121.154443901110838, 47.594654422709183 ], [ -121.154547556811323, 47.594916610408234 ], [ -121.154165135046327, 47.594987676444013 ], [ -121.1542687901552, 47.59524986465992 ], [ -121.153886366130152, 47.595320930010132 ], [ -121.153782712447111, 47.595058741442557 ], [ -121.152253013708133, 47.595342991064108 ], [ -121.152356661687662, 47.595605181038529 ], [ -121.151974233491529, 47.595676241202483 ], [ -121.151870586937918, 47.595414050876357 ], [ -121.151488159333525, 47.595485109651342 ], [ -121.151384515039993, 47.595222919138557 ], [ -121.15100208802734, 47.595293976524573 ], [ -121.150794804794515, 47.594769595290984 ], [ -121.150412379799519, 47.59484065093632 ], [ -121.150308740860183, 47.594578460215502 ], [ -121.149926316457012, 47.594649514471897 ], [ -121.14961540892125, 47.593862942244819 ], [ -121.149232987961639, 47.593933994408992 ], [ -121.14912935521042, 47.593671803645179 ], [ -121.14874693484262, 47.593742854420398 ], [ -121.148643304351324, 47.593480663469975 ], [ -121.148260884575365, 47.593551712856318 ], [ -121.148157256343993, 47.593289521719292 ], [ -121.147774837159901, 47.593360569716815 ], [ -121.147671211188367, 47.593098378393222 ], [ -121.1472887925962, 47.593169425001797 ], [ -121.147185168884533, 47.592907233491658 ], [ -121.145273070543638, 47.593262449217534 ], [ -121.145065839881113, 47.592738063176498 ], [ -121.141241609175722, 47.593448409800331 ], [ -121.141345209830448, 47.593710606253921 ], [ -121.140580350831385, 47.593852663834078 ], [ -121.140683949467885, 47.59411486115593 ], [ -121.13991908428153, 47.594256915289861 ], [ -121.140126278351701, 47.594781311835 ], [ -121.139743841655687, 47.594852338049009 ], [ -121.139847438515361, 47.59511453692091 ], [ -121.139082559769761, 47.59525658693989 ], [ -121.1388753725886, 47.594732187955245 ], [ -121.138492934817322, 47.59480321070572 ], [ -121.138389343903498, 47.594541011109563 ], [ -121.138006906724584, 47.594612032471147 ], [ -121.137903318070613, 47.594349832688664 ], [ -121.135608686045856, 47.594775936964261 ], [ -121.135505106782347, 47.59451373523801 ], [ -121.135122666619836, 47.594584748634965 ], [ -121.135019089616122, 47.594322546722452 ], [ -121.134636650046104, 47.594393558730594 ], [ -121.134533075302187, 47.594131356631699 ], [ -121.134150636324691, 47.594202367251036 ], [ -121.134047063840541, 47.593940164965886 ], [ -121.133664625455594, 47.594011174196332 ], [ -121.133561055231226, 47.593748971724914 ], [ -121.133178617438858, 47.59381997956654 ], [ -121.133075049474215, 47.593557776908902 ], [ -121.131162855139848, 47.593912798799018 ], [ -121.131059295139607, 47.593650594549416 ], [ -121.130676855198359, 47.593721595463833 ], [ -121.130573297457815, 47.593459391028055 ], [ -121.130190858109259, 47.593530390553617 ], [ -121.130087302628382, 47.593268185931613 ], [ -121.129322424283288, 47.59341018116789 ], [ -121.129218872488266, 47.593147976008289 ], [ -121.12883643349177, 47.593218971718947 ], [ -121.128732883956374, 47.592956766373106 ], [ -121.127968006315513, 47.593098753979454 ], [ -121.127864460465943, 47.592836548096088 ], [ -121.127482021821649, 47.592907539991778 ], [ -121.127378478231705, 47.592645333922249 ], [ -121.126996040180231, 47.592716324429226 ], [ -121.126892498849841, 47.592454118173549 ], [ -121.122685640973174, 47.593234941415432 ], [ -121.122582116164978, 47.592972731460428 ], [ -121.120669881840456, 47.593327607861752 ], [ -121.120773399516935, 47.593589819573197 ], [ -121.119626044644804, 47.59380273401824 ], [ -121.119729558875306, 47.594064946948748 ], [ -121.118964648608554, 47.594206885427255 ], [ -121.11906816081941, 47.594469099225584 ], [ -121.118685703009845, 47.594540067259899 ], [ -121.118789214627412, 47.594802281574815 ], [ -121.118406754558265, 47.594873248922873 ], [ -121.118613777439933, 47.595397678751269 ], [ -121.118231313684674, 47.595468645764349 ], [ -121.118541849976523, 47.596255292800905 ], [ -121.118159381108541, 47.596326259830313 ], [ -121.11826289344566, 47.596588476191187 ], [ -121.117880422317953, 47.596659442534317 ], [ -121.117983934061726, 47.596921659411883 ], [ -121.116454035512817, 47.59720551581416 ], [ -121.116557542383447, 47.597467734262274 ], [ -121.11579258525677, 47.59760965694057 ], [ -121.115689081239381, 47.597347437789892 ], [ -121.115306602852925, 47.597418397221439 ], [ -121.115203101095318, 47.597156177884941 ], [ -121.114820623302379, 47.597227135927611 ], [ -121.11471712380451, 47.596964916405277 ], [ -121.113952168572609, 47.5971068286754 ], [ -121.11384867276108, 47.596844608615982 ], [ -121.113466195322147, 47.596915562843421 ], [ -121.113259209051506, 47.596391122518398 ], [ -121.112876733632788, 47.596462075005803 ], [ -121.112669753547593, 47.595937634639995 ], [ -121.11190480591759, 47.596079535097203 ], [ -121.111801319977744, 47.595817314459957 ], [ -121.112183792782602, 47.595746365101391 ], [ -121.112080306249126, 47.595484144980773 ], [ -121.111697834870867, 47.59555509398821 ], [ -121.111490867156007, 47.595030653540768 ], [ -121.111108397797977, 47.595101600808242 ], [ -121.110591000220239, 47.593790500827872 ], [ -121.110973462445372, 47.593719555316241 ], [ -121.110456078557306, 47.592408461225169 ], [ -121.110073623464771, 47.592479404981134 ], [ -121.109866678592596, 47.591954967799573 ], [ -121.109101771615087, 47.592096850794313 ], [ -121.109205240781762, 47.59235907000464 ], [ -121.10882278461726, 47.592430010296859 ], [ -121.108719316877114, 47.592167790735402 ], [ -121.108336861306356, 47.592238729638972 ], [ -121.108233395825479, 47.591976509891694 ], [ -121.107850940848479, 47.592047447406578 ], [ -121.107540553682071, 47.591260788103384 ], [ -121.107158102151843, 47.591331723527432 ], [ -121.106847726759511, 47.590545064658556 ], [ -121.10646527867604, 47.590615997991947 ], [ -121.106361823303843, 47.590353778348486 ], [ -121.105979375814158, 47.59042471029332 ], [ -121.105875922701102, 47.590162490464017 ], [ -121.105493475805247, 47.590233421020223 ], [ -121.105390024951319, 47.589971201005206 ], [ -121.105007578649307, 47.590042130172868 ], [ -121.104904130054507, 47.589779909972094 ], [ -121.104521684346352, 47.589850837751207 ], [ -121.104314792507552, 47.589326397143275 ], [ -121.10316745894643, 47.589539172149479 ], [ -121.10327090017006, 47.589801393423848 ], [ -121.102888452558034, 47.589872316701864 ], [ -121.102991893187735, 47.590134538492464 ], [ -121.100697181472839, 47.590560058478054 ], [ -121.100593749402478, 47.590297834581492 ], [ -121.099828841690496, 47.590439665574223 ], [ -121.099725413305791, 47.590177441141009 ], [ -121.099342959627663, 47.590248354730093 ], [ -121.099239533502015, 47.589986130111257 ], [ -121.098857080418014, 47.590057042311791 ], [ -121.098753656551423, 47.589794817507226 ], [ -121.098371204061564, 47.589865728319289 ], [ -121.098267782454002, 47.589603503329116 ], [ -121.097502877830237, 47.589745321138594 ], [ -121.097399459908274, 47.589483095611889 ], [ -121.097017007774411, 47.58955400260934 ], [ -121.096913592111406, 47.589291776896999 ], [ -121.096148688199776, 47.589433587077345 ], [ -121.095838454764547, 47.58864690882664 ], [ -121.095456005840006, 47.588717811307724 ], [ -121.094835570001237, 47.587144457163483 ], [ -121.094453128803863, 47.587215356501808 ], [ -121.09424632636879, 47.586690905740689 ], [ -121.093863887192256, 47.586761803339748 ], [ -121.093760488649565, 47.586499577856145 ], [ -121.093378050067344, 47.586570474066868 ], [ -121.093274653783439, 47.586308248397692 ], [ -121.092892215795558, 47.586379143219979 ], [ -121.092168475094084, 47.584543565705879 ], [ -121.092550903096424, 47.584472673339206 ], [ -121.092240736712441, 47.583686000791729 ], [ -121.092623159603349, 47.583615108439922 ], [ -121.092209610368215, 47.582566215424919 ], [ -121.092592026721405, 47.582495323438621 ], [ -121.09217848509374, 47.581446434468219 ], [ -121.091796074445966, 47.581517325051543 ], [ -121.091692692545479, 47.581255102870898 ], [ -121.091310282492017, 47.58132599206602 ], [ -121.091206902849876, 47.581063769699689 ], [ -121.090824493390798, 47.58113465750661 ], [ -121.090617739455098, 47.580610212567748 ], [ -121.091000146061518, 47.580539325462212 ], [ -121.090896768915286, 47.580277103591051 ], [ -121.091279173263402, 47.58020621579881 ], [ -121.091072418614246, 47.579681773252972 ], [ -121.091454819277828, 47.579610885124652 ], [ -121.091144689264866, 47.578824223595596 ], [ -121.090762292880044, 47.578895110671766 ], [ -121.090348803547883, 47.577846229540022 ], [ -121.089966412036091, 47.577917114176095 ], [ -121.089656308050351, 47.577130454007374 ], [ -121.089273919985317, 47.577201336554083 ], [ -121.089067191006407, 47.576676896565033 ], [ -121.088684804961943, 47.576747777373079 ], [ -121.088478082162624, 47.576223337342483 ], [ -121.088095698138744, 47.57629421641191 ], [ -121.087165499549045, 47.573934241281194 ], [ -121.08640075467666, 47.574075989997311 ], [ -121.086297406288551, 47.573813770661573 ], [ -121.087062148308746, 47.573672022646534 ], [ -121.08695879790011, 47.573409804176741 ], [ -121.087723533741482, 47.573268052713331 ], [ -121.08762018131236, 47.57300583510947 ], [ -121.088384910974895, 47.572864080197718 ], [ -121.088281556525416, 47.572601863459759 ], [ -121.089046280009157, 47.572460105099765 ], [ -121.088942923539364, 47.572197889227724 ], [ -121.089707640844324, 47.572056127419486 ], [ -121.089604282354259, 47.571793912413312 ], [ -121.08998663833323, 47.571723030303751 ], [ -121.089883279248909, 47.571460815812912 ], [ -121.090265632970201, 47.571389933016633 ], [ -121.090162273291654, 47.571127719041101 ], [ -121.090544624755353, 47.571056835558046 ], [ -121.089821120311413, 47.569221344795075 ], [ -121.089438778828907, 47.569292225824398 ], [ -121.089232073610091, 47.568767800673214 ], [ -121.088849734147644, 47.568838679964188 ], [ -121.08874638421149, 47.568576467285077 ], [ -121.089128722248105, 47.568505588344628 ], [ -121.089025371717725, 47.568243376180625 ], [ -121.088643035106941, 47.568314254770613 ], [ -121.088126302057731, 47.567003194667819 ], [ -121.087743971744402, 47.567074070468117 ], [ -121.087640629054974, 47.566811858590938 ], [ -121.088022957942556, 47.566740983141123 ], [ -121.087919614658873, 47.566478771779039 ], [ -121.087537287197065, 47.566549646878343 ], [ -121.087330605975765, 47.566025223946966 ], [ -121.086948280533974, 47.566096097308197 ], [ -121.086844942596301, 47.565833885738975 ], [ -121.086462617748808, 47.565904757712481 ], [ -121.086255947219342, 47.565380334366843 ], [ -121.08587362439188, 47.565451204602212 ], [ -121.085460299013022, 47.564402358483967 ], [ -121.085077981057054, 47.564473226280562 ], [ -121.084871326207406, 47.563948803507884 ], [ -121.084489010271497, 47.564019669566449 ], [ -121.084282361598667, 47.563495246751096 ], [ -121.083900047682832, 47.563566111071736 ], [ -121.083796726019102, 47.563303899560459 ], [ -121.08341441269765, 47.563374762493531 ], [ -121.083001140058428, 47.562325916692153 ], [ -121.082618831608414, 47.562396777186514 ], [ -121.082412203127745, 47.561872354572152 ], [ -121.082029896697804, 47.561943213328675 ], [ -121.081513347170656, 47.560632157919265 ], [ -121.081131047037701, 47.560703013887128 ], [ -121.081027741051443, 47.560440802948342 ], [ -121.080645441512956, 47.560511657528608 ], [ -121.080542137783468, 47.560249446404008 ], [ -121.080159838839464, 47.56032029959686 ], [ -121.079953236725089, 47.559795877140296 ], [ -121.079570939801187, 47.559866728595445 ], [ -121.079364343862437, 47.559342306096028 ], [ -121.07898204895865, 47.559413155813552 ], [ -121.078878753661499, 47.559150944460185 ], [ -121.078496459352252, 47.559221792790261 ], [ -121.078289874102282, 47.558697369876356 ], [ -121.078672165560349, 47.558626522246776 ], [ -121.078258999330416, 47.55757767979258 ], [ -121.078641284255255, 47.557506832526698 ], [ -121.078434703275263, 47.556982412986166 ], [ -121.078052421201477, 47.557053259551644 ], [ -121.077639274915271, 47.556004421041884 ], [ -121.07802155128708, 47.555933575877098 ], [ -121.077608412594074, 47.554884741396961 ], [ -121.077226141924086, 47.554955585161039 ], [ -121.077019580413946, 47.554431168206271 ], [ -121.076637311763932, 47.55450201023298 ], [ -121.075811110360874, 47.552404346182925 ], [ -121.076193367607814, 47.55233350695719 ], [ -121.075883551514011, 47.551546886698262 ], [ -121.075501298543088, 47.551617724873701 ], [ -121.075294761485054, 47.551093311488444 ], [ -121.07491251053402, 47.55116414792667 ], [ -121.074705979649579, 47.550639734497949 ], [ -121.07203021968688, 47.551135555626466 ], [ -121.071926965467995, 47.55087334670803 ], [ -121.071544712147457, 47.550944173799422 ], [ -121.071441460184587, 47.550681964695166 ], [ -121.071059207458774, 47.550752790399443 ], [ -121.070955957751863, 47.550490581109351 ], [ -121.070573705620816, 47.550561405426514 ], [ -121.070470458169865, 47.550299195950636 ], [ -121.070088206633585, 47.550370018880727 ], [ -121.069881717074082, 47.549845599721358 ], [ -121.069499467557961, 47.5499164209144 ], [ -121.069396225449367, 47.549654211230973 ], [ -121.069013976528055, 47.549725031036949 ], [ -121.068910736675363, 47.549462821167729 ], [ -121.068146239191904, 47.549604456968481 ], [ -121.068043003020435, 47.549342246563477 ], [ -121.067660754458316, 47.549413062558273 ], [ -121.067557520542664, 47.549150851967489 ], [ -121.06717527257544, 47.549221666575185 ], [ -121.067072040915619, 47.548959455798666 ], [ -121.066689793543318, 47.549030269019305 ], [ -121.0665865641393, 47.548768058056986 ], [ -121.066204317361908, 47.548838869890652 ], [ -121.066101090213664, 47.548576658742512 ], [ -121.065718844031238, 47.548647469189113 ], [ -121.065202727872489, 47.547336414160995 ], [ -121.064820487986424, 47.547407221821047 ], [ -121.064614050186023, 47.546882800258842 ], [ -121.064231812320244, 47.546953606182086 ], [ -121.064128596090839, 47.546691395297259 ], [ -121.063746358820083, 47.546762199833516 ], [ -121.063643144846282, 47.54649998876296 ], [ -121.063260908170534, 47.546570791912295 ], [ -121.063157696452336, 47.546308580655953 ], [ -121.06277546037164, 47.546379382418351 ], [ -121.062672250908975, 47.546117170976267 ], [ -121.062290015423372, 47.546187971351777 ], [ -121.062186808216268, 47.545925759723978 ], [ -121.06180457332573, 47.545996558712503 ], [ -121.061701368374173, 47.545734346898918 ], [ -121.06131913407873, 47.545805144500605 ], [ -121.061112729516779, 47.545280720666064 ], [ -121.060730497241806, 47.545351516531056 ], [ -121.059801730632643, 47.542991614247981 ], [ -121.060183950080301, 47.542920821531091 ], [ -121.059977563781118, 47.54239640130519 ], [ -121.060359779548307, 47.542325608250756 ], [ -121.060153393719034, 47.541801189380315 ], [ -121.058624537071523, 47.542084352578115 ], [ -121.058418165963843, 47.541559931565757 ], [ -121.058035952577285, 47.541630719073169 ], [ -121.057623226022471, 47.540581877617029 ], [ -121.057241017506641, 47.540652662688622 ], [ -121.057137839367996, 47.540390452384813 ], [ -121.056755631447402, 47.540461236069739 ], [ -121.056446106286373, 47.539674605092678 ], [ -121.056063901811328, 47.539745386691514 ], [ -121.055960729842582, 47.539483176344049 ], [ -121.055578525962801, 47.539553956556226 ], [ -121.055372187365151, 47.53902953565364 ], [ -121.054989985505799, 47.539100314129584 ], [ -121.054680488108431, 47.538313682956094 ], [ -121.054298289694614, 47.538384459346105 ], [ -121.054195126980204, 47.538122248933078 ], [ -121.053812929161737, 47.5381930239365 ], [ -121.05370976870222, 47.537930813337759 ], [ -121.053327571479088, 47.538001586954579 ], [ -121.053224413274435, 47.537739376170059 ], [ -121.052842216646653, 47.53781014840024 ], [ -121.052739060696865, 47.537547937430134 ], [ -121.052356864664475, 47.537618708273676 ], [ -121.052253710969495, 47.537356497117791 ], [ -121.051871515532511, 47.537427266574817 ], [ -121.051768364092339, 47.537165055233253 ], [ -121.05138616925079, 47.537235823303696 ], [ -121.051179871709721, 47.536711400412962 ], [ -121.050797678888713, 47.53678216674728 ], [ -121.05059138751642, 47.536257743812904 ], [ -121.050209196715969, 47.536328508411145 ], [ -121.050002911512379, 47.535804085433078 ], [ -121.049238533122988, 47.535945610120457 ], [ -121.04913539461576, 47.535683398178136 ], [ -121.048753205601798, 47.535754158616804 ], [ -121.048546933926204, 47.535229734524606 ], [ -121.048164746932883, 47.535300493227318 ], [ -121.047855349916176, 47.534513857269253 ], [ -121.047473166368547, 47.53458461388648 ], [ -121.047266908688343, 47.534060190034495 ], [ -121.046884727161384, 47.534130944915816 ], [ -121.046987854161671, 47.534393157109371 ], [ -121.046223485769204, 47.534534664459976 ], [ -121.046326610748793, 47.534796877516207 ], [ -121.045562236188303, 47.534938381417717 ], [ -121.045665359147151, 47.535200595336747 ], [ -121.045283169197603, 47.535271346081466 ], [ -121.045180047663891, 47.535009131812963 ], [ -121.044415668126788, 47.535150629492421 ], [ -121.044312550272778, 47.534888414688915 ], [ -121.043548170268338, 47.535029907521341 ], [ -121.043445056094029, 47.534767692182804 ], [ -121.041534098694768, 47.53512140436888 ], [ -121.0416372057432, 47.535383621454535 ], [ -121.040490617076031, 47.535595837369911 ], [ -121.040387514303262, 47.53533361923602 ], [ -121.040005317847459, 47.535404355451028 ], [ -121.039799117640186, 47.534879918976202 ], [ -121.039416923205593, 47.534950653455333 ], [ -121.039313825771089, 47.534688435114369 ], [ -121.038931631932428, 47.534759168207046 ], [ -121.038828536752391, 47.534496949680538 ], [ -121.038446343509747, 47.534567681386847 ], [ -121.038343250584134, 47.534305462674851 ], [ -121.037961057937494, 47.53437619299477 ], [ -121.037857967266291, 47.534113974097295 ], [ -121.037475775215697, 47.534184703030753 ], [ -121.037372686798918, 47.533922483947848 ], [ -121.036990495344355, 47.533993211494881 ], [ -121.036887409181958, 47.533730992226509 ], [ -121.036505218323455, 47.533801718387224 ], [ -121.036402134415425, 47.533539498933358 ], [ -121.036019944153011, 47.533610223707676 ], [ -121.035813781674761, 47.533085784592892 ], [ -121.035049404363477, 47.533227229633091 ], [ -121.034946327218435, 47.532965009622899 ], [ -121.034564138744386, 47.533035730238169 ], [ -121.034461063853641, 47.532773510042496 ], [ -121.034078875975766, 47.532844229271369 ], [ -121.033975803339274, 47.532582008890294 ], [ -121.033593616057601, 47.532652726732849 ], [ -121.033490545675363, 47.532390506166358 ], [ -121.03310835898985, 47.532461222622615 ], [ -121.033005290861851, 47.532199001870609 ], [ -121.032623104772583, 47.532269716940526 ], [ -121.032520038898781, 47.532007496003168 ], [ -121.032137853405771, 47.532078209686823 ], [ -121.032034789786152, 47.531815988564055 ], [ -121.031652604889416, 47.531886700861371 ], [ -121.031549543523965, 47.531624479553216 ], [ -121.031167359223488, 47.531695190464234 ], [ -121.03106430011222, 47.531432968970655 ], [ -121.03068211640803, 47.53150367849544 ], [ -121.030476003522651, 47.530979235301324 ], [ -121.030093821839998, 47.531049943090586 ], [ -121.029784663004165, 47.53026327848039 ], [ -121.029402484768269, 47.530333984185098 ], [ -121.029196385872325, 47.529809541232211 ], [ -121.02881420965798, 47.529880245201454 ], [ -121.028711162878437, 47.529618023621552 ], [ -121.027946810813688, 47.529759427750612 ], [ -121.027740725441703, 47.529234983685491 ], [ -121.027358551016533, 47.52930568349614 ], [ -121.02725551099887, 47.529043461360111 ], [ -121.026873337170144, 47.529114159784577 ], [ -121.02677029940638, 47.52885193746318 ], [ -121.026388126174126, 47.528922634501434 ], [ -121.026285090664274, 47.528660411994714 ], [ -121.025902918028493, 47.52873110764687 ], [ -121.025696852345234, 47.528206662426463 ], [ -121.026079022130673, 47.528135967472515 ], [ -121.025872956911797, 47.527611523605287 ], [ -121.025490789976686, 47.527682217861006 ], [ -121.024975648556577, 47.526371109312684 ], [ -121.025357808366081, 47.5263004168024 ], [ -121.024533613780434, 47.524202654429232 ], [ -121.024151465371389, 47.524273344147161 ], [ -121.023945427860568, 47.523748904492308 ], [ -121.023563281473002, 47.523819592475171 ], [ -121.023460265385381, 47.523557372544182 ], [ -121.023078119594359, 47.523628059141039 ], [ -121.022975105760196, 47.523365839024621 ], [ -121.022210814542788, 47.523507208409498 ], [ -121.022107804387133, 47.523244987758702 ], [ -121.021343512705968, 47.523386352297692 ], [ -121.021137500580039, 47.522861910090995 ], [ -121.020755356346896, 47.522932590107096 ], [ -121.020652352951529, 47.522670368900215 ], [ -121.020270209315029, 47.522741047530324 ], [ -121.020167208173078, 47.522478826138133 ], [ -121.019785065133192, 47.522549503382294 ], [ -121.019682066244641, 47.522287281804743 ], [ -121.018917780529918, 47.522428632484313 ], [ -121.018814785319734, 47.522166410372449 ], [ -121.018050499141808, 47.522307756206203 ], [ -121.017947507609989, 47.522045533560117 ], [ -121.017565364703614, 47.522116204572583 ], [ -121.01746237542514, 47.521853981741174 ], [ -121.017080233115536, 47.521924651367726 ], [ -121.016977246090335, 47.521662428351064 ], [ -121.01544867426972, 47.521945095091766 ], [ -121.015345693772986, 47.521682870843136 ], [ -121.014963550172354, 47.521753534586956 ], [ -121.014860571928907, 47.521491310153095 ], [ -121.014478428925173, 47.521561972510995 ], [ -121.014375452934928, 47.521299747891774 ], [ -121.011700438696366, 47.521794352918981 ], [ -121.011597473509951, 47.521532126021526 ], [ -121.010451030690149, 47.521744083002787 ], [ -121.010348070607208, 47.521481855222454 ], [ -121.009965922769638, 47.521552505126657 ], [ -121.009862964939899, 47.521290277161214 ], [ -121.009480817699455, 47.521360925679545 ], [ -121.009377862122889, 47.521098697528956 ], [ -121.008613568008286, 47.521239990756939 ], [ -121.008510616110001, 47.52097776207237 ], [ -121.006982023645747, 47.521260334688733 ], [ -121.006776133734448, 47.520735875020428 ], [ -121.006393986398905, 47.520806514884327 ], [ -121.00629104411027, 47.520544284946858 ], [ -121.005908897372009, 47.520614923425015 ], [ -121.005805957336463, 47.520352693302449 ], [ -121.005423811195513, 47.520423330394848 ], [ -121.005320873413012, 47.520161100087186 ], [ -121.004938727869373, 47.520231735793729 ], [ -121.004835792339904, 47.519969505300978 ], [ -121.003689355017443, 47.52018140515225 ], [ -121.003586424591361, 47.519919173776977 ], [ -121.003204278586779, 47.519989804637909 ], [ -121.003101350413715, 47.519727573077574 ], [ -121.002719205006542, 47.519798202552757 ], [ -121.002616279086439, 47.519535970807382 ], [ -121.002234134276719, 47.51960659889685 ], [ -121.002131210609576, 47.519344366966408 ], [ -121.001749066397281, 47.519414993670125 ], [ -121.00164614498307, 47.5191527615547 ], [ -121.001264001368241, 47.51922338687266 ], [ -121.001161082206949, 47.518961154572146 ], [ -121.000396795344614, 47.519102401399493 ], [ -121.000293879861417, 47.51884016856539 ], [ -120.999529592538792, 47.518981410547219 ], [ -120.999426680733691, 47.518719177179406 ], [ -120.998662392950877, 47.518860414315697 ], [ -120.998559484823843, 47.518598180414259 ], [ -120.997795196581009, 47.51873941270506 ], [ -120.997692292132058, 47.518477178270025 ], [ -120.996928003429318, 47.51861840571523 ], [ -120.996825102658448, 47.518356170746621 ], [ -120.996442958490974, 47.518426782565029 ], [ -120.996340059972908, 47.51816454741143 ], [ -120.996722202715119, 47.518093935941643 ], [ -120.996516405311084, 47.5175694668226 ], [ -120.996898544375341, 47.517498855012832 ], [ -120.996178269551663, 47.515663220689262 ], [ -120.995796140463654, 47.515733830059069 ], [ -120.995590357954526, 47.515209363884445 ], [ -120.995208230889347, 47.515279971520108 ], [ -120.995002454540227, 47.51475550530261 ], [ -120.994620329497863, 47.514826111204144 ], [ -120.994517443989537, 47.514563877992174 ], [ -120.99413531954491, 47.514634482508242 ], [ -120.993929553860667, 47.514110015877812 ], [ -120.993547431438898, 47.5141806186598 ], [ -120.993033038832394, 47.51286945320274 ], [ -120.992650922708762, 47.512940053205327 ], [ -120.992136557910129, 47.511628890092837 ], [ -120.991754448084507, 47.511699487316207 ], [ -120.991342976836151, 47.510650558374522 ], [ -120.992107184260078, 47.510509365678161 ], [ -120.99190144789921, 47.509984903581469 ], [ -120.992283547520429, 47.509914306374654 ], [ -120.992180679155851, 47.509652075919824 ], [ -120.992562776524935, 47.509581478024437 ], [ -120.992254172119516, 47.508794788685279 ], [ -120.993018355826564, 47.508653591874051 ], [ -120.992915486496017, 47.508391363117788 ], [ -120.993297575683897, 47.508320763505225 ], [ -120.993194705755684, 47.508058535260673 ], [ -120.994340964081488, 47.507846731246488 ], [ -120.994135218157595, 47.507322277337735 ], [ -120.994899380539536, 47.507181070870629 ], [ -120.994693632225307, 47.506656619008652 ], [ -120.995075709325874, 47.506586014916522 ], [ -120.994972834984807, 47.506323789578786 ], [ -120.995354909833452, 47.506253184798162 ], [ -120.995252034894818, 47.50599095997211 ], [ -120.995634107491526, 47.505920354503019 ], [ -120.995531231955383, 47.505658130188529 ], [ -120.995149160783413, 47.505728735309241 ], [ -120.994840543412224, 47.504942062299889 ], [ -120.994634802633897, 47.504417614442978 ], [ -120.994252737758259, 47.504488216784985 ], [ -120.993944137068269, 47.503701545178366 ], [ -120.993562075639488, 47.503772145438425 ], [ -120.993356348830986, 47.50324769781988 ], [ -120.992974289424424, 47.503318296346478 ], [ -120.992768568773485, 47.502793848683872 ], [ -120.992386511389171, 47.502864445476924 ], [ -120.991666525134363, 47.501028881358252 ], [ -120.991284476895316, 47.501099474676423 ], [ -120.991078776828772, 47.500575028556796 ], [ -120.990696730611916, 47.500645620141682 ], [ -120.990593883243605, 47.500383396978179 ], [ -120.990211837624415, 47.500453987178041 ], [ -120.990006148217674, 47.499929540643748 ], [ -120.989624104620702, 47.500000129110319 ], [ -120.989521262582215, 47.499737905739551 ], [ -120.98990330475462, 47.499667317621302 ], [ -120.989800462118438, 47.499405094761777 ], [ -120.989418421370587, 47.499475682531866 ], [ -120.989212741427906, 47.498951236605642 ], [ -120.988830702702302, 47.499021822642483 ], [ -120.988419358436943, 47.49797293135358 ], [ -120.988037324582578, 47.498043514960798 ], [ -120.987831660259673, 47.497519069598091 ], [ -120.987449628427527, 47.497589651472225 ], [ -120.987346798930702, 47.4973274286872 ], [ -120.986964767696321, 47.497398009176329 ], [ -120.986861940450723, 47.497135786206158 ], [ -120.986479909814079, 47.497206365310369 ], [ -120.986171437311029, 47.496419696333312 ], [ -120.986553463674198, 47.496349118273535 ], [ -120.986347816623336, 47.495824673799859 ], [ -120.985965793109074, 47.495895251163425 ], [ -120.985657333006088, 47.495108584630778 ], [ -120.985275312938469, 47.495179159913199 ], [ -120.984966864548426, 47.494392493802657 ], [ -120.984584847927451, 47.494463067004027 ], [ -120.984379222649196, 47.493938623048713 ], [ -120.983997208050468, 47.494009194517155 ], [ -120.983688780605448, 47.493222528761756 ], [ -120.983306769453321, 47.49329309814928 ], [ -120.983101158138041, 47.492768654430698 ], [ -120.982719149008162, 47.492839222085337 ], [ -120.982616346014623, 47.492577000122367 ], [ -120.982234337482637, 47.492647566392307 ], [ -120.981925937733934, 47.491860900436315 ], [ -120.981543932648549, 47.491931464625395 ], [ -120.981235544610811, 47.491144799091074 ], [ -120.980853542972056, 47.491215361199458 ], [ -120.980750750036592, 47.490953139332404 ], [ -120.980368748995772, 47.491023700056033 ], [ -120.980163168452677, 47.490499256114404 ], [ -120.979781169434133, 47.490569815105353 ], [ -120.979678381826403, 47.490307593030771 ], [ -120.979296383405867, 47.490378150637099 ], [ -120.979193598048795, 47.490115928377364 ], [ -120.977665601800823, 47.490398147043507 ], [ -120.977562822967386, 47.490135923554838 ], [ -120.977180823264064, 47.490206475281589 ], [ -120.977078046681228, 47.489944251607824 ], [ -120.976314047644493, 47.490085351255267 ], [ -120.976108502654981, 47.489560903004481 ], [ -120.975726504745992, 47.489631450577285 ], [ -120.975623734914876, 47.489369226348224 ], [ -120.975241737604037, 47.489439772536436 ], [ -120.975138970023465, 47.489177548122285 ], [ -120.974756973310804, 47.489248092925855 ], [ -120.974654207980763, 47.488985868326608 ], [ -120.974272211866293, 47.48905641174553 ], [ -120.974169448786725, 47.488794186961243 ], [ -120.973787453270489, 47.488864728995608 ], [ -120.973684692441381, 47.488602504026211 ], [ -120.973302697523366, 47.488673044675942 ], [ -120.973199938944731, 47.488410819521548 ], [ -120.972435949479149, 47.488551897015029 ], [ -120.972333194575313, 47.488289671327756 ], [ -120.97195120002776, 47.488360208171549 ], [ -120.971848447374342, 47.488097982299251 ], [ -120.970320466621288, 47.488380117915675 ], [ -120.970217720491377, 47.488117890814813 ], [ -120.969071730526721, 47.488329480597791 ], [ -120.968968989496005, 47.488067252616425 ], [ -120.96820499490525, 47.488208306592313 ], [ -120.967999521019237, 47.487683849726771 ], [ -120.967617525333793, 47.487754374464018 ], [ -120.967514791054072, 47.487492145927703 ], [ -120.967132795967132, 47.4875626692805 ], [ -120.966927332734173, 47.487038212000769 ], [ -120.966545339670176, 47.487108733621234 ], [ -120.966442610716882, 47.486846504877768 ], [ -120.966060618251433, 47.486917025113691 ], [ -120.965957891548385, 47.486654796185405 ], [ -120.965575899681482, 47.4867253150368 ], [ -120.965473175228681, 47.486463085923539 ], [ -120.965091183960368, 47.486533603390512 ], [ -120.964885740380922, 47.486009144956874 ], [ -120.964121761064547, 47.486150175389582 ], [ -120.963916326485787, 47.485625716216227 ], [ -120.963534338437725, 47.485696229182089 ], [ -120.963328910010702, 47.485171769964424 ], [ -120.962946923985697, 47.485242281198133 ], [ -120.96284421243513, 47.48498005148582 ], [ -120.962462227008828, 47.485050561335107 ], [ -120.962359517708322, 47.484788331437862 ], [ -120.961977532880709, 47.484858839902699 ], [ -120.96187482583025, 47.484596609820564 ], [ -120.961492841601356, 47.484667116901001 ], [ -120.961390136800929, 47.484404886633946 ], [ -120.961008153170809, 47.484475392330005 ], [ -120.960905450620373, 47.48421316187811 ], [ -120.959759499049412, 47.484424671702769 ], [ -120.95965680159776, 47.484162440370682 ], [ -120.959274817513986, 47.484232941224477 ], [ -120.959069427936214, 47.4837084783534 ], [ -120.958687445875682, 47.483778977475161 ], [ -120.95837937197372, 47.482992283346192 ], [ -120.958761349761119, 47.482921785267244 ], [ -120.958658658687142, 47.482659554563988 ], [ -120.959040634224692, 47.482589055795849 ], [ -120.958835251704571, 47.482064595572567 ], [ -120.959217223567975, 47.48199409646287 ], [ -120.958703774592337, 47.480682950489467 ], [ -120.958321809850375, 47.480753447861417 ], [ -120.958116438886918, 47.480228989915496 ], [ -120.957734476168071, 47.480299485555634 ], [ -120.957631793348739, 47.480037256479136 ], [ -120.957249831228722, 47.480107750734966 ], [ -120.957147150659054, 47.479845521473564 ], [ -120.956765189137883, 47.47991601434515 ], [ -120.95645715665394, 47.479129326494075 ], [ -120.956075198580123, 47.47919981728645 ], [ -120.955561834734851, 47.477888672382683 ], [ -120.955179882956813, 47.477959160400943 ], [ -120.954769212432694, 47.476910246014327 ], [ -120.954387265526108, 47.476980731606055 ], [ -120.954284601382383, 47.476718503068355 ], [ -120.953902655074742, 47.476788987275981 ], [ -120.953799993180425, 47.476526758553426 ], [ -120.953036100937879, 47.476667723163736 ], [ -120.952933442717082, 47.47640549390885 ], [ -120.952169550022163, 47.476546453677635 ], [ -120.9520668954749, 47.47628422389046 ], [ -120.951303002327748, 47.476425178817721 ], [ -120.951200351454005, 47.476162948498249 ], [ -120.950818405066926, 47.476233424059458 ], [ -120.95071575644252, 47.475971193555189 ], [ -120.950333810654541, 47.476041667732297 ], [ -120.94982058702962, 47.474730515911993 ], [ -120.949438647537448, 47.474800987315604 ], [ -120.949336006711789, 47.474538757091715 ], [ -120.948954067818761, 47.474609227111301 ], [ -120.948646154564315, 47.473822536372786 ], [ -120.948264219118755, 47.473893004313666 ], [ -120.948058950588987, 47.473368543939081 ], [ -120.947677017166711, 47.473439010148738 ], [ -120.947574385563385, 47.47317677985783 ], [ -120.94719245274031, 47.473247244683478 ], [ -120.946987194856717, 47.47272278389449 ], [ -120.94660526405697, 47.472793246988914 ], [ -120.946400012321206, 47.47226878615529 ], [ -120.946781940272757, 47.472198323755428 ], [ -120.946679314218116, 47.471936093929585 ], [ -120.947061239920686, 47.471865630840369 ], [ -120.94695861326683, 47.47160340152417 ], [ -120.947340536720432, 47.471532937745621 ], [ -120.947237909467404, 47.471270708939137 ], [ -120.947619830672068, 47.471200244471191 ], [ -120.947517202819881, 47.470938016174422 ], [ -120.948662957212477, 47.470726617592753 ], [ -120.948560325913135, 47.470464390500247 ], [ -120.949324155202348, 47.470323453623898 ], [ -120.949221521879977, 47.470061227388285 ], [ -120.949603433863246, 47.469990757742529 ], [ -120.949192903126942, 47.468941855812538 ], [ -120.949574808589603, 47.468871386519247 ], [ -120.94947217654385, 47.468609161789857 ], [ -120.949854079757714, 47.468538691807261 ], [ -120.949751447112931, 47.46827646758738 ], [ -120.95013334807804, 47.468205996915572 ], [ -120.950030714834298, 47.467943773205256 ], [ -120.950412613550682, 47.467873301844065 ], [ -120.950309979707953, 47.467611078643344 ], [ -120.951073771818358, 47.467470133505927 ], [ -120.950971135952898, 47.467207911161935 ], [ -120.951353029346947, 47.467137437385681 ], [ -120.951250392882528, 47.466875215551177 ], [ -120.951632284027937, 47.466804741085689 ], [ -120.951324375312737, 47.46601807759729 ], [ -120.951706261361934, 47.465947603137046 ], [ -120.951500990162032, 47.465423162316959 ], [ -120.951882872538889, 47.465352687514695 ], [ -120.951677601791019, 47.464828248037875 ], [ -120.952059480495635, 47.464757772893584 ], [ -120.951854210199798, 47.46423333475979 ], [ -120.952236085232215, 47.464162859273507 ], [ -120.951928181703821, 47.463376204330594 ], [ -120.952310051640481, 47.463305728849491 ], [ -120.952207417357045, 47.463043511206614 ], [ -120.95258928504532, 47.462973035036242 ], [ -120.952486650163095, 47.462710817902746 ], [ -120.952868515602944, 47.462640341043105 ], [ -120.956687124634243, 47.461935515443869 ], [ -120.956789775175324, 47.462197728757843 ], [ -120.957553489929737, 47.462056750506534 ], [ -120.957656144142746, 47.462318963288041 ], [ -120.958038001705987, 47.462248472260519 ], [ -120.958140658167409, 47.462510684856746 ], [ -120.958522516329154, 47.462440192445577 ], [ -120.958625175039046, 47.462702404856564 ], [ -120.959007033799239, 47.462631911061663 ], [ -120.959109694757615, 47.462894123287391 ], [ -120.959491554116298, 47.462823628108829 ], [ -120.959594217323158, 47.463085840149347 ], [ -120.959976077280274, 47.463015343587088 ], [ -120.960284076121624, 47.463801979638873 ], [ -120.960665939524091, 47.463731480998284 ], [ -120.960871279057386, 47.464255905148406 ], [ -120.961253144481759, 47.464185404776735 ], [ -120.96135581690956, 47.464447616747634 ], [ -120.963647000668757, 47.464024590668963 ], [ -120.963544319700119, 47.463762380782299 ], [ -120.965453609689831, 47.463409832286381 ], [ -120.965350922429323, 47.463147624298628 ], [ -120.966878333873638, 47.462865568236964 ], [ -120.966775641744917, 47.462603361800745 ], [ -120.967539339668932, 47.462462328246616 ], [ -120.967436645518831, 47.462200122667106 ], [ -120.968582181945493, 47.461988565605694 ], [ -120.968376787581391, 47.461464157016962 ], [ -120.968758628559868, 47.461393636618681 ], [ -120.968245149975431, 47.460082619717291 ], [ -120.968626983012584, 47.460012100019618 ], [ -120.96852428834822, 47.459749897472371 ], [ -120.968906119136946, 47.459679377085813 ], [ -120.968803423874647, 47.45941717504784 ], [ -120.969185252414974, 47.459346653972318 ], [ -120.969082556554739, 47.459084452443577 ], [ -120.969464382846695, 47.45901393067922 ], [ -120.969361686388581, 47.458751729659625 ], [ -120.969743510432195, 47.458681207206354 ], [ -120.969640813376188, 47.458419006696026 ], [ -120.970022635171446, 47.458348483553898 ], [ -120.969919937517588, 47.458086283552724 ], [ -120.970301757064533, 47.458015759721739 ], [ -120.97019905881281, 47.457753560229669 ], [ -120.970580876111484, 47.457683035709834 ], [ -120.970478177261938, 47.457420836726968 ], [ -120.970859992312342, 47.457350311518219 ], [ -120.970757292864988, 47.457088113044449 ], [ -120.971139105667149, 47.457017587146858 ], [ -120.97083100800738, 47.456230993738302 ], [ -120.971212815715319, 47.456160467846537 ], [ -120.971110116722841, 47.455898270714464 ], [ -120.971491922182594, 47.455827744133892 ], [ -120.970978432483463, 47.454516762636004 ], [ -120.971360230003384, 47.454446236755928 ], [ -120.970744061057559, 47.4528730663774 ], [ -120.971125849215127, 47.452802541545076 ], [ -120.970407013028094, 47.45096718588804 ], [ -120.970025234830132, 47.451037708289441 ], [ -120.969717178822876, 47.450251128675319 ], [ -120.969335404068119, 47.450321648998795 ], [ -120.969130040367219, 47.449797262702731 ], [ -120.969511812276494, 47.449726743073704 ], [ -120.969306449030114, 47.4492023581181 ], [ -120.969688217268981, 47.449131838147494 ], [ -120.969277494985192, 47.448083071563218 ], [ -120.968895732437048, 47.448153590145004 ], [ -120.968485029043066, 47.447104824755513 ], [ -120.968103271360562, 47.447175340912494 ], [ -120.967487249552121, 47.445602195588414 ], [ -120.967868998699004, 47.445531681514417 ], [ -120.967663661849841, 47.445007301725347 ], [ -120.968045407326784, 47.444936787309651 ], [ -120.967942738716914, 47.444674598004262 ], [ -120.968324481946468, 47.444604082899723 ], [ -120.968221812738918, 47.444341894102891 ], [ -120.968603553721138, 47.444271378309494 ], [ -120.968398214935505, 47.443747001894145 ], [ -120.968779952247928, 47.443676485758949 ], [ -120.968574613916616, 47.443152110683158 ], [ -120.968956347559285, 47.443081594206276 ], [ -120.968853678208404, 47.442819407257524 ], [ -120.969235409603854, 47.44274889009175 ], [ -120.969030070531659, 47.442224517372324 ], [ -120.969411798257468, 47.442153999864814 ], [ -120.969206459639693, 47.441629628484705 ], [ -120.969588183695919, 47.441559110635495 ], [ -120.96938284553255, 47.441034740594638 ], [ -120.970528004218423, 47.440823182914002 ], [ -120.970425332106942, 47.440560999176739 ], [ -120.972715618674968, 47.440137857928107 ], [ -120.972818299320124, 47.44040003958267 ], [ -120.973200012283442, 47.440329512068388 ], [ -120.97381612201066, 47.441902603297677 ], [ -120.974197842682756, 47.441832072664589 ], [ -120.974608604688697, 47.442880801986504 ], [ -120.974990330225054, 47.442810268928675 ], [ -120.975401111120078, 47.443858999441922 ], [ -120.975782841520825, 47.443788463959294 ], [ -120.97588554022947, 47.444050646643589 ], [ -120.976267271227556, 47.443980109777812 ], [ -120.976369972183605, 47.444242292276115 ], [ -120.976751703778973, 47.444171754027124 ], [ -120.977059815864777, 47.444958301448189 ], [ -120.977441550902142, 47.4448877611215 ], [ -120.977544258003334, 47.445149943570449 ], [ -120.977925993637953, 47.445079401860596 ], [ -120.978028702986649, 47.445341584123618 ], [ -120.978410439218493, 47.445271041030495 ], [ -120.978513150814706, 47.445533223107589 ], [ -120.97889488764379, 47.445462678631202 ], [ -120.978997601487549, 47.445724860522326 ], [ -120.979379338913844, 47.445654314662676 ], [ -120.979482055005164, 47.445916496367872 ], [ -120.979863793028642, 47.445845949124958 ], [ -120.980274671335678, 47.446894676169556 ], [ -120.981038156285976, 47.446753575797402 ], [ -120.981140880770667, 47.447015757267167 ], [ -120.981904365264697, 47.446874652056536 ], [ -120.98200709341944, 47.447136832992982 ], [ -120.98238883585087, 47.447066278486375 ], [ -120.982491566253344, 47.44732845923685 ], [ -120.983255051485017, 47.447187346420954 ], [ -120.983152318237799, 47.446925166365205 ], [ -120.983915797323391, 47.446784050100355 ], [ -120.984018533415323, 47.447046229461307 ], [ -120.987835893543192, 47.446340582507105 ], [ -120.987938644683567, 47.446602758555457 ], [ -120.988702109648386, 47.446461616038796 ], [ -120.988804864458771, 47.44672379155358 ], [ -120.989568328966101, 47.446582644198479 ], [ -120.989671087446482, 47.44684481917966 ], [ -120.990052819884113, 47.446774243600814 ], [ -120.990155580612253, 47.447036418395783 ], [ -120.990919045855335, 47.446895263435501 ], [ -120.991021810253528, 47.447157437696902 ], [ -120.992548736521613, 47.446875113955841 ], [ -120.991623835459407, 47.444515563917044 ], [ -120.991242117930213, 47.444586143279011 ], [ -120.991139356695427, 47.444323971511075 ], [ -120.990757639762819, 47.444394549489772 ], [ -120.98962733630438, 47.441510666857781 ], [ -120.989245634189089, 47.441581239979314 ], [ -120.987190821293837, 47.436337859999803 ], [ -120.987572494970692, 47.436267293824542 ], [ -120.987264297241964, 47.435480793423601 ], [ -120.987645965828207, 47.435410227254415 ], [ -120.987543233480537, 47.435148061123165 ], [ -120.987924899819831, 47.435077494265521 ], [ -120.98751397299381, 47.434028832738555 ], [ -120.987132312341501, 47.434099398207231 ], [ -120.986721404404591, 47.43305073786528 ], [ -120.987103059370043, 47.432980173785438 ], [ -120.987000333026899, 47.432718009449225 ], [ -120.987381985745557, 47.432647444680953 ], [ -120.987279258805842, 47.432385280852792 ], [ -120.987660909277722, 47.432314715396011 ], [ -120.987558181741448, 47.432052552075895 ], [ -120.987939829966606, 47.431981985930655 ], [ -120.98773437452607, 47.431457660467245 ], [ -120.988116019082909, 47.431387093980732 ], [ -120.988013291178675, 47.43112493183736 ], [ -120.988776574973883, 47.430983796451926 ], [ -120.988673845051579, 47.430721635163707 ], [ -120.989437122703251, 47.430580496330101 ], [ -120.989334390762934, 47.430318335897056 ], [ -120.989716026929585, 47.43024776527399 ], [ -120.989613294392854, 47.429985605348861 ], [ -120.989994928312882, 47.429915034037421 ], [ -120.989892195179763, 47.429652874620203 ], [ -120.990273826853169, 47.429582302620375 ], [ -120.990171093123678, 47.429320143711031 ], [ -120.990552722550504, 47.429249571022808 ], [ -120.990449988224626, 47.428987412621311 ], [ -120.990831615404872, 47.428916839244685 ], [ -120.990728880482678, 47.428654681351148 ], [ -120.991110505416387, 47.428584107286134 ], [ -120.991007769897863, 47.428321949900429 ], [ -120.991389392585049, 47.42825137514702 ], [ -120.991286656470223, 47.427989218269154 ], [ -120.991668276910886, 47.427918642827336 ], [ -120.991565540199772, 47.427656486457295 ], [ -120.991947158393955, 47.427585910327153 ], [ -120.991844421086583, 47.427323754464915 ], [ -120.992989266454373, 47.427112020902861 ], [ -120.992886525708073, 47.426849866242812 ], [ -120.993268137759117, 47.426779286664932 ], [ -120.993165396416629, 47.426517132512615 ], [ -120.995455042867036, 47.426093635382578 ], [ -120.99535229382208, 47.425831483474035 ], [ -120.996878702600668, 47.425549132732854 ], [ -120.996775948696055, 47.42528698237372 ], [ -120.997920742351823, 47.425075209486998 ], [ -120.997817985008936, 47.424813060330038 ], [ -120.998199579822582, 47.424742467644052 ], [ -120.997994064770182, 47.424218170506016 ], [ -120.998375655916362, 47.424147577479062 ], [ -120.998170141322575, 47.423623281677266 ], [ -120.998551728801388, 47.423552688309314 ], [ -120.99824345883647, 47.422766246851538 ], [ -120.998625041226873, 47.422695653489818 ], [ -120.998522284801226, 47.422433507005245 ], [ -120.998903864945447, 47.422362912955279 ], [ -120.998801107923953, 47.422100766978318 ], [ -120.999182685821964, 47.422030172240127 ], [ -120.999079928204665, 47.421768026770728 ], [ -120.999843078683128, 47.421626834882581 ], [ -120.999740319049039, 47.421364690267957 ], [ -121.000121891629519, 47.421294093118007 ], [ -121.000019131399654, 47.421031949010931 ], [ -121.000400701734009, 47.420961351172778 ], [ -121.000297940908439, 47.42069920757325 ], [ -121.000679508996654, 47.420628609046908 ], [ -120.999857440730906, 47.418531468799102 ], [ -121.000238996626962, 47.418460872014869 ], [ -120.999930730379603, 47.417674448107896 ], [ -121.00031228118813, 47.417603851329751 ], [ -121.000209526001754, 47.417341710695027 ], [ -121.000591074564397, 47.417271113228736 ], [ -121.000488318782359, 47.417008973101389 ], [ -121.000869865099119, 47.41693837494693 ], [ -121.000767108721448, 47.416676235326932 ], [ -121.001148652792352, 47.416605636484341 ], [ -121.001045895819047, 47.416343497371642 ], [ -121.001808978644078, 47.4162022972749 ], [ -121.00170621965448, 47.415940159016635 ], [ -121.002850833441556, 47.415728352148413 ], [ -121.002748071015048, 47.415466215091762 ], [ -121.003129605873156, 47.415395611078957 ], [ -121.002924080654225, 47.414871338140344 ], [ -121.003305611845946, 47.414800733786606 ], [ -121.002894565627045, 47.413752191219189 ], [ -121.002513040117734, 47.413822794184412 ], [ -121.002102012782487, 47.412774252789859 ], [ -121.002483532609588, 47.412703651213008 ], [ -121.00207251279295, 47.41165511376758 ], [ -121.001690998647931, 47.411725713955995 ], [ -121.001382746709581, 47.410939311510745 ], [ -121.00176425659312, 47.41086871236358 ], [ -121.001353259876424, 47.409820179398061 ], [ -121.001734763253168, 47.409749580603965 ], [ -121.001426520116382, 47.408963183600463 ], [ -121.001045021000863, 47.409033781353457 ], [ -121.000839532541733, 47.40850951679014 ], [ -121.000458035442094, 47.408580112813858 ], [ -121.000252553123332, 47.408055848196142 ], [ -120.99987105803956, 47.408126442490726 ], [ -120.999460108981793, 47.407077913786011 ], [ -120.999841598384094, 47.407007320879408 ], [ -120.999738861761386, 47.406745189449921 ], [ -121.000120348918543, 47.406674595855151 ], [ -121.000017611700358, 47.406412464932529 ], [ -121.000399096612384, 47.406341870649598 ], [ -121.000296358798707, 47.406079740233764 ], [ -121.0010593233077, 47.405938549256597 ], [ -121.000956583478327, 47.405676419694551 ], [ -121.001719541847478, 47.405535225270874 ], [ -121.001616800002409, 47.405273096562659 ], [ -121.00276122710909, 47.40506129820487 ], [ -121.002658481828234, 47.404799170697451 ], [ -121.003421426268005, 47.404657967310811 ], [ -121.003318678971681, 47.404395840657131 ], [ -121.003700148534094, 47.40432523775825 ], [ -121.003597400642448, 47.404063111611251 ], [ -121.006267654541517, 47.403568864766392 ], [ -121.006370412373954, 47.403830988484316 ], [ -121.007514798788492, 47.403619151841241 ], [ -121.007617561706084, 47.403881274677765 ], [ -121.01333940370219, 47.402821946530821 ], [ -121.0132366194848, 47.40255982890033 ], [ -121.013618067597335, 47.402489199091036 ], [ -121.013412498798132, 47.401964965002961 ], [ -121.014175386868246, 47.401823703668029 ], [ -121.014072600866569, 47.401561587557545 ], [ -121.014454042244111, 47.401490955684707 ], [ -121.014351255647725, 47.401228840080996 ], [ -121.014732694780307, 47.401158207520297 ], [ -121.014629907589182, 47.400896092423245 ], [ -121.015011344476818, 47.400825459174662 ], [ -121.014908556691026, 47.400563344584235 ], [ -121.015289991333731, 47.400492710647889 ], [ -121.015187202953314, 47.400230596564072 ], [ -121.015568635351102, 47.400159961939892 ], [ -121.015465846376017, 47.399897848362635 ], [ -121.015847276528945, 47.399827213050656 ], [ -121.015744486959221, 47.399565099980009 ], [ -121.016507341950245, 47.399423826945537 ], [ -121.01640455036619, 47.399161714728564 ], [ -121.017548822405089, 47.398949798456442 ], [ -121.017446027387095, 47.398687687440258 ], [ -121.01782744833011, 47.398617046960233 ], [ -121.017724652717618, 47.398354936450566 ], [ -121.018487489288873, 47.39821365308012 ], [ -121.018384691662249, 47.397951543424028 ], [ -121.018766107290503, 47.397880900533643 ], [ -121.018663309069439, 47.397618791384133 ], [ -121.019044722452932, 47.397548147805935 ], [ -121.018839125647062, 47.397023930679325 ], [ -121.019220535366259, 47.396953286760528 ], [ -121.019117736781467, 47.396691178783442 ], [ -121.019499144255946, 47.396620534176861 ], [ -121.01929354672275, 47.396096319394893 ], [ -121.01967495053303, 47.396025674447678 ], [ -121.019572151584612, 47.395763567642817 ], [ -121.019953553150259, 47.395692922007882 ], [ -121.019850753607486, 47.395430815709439 ], [ -121.0202321529285, 47.395360169386777 ], [ -121.020129352791386, 47.395098063594723 ], [ -121.020510749867782, 47.395027416584355 ], [ -121.020407949136356, 47.394765311298741 ], [ -121.020789343968147, 47.39469466360061 ], [ -121.020583742141824, 47.394170454201443 ], [ -121.020965133309645, 47.394099806162721 ], [ -121.020862332214762, 47.393837702049098 ], [ -121.021243721138035, 47.393767053322676 ], [ -121.021140919448897, 47.3935049497154 ], [ -121.021522306127665, 47.393434300301287 ], [ -121.021419503844285, 47.393172197200315 ], [ -121.021800888278563, 47.39310154709851 ], [ -121.021698085400971, 47.39283944450392 ], [ -121.022079467590785, 47.392768793714438 ], [ -121.021976664118952, 47.392506691626018 ], [ -121.022358044064305, 47.392436040148915 ], [ -121.022739423184547, 47.392365387637028 ], [ -121.022842229494998, 47.392627489031241 ], [ -121.023604988098597, 47.39248618020919 ], [ -121.02370779807282, 47.392748281068464 ], [ -121.024089177556164, 47.392677624758335 ], [ -121.024191989774863, 47.392939725429791 ], [ -121.024573369852291, 47.39286906773777 ], [ -121.02467618431551, 47.393131168221373 ], [ -121.027345831686006, 47.392636532976042 ], [ -121.027448656909314, 47.392898631189126 ], [ -121.028211408711897, 47.39275729682673 ], [ -121.028108580650127, 47.392495199308009 ], [ -121.028871326313023, 47.392353861501178 ], [ -121.028768496238172, 47.392091764835882 ], [ -121.029149866412453, 47.392021094727625 ], [ -121.02904703574373, 47.391758998568534 ], [ -121.029428403673535, 47.391688327772741 ], [ -121.029325572410997, 47.391426232120054 ], [ -121.029706938096325, 47.391355560636661 ], [ -121.02960410623993, 47.391093465490144 ], [ -121.030366832296352, 47.390952120113845 ], [ -121.030263998427074, 47.390690025820739 ], [ -121.030645358798182, 47.390619351927747 ], [ -121.030542524335132, 47.390357258140902 ], [ -121.030923882461863, 47.390286583560417 ], [ -121.03082104740507, 47.390024490279764 ], [ -121.03158375834434, 47.389883138709152 ], [ -121.031480921274792, 47.389621046281874 ], [ -121.032624977236566, 47.389409012207864 ], [ -121.032522136735309, 47.389146920980956 ], [ -121.034428873069345, 47.38879351190149 ], [ -121.034326026298615, 47.388531422569372 ], [ -121.03737675016049, 47.387965917022022 ], [ -121.037479608282396, 47.388228003576799 ], [ -121.038623620367147, 47.388015920885024 ], [ -121.038726483571082, 47.388278006557215 ], [ -121.039489157004382, 47.388136612228998 ], [ -121.039592023871535, 47.388398697365709 ], [ -121.040354696840353, 47.388257298204955 ], [ -121.040251827135563, 47.387995213762672 ], [ -121.041014493964511, 47.387853811158287 ], [ -121.040911622247705, 47.387591727569401 ], [ -121.041292953005069, 47.387521025062703 ], [ -121.041190080695046, 47.387258941979901 ], [ -121.041571409208061, 47.387188238785903 ], [ -121.041468536304876, 47.386926156209249 ], [ -121.041849862573571, 47.386855452327971 ], [ -121.041746989077225, 47.38659337025743 ], [ -121.042509636300451, 47.386451960085878 ], [ -121.042406760792247, 47.386189878868677 ], [ -121.043550721179145, 47.385977756894441 ], [ -121.043653600943387, 47.386239837070022 ], [ -121.044416239910618, 47.386098416553757 ], [ -121.044519123337821, 47.386360496193689 ], [ -121.045281761839831, 47.3862190708452 ], [ -121.045384648929968, 47.386481149949454 ], [ -121.04614728696663, 47.386339719768586 ], [ -121.046250177719713, 47.38660179833721 ], [ -121.047012815290856, 47.386460363324012 ], [ -121.047115709706929, 47.386722441356895 ], [ -121.047878346812425, 47.386581001511459 ], [ -121.047981244891503, 47.386843079008599 ], [ -121.048743881531237, 47.386701634330777 ], [ -121.048846783273262, 47.386963711292182 ], [ -121.04960941944708, 47.386822261781994 ], [ -121.049712324852138, 47.3870843382076 ], [ -121.050093643118927, 47.387013611553591 ], [ -121.050196550768405, 47.387275687790719 ], [ -121.051721821251576, 47.386992769440972 ], [ -121.051824735401226, 47.387254844447583 ], [ -121.052968683847638, 47.38704264378184 ], [ -121.053071603078877, 47.387304717905216 ], [ -121.056503416584405, 47.386668056924101 ], [ -121.056400484586661, 47.386405985927155 ], [ -121.057163097887383, 47.386264495025706 ], [ -121.056957230696071, 47.385740354897735 ], [ -121.057338533270567, 47.385669608590263 ], [ -121.057235599495513, 47.385407539111732 ], [ -121.057616899825575, 47.38533679211735 ], [ -121.057513965458156, 47.385074723144918 ], [ -121.057895263543841, 47.385003975463604 ], [ -121.057792328584014, 47.384741906997306 ], [ -121.058173624425351, 47.38467115862899 ], [ -121.058070688873187, 47.384409090668882 ], [ -121.058451982470174, 47.384338341613606 ], [ -121.05834904632566, 47.38407627415949 ], [ -121.058730337678313, 47.384005524417319 ], [ -121.058627400941475, 47.383743457469294 ], [ -121.059008690049836, 47.383672707040191 ], [ -121.058802816217579, 47.383148574314866 ], [ -121.059184101663377, 47.38307782354628 ], [ -121.059081164567957, 47.382815757768931 ], [ -121.059462447769491, 47.382745006313392 ], [ -121.059256573220154, 47.38222087592942 ], [ -121.059637852759238, 47.382150124134334 ], [ -121.059431978677381, 47.381625995079538 ], [ -121.059813254554086, 47.381555242944906 ], [ -121.059607380939738, 47.381031115219209 ], [ -121.059988653154107, 47.380960362745057 ], [ -121.059885716167713, 47.380698299467369 ], [ -121.060266986137961, 47.380627546306343 ], [ -121.060164048559372, 47.380365483534582 ], [ -121.060545316285541, 47.380294729686703 ], [ -121.060339440770036, 47.37977060531351 ], [ -121.060720704834026, 47.379699851126063 ], [ -121.060308958041972, 47.378651605671237 ], [ -121.060690215607721, 47.378580851838954 ], [ -121.060484344331158, 47.378056730757109 ], [ -121.06086559823494, 47.377985976585286 ], [ -121.060247995718811, 47.376413619226525 ], [ -121.059866750322954, 47.376484371314497 ], [ -121.0597638208788, 47.376222311961868 ], [ -121.059382576075066, 47.376293062668388 ], [ -121.059279648874707, 47.376031003126869 ], [ -121.058898404663111, 47.37610175245193 ], [ -121.058795479706518, 47.375839692721613 ], [ -121.058032991641838, 47.375981187574652 ], [ -121.057827149877866, 47.37545706720006 ], [ -121.057445907442784, 47.375527812380874 ], [ -121.057240071817773, 47.375003691945395 ], [ -121.056858831392873, 47.375074435397444 ], [ -121.056241352842662, 47.373502075808624 ], [ -121.056622584760049, 47.373431334439907 ], [ -121.056313852377926, 47.372645157824806 ], [ -121.056695079215999, 47.372574416463486 ], [ -121.056386350011195, 47.371788242314743 ], [ -121.056767571770109, 47.371717500960862 ], [ -121.056561753592774, 47.371193386347535 ], [ -121.056942971690475, 47.37112264465393 ], [ -121.056531339572047, 47.37007441871485 ], [ -121.056150127145415, 47.370145159019856 ], [ -121.055121118816203, 47.367524601775635 ], [ -121.055502317065788, 47.367453864942021 ], [ -121.055399419355524, 47.36719181043464 ], [ -121.055780615361996, 47.36712107291406 ], [ -121.055574819582645, 47.366596965067906 ], [ -121.055956011928387, 47.366526227207494 ], [ -121.05554442460496, 47.365478014800914 ], [ -121.055925610454892, 47.365407277294729 ], [ -121.055514030668377, 47.364359068805705 ], [ -121.05589521002274, 47.364288331653896 ], [ -121.055792315722186, 47.364026280273798 ], [ -121.056173492833651, 47.36395554243505 ], [ -121.055864810631931, 47.363169390284149 ], [ -121.056245982665558, 47.3630986524525 ], [ -121.055011311132773, 47.359954062230848 ], [ -121.055392465332403, 47.359883327529531 ], [ -121.055186695463448, 47.359359232064214 ], [ -121.055567846003129, 47.359288497022952 ], [ -121.055259193137388, 47.358502356049918 ], [ -121.055640338599986, 47.358431621015725 ], [ -121.055228807330252, 47.357383436649371 ], [ -121.056372221759702, 47.357171229506989 ], [ -121.056269336753772, 47.356909184850814 ], [ -121.057031606079462, 47.356767708947125 ], [ -121.056928719064445, 47.356505665142699 ], [ -121.057690982254798, 47.35636418579751 ], [ -121.057588093230763, 47.356102142844712 ], [ -121.057969222170897, 47.356031401968359 ], [ -121.057866332555037, 47.355769359520352 ], [ -121.058247459252797, 47.355698617957046 ], [ -121.058144569045112, 47.355436576013751 ], [ -121.058525693500499, 47.355365833763628 ], [ -121.058319912726773, 47.35484175104402 ], [ -121.058701033522766, 47.35477100845403 ], [ -121.058598142956754, 47.35450896767771 ], [ -121.058979261510459, 47.354438224400866 ], [ -121.058773480020164, 47.353914144015285 ], [ -121.059535708983717, 47.353772655747974 ], [ -121.059329925126463, 47.353248577380825 ], [ -121.059711035536424, 47.353177832390408 ], [ -121.059505252146238, 47.352653755347752 ], [ -121.059886358897032, 47.352583010017419 ], [ -121.059063247009831, 47.350486710926376 ], [ -121.059444341600312, 47.350415967337682 ], [ -121.059238569046713, 47.349891894834435 ], [ -121.059619659978381, 47.349821150905832 ], [ -121.059516773522503, 47.349559115237383 ], [ -121.059897862212196, 47.34948837062192 ], [ -121.059692088942327, 47.348964300451392 ], [ -121.060073173973294, 47.348893555496034 ], [ -121.059970287159345, 47.348631520993862 ], [ -121.060351369948364, 47.348560775351686 ], [ -121.060248482542804, 47.348298741353908 ], [ -121.061010642811937, 47.348157247662286 ], [ -121.060907753398084, 47.347895214515788 ], [ -121.061669907533144, 47.347753717383192 ], [ -121.061464125514163, 47.347229652950062 ], [ -121.061845198510568, 47.347158903527031 ], [ -121.061742307322163, 47.346896871893449 ], [ -121.062123378076777, 47.346826121783671 ], [ -121.062020486296888, 47.346564090654418 ], [ -121.062401554809682, 47.346493339857894 ], [ -121.062298662438323, 47.346231309232913 ], [ -121.062679728709355, 47.346160557749641 ], [ -121.062576835746555, 47.345898527628911 ], [ -121.062957899775824, 47.345827775458801 ], [ -121.062855006221596, 47.3455657458424 ], [ -121.063617128971472, 47.345424239095173 ], [ -121.063514233409308, 47.345162210329811 ], [ -121.063895292129942, 47.34509145575268 ], [ -121.063792395976392, 47.344829427491611 ], [ -121.064554508109097, 47.344687915930201 ], [ -121.064451609947682, 47.344425888520199 ], [ -121.064832663359766, 47.344355131535963 ], [ -121.06472976460708, 47.344093104630161 ], [ -121.065491866122727, 47.343951588254797 ], [ -121.065388965362274, 47.343689562199977 ], [ -121.066151060744247, 47.3435480423841 ], [ -121.065945256033174, 47.343023992133922 ], [ -121.070898758729911, 47.342104021579054 ], [ -121.071001679085413, 47.342366042115763 ], [ -121.071763746876812, 47.342224491987587 ], [ -121.071866670890174, 47.342486511987623 ], [ -121.072628738212757, 47.342344957031585 ], [ -121.072731665884049, 47.342606976494871 ], [ -121.073112699723552, 47.342536197119649 ], [ -121.073215629636493, 47.342798216393156 ], [ -121.074358730451408, 47.342585871025619 ], [ -121.074461665438534, 47.342847889415452 ], [ -121.075604763073301, 47.342635533705597 ], [ -121.075707703134583, 47.342897551211557 ], [ -121.076088735444827, 47.342826763560943 ], [ -121.076191677747815, 47.34308878087721 ], [ -121.076953742724257, 47.34294720178157 ], [ -121.077056688685218, 47.343209218560936 ], [ -121.077818753192034, 47.343067634637364 ], [ -121.077921702810926, 47.343329650879873 ], [ -121.078302735242232, 47.343258857020871 ], [ -121.078405687102915, 47.343520873073473 ], [ -121.07916775232124, 47.343379281560949 ], [ -121.079270707839882, 47.343641297076658 ], [ -121.079651740626858, 47.343570499423102 ], [ -121.078622208429152, 47.340950354807866 ], [ -121.078241189803691, 47.341021148991118 ], [ -121.078035296102769, 47.34049712125946 ], [ -121.078416311896049, 47.340426327770189 ], [ -121.078313364867753, 47.340164314486969 ], [ -121.07869437841947, 47.340093520311349 ], [ -121.078591430800586, 47.339831507532189 ], [ -121.078972442110739, 47.33976071267012 ], [ -121.077942997161841, 47.337140596985051 ], [ -121.07832399348662, 47.337069804559235 ], [ -121.078118111570035, 47.33654578400003 ], [ -121.078499104237579, 47.336474991234809 ], [ -121.07829322279072, 47.335950971997221 ], [ -121.078674211801101, 47.335880178892488 ], [ -121.078468330823995, 47.335356160976517 ], [ -121.078849316177269, 47.335285367532293 ], [ -121.078025813956103, 47.333189304919337 ], [ -121.077644839929377, 47.333260095588393 ], [ -121.077336044461404, 47.332474073656051 ], [ -121.076955073856695, 47.332544862251133 ], [ -121.07664629006328, 47.331758840689581 ], [ -121.077027256420777, 47.331688053135046 ], [ -121.076615550586411, 47.330640027968855 ], [ -121.076996510455857, 47.330569240768405 ], [ -121.076687735497629, 47.329783224580275 ], [ -121.076306779875182, 47.329854010740313 ], [ -121.076203857955107, 47.329592005310914 ], [ -121.075822902923164, 47.329662790090836 ], [ -121.0757199832439, 47.329400784471432 ], [ -121.07533902880246, 47.329471567871252 ], [ -121.075236111363964, 47.32920956206172 ], [ -121.07485515751307, 47.329280344081525 ], [ -121.074546414395144, 47.328494326553049 ], [ -121.074165463966096, 47.328565106499241 ], [ -121.07385673252071, 47.327779089340872 ], [ -121.07347578551348, 47.32784986721353 ], [ -121.072446748477105, 47.325229816735394 ], [ -121.072065814800624, 47.325300590107595 ], [ -121.071860020123879, 47.324776581198229 ], [ -121.071098155958282, 47.324918123456293 ], [ -121.0708923702432, 47.324394113786731 ], [ -121.070130508440201, 47.324535650525284 ], [ -121.070027619650986, 47.324273645232012 ], [ -121.069646688927762, 47.324344411704814 ], [ -121.069543802378917, 47.324082406221521 ], [ -121.069162872246409, 47.324153171314506 ], [ -121.0684426994072, 47.322319134889518 ], [ -121.068061778358413, 47.322389896522886 ], [ -121.067856024943794, 47.321865886831645 ], [ -121.067094186033955, 47.322007405612517 ], [ -121.066991313394638, 47.321745400308536 ], [ -121.066610394118186, 47.32181615780263 ], [ -121.066507523718997, 47.321554152308551 ], [ -121.066126605033361, 47.321624908422891 ], [ -121.0660237368743, 47.321362902738862 ], [ -121.065642818779452, 47.321433657473392 ], [ -121.065539952860519, 47.3211716515993 ], [ -121.065159035356544, 47.32124240495412 ], [ -121.065056171677682, 47.320980398890043 ], [ -121.064675254764552, 47.321051150865138 ], [ -121.064469532711598, 47.320527138513484 ], [ -121.064088617804842, 47.3205978887623 ], [ -121.063985759430665, 47.320335882474694 ], [ -121.063223929974413, 47.320477379179785 ], [ -121.063121075255737, 47.32021537235569 ], [ -121.061978329133808, 47.320427608624868 ], [ -121.061875479486091, 47.32016560091774 ], [ -121.061494563878611, 47.320236343927917 ], [ -121.061186024128787, 47.31945032070643 ], [ -121.061566935489836, 47.319379578735678 ], [ -121.060949869757451, 47.317807538596853 ], [ -121.06133077180148, 47.317736797671699 ], [ -121.061227928982817, 47.317474791875973 ], [ -121.061608828787058, 47.317404050264145 ], [ -121.061403142792173, 47.316880039834878 ], [ -121.061784038941298, 47.316809297882827 ], [ -121.061372671182824, 47.315761280286956 ], [ -121.061753560846256, 47.315690538687491 ], [ -121.061547879082624, 47.315166531520738 ], [ -121.061928765091125, 47.31509578958093 ], [ -121.061825924030586, 47.314833786578504 ], [ -121.062206807799441, 47.314763043952055 ], [ -121.062001125320933, 47.31423903910909 ], [ -121.062382005434969, 47.314168296142341 ], [ -121.062279164016985, 47.313906294301795 ], [ -121.062660041891476, 47.313835550648349 ], [ -121.062557199882633, 47.313573549310505 ], [ -121.062938075517579, 47.313502804970376 ], [ -121.062732391142589, 47.312978803456367 ], [ -121.06311326312283, 47.312908058775996 ], [ -121.063010420756697, 47.312646058599832 ], [ -121.063772159413887, 47.312504566832708 ], [ -121.063669315041807, 47.312242567505628 ], [ -121.064431047571375, 47.312101072299093 ], [ -121.064328201193433, 47.311839073821012 ], [ -121.064709064806593, 47.311768325014583 ], [ -121.064606217837948, 47.311506327039162 ], [ -121.06536793976106, 47.311364827020085 ], [ -121.065265090786653, 47.311102829893656 ], [ -121.065645949096606, 47.311032078680931 ], [ -121.065440250790786, 47.310508085589539 ], [ -121.065821105446375, 47.310437334036628 ], [ -121.064792649227257, 47.307817381412498 ], [ -121.065173488909011, 47.307746632290311 ], [ -121.064864963872182, 47.306960650586312 ], [ -121.065245798485023, 47.306889901470271 ], [ -121.06514295703974, 47.306627908227391 ], [ -121.065523789413504, 47.306557158424731 ], [ -121.065420947377604, 47.306295165684276 ], [ -121.065801777512277, 47.306224415195018 ], [ -121.065698934885816, 47.305962422956938 ], [ -121.066079762781428, 47.305891671781076 ], [ -121.065771235603094, 47.30510569704186 ], [ -121.06615205843012, 47.305034945872102 ], [ -121.065740694739091, 47.303986983122321 ], [ -121.065359877571055, 47.304057732906813 ], [ -121.065154203500185, 47.303533751775142 ], [ -121.064392572350471, 47.303675246860394 ], [ -121.06428973938074, 47.303413255835899 ], [ -121.063908923984371, 47.30348400148285 ], [ -121.06308630121201, 47.301388076130664 ], [ -121.063467105290854, 47.301317333253714 ], [ -121.063055808023648, 47.300269375704168 ], [ -121.062675009603339, 47.300340117196235 ], [ -121.062469368743095, 47.299816138664269 ], [ -121.062088572328008, 47.299886878431053 ], [ -121.061882937592927, 47.299362899830065 ], [ -121.061502143183034, 47.299433637871665 ], [ -121.061193701503868, 47.298647670100316 ], [ -121.060812910513775, 47.298718406070542 ], [ -121.060196057888405, 47.297146472657964 ], [ -121.059815274561728, 47.297217205518436 ], [ -121.059712470088911, 47.296955216815462 ], [ -121.059331687352937, 47.297025948297033 ], [ -121.059228885118472, 47.296763959403663 ], [ -121.058848102973187, 47.296834689506291 ], [ -121.058745302977073, 47.296572700422601 ], [ -121.058364521422519, 47.296643429146293 ], [ -121.0582617236647, 47.29638143987232 ], [ -121.057880942700905, 47.29645216721709 ], [ -121.057778147181409, 47.296190177752791 ], [ -121.057397366808345, 47.296260903718618 ], [ -121.05729457352713, 47.295998914063965 ], [ -121.056913793744855, 47.296069638650913 ], [ -121.056811002701906, 47.295807648805919 ], [ -121.056430223510432, 47.29587837201403 ], [ -121.056327434705722, 47.295616381978739 ], [ -121.055946656105078, 47.295687103807971 ], [ -121.05584386953862, 47.295425113582347 ], [ -121.055463091528779, 47.295495834032678 ], [ -121.055360307200516, 47.295233843616757 ], [ -121.054979529781548, 47.295304562688244 ], [ -121.054671185982215, 47.294518591336896 ], [ -121.055051959157637, 47.294447873303511 ], [ -121.054949178123962, 47.294185883510558 ], [ -121.05532994906126, 47.294115164790448 ], [ -121.055124386635839, 47.293591186363649 ], [ -121.055505153920564, 47.293520467302812 ], [ -121.055402372528846, 47.29325847866901 ], [ -121.055783137575517, 47.293187758921363 ], [ -121.055577574434068, 47.292663782812824 ], [ -121.055958335828308, 47.292593062724407 ], [ -121.055752773152491, 47.29206908793055 ], [ -121.056133530894328, 47.291998367501414 ], [ -121.05561963154581, 47.2906884349701 ], [ -121.053335115172217, 47.291112731673898 ], [ -121.053232346259293, 47.290850743558678 ], [ -121.052090081198259, 47.291062876930511 ], [ -121.051987317351973, 47.290800887933045 ], [ -121.05160656209911, 47.290871596645488 ], [ -121.05150380049065, 47.290609607457704 ], [ -121.051123045828732, 47.290680314791487 ], [ -121.050917527910897, 47.290156336190933 ], [ -121.050536775254329, 47.290227041800087 ], [ -121.050331263458872, 47.289703063130162 ], [ -121.049950512807683, 47.289773767014736 ], [ -121.049847759559384, 47.289511777567313 ], [ -121.049467009499224, 47.289582480073271 ], [ -121.049364258488652, 47.289320490435514 ], [ -121.048983509019507, 47.289391191562828 ], [ -121.048880760246661, 47.289129201734724 ], [ -121.048500011368574, 47.2891999014834 ], [ -121.048294519121541, 47.288675921602362 ], [ -121.048675265170885, 47.288605222545463 ], [ -121.048469773388305, 47.288081243978446 ], [ -121.048850515785702, 47.288010544580501 ], [ -121.048747769715007, 47.287748555876185 ], [ -121.048367028731946, 47.287819254928266 ], [ -121.048264284898849, 47.287557266033708 ], [ -121.047883544506846, 47.287627963707216 ], [ -121.047575322189985, 47.286841996919129 ], [ -121.047194585217682, 47.286912692522371 ], [ -121.046783639310732, 47.285864737599006 ], [ -121.046402907172364, 47.285935430786317 ], [ -121.045581066184042, 47.283839525636708 ], [ -121.045961787008551, 47.283768835215646 ], [ -121.045653605976597, 47.282982874386803 ], [ -121.044892171989602, 47.283124252121716 ], [ -121.044173131519841, 47.281290344119917 ], [ -121.043792423190823, 47.28136102901837 ], [ -121.043689707829813, 47.281099042436828 ], [ -121.043309000091938, 47.281169725956879 ], [ -121.042795442701674, 47.279859793650985 ], [ -121.043176143369067, 47.27978911185923 ], [ -121.04307343294569, 47.279527126209729 ], [ -121.042692733692377, 47.279597807655726 ], [ -121.04248731814242, 47.279073836131367 ], [ -121.04210662089433, 47.27914451585346 ], [ -121.04190121146398, 47.278620544259013 ], [ -121.041520516221112, 47.278691222257173 ], [ -121.041315112910212, 47.278167250592638 ], [ -121.040934419672595, 47.27823792686695 ], [ -121.040626325119391, 47.277451969497911 ], [ -121.040245635301076, 47.277522643702795 ], [ -121.040142940176239, 47.277260657877974 ], [ -121.039762250949153, 47.277331330704612 ], [ -121.039556865995777, 47.276807358829778 ], [ -121.039176178773971, 47.276878029932632 ], [ -121.039073488945377, 47.276616043882534 ], [ -121.03869280231487, 47.276686713607205 ], [ -121.038590114722993, 47.276424727366674 ], [ -121.038209428683757, 47.276495395713162 ], [ -121.038004058796062, 47.275971423006922 ], [ -121.038384742007295, 47.275900755351572 ], [ -121.038282056883489, 47.275638769576815 ], [ -121.038662737858061, 47.275568101234455 ], [ -121.038560052142941, 47.275306115960468 ], [ -121.038940730880896, 47.275235446931028 ], [ -121.03883804457449, 47.274973462157803 ], [ -121.039980071610543, 47.274761449910443 ], [ -121.039877381885049, 47.274499466329118 ], [ -121.040638726301196, 47.274358120359082 ], [ -121.040433343662784, 47.273834155044057 ], [ -121.04081401180909, 47.273763481201328 ], [ -121.039992502851419, 47.2716676289105 ], [ -121.040753814055165, 47.271526283655867 ], [ -121.040651126309811, 47.271264303508495 ], [ -121.041031779263989, 47.271193629677946 ], [ -121.040929090927534, 47.270931650031102 ], [ -121.041309741645364, 47.27086097551355 ], [ -121.041001677330584, 47.270075038539801 ], [ -121.041382322984717, 47.270004364026271 ], [ -121.041074261832364, 47.269218429484205 ], [ -121.041454902422899, 47.269147754974668 ], [ -121.041352215603681, 47.268885777449405 ], [ -121.041732853957996, 47.268815102252937 ], [ -121.041630166547748, 47.268553125228159 ], [ -121.042010802665857, 47.268482449344638 ], [ -121.041908114664579, 47.26822047282031 ], [ -121.043050013842645, 47.268008440011563 ], [ -121.042947322423231, 47.267746464678702 ], [ -121.04408920995715, 47.267534423614414 ], [ -121.043986515119769, 47.267272449472912 ], [ -121.044747766535551, 47.267131084292281 ], [ -121.044645069693814, 47.266869110996687 ], [ -121.04502569275428, 47.266798427203206 ], [ -121.044717602924365, 47.266012509282199 ], [ -121.044336984104305, 47.266083192039105 ], [ -121.044234290553035, 47.265821219363005 ], [ -121.043853672323806, 47.265891900742069 ], [ -121.043545600845789, 47.265105982606435 ], [ -121.043164986034313, 47.26517666191674 ], [ -121.042651557088931, 47.263866799726657 ], [ -121.041890339132564, 47.264008151795679 ], [ -121.041787658637801, 47.263746179131267 ], [ -121.041407049839279, 47.263816853271827 ], [ -121.041304371580409, 47.263554880416784 ], [ -121.040923763372831, 47.26362555317953 ], [ -121.040718412149161, 47.263101607243051 ], [ -121.039957198920376, 47.263242948289822 ], [ -121.039854527368959, 47.262980974862998 ], [ -121.039473920934341, 47.263051643492474 ], [ -121.039371251618732, 47.26278966987504 ], [ -121.038990645775144, 47.262860337126732 ], [ -121.038785312437781, 47.262336389665521 ], [ -121.039165915454561, 47.262265723104605 ], [ -121.039063248606013, 47.262003749951546 ], [ -121.040585646796146, 47.261721074765525 ], [ -121.040482975116561, 47.261459103148688 ], [ -121.040863571194848, 47.261388432116661 ], [ -121.040760898924347, 47.26112646099989 ], [ -121.04114149276694, 47.261055789280888 ], [ -121.041038819905509, 47.26079381866424 ], [ -121.043322357211181, 47.260369768743622 ], [ -121.043219676692658, 47.260107800353907 ], [ -121.044742012795197, 47.259825081142147 ], [ -121.044639327446319, 47.259563114288682 ], [ -121.045019908002658, 47.259492432250369 ], [ -121.044917222063049, 47.259230465896884 ], [ -121.045678377882098, 47.259089099414282 ], [ -121.045575689938687, 47.258827133906273 ], [ -121.045956265201383, 47.25875644946192 ], [ -121.045853576667326, 47.258494484453848 ], [ -121.046234149694456, 47.258423799322685 ], [ -121.046131460569782, 47.258161834814594 ], [ -121.04651203136136, 47.258091148996613 ], [ -121.046409341646054, 47.257829184988445 ], [ -121.046789910202136, 47.257758498483604 ], [ -121.046687219896228, 47.257496534975445 ], [ -121.047448351714891, 47.257355159559737 ], [ -121.04734565940538, 47.25709319689696 ], [ -121.047726222667976, 47.257022507986129 ], [ -121.047623529767932, 47.256760545823262 ], [ -121.048004090795061, 47.256689856225627 ], [ -121.047901397304528, 47.256427894562698 ], [ -121.048281956096204, 47.256357204278267 ], [ -121.048179262015168, 47.256095243115169 ], [ -121.04970148330527, 47.255812473036926 ], [ -121.049598784394973, 47.255550513409879 ], [ -121.051120986873457, 47.255267728198348 ], [ -121.051018283134127, 47.25500577010741 ], [ -121.051398830284569, 47.25493507156947 ], [ -121.05129612595492, 47.254673113978434 ], [ -121.051676670869981, 47.254602414753776 ], [ -121.051573965950013, 47.254340457662536 ], [ -121.05233505048696, 47.254199056807572 ], [ -121.052232343563873, 47.253937100561508 ], [ -121.055657170548372, 47.253300748732684 ], [ -121.055554451733144, 47.253038795749859 ], [ -121.057457097536613, 47.252685232559642 ], [ -121.05735437248066, 47.252423281458377 ], [ -121.058115422218251, 47.252281849648647 ], [ -121.057909968923823, 47.251757949290678 ], [ -121.058290489733423, 47.251687232528646 ], [ -121.058187762907593, 47.251425282926512 ], [ -121.058568281481953, 47.251354565477882 ], [ -121.058465554066203, 47.251092616375466 ], [ -121.058846070405366, 47.251021898240218 ], [ -121.05874334239968, 47.250759949637498 ], [ -121.059123856503632, 47.250689230815667 ], [ -121.059021127908096, 47.250427282712693 ], [ -121.061304186780688, 47.250002950181766 ], [ -121.061406923851223, 47.250264896212066 ], [ -121.061787432196382, 47.25019417016609 ], [ -121.061890171502114, 47.250456116005161 ], [ -121.062270680436995, 47.250385388581741 ], [ -121.062373421977924, 47.250647334229463 ], [ -121.062753931502556, 47.250576605428542 ], [ -121.062856675278724, 47.250838550885049 ], [ -121.063617694684595, 47.250697089496221 ], [ -121.063720442108448, 47.250959034415928 ], [ -121.064100951989658, 47.25088830182802 ], [ -121.063998203153361, 47.250626357253779 ], [ -121.064759217622466, 47.250484889672975 ], [ -121.064656466784101, 47.250222945943925 ], [ -121.06541747513711, 47.250081474926269 ], [ -121.065314722296733, 47.249819532042423 ], [ -121.06759771913346, 47.249395096295231 ], [ -121.067392198972982, 47.248871215136191 ], [ -121.068153185686413, 47.248729729680313 ], [ -121.068255948179839, 47.24899166949168 ], [ -121.06901693442633, 47.248850179217008 ], [ -121.068914169108339, 47.248588240096687 ], [ -121.070055638069505, 47.248375997981888 ], [ -121.069952869337669, 47.248114060052274 ], [ -121.072996739060599, 47.247548038440129 ], [ -121.072688403910135, 47.246762233868886 ], [ -121.073068879685749, 47.246691477560582 ], [ -121.072966101536082, 47.246429543357053 ], [ -121.073346575076599, 47.246358786362478 ], [ -121.073243796337792, 47.246096852658539 ], [ -121.073624267643268, 47.246026094977637 ], [ -121.073315932128367, 47.245240295826484 ], [ -121.073696398374665, 47.245169538150328 ], [ -121.073490842655374, 47.244645673510455 ], [ -121.073871305254698, 47.244574915493601 ], [ -121.073665750003101, 47.244051052160422 ], [ -121.074046208955494, 47.243980293802878 ], [ -121.073943431152088, 47.243718362712713 ], [ -121.075084798835718, 47.24350608248573 ], [ -121.07518758087501, 47.243768012539284 ], [ -121.0755680365356, 47.243697250054446 ], [ -121.075670820809819, 47.243959179916331 ], [ -121.076812187089587, 47.243746885234614 ], [ -121.076709398579567, 47.243484956409361 ], [ -121.077089850948241, 47.243414189797392 ], [ -121.076987061849309, 47.243152261471636 ], [ -121.077747961293852, 47.243010725843568 ], [ -121.07764517019416, 47.242748798362733 ], [ -121.078786508952746, 47.242536488219145 ], [ -121.078889304287998, 47.242798414663234 ], [ -121.084976341814425, 47.241665931545 ], [ -121.085079160561151, 47.241927852613223 ], [ -121.085840028258602, 47.241786272961463 ], [ -121.085942850651932, 47.242048193492252 ], [ -121.086323284677491, 47.241977401773191 ], [ -121.086426109305776, 47.24223932211207 ], [ -121.086806543919778, 47.242168529015672 ], [ -121.086909370783005, 47.242430449162612 ], [ -121.087289805985421, 47.242359654688897 ], [ -121.087598295749871, 47.243145415015455 ], [ -121.087978734364086, 47.243074618473017 ], [ -121.088287235773493, 47.243860379146533 ], [ -121.088667677799563, 47.243789580535271 ], [ -121.089387553121526, 47.245623025070458 ], [ -121.089768004206476, 47.245552223007358 ], [ -121.089973693104184, 47.246076064996259 ], [ -121.090354146189256, 47.246005261209994 ], [ -121.090868389903278, 47.247314867146116 ], [ -121.091248849223931, 47.247244060599222 ], [ -121.091557409569972, 47.248029824970303 ], [ -121.091937872302594, 47.247959016354201 ], [ -121.092555023702161, 47.249530547177528 ], [ -121.09217455249825, 47.249601357868514 ], [ -121.092277412535523, 47.24986328055703 ], [ -121.091896939096088, 47.249934090562093 ], [ -121.091999798545061, 47.250196013750482 ], [ -121.092760747424165, 47.250054392016885 ], [ -121.092966474440772, 47.250578237472183 ], [ -121.093727425673023, 47.25043661022805 ], [ -121.093830293240657, 47.250698532494965 ], [ -121.094210769033197, 47.250627716979373 ], [ -121.094313638836454, 47.250889639054385 ], [ -121.095455065507565, 47.250677185279336 ], [ -121.09504357429384, 47.2496295020537 ], [ -121.095424042555919, 47.24955868344869 ], [ -121.095321170399899, 47.24929676337306 ], [ -121.095701636426426, 47.249225944082198 ], [ -121.095598763682275, 47.2489640245064 ], [ -121.095979227473251, 47.248893204529679 ], [ -121.09587635414097, 47.24863128545357 ], [ -121.096256815696435, 47.248560464791041 ], [ -121.096153941776066, 47.248298546214784 ], [ -121.096534401096051, 47.248227724866283 ], [ -121.09643152658758, 47.247965806789857 ], [ -121.096811983672083, 47.247894984755533 ], [ -121.096709108575581, 47.247633067178825 ], [ -121.097089563424646, 47.247562244458642 ], [ -121.096986687740085, 47.247300327381652 ], [ -121.097367140353697, 47.247229503975738 ], [ -121.097470017449965, 47.247491420706822 ], [ -121.097850470651608, 47.247420595923316 ], [ -121.097953349983342, 47.247682512462461 ], [ -121.101377404434416, 47.247045039872155 ], [ -121.101480297295126, 47.247306953452075 ], [ -121.101860745082334, 47.247236117659995 ], [ -121.101963640178511, 47.247498031047762 ], [ -121.102344088553536, 47.24742719387806 ], [ -121.102446985885209, 47.247689107073768 ], [ -121.102827434848038, 47.247618268526487 ], [ -121.102930334415234, 47.247880181530043 ], [ -121.103310783965824, 47.247809341605141 ], [ -121.103413685768544, 47.248071254416594 ], [ -121.103794135906867, 47.248000413114134 ], [ -121.103897039945153, 47.24826232573345 ], [ -121.104277490671208, 47.248191483053326 ], [ -121.104586211964644, 47.248977220796398 ], [ -121.104205757003569, 47.249048064514412 ], [ -121.104308664337637, 47.249309977749178 ], [ -121.104689120710361, 47.249239133685116 ], [ -121.105203676798737, 47.250548700436958 ], [ -121.104823213367467, 47.250619546230936 ], [ -121.105337782997609, 47.251929118560497 ], [ -121.104957311683521, 47.251999965052924 ], [ -121.105986498631154, 47.254619124719845 ], [ -121.106366984063627, 47.254548274766826 ], [ -121.106984544262147, 47.256119775883498 ], [ -121.107365037341893, 47.256048922822146 ], [ -121.107673832803755, 47.256834674421967 ], [ -121.108054329295072, 47.256763819290427 ], [ -121.108157264176143, 47.257025736452398 ], [ -121.108537761255135, 47.256954879942931 ], [ -121.10864069837244, 47.257216796912864 ], [ -121.109021196039137, 47.257145939025477 ], [ -121.109124135392676, 47.257407855803358 ], [ -121.109885131076965, 47.257266136240823 ], [ -121.109988074078728, 47.257528052480488 ], [ -121.110368572096348, 47.257457190805439 ], [ -121.110471517334375, 47.25771910685301 ], [ -121.110852015939571, 47.257648243800006 ], [ -121.110954963413903, 47.257910159655502 ], [ -121.111335462606675, 47.257839295224478 ], [ -121.111438412317355, 47.25810121088788 ], [ -121.111818912097647, 47.258030345078872 ], [ -121.11192186404466, 47.258292260550178 ], [ -121.1123023644125, 47.25822139336325 ], [ -121.112405318595876, 47.258483308642418 ], [ -121.113166319682122, 47.258341570480795 ], [ -121.113269277513794, 47.25860348522162 ], [ -121.114410777195488, 47.258390869202231 ], [ -121.114513740087418, 47.258652783058494 ], [ -121.116796725660521, 47.25822752108477 ], [ -121.116899697848297, 47.258489433017509 ], [ -121.117280193969776, 47.258418552064562 ], [ -121.117383168393985, 47.258680463805135 ], [ -121.117763665102743, 47.258609581474111 ], [ -121.117866641763399, 47.258871493022482 ], [ -121.118247139059406, 47.258800609313454 ], [ -121.118453097678326, 47.259324432179824 ], [ -121.118833596973431, 47.259253546746457 ], [ -121.119039561714672, 47.259777369536629 ], [ -121.119420063008874, 47.25970648237886 ], [ -121.119729020541413, 47.260492216680923 ], [ -121.12010952524659, 47.260421327452399 ], [ -121.120315503882267, 47.260945150398413 ], [ -121.12069601058657, 47.260874259445387 ], [ -121.120799002553397, 47.261136170803269 ], [ -121.12117950984485, 47.261065278472145 ], [ -121.121282504048352, 47.26132718963779 ], [ -121.121663011926955, 47.261256295928582 ], [ -121.121766008367132, 47.261518206901968 ], [ -121.122146516832842, 47.261447311814621 ], [ -121.122249515509765, 47.261709222595755 ], [ -121.122630024562568, 47.261638326130281 ], [ -121.12273302547618, 47.261900236719143 ], [ -121.123113535116076, 47.261829338875543 ], [ -121.123216538266433, 47.262091249272174 ], [ -121.122836027214618, 47.262162147462242 ], [ -121.123042033166058, 47.262685969410775 ], [ -121.122661518465534, 47.262756867261899 ], [ -121.122867524892442, 47.26328069052002 ], [ -121.122487006543153, 47.263351588032194 ], [ -121.122590009581955, 47.263613500238975 ], [ -121.122970529343206, 47.263542602380362 ], [ -121.123176540719399, 47.264066426563701 ], [ -121.123557062479776, 47.263995526980501 ], [ -121.123660070817209, 47.264257438957053 ], [ -121.124040593164665, 47.264186537995599 ], [ -121.124143603738986, 47.264448449779898 ], [ -121.124524126673521, 47.264377547440169 ], [ -121.124627139484801, 47.26463945903231 ], [ -121.125388185702974, 47.2644976505646 ], [ -121.12549120216319, 47.264759561617986 ], [ -121.1258717254468, 47.264688655490026 ], [ -121.125974744143974, 47.264950566351182 ], [ -121.126355268014564, 47.264879658844883 ], [ -121.126561310707942, 47.265403480336865 ], [ -121.126941836577501, 47.26533257110583 ], [ -121.127044860573704, 47.265594481736677 ], [ -121.127805912661657, 47.265452659486307 ], [ -121.127908940306909, 47.265714569578329 ], [ -121.12828946652526, 47.265643656558957 ], [ -121.128392496407585, 47.265905566458734 ], [ -121.128773023212844, 47.26583465206101 ], [ -121.129597303271922, 47.267929934040261 ], [ -121.12997784054815, 47.267859015838326 ], [ -121.130699138806449, 47.269692393244711 ], [ -121.131079685141998, 47.269621471584792 ], [ -121.13149187937934, 47.270669117826131 ], [ -121.131872430538067, 47.270598193747873 ], [ -121.132078535432868, 47.27112201710149 ], [ -121.132839640922882, 47.270980164462891 ], [ -121.132942697432568, 47.271242075677954 ], [ -121.13484545377429, 47.270887424291047 ], [ -121.134948518169935, 47.27114933392712 ], [ -121.135709617752923, 47.271007465456194 ], [ -121.1358126857982, 47.271269374553214 ], [ -121.136193235763642, 47.27119843842334 ], [ -121.136296306046432, 47.271460347328087 ], [ -121.137057406325027, 47.271318471279443 ], [ -121.137160480257506, 47.271580379645101 ], [ -121.137541030570645, 47.271509439726358 ], [ -121.13764410674068, 47.271771347899652 ], [ -121.138405207714541, 47.271629464273254 ], [ -121.13850828753425, 47.271891371907465 ], [ -121.139269388030101, 47.271749483460319 ], [ -121.139372471499485, 47.272011390555349 ], [ -121.140133571517111, 47.271869497287518 ], [ -121.140236658636198, 47.272131403843439 ], [ -121.140617208818668, 47.272060455315028 ], [ -121.140823388357759, 47.272584268196418 ], [ -121.141203940538716, 47.272513317942682 ], [ -121.141410126204491, 47.273037130747944 ], [ -121.141790680383906, 47.272966178768854 ], [ -121.141893775867331, 47.273228085056218 ], [ -121.142274330633143, 47.273157131698525 ], [ -121.142583626273847, 47.273942850446659 ], [ -121.142964184450179, 47.273871895016661 ], [ -121.143067286060599, 47.274133801228011 ], [ -121.143447844823243, 47.274062844419362 ], [ -121.143550948671518, 47.274324750438325 ], [ -121.143931508020501, 47.274253792250988 ], [ -121.144034614106602, 47.274515698077529 ], [ -121.144795733151383, 47.274373777913773 ], [ -121.144898842887443, 47.274635683201012 ], [ -121.145659961453191, 47.274493758216295 ], [ -121.145763074839181, 47.274755662964111 ], [ -121.146143634295385, 47.274684698577225 ], [ -121.146246749919285, 47.274946603132641 ], [ -121.146627309961687, 47.274875637366996 ], [ -121.146730427823528, 47.275137541729947 ], [ -121.147110988452113, 47.275066574585622 ], [ -121.147214108551893, 47.27532847875608 ], [ -121.147594669766647, 47.275257510233061 ], [ -121.147697792104395, 47.27551941421104 ], [ -121.148078353905305, 47.275448444309326 ], [ -121.14818147848105, 47.275710348094776 ], [ -121.1485620408681, 47.275639376814347 ], [ -121.148665167681827, 47.275901280407304 ], [ -121.14904573065499, 47.275830307748073 ], [ -121.149148859706713, 47.276092211148566 ], [ -121.149529423265989, 47.276021237110612 ], [ -121.149838819613308, 47.276806947197777 ], [ -121.150219386582805, 47.276735971087227 ], [ -121.150322521762661, 47.276997874411521 ], [ -121.150703089318199, 47.276926896922198 ], [ -121.150806226736179, 47.277188800053992 ], [ -121.151186794877773, 47.277117821185854 ], [ -121.151289934533864, 47.277379724125105 ], [ -121.151670503261471, 47.27730874387818 ], [ -121.151773645155728, 47.27757064662493 ], [ -121.152154214469348, 47.277499664999247 ], [ -121.152257358601773, 47.277761567553398 ], [ -121.151876787876105, 47.277832549526103 ], [ -121.152186220993784, 47.278618259156573 ], [ -121.151805645205656, 47.27868924113843 ], [ -121.152424525273702, 47.280260666652829 ], [ -121.152043940186473, 47.280331649684996 ], [ -121.152869148578844, 47.282426895135345 ], [ -121.152488551367483, 47.282497879912086 ], [ -121.152591704722226, 47.28275978663617 ], [ -121.152211105272372, 47.282830770728069 ], [ -121.152314258041059, 47.283092677953796 ], [ -121.151933656352625, 47.283163661360916 ], [ -121.152036808535229, 47.283425569088394 ], [ -121.151656204608273, 47.283496551810693 ], [ -121.151862508627488, 47.284020368423747 ], [ -121.151481901049564, 47.284091350808296 ], [ -121.151791359038214, 47.284877077929124 ], [ -121.151410746396877, 47.284948060323039 ], [ -121.151720207584702, 47.285733789877504 ], [ -121.151339589879797, 47.285804772280748 ], [ -121.151545898644883, 47.286328593451607 ], [ -121.151165277288769, 47.286399575517123 ], [ -121.151371586534097, 47.286923398001221 ], [ -121.15099096152673, 47.28699437972903 ], [ -121.151094115976349, 47.28725629155025 ], [ -121.150713488730162, 47.28732727259321 ], [ -121.151022952799323, 47.28811301002731 ], [ -121.151403584283102, 47.28804202794305 ], [ -121.151816220260969, 47.289089678633914 ], [ -121.152196856568651, 47.289018694129012 ], [ -121.152300019041633, 47.289280606841665 ], [ -121.152680655935498, 47.289209620957635 ], [ -121.152783820647443, 47.289471533477929 ], [ -121.153164458127492, 47.289400546214715 ], [ -121.15337079285581, 47.289924371025492 ], [ -121.153751432334573, 47.289853382035787 ], [ -121.153854602350989, 47.290115294326327 ], [ -121.154235242415893, 47.290044303957451 ], [ -121.154338414671358, 47.290306216055633 ], [ -121.154719055322374, 47.290235224307551 ], [ -121.154925405137959, 47.290759048273962 ], [ -121.155306047787647, 47.29068805479946 ], [ -121.155615582947775, 47.29147379086897 ], [ -121.155996229008707, 47.291402795320757 ], [ -121.156202592740115, 47.291926619447054 ], [ -121.156583240799733, 47.291855622172285 ], [ -121.157615123179909, 47.294474748626207 ], [ -121.157234460993564, 47.294545749373746 ], [ -121.157337652365499, 47.29480766321872 ], [ -121.156956987939736, 47.294878663281558 ], [ -121.157163370338168, 47.295402492131025 ], [ -121.15678270226023, 47.295473491856434 ], [ -121.157195471326375, 47.296521152804893 ], [ -121.15757614505543, 47.296450151690145 ], [ -121.15778253737443, 47.29697398239994 ], [ -121.158163213102384, 47.296902979558418 ], [ -121.158266411914866, 47.297164894798513 ], [ -121.157885734774084, 47.29723589798742 ], [ -121.158092132053667, 47.297759729627515 ], [ -121.157711451260454, 47.297830732478999 ], [ -121.157814649727555, 47.29809264887907 ], [ -121.157433966694683, 47.298163651045797 ], [ -121.157640363283519, 47.298687485005907 ], [ -121.157259676598102, 47.298758486835261 ], [ -121.15746607366826, 47.299282322110606 ], [ -121.157085383330212, 47.299353323602581 ], [ -121.15718858169258, 47.299615241820277 ], [ -121.156807889114816, 47.299686242627487 ], [ -121.157323886263995, 47.300995837780619 ], [ -121.156943185794518, 47.301066839292609 ], [ -121.157459196549652, 47.302376440062631 ], [ -121.157078488188134, 47.302447442279487 ], [ -121.157284895452165, 47.302971284368965 ], [ -121.156904183437618, 47.303042286248434 ], [ -121.157007386896865, 47.303304207873495 ], [ -121.156626672642318, 47.303375209068264 ], [ -121.156729875515339, 47.303637131196005 ], [ -121.156349159020806, 47.303708131705932 ], [ -121.156452361307586, 47.303970054336482 ], [ -121.156071642573011, 47.304041054161658 ], [ -121.156174844273536, 47.304302977294832 ], [ -121.155794123298918, 47.304373976435215 ], [ -121.155897324413147, 47.304635900071169 ], [ -121.156278046800963, 47.304564900583394 ], [ -121.156690865179769, 47.305612595290746 ], [ -121.156310137139172, 47.30568359616835 ], [ -121.156516548463742, 47.306207445149063 ], [ -121.156135816769734, 47.306278445689372 ], [ -121.156239022259186, 47.306540370760274 ], [ -121.155858288324993, 47.306611370615727 ], [ -121.155961493228133, 47.306873296189423 ], [ -121.155580757053713, 47.306944295360097 ], [ -121.155787166514273, 47.307468147668772 ], [ -121.155406426686312, 47.307539146502052 ], [ -121.155509631243717, 47.307801073237023 ], [ -121.154367402558137, 47.308014064585592 ], [ -121.154470603702464, 47.308275992518425 ], [ -121.154851348837965, 47.308204996087007 ], [ -121.155057756434189, 47.308728851723984 ], [ -121.155438503569457, 47.308657853565329 ], [ -121.155541710021396, 47.308919781269523 ], [ -121.155922457743046, 47.308848781731079 ], [ -121.15602566643534, 47.309110709243214 ], [ -121.156406414743344, 47.309039708324882 ], [ -121.156612837435759, 47.309563563120626 ], [ -121.156993587743486, 47.309492560474943 ], [ -121.157612884150424, 47.311064126508661 ], [ -121.157993642111492, 47.310993120745472 ], [ -121.158922655273528, 47.313350477166232 ], [ -121.158541884591244, 47.313421486057692 ], [ -121.158851566294004, 47.314207275374443 ], [ -121.158470790543944, 47.314278284276313 ], [ -121.159296633507807, 47.316373732083377 ], [ -121.158915845621706, 47.316444742733928 ], [ -121.159328781303728, 47.317492471764375 ], [ -121.158947986935715, 47.317563482773124 ], [ -121.159257693142948, 47.318349282224055 ], [ -121.159638491752062, 47.318278270172272 ], [ -121.159844969521046, 47.318802136556286 ], [ -121.160225770130211, 47.318731122776583 ], [ -121.160535497230185, 47.319516922477781 ], [ -121.161297104448764, 47.319374889734888 ], [ -121.161193858427239, 47.319112957040801 ], [ -121.162717057280389, 47.318828880556524 ], [ -121.162613806431523, 47.31856694940906 ], [ -121.165279362671612, 47.318069778247185 ], [ -121.165176102754799, 47.317807849689665 ], [ -121.16631846734731, 47.317594761891684 ], [ -121.166421731504869, 47.317856689405872 ], [ -121.167183306589365, 47.317714625016407 ], [ -121.167389843041406, 47.318238479120787 ], [ -121.167770632169422, 47.318167444681926 ], [ -121.167873903050392, 47.318429371619878 ], [ -121.168254692764364, 47.318358335800824 ], [ -121.1683579658865, 47.318620262546659 ], [ -121.168738756186428, 47.318549225347425 ], [ -121.168945307740728, 47.319073078610579 ], [ -121.16932610004018, 47.319002039683319 ], [ -121.169429378472344, 47.319263966200609 ], [ -121.16981017135771, 47.319192925893184 ], [ -121.169913452031153, 47.319454852218406 ], [ -121.17029424550239, 47.319383810530674 ], [ -121.170500812159489, 47.319907662952552 ], [ -121.170881607630207, 47.319836619536794 ], [ -121.170984893613905, 47.320098545633471 ], [ -121.171365689670452, 47.320027500837455 ], [ -121.17157226694826, 47.320551352802184 ], [ -121.171953065004232, 47.320480306278078 ], [ -121.172056356298384, 47.320742232146237 ], [ -121.172437154940198, 47.320671184241803 ], [ -121.172540448475729, 47.320933109917767 ], [ -121.172921247703314, 47.320862060633125 ], [ -121.173024543480224, 47.321123986116916 ], [ -121.174547737766716, 47.320839777262705 ], [ -121.174651040025793, 47.321101701510607 ], [ -121.175412635029033, 47.320959590193354 ], [ -121.1755159409431, 47.321221513901158 ], [ -121.178562299147913, 47.320653024553678 ], [ -121.178665617198092, 47.320914945633696 ], [ -121.181331147053058, 47.320417460820394 ], [ -121.181434475825426, 47.320679379620202 ], [ -121.182196051158513, 47.320537231115139 ], [ -121.182402716841182, 47.321061067789842 ], [ -121.183164294515578, 47.320918913763414 ], [ -121.18326763142592, 47.321180831638202 ], [ -121.184029208614689, 47.321038672786436 ], [ -121.184132549179964, 47.321300590120885 ], [ -121.184894125882948, 47.321158426443787 ], [ -121.184997470103184, 47.321420343237776 ], [ -121.185378258625818, 47.321349259502675 ], [ -121.185481605087659, 47.321611176104362 ], [ -121.185862394195468, 47.321540090988897 ], [ -121.185965742898915, 47.321802007398155 ], [ -121.186346532591926, 47.321730920902326 ], [ -121.18665658791187, 47.322516670019859 ], [ -121.18703738101685, 47.32244558144744 ], [ -121.187450805359504, 47.323493247724784 ], [ -121.188212400392004, 47.323351064698244 ], [ -121.188315761375321, 47.323612980960618 ], [ -121.188696559062507, 47.323541887550711 ], [ -121.188799922287586, 47.323803803620727 ], [ -121.189180720559861, 47.323732708830349 ], [ -121.189697556178146, 47.325042289775404 ], [ -121.19007836068927, 47.324971192211969 ], [ -121.190388476241608, 47.325756941603416 ], [ -121.19076928416473, 47.325685841963114 ], [ -121.190976034835558, 47.326209674973242 ], [ -121.191356844757223, 47.326138573604275 ], [ -121.191460222748844, 47.326400489994768 ], [ -121.1918410332555, 47.326329387245202 ], [ -121.1920477945513, 47.326853219797179 ], [ -121.192428607056442, 47.326782115318878 ], [ -121.192635374493392, 47.327305947797583 ], [ -121.193016188997049, 47.327234841590418 ], [ -121.193119575371867, 47.327496757715259 ], [ -121.193500390460457, 47.327425650127466 ], [ -121.193603779077392, 47.327687566059936 ], [ -121.193984594750873, 47.327616457091523 ], [ -121.194191377297628, 47.328140288727269 ], [ -121.194572194969538, 47.328069178030027 ], [ -121.194675588899372, 47.328331093733368 ], [ -121.195056407156201, 47.328259981655499 ], [ -121.19526320032891, 47.328783812833016 ], [ -121.195644020584083, 47.328712699026255 ], [ -121.196161025085672, 47.330022277955983 ], [ -121.196541851579937, 47.329951161375284 ], [ -121.196645256379995, 47.330213077280455 ], [ -121.197787735130987, 47.329999720299206 ], [ -121.197891145000497, 47.330261635315225 ], [ -121.198652796184362, 47.330119391469182 ], [ -121.198549383487759, 47.329857477149808 ], [ -121.199311028529308, 47.329715229870907 ], [ -121.199414444052977, 47.329977143493615 ], [ -121.200937729844156, 47.329692635154281 ], [ -121.20104115185066, 47.32995454753938 ], [ -121.201421972639793, 47.329883417525267 ], [ -121.201525396888684, 47.330145329717794 ], [ -121.201906218262408, 47.330074198323018 ], [ -121.202009644753673, 47.330336110322989 ], [ -121.202390466711975, 47.330264977547465 ], [ -121.202493895445656, 47.330526889354893 ], [ -121.20325553970244, 47.330384620010015 ], [ -121.203358972092005, 47.330646531276429 ], [ -121.204120615859878, 47.330504257105417 ], [ -121.204224051905385, 47.330766167830831 ], [ -121.204985695184249, 47.330623888833578 ], [ -121.205709790504017, 47.332457263397181 ], [ -121.205328959384644, 47.332528405851122 ], [ -121.205535848396238, 47.33305222925479 ], [ -121.20515501362074, 47.333123371373297 ], [ -121.205361903121556, 47.333647196097537 ], [ -121.204981064689832, 47.333718337880676 ], [ -121.205084509270279, 47.333980250825114 ], [ -121.204703668595869, 47.334051391924362 ], [ -121.204807112591837, 47.334313305373264 ], [ -121.204426269674713, 47.334384445788587 ], [ -121.204529713086146, 47.334646359741917 ], [ -121.204148867926307, 47.334717499473356 ], [ -121.204252310753205, 47.334979413931137 ], [ -121.203871463350623, 47.335050552978608 ], [ -121.203974905592958, 47.335312467940916 ], [ -121.203594055947619, 47.335383606304468 ], [ -121.203697497605361, 47.335645521771177 ], [ -121.203316645717223, 47.335716659450803 ], [ -121.203420086790402, 47.335978575422061 ], [ -121.203039232659464, 47.336049712417761 ], [ -121.20314267314798, 47.336311628893505 ], [ -121.202761816774228, 47.336382765205322 ], [ -121.202865256678137, 47.336644682185579 ], [ -121.202484398061529, 47.336715817813364 ], [ -121.202587837380776, 47.336977735298234 ], [ -121.20220697652131, 47.337048870242079 ], [ -121.202413854819554, 47.337572706376882 ], [ -121.202032990303422, 47.337643840985294 ], [ -121.202136429282405, 47.337905759635284 ], [ -121.201755562523346, 47.33797689355972 ], [ -121.201859000917622, 47.338238812714366 ], [ -121.201478131915621, 47.338309945954805 ], [ -121.201581569725164, 47.338571865614071 ], [ -121.201200698480193, 47.338642998170513 ], [ -121.201304135704987, 47.338904918334386 ], [ -121.200923262217046, 47.338976050206902 ], [ -121.201026698857078, 47.339237970875381 ], [ -121.200645823126152, 47.339309102063893 ], [ -121.200749259181364, 47.339571023237099 ], [ -121.200368381207412, 47.339642153741579 ], [ -121.200471816677819, 47.339904075419398 ], [ -121.200090936460853, 47.339975205239902 ], [ -121.200194371346441, 47.340237127422405 ], [ -121.199813488886406, 47.340308256558927 ], [ -121.19991692318716, 47.340570179246114 ], [ -121.199536038484041, 47.34064130769859 ], [ -121.19963947219992, 47.340903230890525 ], [ -121.19925858525373, 47.340974358658983 ], [ -121.19936201838469, 47.341236282355588 ], [ -121.198981129195388, 47.341307409440034 ], [ -121.199084561741458, 47.341569333641473 ], [ -121.19870367030903, 47.341640460041866 ], [ -121.19880710227018, 47.341902384748003 ], [ -121.198426208594597, 47.341973510464307 ], [ -121.198529639970815, 47.342235435675292 ], [ -121.198148744052034, 47.342306560707556 ], [ -121.198355606463664, 47.342830412295264 ], [ -121.197974706887607, 47.342901536992059 ], [ -121.198698741547275, 47.344735024912005 ], [ -121.199079651022259, 47.344663897775384 ], [ -121.199286528358726, 47.345187752176663 ], [ -121.198905616055384, 47.345258880010391 ], [ -121.199112493880335, 47.345782735734176 ], [ -121.198731577919375, 47.345853863232499 ], [ -121.199041896633261, 47.346639649036767 ], [ -121.199422816836915, 47.346568520492731 ], [ -121.199629702954212, 47.347092377780314 ], [ -121.200010625157091, 47.34702124750644 ], [ -121.200631311897453, 47.348592821031744 ], [ -121.201012241756686, 47.348521687633387 ], [ -121.201322600565746, 47.349307475462055 ], [ -121.201703533838526, 47.349236339985062 ], [ -121.201910446686782, 47.34976019862254 ], [ -121.202291381958815, 47.349689061415539 ], [ -121.202498300953337, 47.350212919981558 ], [ -121.20260176169478, 47.350474849499363 ], [ -121.202220822179711, 47.350545987752454 ], [ -121.202427743322133, 47.351069847954932 ], [ -121.202046800148906, 47.351140985872732 ], [ -121.202357183840306, 47.351926778396489 ], [ -121.201976235594387, 47.351997916327718 ], [ -121.202183159373803, 47.352521779490445 ], [ -121.201421254735777, 47.352664053649612 ], [ -121.20152471504079, 47.352925986163307 ], [ -121.200762804255945, 47.353068256888982 ], [ -121.200866262561433, 47.353330190256649 ], [ -121.200485304510323, 47.353401324419067 ], [ -121.200692220780709, 47.353925192321725 ], [ -121.200311259071071, 47.353996326148888 ], [ -121.200518175830226, 47.354520195375528 ], [ -121.200137210462017, 47.354591328867329 ], [ -121.20024066867127, 47.354853264064417 ], [ -121.199859701058983, 47.35492439687215 ], [ -121.200066617136713, 47.355448268433697 ], [ -121.199685645865742, 47.35551940090614 ], [ -121.19989256243224, 47.356043273791968 ], [ -121.199511587502514, 47.356114405929077 ], [ -121.199718504557694, 47.35663828013918 ], [ -121.199337525969156, 47.356709411941061 ], [ -121.199854826050327, 47.358019101953012 ], [ -121.199473839558749, 47.358090234465884 ], [ -121.199784225317799, 47.358876051400635 ], [ -121.199403233752392, 47.358947183926958 ], [ -121.199506695916426, 47.359209123567624 ], [ -121.199125702106699, 47.359280255409899 ], [ -121.19933262609392, 47.359804135859186 ], [ -121.198951628624968, 47.359875267366142 ], [ -121.199158553100872, 47.360399149140441 ], [ -121.198777551972711, 47.360470280312107 ], [ -121.198881014040182, 47.360732221783337 ], [ -121.198500010667544, 47.360803352270949 ], [ -121.198706934461583, 47.361327236381634 ], [ -121.198325927429607, 47.361398366533905 ], [ -121.19853285171223, 47.361922251969844 ], [ -121.198913861574013, 47.361851121119891 ], [ -121.199017326374673, 47.362113063724337 ], [ -121.199398336821758, 47.362041931492612 ], [ -121.199501803866951, 47.362303873905219 ], [ -121.199882814899311, 47.362232740291788 ], [ -121.199986284189066, 47.362494682512427 ], [ -121.200367295806672, 47.362423547517231 ], [ -121.200470767341017, 47.36268548954596 ], [ -121.200851779543854, 47.36261435316905 ], [ -121.200955253322817, 47.362876295005833 ], [ -121.201336266110829, 47.362805157247166 ], [ -121.201439742134454, 47.363067098891982 ], [ -121.201820755507654, 47.362995959751558 ], [ -121.201924233775898, 47.363257901204435 ], [ -121.202305247734287, 47.363186760682176 ], [ -121.202512209589884, 47.363710643361031 ], [ -121.202893225548337, 47.363639501108104 ], [ -121.203203678799895, 47.364425325256782 ], [ -121.203584698173344, 47.364354180924217 ], [ -121.203895163138128, 47.365140005438732 ], [ -121.204276185926574, 47.365068859026465 ], [ -121.204690156490884, 47.366116625847923 ], [ -121.205071184109357, 47.366045477007006 ], [ -121.20527817720091, 47.366569360661785 ], [ -121.205659206819419, 47.366498210089937 ], [ -121.205866206060719, 47.367022093674862 ], [ -121.206247237679278, 47.366950941372174 ], [ -121.206350739959873, 47.367212883051138 ], [ -121.206731772163451, 47.36714172936648 ], [ -121.207042288230241, 47.367927554298731 ], [ -121.207423323848872, 47.367856398534151 ], [ -121.207526832279541, 47.368118340143283 ], [ -121.207145795245864, 47.368189496256925 ], [ -121.207559831608748, 47.369237265660274 ], [ -121.207940874302608, 47.369166108150552 ], [ -121.208458445508342, 47.370475821694072 ], [ -121.208077395738954, 47.370546980949058 ], [ -121.208180911055337, 47.370808924478155 ], [ -121.207418806195975, 47.370951240587324 ], [ -121.207522319512151, 47.371213184971744 ], [ -121.205998094171491, 47.37149780619027 ], [ -121.206101602657043, 47.371759752128078 ], [ -121.20343416644647, 47.372257801932349 ], [ -121.203537665855364, 47.372519750470701 ], [ -121.202775530922821, 47.372662041815403 ], [ -121.202879028331139, 47.372923991209063 ], [ -121.202497958204532, 47.372995135680817 ], [ -121.202601455027533, 47.373257085580704 ], [ -121.201839309453575, 47.373399372123188 ], [ -121.202149796410581, 47.374185224860724 ], [ -121.20176871813247, 47.374256367629386 ], [ -121.201872214029464, 47.374518319205549 ], [ -121.201491133505925, 47.374589461290213 ], [ -121.201594628817531, 47.374851413372717 ], [ -121.20121354604855, 47.374922554773299 ], [ -121.20131704077474, 47.375184507362157 ], [ -121.200935955760301, 47.375255648078642 ], [ -121.20103944990106, 47.37551760117384 ], [ -121.200658362641121, 47.375588741206315 ], [ -121.200761856196493, 47.375850694807923 ], [ -121.200380766691026, 47.375921834156358 ], [ -121.200484259660911, 47.376183788264356 ], [ -121.199722075328907, 47.376326064559755 ], [ -121.199825566297804, 47.376588019523282 ], [ -121.198301182011505, 47.376872561112535 ], [ -121.1984046681482, 47.377134517629628 ], [ -121.198023568586066, 47.37720565079303 ], [ -121.197920083864958, 47.376943693926947 ], [ -121.196776784445433, 47.377157086171117 ], [ -121.196983746224021, 47.377681002154901 ], [ -121.196602641926361, 47.37775213153467 ], [ -121.196706122644954, 47.378014090111805 ], [ -121.196325016101682, 47.378085218807371 ], [ -121.196428496234617, 47.378347177890952 ], [ -121.195666277826845, 47.378489432880585 ], [ -121.195769755958366, 47.378751392819716 ], [ -121.194626417875028, 47.378964768602017 ], [ -121.194729892589351, 47.379226729745788 ], [ -121.193967660219315, 47.379368975799238 ], [ -121.194174606474789, 47.37989289995533 ], [ -121.193793486213337, 47.379964022130231 ], [ -121.194000432957012, 47.380487947614633 ], [ -121.193619309034048, 47.380559069454286 ], [ -121.193826256265879, 47.38108299626699 ], [ -121.193445128681304, 47.381154117771537 ], [ -121.193548602126327, 47.381416081763263 ], [ -121.193167472295954, 47.381487202583507 ], [ -121.193374418844144, 47.382011131737912 ], [ -121.192993285352088, 47.382082252223029 ], [ -121.193200232388392, 47.382606182706027 ], [ -121.192819095234526, 47.382677302855882 ], [ -121.193026042758916, 47.383201234667553 ], [ -121.19264490194324, 47.383272354482258 ], [ -121.192851849955673, 47.383796287622729 ], [ -121.192470705478115, 47.383867407102201 ], [ -121.192677653978578, 47.384391341571551 ], [ -121.192296505839039, 47.384462460715795 ], [ -121.192399979918278, 47.384724428536138 ], [ -121.192018829532714, 47.38479554699618 ], [ -121.192122303025954, 47.385057515323247 ], [ -121.191741150394336, 47.385128633098972 ], [ -121.191844623301549, 47.385390601932862 ], [ -121.191082312716233, 47.385532835082472 ], [ -121.191289255356409, 47.386056774619838 ], [ -121.190908095986572, 47.386127890342685 ], [ -121.191011567135561, 47.386389860697129 ], [ -121.190249243073694, 47.386532089740903 ], [ -121.190456182197195, 47.387056032319478 ], [ -121.190075016088983, 47.387127145989453 ], [ -121.190281955700229, 47.387651089897361 ], [ -121.189900785929666, 47.387722203232101 ], [ -121.190211197323123, 47.38850812132506 ], [ -121.189830022473913, 47.388579234673664 ], [ -121.190036964720619, 47.389103181556521 ], [ -121.189655786208903, 47.389174294569926 ], [ -121.189759257161086, 47.389436268597244 ], [ -121.189378076403059, 47.389507380926318 ], [ -121.189481546769002, 47.389769355460636 ], [ -121.189100363764666, 47.38984046710533 ], [ -121.189721194893892, 47.391412319722555 ], [ -121.189340002561522, 47.391483432428579 ], [ -121.189650425083286, 47.392269361916938 ], [ -121.189269227671687, 47.392340474636931 ], [ -121.189579653415294, 47.393126406594682 ], [ -121.189198450924337, 47.393197519328595 ], [ -121.189508879889871, 47.393983453756057 ], [ -121.189127672319415, 47.394054566503996 ], [ -121.18933462628091, 47.394578524277577 ], [ -121.188953415047351, 47.394649636690311 ], [ -121.189263847966359, 47.395435575583747 ], [ -121.18964506344949, 47.395364462123432 ], [ -121.189852025712838, 47.395888421477771 ], [ -121.190233243198819, 47.395817306285508 ], [ -121.190440211616149, 47.396341265573867 ], [ -121.190821431104979, 47.396270148649599 ], [ -121.191235383568952, 47.39731806772685 ], [ -121.191616607893735, 47.397246948372093 ], [ -121.192962063568913, 47.400652698310317 ], [ -121.193343305479559, 47.400581573381245 ], [ -121.193757325741714, 47.401629500421343 ], [ -121.194138572488711, 47.40155837306132 ], [ -121.194345590436086, 47.402082336832287 ], [ -121.194726839186046, 47.402011207739882 ], [ -121.194830350822215, 47.402273189513458 ], [ -121.195211600158373, 47.402202059038068 ], [ -121.195315114041804, 47.402464040620536 ], [ -121.195696363964146, 47.402392908762174 ], [ -121.195799880094896, 47.402654890153535 ], [ -121.196181130603378, 47.402583756912136 ], [ -121.196388168190026, 47.403107719470974 ], [ -121.196769420701401, 47.403036584497166 ], [ -121.196872942157327, 47.403298565664585 ], [ -121.197254195254857, 47.403227429307854 ], [ -121.197357718958173, 47.403489410284173 ], [ -121.197738972641773, 47.403418272544329 ], [ -121.197946025373795, 47.40394223427306 ], [ -121.198327281060244, 47.403871094800756 ], [ -121.198637870638578, 47.404657037532935 ], [ -121.19901912974457, 47.40458589597867 ], [ -121.199329731049588, 47.405371839087557 ], [ -121.199710993575167, 47.405300695451203 ], [ -121.200021606607265, 47.406086638936877 ], [ -121.201546665403356, 47.405802049861343 ], [ -121.201650210409426, 47.406064029942009 ], [ -121.203175261579403, 47.40577942293023 ], [ -121.203278813083386, 47.406041401771148 ], [ -121.203660075215467, 47.405970247084618 ], [ -121.203763628967067, 47.406232225734364 ], [ -121.204144891685004, 47.406161069664641 ], [ -121.204248447684236, 47.406423048123152 ], [ -121.204629710988016, 47.406351890670273 ], [ -121.204733269234907, 47.406613868937612 ], [ -121.205114533124487, 47.406542710101576 ], [ -121.205218093619052, 47.406804688177722 ], [ -121.205599358094446, 47.406733527958487 ], [ -121.205806484409976, 47.407257483886703 ], [ -121.206187750887878, 47.407186321934674 ], [ -121.206394883360872, 47.407710277797236 ], [ -121.206776151841282, 47.407639114112399 ], [ -121.206879720741057, 47.407901091931613 ], [ -121.20726098980721, 47.407829926863585 ], [ -121.207778853855686, 47.40913981658759 ], [ -121.208160129174686, 47.409068648737787 ], [ -121.208574441040312, 47.41011656196995 ], [ -121.208955721195437, 47.410045391687902 ], [ -121.209473636812433, 47.411355285044813 ], [ -121.209092349573055, 47.411426457075152 ], [ -121.209195933773131, 47.41168843657158 ], [ -121.208814644285681, 47.411759607917972 ], [ -121.208918227900071, 47.412021587922631 ], [ -121.208536936164521, 47.412092758585018 ], [ -121.208640519193168, 47.412354739097808 ], [ -121.208259225209488, 47.412425909076191 ], [ -121.20856997503185, 47.41321185261495 ], [ -121.208188675966113, 47.413283022608695 ], [ -121.208395843836456, 47.413806986459996 ], [ -121.208014541105527, 47.41387815611948 ], [ -121.208118124870524, 47.414140138632625 ], [ -121.207355514081016, 47.414282475549705 ], [ -121.207459095843191, 47.414544458920936 ], [ -121.206696478894727, 47.414686792402392 ], [ -121.206903639244487, 47.415210761019495 ], [ -121.206141013302883, 47.415353091764729 ], [ -121.206244591890382, 47.415615077010671 ], [ -121.205481959789793, 47.41575740432021 ], [ -121.20558553637423, 47.416019390424182 ], [ -121.205204217659997, 47.416090552878018 ], [ -121.205307793658505, 47.41635253949034 ], [ -121.204926472695931, 47.416423701260079 ], [ -121.205030048108469, 47.416685688380802 ], [ -121.204648724897496, 47.416756849466474 ], [ -121.204752299724049, 47.417018837095561 ], [ -121.204370974264705, 47.417089997497094 ], [ -121.205717504228176, 47.420495855667284 ], [ -121.206098848111992, 47.420424690719038 ], [ -121.207963531670984, 47.425140532355066 ], [ -121.207582162273724, 47.425211703600056 ], [ -121.207789363129862, 47.425735689881989 ], [ -121.207407990066059, 47.425806860792811 ], [ -121.20761519141314, 47.426330848410394 ], [ -121.207233814682738, 47.426402018986991 ], [ -121.207337415186018, 47.426664013384176 ], [ -121.206956036206535, 47.426735183276698 ], [ -121.207059636123731, 47.426997178182752 ], [ -121.206678254895138, 47.42706834739122 ], [ -121.206781854226264, 47.427330342806194 ], [ -121.206400470748562, 47.427401511330586 ], [ -121.206504069493576, 47.427663507254444 ], [ -121.206122683766722, 47.427734675094754 ], [ -121.206433480738056, 47.42852066487044 ], [ -121.2060520899267, 47.42859183272644 ], [ -121.206155689162543, 47.42885382998638 ], [ -121.20577429610195, 47.428924997158234 ], [ -121.207328363163811, 47.432854980401558 ], [ -121.207709777490891, 47.432783807980528 ], [ -121.208435082748906, 47.434617809968621 ], [ -121.208816506169285, 47.434546634063558 ], [ -121.209127368009788, 47.435332636254387 ], [ -121.209508794852127, 47.435261458265103 ], [ -121.210026921645408, 47.436571463351989 ], [ -121.210408354745539, 47.436500282578422 ], [ -121.210615614121707, 47.437024285028187 ], [ -121.210234178185644, 47.437095466501866 ], [ -121.21044143805338, 47.437619470289114 ], [ -121.210822876825404, 47.437548288115224 ], [ -121.211237412215738, 47.438596296201567 ], [ -121.210855967771693, 47.438667479775916 ], [ -121.211063237622398, 47.439191485475526 ], [ -121.210681789510318, 47.439262668715898 ], [ -121.21109633352296, 47.440310683428585 ], [ -121.211477787307359, 47.440239498787669 ], [ -121.211685067141758, 47.440763506400309 ], [ -121.212066522930328, 47.440692320025022 ], [ -121.212170165513669, 47.440954323720362 ], [ -121.212551621888309, 47.440883135960682 ], [ -121.212758912387301, 47.441407143129361 ], [ -121.213140370766098, 47.441335953635246 ], [ -121.213244018681806, 47.44159795710857 ], [ -121.213625477646673, 47.441526766230098 ], [ -121.213729127812556, 47.441788769512719 ], [ -121.214110587363422, 47.441717577249875 ], [ -121.214317893027783, 47.442241583593209 ], [ -121.214699354582763, 47.442170389595759 ], [ -121.214803010081269, 47.442432392656421 ], [ -121.215565933531053, 47.442290000858691 ], [ -121.215773252696977, 47.442814006057596 ], [ -121.216154716009825, 47.442742807906988 ], [ -121.216362041340787, 47.443266813043273 ], [ -121.216743506657693, 47.443195613158096 ], [ -121.216847171989613, 47.44345761561523 ], [ -121.217228637892433, 47.443386414345674 ], [ -121.217332305474727, 47.443648416611985 ], [ -121.218476702444022, 47.443434805547355 ], [ -121.218580375112964, 47.443696806922425 ], [ -121.219343305100622, 47.443554393674638 ], [ -121.219446981438068, 47.443816394508652 ], [ -121.219828446601525, 47.44374518598319 ], [ -121.219932125189388, 47.444007186626429 ], [ -121.220313590938616, 47.44393597671656 ], [ -121.220417271776938, 47.444197977168891 ], [ -121.220798738111895, 47.444126765874543 ], [ -121.220902421200705, 47.444388766136171 ], [ -121.221283888121405, 47.444317553457395 ], [ -121.22138757346066, 47.444579553528079 ], [ -121.221769040967061, 47.444508339464811 ], [ -121.221872728556832, 47.444770339344679 ], [ -121.222254196648905, 47.444699123896925 ], [ -121.222461577161951, 47.445223123434616 ], [ -121.222843047257811, 47.445151906251951 ], [ -121.222946740181087, 47.445413905909746 ], [ -121.223328210862604, 47.44534268734261 ], [ -121.223535602042844, 47.445866686435885 ], [ -121.223917074728078, 47.44579546613388 ], [ -121.224020772985071, 47.446057465569382 ], [ -121.22440224625592, 47.445986243882892 ], [ -121.224505946763543, 47.446248243127613 ], [ -121.224887420619993, 47.446177020056446 ], [ -121.224991123378246, 47.446439019110279 ], [ -121.225372597820282, 47.446367794654613 ], [ -121.225476302829222, 47.446629793517602 ], [ -121.226239252051769, 47.446487340802953 ], [ -121.226446670239881, 47.4470113376059 ], [ -121.226828146438478, 47.446940108996493 ], [ -121.226931858199578, 47.447202107286884 ], [ -121.227313334983677, 47.447130877292885 ], [ -121.227417048995505, 47.447392875392325 ], [ -121.227798526365063, 47.447321644013719 ], [ -121.227902242627707, 47.4475836419223 ], [ -121.228665197705041, 47.447441175361739 ], [ -121.228768917636572, 47.447703172728936 ], [ -121.229531872219326, 47.447560701330801 ], [ -121.229635595819801, 47.447822698156578 ], [ -121.230780025702771, 47.447608982251836 ], [ -121.23088375439022, 47.447870978185755 ], [ -121.231265230770447, 47.447799737132023 ], [ -121.231368961708753, 47.448061732874976 ], [ -121.231750438674283, 47.447990490436624 ], [ -121.231854171863432, 47.44825248598864 ], [ -121.232998602017389, 47.448038751417158 ], [ -121.23310234029357, 47.448300746077187 ], [ -121.23348381676395, 47.448229498801282 ], [ -121.233587557291045, 47.448491493270232 ], [ -121.234731985959144, 47.448277744186029 ], [ -121.234835731573256, 47.448539737762971 ], [ -121.235598682690281, 47.448397232501726 ], [ -121.235702431973337, 47.448659225537007 ], [ -121.236465382594702, 47.448516715438224 ], [ -121.236569135546773, 47.448778707931929 ], [ -121.238857975927715, 47.448351150713357 ], [ -121.238754214467733, 47.448089160323192 ], [ -121.2421874060486, 47.447447757849957 ], [ -121.242083632660524, 47.44718577077478 ], [ -121.24246509280853, 47.447114499013644 ], [ -121.242153773389148, 47.446328539796625 ], [ -121.242535228450606, 47.446257268053344 ], [ -121.242327683500747, 47.445733296740308 ], [ -121.242709134893545, 47.445662024664152 ], [ -121.242294049319369, 47.444614085353045 ], [ -121.242675494208058, 47.444542813645256 ], [ -121.242571723479358, 47.444280829566502 ], [ -121.244097489032939, 47.443995733797962 ], [ -121.244201265432437, 47.444257716474397 ], [ -121.244582706155896, 47.444186439596685 ], [ -121.24447892833868, 47.443924457270882 ], [ -121.245241804450984, 47.443781901114775 ], [ -121.245345585103522, 47.44404388273928 ], [ -121.248397067569215, 47.443473613951454 ], [ -121.248293275575762, 47.443211635131924 ], [ -121.248674705717207, 47.443140347231363 ], [ -121.248570913139346, 47.442878368921754 ], [ -121.249333768087595, 47.442735790720057 ], [ -121.249229973507809, 47.442473813270979 ], [ -121.250755667735959, 47.442188645863268 ], [ -121.250651868319338, 47.441926669975956 ], [ -121.25217754354621, 47.441641487428448 ], [ -121.252281348632664, 47.441903461913036 ], [ -121.253044184081546, 47.441760863734629 ], [ -121.253147992836134, 47.442022837677058 ], [ -121.253529410728106, 47.441951536686346 ], [ -121.253633221733395, 47.442213510437234 ], [ -121.258210188445972, 47.441357813699057 ], [ -121.258417846973813, 47.441881753260972 ], [ -121.258799258284199, 47.441810437777939 ], [ -121.258903090215597, 47.442072407446865 ], [ -121.259284502109878, 47.442001090579268 ], [ -121.259388336292062, 47.442263060056533 ], [ -121.259769748770225, 47.442191741804379 ], [ -121.259873585203223, 47.442453711090032 ], [ -121.260254998265196, 47.442382391453201 ], [ -121.260358836949052, 47.442644360547227 ], [ -121.261121663407138, 47.442501717470527 ], [ -121.261329348944713, 47.443025654732878 ], [ -121.261710763758103, 47.442954330942172 ], [ -121.261814609194573, 47.443216299461248 ], [ -121.262196024591717, 47.443144974285914 ], [ -121.262299872279073, 47.443406942613336 ], [ -121.262681288260012, 47.443335616053318 ], [ -121.262785138198296, 47.443597584189042 ], [ -121.263547970493946, 47.44345492726594 ], [ -121.263651824100492, 47.443716894859143 ], [ -121.26517748435738, 47.443431567203561 ], [ -121.265281344466828, 47.443693533552555 ], [ -121.266044172427812, 47.443550862820103 ], [ -121.266148036205522, 47.44381282862647 ], [ -121.266529450352735, 47.443741491358672 ], [ -121.266737183243933, 47.444265422747151 ], [ -121.267500014706272, 47.444122743706522 ], [ -121.267603885237037, 47.444384708937704 ], [ -121.267985301134871, 47.444313367515754 ], [ -121.268193047532336, 47.444837297753708 ], [ -121.268574465430916, 47.4447659545962 ], [ -121.268678341297672, 47.44502791960295 ], [ -121.269059759779708, 47.444956575060658 ], [ -121.269267516849254, 47.44548050484994 ], [ -121.26964893733205, 47.445409158571906 ], [ -121.269960583442199, 47.446195053396821 ], [ -121.270342007343075, 47.446123705032171 ], [ -121.270445892464878, 47.446385669941236 ], [ -121.271590163415951, 47.446171617591396 ], [ -121.271694053623605, 47.446433581606712 ], [ -121.273219742218998, 47.446148162596145 ], [ -121.273323638929739, 47.446410125366704 ], [ -121.274849319850347, 47.446124688411295 ], [ -121.274953223064131, 47.446386649936983 ], [ -121.276478896309072, 47.446101195036825 ], [ -121.276582806025814, 47.446363155317457 ], [ -121.277727056453273, 47.44614905223456 ], [ -121.277830971255739, 47.446411011621201 ], [ -121.278212387813852, 47.446339641508274 ], [ -121.278316304867644, 47.446601600703026 ], [ -121.279079138315765, 47.446458856673758 ], [ -121.279183059038075, 47.446720815325477 ], [ -121.279564475928069, 47.446649441409093 ], [ -121.279668398901762, 47.446911399868895 ], [ -121.280049816374728, 47.446840024567663 ], [ -121.280673380238497, 47.448411776562182 ], [ -121.280291954262253, 47.448483153970081 ], [ -121.280499812723022, 47.449007073277265 ], [ -121.280118383078019, 47.449078450353625 ], [ -121.28032624204134, 47.449602371000012 ], [ -121.279944808727493, 47.449673747744846 ], [ -121.280360530996447, 47.450721592353112 ], [ -121.28074196997953, 47.450650214203613 ], [ -121.280845904049869, 47.450912175402692 ], [ -121.281227343615967, 47.45084079586826 ], [ -121.281331279937959, 47.451102756875443 ], [ -121.282094159401765, 47.450959994002773 ], [ -121.282198099392772, 47.451221954466824 ], [ -121.282579539290438, 47.451150571128586 ], [ -121.282683481533169, 47.451412531400699 ], [ -121.283064922013764, 47.451341146677471 ], [ -121.28316886650822, 47.451603106757652 ], [ -121.283550307571701, 47.451531720649349 ], [ -121.283862150313666, 47.452317600792135 ], [ -121.284243594794717, 47.452246212596386 ], [ -121.284347545461614, 47.452508172611353 ], [ -121.284728990525522, 47.452436783030471 ], [ -121.284936897197497, 47.452960702835817 ], [ -121.285318344261583, 47.452889311518661 ], [ -121.285526257106298, 47.453413231258729 ], [ -121.285907706170576, 47.453341838205247 ], [ -121.285803747913576, 47.453079878606758 ], [ -121.289236739180424, 47.452437297764824 ], [ -121.289132769002308, 47.452175341487184 ], [ -121.291421383785888, 47.451746909846293 ], [ -121.291317405939139, 47.451484955835738 ], [ -121.292461697811461, 47.451270727113389 ], [ -121.292565679909714, 47.451532680069953 ], [ -121.293328539818802, 47.451389855050337 ], [ -121.29343252558607, 47.451651807463506 ], [ -121.293813955705673, 47.451580393051763 ], [ -121.294021932578715, 47.452104297652959 ], [ -121.294403364697843, 47.452032881504792 ], [ -121.29450735580366, 47.452294833692925 ], [ -121.294888788505205, 47.452223416159569 ], [ -121.295096776055473, 47.452747320310721 ], [ -121.295478210756528, 47.452675901040884 ], [ -121.296206203399876, 47.454509568126397 ], [ -121.296587647186399, 47.454438145363063 ], [ -121.296691650892129, 47.454700098089518 ], [ -121.297073095260956, 47.45462867394096 ], [ -121.297385115639344, 47.455414532021706 ], [ -121.297766563424943, 47.455343105785083 ], [ -121.297870573304834, 47.455605058445833 ], [ -121.297489124102, 47.455676485033919 ], [ -121.297697143532218, 47.456200391536193 ], [ -121.297315690659872, 47.456271817793358 ], [ -121.297523710595399, 47.456795725635907 ], [ -121.297142254053526, 47.456867151562186 ], [ -121.297454285967248, 47.45765301557563 ], [ -121.297835746761081, 47.457581588594884 ], [ -121.297939760486301, 47.457843543233267 ], [ -121.298321221862452, 47.457772114867218 ], [ -121.298425237840064, 47.458034069313562 ], [ -121.298806699798519, 47.457962639562197 ], [ -121.299222777728843, 47.459010457535229 ], [ -121.299604244521603, 47.458939025344009 ], [ -121.299708267509232, 47.45920097988428 ], [ -121.300089734884267, 47.45912954630775 ], [ -121.300193760124387, 47.459391500655862 ], [ -121.300575228081641, 47.459320065693916 ], [ -121.300679255574238, 47.459582019849925 ], [ -121.30334951781191, 47.459081943708775 ], [ -121.303661635064927, 47.459867799750405 ], [ -121.304043102010027, 47.459796355111656 ], [ -121.304251187189564, 47.460320259233271 ], [ -121.303869717409825, 47.460391704575166 ], [ -121.304285892122877, 47.461439516137851 ], [ -121.303904415838389, 47.461510961852369 ], [ -121.304112505371876, 47.462034869293646 ], [ -121.303731025417292, 47.46210631467757 ], [ -121.303835070019588, 47.462368268989067 ], [ -121.303453587812285, 47.462439713690692 ], [ -121.303765722378742, 47.463225578637022 ], [ -121.30338423508374, 47.46329702335975 ], [ -121.30359232613641, 47.463820934824795 ], [ -121.303973816266378, 47.463749489398815 ], [ -121.304806225231829, 47.465845138828016 ], [ -121.305187725866631, 47.465773689554673 ], [ -121.305603956069731, 47.466821516692583 ], [ -121.305985461539365, 47.466750064978577 ], [ -121.306297647217008, 47.46753593595286 ], [ -121.306679156103925, 47.467464482149765 ], [ -121.306991353554125, 47.468250353505596 ], [ -121.307372865858326, 47.468178897613313 ], [ -121.307476934763784, 47.468440854699473 ], [ -121.307858447650062, 47.468369397421519 ], [ -121.307962518808736, 47.468631354315598 ], [ -121.308344032277063, 47.468559895651907 ], [ -121.308656255019613, 47.469345766236792 ], [ -121.309037771905224, 47.469274305483843 ], [ -121.309245927413713, 47.469798219301929 ], [ -121.308864407692838, 47.469869680758478 ], [ -121.309280723067189, 47.470917511718376 ], [ -121.309662248458821, 47.470846048854533 ], [ -121.309870413995554, 47.471369964589229 ], [ -121.310251941386895, 47.471298499987789 ], [ -121.310772376942765, 47.472608290360867 ], [ -121.311153910586995, 47.472536822966191 ], [ -121.31125800162323, 47.472798781168287 ], [ -121.310876466561254, 47.472870248914766 ], [ -121.311084648305609, 47.473394166502054 ], [ -121.310703109572287, 47.473465633918387 ], [ -121.31101538420404, 47.474251512553401 ], [ -121.31063384038147, 47.474322979991427 ], [ -121.311258403705594, 47.475894743688755 ], [ -121.311639956035279, 47.475823274139344 ], [ -121.311952253235305, 47.476609157090557 ], [ -121.312333808982757, 47.47653768545127 ], [ -121.31243791113917, 47.476799646402888 ], [ -121.3128194674686, 47.476728173377637 ], [ -121.312923571878869, 47.476990134137203 ], [ -121.313305128790233, 47.476918659725982 ], [ -121.313409235454358, 47.477180620293467 ], [ -121.313790792947657, 47.477109144496225 ], [ -121.314103122209687, 47.477895026102317 ] ] ] } }
]
}
