{
"type": "FeatureCollection",
"name": "RimrockBasin",
"bbox": [ -121.456276780725, 46.4550414785531, -121.077425226919, 46.7470865713248 ],                                              
"features": [
{ "type": "Feature", "id": "globalwatershedpoint", "properties": { }, "geometry": { "type": "Point", "coordinates": [ -121.130037809949997, 46.656616080387003 ] } },
{ "type": "Feature", "id": "globalwatershed", "properties": { "id": "RIMROCK", "area": 119663, "acres": 119663 }, "geometry": { "type": "Polygon", "coordinates": [ [ [ -121.456276780725062, 46.514778647534399 ], [ -121.455900932138974, 46.514850292164432 ], [ -121.456004087711221, 46.515111329775273 ], [ -121.4556282369347, 46.515182973728116 ], [ -121.455834547778068, 46.51570505001267 ], [ -121.455458693436569, 46.515776693628226 ], [ -121.45587131941673, 46.51682084909001 ], [ -121.455495458761092, 46.516892493047749 ], [ -121.455598615921517, 46.517153532572628 ], [ -121.45522275307529, 46.517225175853241 ], [ -121.455429067094911, 46.517747255966086 ], [ -121.455053200683494, 46.517818898909255 ], [ -121.455259515217861, 46.518340980213168 ], [ -121.454883645241182, 46.518412622819049 ], [ -121.455089960290294, 46.518934705314194 ], [ -121.454714086748268, 46.519006347582668 ], [ -121.455333043232159, 46.520572600177161 ], [ -121.454957160625881, 46.520644243467608 ], [ -121.455060321521287, 46.520905286354299 ], [ -121.454684436724222, 46.520976928967563 ], [ -121.45489075821375, 46.52149901580465 ], [ -121.454514869851081, 46.521570658080577 ], [ -121.454618030445175, 46.52183170203098 ], [ -121.454242139891647, 46.521903343629752 ], [ -121.454551622445933, 46.5226864772685 ], [ -121.454175726951874, 46.522758118869746 ], [ -121.454382049985526, 46.523280209282099 ], [ -121.45400615092565, 46.523351850546071 ], [ -121.454315637472277, 46.52413498814466 ], [ -121.453563828654922, 46.524278269660527 ], [ -121.453666989719551, 46.524539316462608 ], [ -121.453291082711758, 46.524610956034849 ], [ -121.453394243217588, 46.524872003304949 ], [ -121.453018334018779, 46.524943642199887 ], [ -121.453121493965739, 46.525204689937972 ], [ -121.452745582575858, 46.525276328155734 ], [ -121.45284874196399, 46.525537376361761 ], [ -121.45247282838298, 46.525609013902326 ], [ -121.452679146857619, 46.526131111378611 ], [ -121.452303229710523, 46.526202748581817 ], [ -121.452612709418375, 46.526985896777056 ], [ -121.452236787330037, 46.527057533982799 ], [ -121.452546270257983, 46.527840684351396 ], [ -121.452170343228318, 46.527912321559668 ], [ -121.452582993058215, 46.528956525205757 ], [ -121.45220705971191, 46.529028162756561 ], [ -121.452310222834726, 46.529289214328585 ], [ -121.451934287297107, 46.529360851202185 ], [ -121.452037449860953, 46.529621903242365 ], [ -121.45128557358683, 46.529765174617829 ], [ -121.451388734216494, 46.530026227466159 ], [ -121.450636851927271, 46.530169495452697 ], [ -121.450740010622724, 46.53043054910912 ], [ -121.450364066878635, 46.530502181916567 ], [ -121.450673543736372, 46.53128534467556 ], [ -121.450297595050358, 46.531356977485558 ], [ -121.451638728442461, 46.534750700542816 ], [ -121.444119225725828, 46.53618323150355 ], [ -121.443912943551567, 46.535661105253617 ], [ -121.443160980826178, 46.535804334609232 ], [ -121.443057843714342, 46.535543270997238 ], [ -121.442305880475757, 46.535686495603755 ], [ -121.442202746931144, 46.53542543144048 ], [ -121.440322831431729, 46.535783473453868 ], [ -121.440425958098317, 46.536044539316549 ], [ -121.439673983435142, 46.536187749680202 ], [ -121.439777108166481, 46.536448816351118 ], [ -121.438649135924749, 46.536663625285968 ], [ -121.438752257345044, 46.536924693105149 ], [ -121.43762427363238, 46.537139493903091 ], [ -121.437727391741518, 46.537400562870474 ], [ -121.436599396557938, 46.537615355531429 ], [ -121.436702511355804, 46.537876425646907 ], [ -121.435574504701364, 46.538091210170769 ], [ -121.435677616187803, 46.538352281434477 ], [ -121.435301610961957, 46.538423874580772 ], [ -121.435404721888531, 46.538684946312983 ], [ -121.434276697188011, 46.538899720666706 ], [ -121.434379804802973, 46.539160793547175 ], [ -121.432875754942714, 46.539447146467246 ], [ -121.43297885787004, 46.53970822083572 ], [ -121.43260284198935, 46.539779806861915 ], [ -121.432499740437919, 46.539518732153617 ], [ -121.432123725117265, 46.539590316822505 ], [ -121.432020625757644, 46.539329241903133 ], [ -121.43164461099704, 46.539400825214713 ], [ -121.431541513829188, 46.539139750084182 ], [ -121.428157356655333, 46.539783951043724 ], [ -121.428054272686879, 46.539522872983753 ], [ -121.427678252520224, 46.539594445440912 ], [ -121.427781335112684, 46.539855523840608 ], [ -121.426653265590289, 46.540070236126283 ], [ -121.426756344870427, 46.540331315674074 ], [ -121.425628263878352, 46.540546019821349 ], [ -121.425731339846024, 46.540807100517242 ], [ -121.425355309841194, 46.54087866687096 ], [ -121.425458385248461, 46.541139748035434 ], [ -121.42508235305182, 46.541211313711422 ], [ -121.425391580039587, 46.541994558996919 ], [ -121.425015542898862, 46.542066124674662 ], [ -121.425118618816768, 46.542327207034006 ], [ -121.42474257948416, 46.54239877203397 ], [ -121.424845654841604, 46.542659854861846 ], [ -121.424093570976865, 46.542802982488617 ], [ -121.424196644397682, 46.543064066124977 ], [ -121.422692461374893, 46.543350310526542 ], [ -121.422589393458949, 46.543089225531091 ], [ -121.421461251755872, 46.543303897128162 ], [ -121.421564315543066, 46.543564983142858 ], [ -121.42081221424354, 46.543708093132324 ], [ -121.420915276093837, 46.543969179955432 ], [ -121.420539222844283, 46.544040733763488 ], [ -121.420642284133933, 46.544301821055335 ], [ -121.420266228692455, 46.544373374185533 ], [ -121.420369289421402, 46.544634461946025 ], [ -121.419993231787956, 46.544706014398336 ], [ -121.420096291956199, 46.544967102627567 ], [ -121.419720232130771, 46.545038654401971 ], [ -121.419823291738297, 46.545299743099925 ], [ -121.419447229720831, 46.545371294196386 ], [ -121.419550288767653, 46.545632383363127 ], [ -121.419174224558176, 46.545703933781716 ], [ -121.419277283044224, 46.545965023417196 ], [ -121.418525149425534, 46.54610812188087 ], [ -121.418628205974372, 46.546369212324812 ], [ -121.418252136565144, 46.546440760369933 ], [ -121.418355192553207, 46.546701851282705 ], [ -121.4176030485349, 46.546844944999322 ], [ -121.417706102585683, 46.547106036720649 ], [ -121.416953952551893, 46.54724912704598 ], [ -121.41705700466531, 46.547510219575869 ], [ -121.416680927048489, 46.547581763551726 ], [ -121.416887030969121, 46.548103949678243 ], [ -121.416510949783628, 46.548175493315924 ], [ -121.416614001590858, 46.548436586912615 ], [ -121.416990084152914, 46.548365042935167 ], [ -121.417196192967396, 46.548887229836382 ], [ -121.417572277466903, 46.548815684161667 ], [ -121.417984510390227, 46.549860058154387 ], [ -121.418360599580339, 46.5497885101028 ], [ -121.418566723689423, 46.550310697194398 ], [ -121.418942814816987, 46.550239147445481 ], [ -121.419045879471739, 46.550500240845196 ], [ -121.419421971160162, 46.550428689738695 ], [ -121.419525038007251, 46.550689782927719 ], [ -121.419901130256505, 46.550618230463705 ], [ -121.420725705415009, 46.552706977907498 ], [ -121.420349602152697, 46.55277853309034 ], [ -121.420452676342109, 46.553039627442011 ], [ -121.420076570887247, 46.553111181946946 ], [ -121.420488870296751, 46.554155562005704 ], [ -121.420112758519181, 46.554227116852338 ], [ -121.420215834034508, 46.554488212530089 ], [ -121.419839720064331, 46.554559766698844 ], [ -121.419942795018784, 46.554820862845716 ], [ -121.417686085803723, 46.555250168523372 ], [ -121.417789153313265, 46.555511266838849 ], [ -121.416660783561326, 46.555725906956582 ], [ -121.416763847756172, 46.555987006420956 ], [ -121.416387721497017, 46.556058551431086 ], [ -121.416490785130804, 46.556319651364682 ], [ -121.416114656678928, 46.556391195696825 ], [ -121.416217719751643, 46.556652296099628 ], [ -121.415841589107075, 46.556723839753744 ], [ -121.415944651618702, 46.556984940625838 ], [ -121.415568518781356, 46.557056483601933 ], [ -121.415671580731868, 46.557317584943242 ], [ -121.415295445701787, 46.5573891272414 ], [ -121.415398507091183, 46.557650229051973 ], [ -121.413893953304807, 46.55793638942496 ], [ -121.413997010002092, 46.558197492724503 ], [ -121.412868581965398, 46.558412103335797 ], [ -121.412971635347404, 46.558673207784324 ], [ -121.413347780219127, 46.558601671591994 ], [ -121.413450835793952, 46.558862775830072 ], [ -121.413826981226919, 46.558791238279873 ], [ -121.414136156977392, 46.559574550751371 ], [ -121.414512305725665, 46.559503011163656 ], [ -121.414821492949912, 46.560286323780709 ], [ -121.415197645013563, 46.560214782155306 ], [ -121.415300710430444, 46.560475886280095 ], [ -121.415676863055268, 46.560404343296867 ], [ -121.415779930665167, 46.560665447211193 ], [ -121.416156083851149, 46.560593902870131 ], [ -121.416259153654011, 46.56085500657403 ], [ -121.416635307401179, 46.560783460875101 ], [ -121.416944525836684, 46.561566771743991 ], [ -121.417320682899131, 46.561495224007338 ], [ -121.417526835356853, 46.56201743122088 ], [ -121.417902994357505, 46.561945881786379 ], [ -121.418109152833452, 46.562468088838131 ], [ -121.418485313772294, 46.562396537705695 ], [ -121.418588395611408, 46.562657641085856 ], [ -121.418964557111352, 46.562586088595481 ], [ -121.419376898136846, 46.563630502051794 ], [ -121.419753064329228, 46.563558947183502 ], [ -121.41995924249278, 46.564081154009003 ], [ -121.420335410623309, 46.564009597442663 ], [ -121.420438502306425, 46.564270700709741 ], [ -121.42081467099797, 46.564199142785405 ], [ -121.421020859566923, 46.564721349028261 ], [ -121.42139703019663, 46.564649789405884 ], [ -121.421706323302828, 46.565433098721932 ], [ -121.4213301485416, 46.565504659364407 ], [ -121.421742545267932, 46.566549074960484 ], [ -121.421366364181665, 46.566620635945313 ], [ -121.421778768458694, 46.567665054975912 ], [ -121.422154955053955, 46.567593492630778 ], [ -121.422361164844531, 46.568115702243922 ], [ -121.422737353378039, 46.568044138200584 ], [ -121.422943569188362, 46.568566347652173 ], [ -121.423319759660146, 46.56849478191063 ], [ -121.4235259814903, 46.569016991200762 ], [ -121.423149788263927, 46.569088557622642 ], [ -121.42407781451368, 46.57143850891093 ], [ -121.423701608074808, 46.571510077376125 ], [ -121.423804724807155, 46.571771184063799 ], [ -121.423428516174454, 46.571842751851101 ], [ -121.423531632345799, 46.572103859008756 ], [ -121.422779209876325, 46.572246992209543 ], [ -121.42288232410921, 46.57250810017733 ], [ -121.421753680149621, 46.57272279336339 ], [ -121.421856791066475, 46.572983902481518 ], [ -121.421104354923173, 46.57312702686216 ], [ -121.421310573696061, 46.573649246848611 ], [ -121.420934351644775, 46.573720808192107 ], [ -121.421037460878253, 46.573981918720314 ], [ -121.420661236633066, 46.574053479385853 ], [ -121.420764345305358, 46.574314590384084 ], [ -121.420388118866214, 46.574386150371708 ], [ -121.420491226977347, 46.574647261840035 ], [ -121.420114998344232, 46.574718821149652 ], [ -121.420218105894179, 46.574979933088059 ], [ -121.419841875067036, 46.575051491719776 ], [ -121.419944982055782, 46.57531260412825 ], [ -121.419192515197125, 46.57545571901754 ], [ -121.419295620246984, 46.575716832236324 ], [ -121.418919384215442, 46.575788388493919 ], [ -121.419022488704016, 46.576049502182848 ], [ -121.418270011436448, 46.576192612323872 ], [ -121.41837311398605, 46.57645372682309 ], [ -121.417620630697613, 46.57659683357182 ], [ -121.41751753090341, 46.576335718392301 ], [ -121.417141289412356, 46.5764072698992 ], [ -121.417038191812225, 46.57614615450948 ], [ -121.414404488162035, 46.57664698416766 ], [ -121.414507576117956, 46.576908101938415 ], [ -121.413378829604568, 46.577122728967872 ], [ -121.413481914243377, 46.577383847889074 ], [ -121.413105662395239, 46.577455388535903 ], [ -121.413208746472463, 46.577716507927207 ], [ -121.412832492430255, 46.577788047895964 ], [ -121.412935575945895, 46.578049167757484 ], [ -121.412559319709587, 46.578120707048157 ], [ -121.412765486433898, 46.578642947841679 ], [ -121.412389226625578, 46.578714486794325 ], [ -121.412492309834235, 46.578975607726385 ], [ -121.412116047831731, 46.579047146000903 ], [ -121.412322213942076, 46.579569388935511 ], [ -121.411945948367446, 46.579640926872088 ], [ -121.412152114987009, 46.580163171007506 ], [ -121.411775845840225, 46.580234708606092 ], [ -121.411982012969005, 46.580756953942348 ], [ -121.411605740249968, 46.580828491202915 ], [ -121.411502657655419, 46.580567368129572 ], [ -121.409997564128489, 46.580853505628447 ], [ -121.409894487862218, 46.580592381324678 ], [ -121.408389386787505, 46.580878501170126 ], [ -121.408286316849598, 46.58061737563601 ], [ -121.407157486607645, 46.580831953807397 ], [ -121.407260552411373, 46.58109308036186 ], [ -121.406884272653642, 46.581164604722453 ], [ -121.406987337895444, 46.581425731747196 ], [ -121.406611055943429, 46.581497255429596 ], [ -121.406714120623292, 46.581758382924647 ], [ -121.406337836477022, 46.581829905928799 ], [ -121.406440900594916, 46.582091033894216 ], [ -121.406064614254333, 46.582162556220112 ], [ -121.406167677810288, 46.582423684655843 ], [ -121.405791389275365, 46.582495206303513 ], [ -121.405894452269308, 46.582756335209652 ], [ -121.405518161540087, 46.582827856178973 ], [ -121.40572428722011, 46.583350115062295 ], [ -121.405347992918308, 46.583421635693583 ], [ -121.405451055604374, 46.583682765670687 ], [ -121.405074759108189, 46.583754285623733 ], [ -121.405383947928826, 46.584537677357382 ], [ -121.405007646481721, 46.584609197312346 ], [ -121.405110709676052, 46.584870328491014 ], [ -121.404734406034464, 46.584941847767766 ], [ -121.404837468666713, 46.585202979416863 ], [ -121.404461162830643, 46.585274498015345 ], [ -121.404564224900795, 46.58553563013492 ], [ -121.404187916870228, 46.58560714805509 ], [ -121.404290978378256, 46.585868280645144 ], [ -121.403914668153149, 46.585939797887001 ], [ -121.404120790861143, 46.586462064138615 ], [ -121.403744477063157, 46.586533581042318 ], [ -121.403847538263079, 46.586794714703913 ], [ -121.403471222270483, 46.58686623092926 ], [ -121.403574282908266, 46.587127365061384 ], [ -121.403197964721059, 46.587198880608462 ], [ -121.403301024796633, 46.587460015211136 ], [ -121.402924704414815, 46.587531530079936 ], [ -121.403130824257758, 46.588053800356803 ], [ -121.402754500302862, 46.588125314887414 ], [ -121.403063682053599, 46.588908722301568 ], [ -121.402687353147087, 46.588980236834203 ], [ -121.402893475638436, 46.589502509776388 ], [ -121.402517143158661, 46.589574023970862 ], [ -121.402723266158006, 46.590096298115341 ], [ -121.402346930104912, 46.590167811971646 ], [ -121.402553053612195, 46.590690087318556 ], [ -121.402176713985753, 46.590761600836672 ], [ -121.402382838000975, 46.591283877386118 ], [ -121.4020064948011, 46.591355390566136 ], [ -121.402212619324217, 46.591877668318098 ], [ -121.401836272550852, 46.591949181159997 ], [ -121.402042397581866, 46.592471460114687 ], [ -121.401666047234926, 46.592542972618411 ], [ -121.402078301578015, 46.593587533455853 ], [ -121.402454657439648, 46.593516019591256 ], [ -121.403073071716662, 46.595082862724951 ], [ -121.403449435034219, 46.59501134580038 ], [ -121.404892535282755, 46.598667326644247 ], [ -121.405268917086929, 46.598595803936938 ], [ -121.405784355711404, 46.59990151588979 ], [ -121.406160743593347, 46.599829990462069 ], [ -121.406366927517027, 46.600352275478009 ], [ -121.406743317340144, 46.600280748350933 ], [ -121.406846411905832, 46.600541890714744 ], [ -121.407222802291187, 46.600470362228677 ], [ -121.407532095024834, 46.601253789083835 ], [ -121.407908488730271, 46.601182258557877 ], [ -121.408320895991054, 46.602226828168064 ], [ -121.407944496769886, 46.602298360055634 ], [ -121.408047599247922, 46.602559503125697 ], [ -121.407671197831064, 46.602631034334991 ], [ -121.407774299746848, 46.602892177876413 ], [ -121.407397896134299, 46.602963708407422 ], [ -121.407500997487816, 46.603224852420077 ], [ -121.407124591679562, 46.603296382272838 ], [ -121.407227692470784, 46.603557526756873 ], [ -121.406474875646055, 46.603700584087136 ], [ -121.406577974495931, 46.60396172938286 ], [ -121.406201563479456, 46.604033256860383 ], [ -121.406304661766995, 46.604294402627467 ], [ -121.40592824855473, 46.604365929426642 ], [ -121.406031346279931, 46.604627075665128 ], [ -121.405654930871862, 46.604698601785984 ], [ -121.405758028034683, 46.604959748495808 ], [ -121.405381610430794, 46.605031273938472 ], [ -121.405484707031206, 46.605292421119643 ], [ -121.405108287231485, 46.605363945883965 ], [ -121.405211383269489, 46.605625093536553 ], [ -121.404834961273934, 46.605696617622534 ], [ -121.404938056749501, 46.605957765746545 ], [ -121.401173778084342, 46.606672953978567 ], [ -121.401276860584503, 46.606934105637762 ], [ -121.400900426847102, 46.607005619198105 ], [ -121.401622017559447, 46.608833686865104 ], [ -121.401245573350266, 46.60890520178949 ], [ -121.401451746716631, 46.609427508697969 ], [ -121.401075298932028, 46.60949902328435 ], [ -121.401178385460867, 46.609760177275724 ], [ -121.400801935480175, 46.60983169118375 ], [ -121.401008108229206, 46.61035400024079 ], [ -121.40063165467302, 46.610425513810839 ], [ -121.400734740893199, 46.610686668876532 ], [ -121.400358285140868, 46.610758181768212 ], [ -121.400461370798297, 46.611019337305528 ], [ -121.400084912849806, 46.611090849518767 ], [ -121.400187997944514, 46.611352005527678 ], [ -121.399811537799835, 46.611423517062462 ], [ -121.39991462233175, 46.611684673543088 ], [ -121.399161696833346, 46.611827694236943 ], [ -121.399264779422992, 46.612088851529705 ], [ -121.398888314069197, 46.612160360688705 ], [ -121.398991396096037, 46.612421518453132 ], [ -121.398614928546039, 46.612493026933734 ], [ -121.398718010010015, 46.612754185169806 ], [ -121.396459179282161, 46.613183216698758 ], [ -121.396562253285381, 46.613444377108806 ], [ -121.396185777259433, 46.613515879137815 ], [ -121.396288850699662, 46.613777040019549 ], [ -121.3947829329109, 46.614063039307908 ], [ -121.394886001649141, 46.614324201682656 ], [ -121.394133035095578, 46.614467195893958 ], [ -121.394236101891067, 46.614728359080949 ], [ -121.393106641796976, 46.614942843776809 ], [ -121.393209705269882, 46.615204008116379 ], [ -121.392080233687125, 46.615418484662648 ], [ -121.392183293837334, 46.61567965015486 ], [ -121.391430305939679, 46.615822630104809 ], [ -121.391533364146852, 46.616083796409271 ], [ -121.390403872036615, 46.616298259712856 ], [ -121.390506926920878, 46.616559427169911 ], [ -121.389753925338212, 46.616702398291295 ], [ -121.389650873213654, 46.616441230153413 ], [ -121.388897871124556, 46.616584196517863 ], [ -121.389000920489366, 46.616845365336573 ], [ -121.388624416840145, 46.616916847330607 ], [ -121.388727465641594, 46.617178016621068 ], [ -121.388350959795957, 46.617249497936506 ], [ -121.388454008034003, 46.617510667698831 ], [ -121.38807749999188, 46.617582148335529 ], [ -121.388180547666536, 46.617843318569811 ], [ -121.387804037427983, 46.617914798527856 ], [ -121.387907084539165, 46.618175969233917 ], [ -121.38753057210414, 46.618247448513294 ], [ -121.38763361865189, 46.618508619691362 ], [ -121.387257104020378, 46.618580098292028 ], [ -121.387360150004653, 46.618841269941953 ], [ -121.386983633176598, 46.618912747863938 ], [ -121.38739581975905, 46.619957437140584 ], [ -121.387019296594332, 46.62002891540515 ], [ -121.387534541294627, 46.621334781663222 ], [ -121.387158010412918, 46.62140626061079 ], [ -121.387364111248928, 46.621928608716033 ], [ -121.387740644890869, 46.621857129087623 ], [ -121.387946751753546, 46.622379477038514 ], [ -121.387570215351332, 46.622450957347816 ], [ -121.388188547257826, 46.624018006402643 ], [ -121.387812001757908, 46.624089487735624 ], [ -121.388121174595568, 46.624873015062107 ], [ -121.38849772423616, 46.624801532707686 ], [ -121.389116100244181, 46.626368588873895 ], [ -121.389492657349621, 46.626297103457091 ], [ -121.389698791980265, 46.626819455885354 ], [ -121.389322232114225, 46.626890941983199 ], [ -121.389734505655824, 46.627935649783062 ], [ -121.389357939451713, 46.628007136223836 ], [ -121.389461008498785, 46.62826831384384 ], [ -121.389084440097491, 46.628339799605968 ], [ -121.389393647998574, 46.629123334278496 ], [ -121.389017074639312, 46.629194820043047 ], [ -121.389326285750712, 46.629978356923843 ], [ -121.388949707433326, 46.630049842690866 ], [ -121.389052778057049, 46.630311022255441 ], [ -121.388676197542381, 46.630382507343811 ], [ -121.388779267602516, 46.630643687380832 ], [ -121.388402684890494, 46.630715171790527 ], [ -121.388814967777776, 46.631759894619861 ], [ -121.388438378726875, 46.631831379372606 ], [ -121.388541450110381, 46.632092560750351 ], [ -121.387788266796903, 46.632235527879182 ], [ -121.387891336236166, 46.632496710070015 ], [ -121.387514741973561, 46.63256819244608 ], [ -121.387720880541593, 46.633090557904858 ], [ -121.387344282700951, 46.633162039942768 ], [ -121.387447351829692, 46.633423223210748 ], [ -121.387070751791526, 46.633494704569948 ], [ -121.387173820356551, 46.63375588831051 ], [ -121.386797218120876, 46.633827368990993 ], [ -121.387003354940347, 46.634349737549329 ], [ -121.386626749126478, 46.634421217891671 ], [ -121.387142098567651, 46.635727143300926 ], [ -121.387518711284969, 46.635655661255491 ], [ -121.387827934895029, 46.636439217063703 ], [ -121.388204550937516, 46.636367732976858 ], [ -121.388616866045012, 46.637412474540916 ], [ -121.388993486793453, 46.637340988072062 ], [ -121.38950890596486, 46.638646916295954 ], [ -121.389885532800122, 46.638575427104193 ], [ -121.390194798250278, 46.639358984601927 ], [ -121.390571428410823, 46.639287493368577 ], [ -121.39067451990924, 46.639548679124708 ], [ -121.391804409630424, 46.639334198286107 ], [ -121.391907506088401, 46.639595383152219 ], [ -121.392660764578281, 46.63945239014798 ], [ -121.392763864615006, 46.639713574464665 ], [ -121.393140494014929, 46.639642076092677 ], [ -121.393243596249633, 46.639903260200747 ], [ -121.39362022621313, 46.63983176046866 ], [ -121.393723330645855, 46.640092944368099 ], [ -121.39409996117287, 46.640021443275771 ], [ -121.394203067803602, 46.640282626966552 ], [ -121.394579698894162, 46.640211124514096 ], [ -121.394682807722944, 46.640472307996241 ], [ -121.395059439377022, 46.640400804183614 ], [ -121.395162550403853, 46.640661987457115 ], [ -121.395539182621391, 46.640590482284225 ], [ -121.395642295846315, 46.640851665349061 ], [ -121.396018928627356, 46.640780158816007 ], [ -121.396122044050372, 46.641041341672228 ], [ -121.396498677394817, 46.640969833778946 ], [ -121.396601795015954, 46.64123101642646 ], [ -121.396978428923845, 46.641159507172972 ], [ -121.397081548743103, 46.641420689611842 ], [ -121.397458183214411, 46.641349178998098 ], [ -121.397561305231832, 46.641610361228281 ], [ -121.39793794026653, 46.64153884925436 ], [ -121.398041064482129, 46.641800031275821 ], [ -121.398417700080188, 46.64172851794163 ], [ -121.398623953725149, 46.642250881699347 ], [ -121.398247315365523, 46.642322395715262 ], [ -121.398453569518637, 46.642844760683502 ], [ -121.39807692757995, 46.642916274361752 ], [ -121.398180054501836, 46.643177457385065 ], [ -121.397803410364887, 46.643248970384775 ], [ -121.397906536723383, 46.643510153881152 ], [ -121.397529890388128, 46.643581666202294 ], [ -121.397633016183207, 46.643842850171758 ], [ -121.397256367649646, 46.643914361814424 ], [ -121.397359492881264, 46.644175546257003 ], [ -121.396982842149384, 46.644247057221079 ], [ -121.397085966817556, 46.644508242136816 ], [ -121.395956005574547, 46.644722769935022 ], [ -121.396059126917379, 46.644983956005618 ], [ -121.395682470153901, 46.645055463573648 ], [ -121.39578559093323, 46.645316650117501 ], [ -121.39540893197136, 46.645388157006934 ], [ -121.395615173220335, 46.645910531173151 ], [ -121.397121815210923, 46.645624494771468 ], [ -121.397224942585495, 46.645885680689538 ], [ -121.398354919637811, 46.645671141661175 ], [ -121.398458051972696, 46.645932326688751 ], [ -121.398834710736068, 46.645860811299478 ], [ -121.398937845269458, 46.646121996118417 ], [ -121.399314504596234, 46.646050479368782 ], [ -121.3994176413281, 46.646311663979091 ], [ -121.39979430121825, 46.646240145869065 ], [ -121.399897440148621, 46.646501330270716 ], [ -121.400274100602132, 46.646429810800328 ], [ -121.40037724173105, 46.646690994993321 ], [ -121.400753902747908, 46.646619474162485 ], [ -121.400857046075359, 46.64688065814692 ], [ -121.40123370765555, 46.64680913595565 ], [ -121.401336853181576, 46.647070319731384 ], [ -121.401713515325085, 46.646998796179695 ], [ -121.401816663049658, 46.647259979746714 ], [ -121.402946648717048, 46.647045401952127 ], [ -121.403049801402105, 46.64730658462851 ], [ -121.403426463036794, 46.647235056317086 ], [ -121.403529617920469, 46.647496238784804 ], [ -121.403906280118377, 46.64742470911289 ], [ -121.404009437200685, 46.647685891371943 ], [ -121.404386099961769, 46.647614360339595 ], [ -121.404489259242737, 46.647875542389912 ], [ -121.405242585073566, 46.647732476584878 ], [ -121.405345747934064, 46.647993658085419 ], [ -121.406852395306046, 46.647707512877993 ], [ -121.406955564507953, 46.647968693146737 ], [ -121.407708886048852, 46.647825613744331 ], [ -121.407812058830345, 46.648086793463229 ], [ -121.408188719754904, 46.648015251891856 ], [ -121.408291894735115, 46.64827643140196 ], [ -121.40904521689238, 46.64813334451879 ], [ -121.409148395452206, 46.648394523479055 ], [ -121.411785006904594, 46.647893684888786 ], [ -121.411888195948166, 46.648154861593618 ], [ -121.412264852836103, 46.64808330880485 ], [ -121.412368044078448, 46.648344485300932 ], [ -121.412744701529235, 46.64827293115161 ], [ -121.413054284306668, 46.649056460409987 ], [ -121.413430945081885, 46.648984904217961 ], [ -121.413534142357904, 46.649246080560857 ], [ -121.413910803695885, 46.649174523008249 ], [ -121.41411720346369, 46.64969687540858 ], [ -121.414493866745275, 46.64962531615425 ], [ -121.414700272547066, 46.650147668401473 ], [ -121.415076937772199, 46.650076107445358 ], [ -121.415386556753205, 46.650859635785004 ], [ -121.415763225302783, 46.650788072785978 ], [ -121.416588922964678, 46.652877484785051 ], [ -121.416965601743172, 46.652805918036812 ], [ -121.417068819013735, 46.653067094791091 ], [ -121.416692138854287, 46.653138661880583 ], [ -121.417414672992763, 46.654966905256771 ], [ -121.417037982348305, 46.655038473715678 ], [ -121.417347647967432, 46.65582200960155 ], [ -121.416970952361609, 46.655893578064742 ], [ -121.417074174490224, 46.656154757299625 ], [ -121.416697476685044, 46.656226325084617 ], [ -121.41680069825091, 46.656487504793304 ], [ -121.41642399824633, 46.656559071900105 ], [ -121.416630441070865, 46.657081432397476 ], [ -121.416253737485803, 46.65715299916733 ], [ -121.416563403716737, 46.657936541931186 ], [ -121.416186695169955, 46.658008108705488 ], [ -121.416393140653298, 46.658530471893336 ], [ -121.416016428525879, 46.658602038330713 ], [ -121.416119651113917, 46.658863220464831 ], [ -121.415742936786955, 46.658934786223966 ], [ -121.41584615881213, 46.659195968832016 ], [ -121.415469442285627, 46.659267533912903 ], [ -121.415572663747952, 46.659528716994863 ], [ -121.415195945021864, 46.659600281397523 ], [ -121.415815282694254, 46.661167384721885 ], [ -121.41543855486222, 46.661238950153006 ], [ -121.415541779290692, 46.661500134846015 ], [ -121.415165049258974, 46.661571699598852 ], [ -121.415268273124525, 46.661832884765857 ], [ -121.41489154089308, 46.661904448840446 ], [ -121.414994764195725, 46.662165634481489 ], [ -121.414241294514937, 46.662308760254568 ], [ -121.414344515873282, 46.662569946710995 ], [ -121.413967778423924, 46.662641508409457 ], [ -121.414070999219277, 46.662902695339916 ], [ -121.413694259570136, 46.66297425636013 ], [ -121.413797479802511, 46.663235443764691 ], [ -121.413420737953587, 46.663307004106585 ], [ -121.4135239576229, 46.66356819198522 ], [ -121.413147213574177, 46.663639751648837 ], [ -121.413250432680456, 46.663900940001589 ], [ -121.41287368643188, 46.663972498986894 ], [ -121.413183344516781, 46.664756065865731 ], [ -121.412806593305405, 46.664827624855498 ], [ -121.413013033357743, 46.6653500041214 ], [ -121.41263627856496, 46.665421562774135 ], [ -121.412739498437233, 46.665682752947653 ], [ -121.412362741444497, 46.665754310922161 ], [ -121.412465960753664, 46.666015501569895 ], [ -121.41208920156096, 46.666087058866076 ], [ -121.413121425851898, 46.668698976063915 ], [ -121.412744652024685, 46.668770535754319 ], [ -121.413364017597218, 46.670337694500773 ], [ -121.412987234661387, 46.670409255220108 ], [ -121.413193693637183, 46.670931643215397 ], [ -121.412816907119307, 46.67100320359782 ], [ -121.412920136453295, 46.671264398136401 ], [ -121.412543347735095, 46.671335957840505 ], [ -121.412646576505878, 46.671597152853543 ], [ -121.412269785587355, 46.671668711879335 ], [ -121.413198868925022, 46.674019476055797 ], [ -121.41282206475141, 46.674091037135113 ], [ -121.4129252989446, 46.674352234161468 ], [ -121.412548492570465, 46.674423794562436 ], [ -121.412858195916272, 46.67520738746471 ], [ -121.41248138457776, 46.675278947870304 ], [ -121.412791091145735, 46.676062542995133 ], [ -121.412414274842675, 46.676134103405502 ], [ -121.412620747217488, 46.676656501504162 ], [ -121.412243927331772, 46.67672806157767 ], [ -121.412347163365226, 46.676989261168259 ], [ -121.411970341278817, 46.677060820563497 ], [ -121.412073576748924, 46.677322020628772 ], [ -121.411319927356018, 46.677465137042596 ], [ -121.41142316088073, 46.677726337924142 ], [ -121.411046333574177, 46.677797894942735 ], [ -121.411149566535528, 46.678059096299016 ], [ -121.410772737028239, 46.678130652639247 ], [ -121.410875969426201, 46.678391854470298 ], [ -121.410499137718134, 46.678463410132174 ], [ -121.410602369552663, 46.678724612437954 ], [ -121.409848700916257, 46.678867721385103 ], [ -121.409951930805249, 46.679128924507197 ], [ -121.409198256129827, 46.679272030057646 ], [ -121.409404712835212, 46.679794438067731 ], [ -121.409027871505188, 46.679865989996145 ], [ -121.409234328720885, 46.680388399222494 ], [ -121.408857483807779, 46.680459950814026 ], [ -121.409167171624887, 46.681243566677949 ], [ -121.408790321746395, 46.681315118274135 ], [ -121.40889355127392, 46.681576324170351 ], [ -121.40851669919445, 46.681647875088096 ], [ -121.408619928158416, 46.681909081459239 ], [ -121.408243073877955, 46.681980631698558 ], [ -121.408552761535276, 46.682764252636659 ], [ -121.408175902289202, 46.682835802880753 ], [ -121.408382362056372, 46.683358218189532 ], [ -121.406121172798706, 46.683787502332542 ], [ -121.40622439561615, 46.684048712236432 ], [ -121.405470656549184, 46.684191799473766 ], [ -121.405573877420437, 46.684453010194183 ], [ -121.403689508514034, 46.684810712144419 ], [ -121.403792723291659, 46.685071924706037 ], [ -121.403038967233528, 46.685214999028844 ], [ -121.402935755220938, 46.684953785784124 ], [ -121.402181998653333, 46.685096855343637 ], [ -121.402285207900903, 46.685358069271381 ], [ -121.401908327006666, 46.685429602862499 ], [ -121.402011535690306, 46.685690817265318 ], [ -121.401257768680921, 46.685833882070391 ], [ -121.401360975418044, 46.686095097289758 ], [ -121.400984089302852, 46.686166628503656 ], [ -121.401087295476003, 46.686427844198128 ], [ -121.400710407159607, 46.686499374733444 ], [ -121.400813612768729, 46.686760590902971 ], [ -121.400436722251143, 46.686832120759753 ], [ -121.400539927296265, 46.687093337404328 ], [ -121.400163034577446, 46.687164866582528 ], [ -121.400266239058496, 46.687426083702256 ], [ -121.39988934413843, 46.687497612201867 ], [ -121.399992548055451, 46.687758829796671 ], [ -121.399615650934109, 46.687830357617663 ], [ -121.399512448399776, 46.68756913968123 ], [ -121.399135551842519, 46.68764066614056 ], [ -121.399032351509433, 46.687379447996321 ], [ -121.397524762625494, 46.687665542266124 ], [ -121.397421568641761, 46.687404322889385 ], [ -121.397044670757154, 46.687475843564961 ], [ -121.396941478974639, 46.687214623980395 ], [ -121.396564581654218, 46.687286143294386 ], [ -121.396461392072908, 46.68702492350193 ], [ -121.3960844953167, 46.687096441454237 ], [ -121.395981307936594, 46.686835221453919 ], [ -121.395604411744642, 46.686906738044556 ], [ -121.395501226565671, 46.686645517836354 ], [ -121.392109136453328, 46.687289118172387 ], [ -121.392005964537532, 46.687027895024805 ], [ -121.391252160498112, 46.687170905416927 ], [ -121.391355329648334, 46.687432129247391 ], [ -121.390978425018318, 46.687503633254607 ], [ -121.391081593604056, 46.687764857560133 ], [ -121.390704686772864, 46.687836360888568 ], [ -121.390807854794133, 46.688097585669162 ], [ -121.39043094576175, 46.688169088318837 ], [ -121.390534113218493, 46.6884303135745 ], [ -121.390157201984934, 46.688501815545401 ], [ -121.390260368877136, 46.688763041276239 ], [ -121.38988345544233, 46.688834542568308 ], [ -121.389986621770021, 46.689095768774251 ], [ -121.389609706133967, 46.689167269387539 ], [ -121.389816038478514, 46.689689722883521 ], [ -121.389439119258313, 46.689761223159429 ], [ -121.389851788235973, 46.690806133122081 ], [ -121.389474862665551, 46.690877633743526 ], [ -121.389578030572906, 46.691138861910012 ], [ -121.389201102801096, 46.691210361852669 ], [ -121.389304270143853, 46.691471590494452 ], [ -121.388927340170667, 46.691543089758248 ], [ -121.389030506948771, 46.691804318875249 ], [ -121.388653574774168, 46.6918758174602 ], [ -121.388756740987617, 46.692137047052555 ], [ -121.388379806611582, 46.692208544958689 ], [ -121.388482972260391, 46.692469775026247 ], [ -121.388106035682867, 46.692541272253564 ], [ -121.388209200766966, 46.692802502796447 ], [ -121.387832261988024, 46.692873999344954 ], [ -121.387935426507411, 46.69313523036314 ], [ -121.387558485526952, 46.693206726232752 ], [ -121.387661649481601, 46.693467957726227 ], [ -121.387284706299653, 46.693539452917065 ], [ -121.387387869689576, 46.693800684885822 ], [ -121.386633978104229, 46.69394367288934 ], [ -121.386737139546199, 46.694204905674994 ], [ -121.386360191142799, 46.694276398487744 ], [ -121.386876003712587, 46.695582566132103 ], [ -121.386499047574773, 46.695654059631813 ], [ -121.386602211160692, 46.695915293903987 ], [ -121.38622525282122, 46.695986786724838 ], [ -121.386328415842328, 46.696248021472478 ], [ -121.385951455301168, 46.696319513614426 ], [ -121.386054617757409, 46.696580748837484 ], [ -121.384546761875526, 46.696866708567491 ], [ -121.384649919616947, 46.697127945290475 ], [ -121.384272952217188, 46.697199433013502 ], [ -121.384376109393656, 46.697460670211953 ], [ -121.383622169372245, 46.697603643279713 ], [ -121.383725324600391, 46.697864881295118 ], [ -121.383348351978739, 46.697936366639865 ], [ -121.383451506641862, 46.698197605130829 ], [ -121.383074531818437, 46.698269089796575 ], [ -121.383177685916564, 46.698530328763127 ], [ -121.382800708891352, 46.698601812749935 ], [ -121.382903862424413, 46.698863052192031 ], [ -121.382526883197386, 46.698934535499895 ], [ -121.382630036165395, 46.699195775417479 ], [ -121.382253054736537, 46.699267258046397 ], [ -121.38235620713948, 46.699528498439605 ], [ -121.381979223508765, 46.699599980389564 ], [ -121.382082375346585, 46.69986122125831 ], [ -121.381705389514039, 46.69993270252931 ], [ -121.381808540786736, 46.700193943873685 ], [ -121.381431552752275, 46.700265424465677 ], [ -121.381534703459891, 46.70052666628569 ], [ -121.381157713223516, 46.700598146198665 ], [ -121.381570318703623, 46.701643116186176 ], [ -121.381947314474189, 46.701571634907154 ], [ -121.382050469273793, 46.701832877397948 ], [ -121.382427465609496, 46.701761394756957 ], [ -121.382633780431192, 46.702283879458065 ], [ -121.378486745286224, 46.703070139894187 ], [ -121.37858988870471, 46.70333138620267 ], [ -121.378212879215681, 46.70340285864242 ], [ -121.378316022068816, 46.703664105426569 ], [ -121.377184984540392, 46.703878517647169 ], [ -121.377288124060712, 46.704139765590071 ], [ -121.376911108530791, 46.704211234630591 ], [ -121.37701424748569, 46.704472483049294 ], [ -121.375129150642124, 46.704829814650829 ], [ -121.375232283496388, 46.705091064911194 ], [ -121.374478236263087, 46.705233991090644 ], [ -121.374581367167963, 46.705495242168332 ], [ -121.373073257346391, 46.705781083645768 ], [ -121.37317638353403, 46.706042336223689 ], [ -121.372799352649039, 46.706113794382944 ], [ -121.372696227845282, 46.705852541463571 ], [ -121.37118810165839, 46.706138362528463 ], [ -121.371084983208547, 46.705877108377642 ], [ -121.370330917973618, 46.706020012103387 ], [ -121.370434033655556, 46.706281266937097 ], [ -121.370056998426818, 46.706352717610393 ], [ -121.37016011354298, 46.706613972919904 ], [ -121.369406037862973, 46.706756871887464 ], [ -121.369509151029348, 46.707018128014333 ], [ -121.36913211057805, 46.707089576308526 ], [ -121.369235223178592, 46.707350832911203 ], [ -121.368858180525081, 46.70742228052621 ], [ -121.369167519083845, 46.708206052165281 ], [ -121.36879047145996, 46.708277499783897 ], [ -121.368893584565242, 46.708538757607343 ], [ -121.367762432632134, 46.708753095363257 ], [ -121.367865542403308, 46.709014354345513 ], [ -121.364472029965356, 46.709657315567412 ], [ -121.364575128097201, 46.709918577757037 ], [ -121.363821002454173, 46.710061447483234 ], [ -121.363924098635664, 46.710322710490225 ], [ -121.362792899882564, 46.710537008448078 ], [ -121.36289599272942, 46.710798272613886 ], [ -121.361764782460611, 46.711012562408968 ], [ -121.361867871972663, 46.711273827733606 ], [ -121.360736650188244, 46.711488109365717 ], [ -121.360839736365349, 46.711749375849216 ], [ -121.357823097871474, 46.712320751350106 ], [ -121.357446014378695, 46.712392168693945 ], [ -121.357342940661113, 46.712130899138081 ], [ -121.356965857734806, 46.712202315119725 ], [ -121.356862786219651, 46.711941045357165 ], [ -121.356485703859803, 46.712012459976663 ], [ -121.356382634547046, 46.711751190007398 ], [ -121.356005552753729, 46.711822603264693 ], [ -121.355902485643313, 46.711561333088774 ], [ -121.355148322371775, 46.711704155858079 ], [ -121.355045258848151, 46.711442885134204 ], [ -121.353159843278689, 46.711799922486037 ], [ -121.353262899879937, 46.712061194916458 ], [ -121.352885812927994, 46.712132599665601 ], [ -121.353091925815036, 46.712655145613255 ], [ -121.353469015536007, 46.712583740181564 ], [ -121.353778195154135, 46.713367559089619 ], [ -121.353401101279545, 46.713438965545301 ], [ -121.353813346682699, 46.714484060674536 ], [ -121.353436246451906, 46.714555467474696 ], [ -121.353539308462871, 46.714816741935316 ], [ -121.353162206029552, 46.714888148055863 ], [ -121.35326526747383, 46.715149422992624 ], [ -121.352888162837971, 46.715220828433644 ], [ -121.352991223715534, 46.715482103846604 ], [ -121.352614116877078, 46.715553508608025 ], [ -121.352717177187927, 46.715814784497063 ], [ -121.352340068146901, 46.715886188578928 ], [ -121.352443127890993, 46.716147464944235 ], [ -121.35206601664737, 46.716218868346502 ], [ -121.352169075824662, 46.716480145187965 ], [ -121.351791962378442, 46.716551547910676 ], [ -121.351895020988962, 46.716812825228395 ], [ -121.35151790534006, 46.716884227271507 ], [ -121.35162096338378, 46.717145505065361 ], [ -121.351243845532238, 46.717216906428874 ], [ -121.35134690300913, 46.717478184699047 ], [ -121.350969782954905, 46.717549585382912 ], [ -121.351072839864955, 46.717810864129326 ], [ -121.350695717608033, 46.717882264133621 ], [ -121.350798773951226, 46.718143543356334 ], [ -121.35042164949158, 46.718214942680952 ], [ -121.350627761862128, 46.718737502213848 ], [ -121.350250633814909, 46.718808901200212 ], [ -121.350353689842265, 46.719070181510475 ], [ -121.349976559592278, 46.719141579817205 ], [ -121.349770451125181, 46.718619018648937 ], [ -121.349393322826984, 46.718690415252006 ], [ -121.349290271205135, 46.718429134528961 ], [ -121.347781755372822, 46.718714709365514 ], [ -121.347678710108255, 46.718453427412065 ], [ -121.347301580490381, 46.718524818227323 ], [ -121.347404624370057, 46.718786100522152 ], [ -121.346650359911052, 46.718928879772307 ], [ -121.346856444584319, 46.719451446132197 ], [ -121.346479308358212, 46.719522834908346 ], [ -121.346582350536679, 46.719784118632091 ], [ -121.34582807286111, 46.719926893804029 ], [ -121.345931113087502, 46.720188178345488 ], [ -121.345176829370686, 46.720330950115851 ], [ -121.345279867644948, 46.720592235474996 ], [ -121.344902723174812, 46.72066362016988 ], [ -121.345005760881918, 46.720924906005415 ], [ -121.344628614208943, 46.720996290020594 ], [ -121.344731651348837, 46.721257576332484 ], [ -121.34435450247301, 46.721328959667879 ], [ -121.344457539045678, 46.721590246456145 ], [ -121.344080387966969, 46.721661629111857 ], [ -121.344183423972424, 46.721922916376563 ], [ -121.340411854355665, 46.722636690185723 ], [ -121.340308832201345, 46.722375399507847 ], [ -121.339931672127122, 46.722446770931249 ], [ -121.339828652175711, 46.722185480047195 ], [ -121.338697171202313, 46.722399587166798 ], [ -121.33859415622409, 46.722138295394032 ], [ -121.337462672047153, 46.722352392299527 ], [ -121.337359662042175, 46.722091099638106 ], [ -121.33660533793973, 46.722233825120121 ], [ -121.337017371783759, 46.723278999306991 ], [ -121.336640202965143, 46.723350361881295 ], [ -121.336743212085011, 46.723611656107202 ], [ -121.335988869224323, 46.723754378874837 ], [ -121.336091876391251, 46.72401567391848 ], [ -121.335337527489415, 46.724158393283943 ], [ -121.335440532703387, 46.72441968914535 ], [ -121.333177458062977, 46.724847824780369 ], [ -121.333280455782443, 46.725109122824541 ], [ -121.332903272428723, 46.725180475530678 ], [ -121.333006269580338, 46.725441774051426 ], [ -121.332629084023637, 46.725513126077544 ], [ -121.332732080607443, 46.725774425074817 ], [ -121.332354892847704, 46.725845776421011 ], [ -121.332457888863672, 46.726107075894788 ], [ -121.331703508120583, 46.726249776205918 ], [ -121.331806502183198, 46.726511076497509 ], [ -121.331429309199791, 46.726582425462468 ], [ -121.331532302694498, 46.726843726230598 ], [ -121.331155107508039, 46.726915074515524 ], [ -121.331258100434837, 46.727176375760294 ], [ -121.330880903045298, 46.727247723365167 ], [ -121.330983895404131, 46.727509025086512 ], [ -121.330606695811483, 46.727580372011424 ], [ -121.330709687602379, 46.727841674209436 ], [ -121.330332485806593, 46.727913020454217 ], [ -121.330435477029482, 46.728174323128805 ], [ -121.330058273030573, 46.728245668693624 ], [ -121.330161263685468, 46.728506971844887 ], [ -121.32978405748338, 46.728578316729632 ], [ -121.330093030196849, 46.729362228019653 ], [ -121.330470240555741, 46.729290882111123 ], [ -121.330676229223982, 46.729813489632313 ], [ -121.33105344153654, 46.729742142019873 ], [ -121.331362434828065, 46.730526053293531 ], [ -121.331739650479889, 46.730454703635893 ], [ -121.332151658525362, 46.731499919198519 ], [ -121.331774437330878, 46.731571270221444 ], [ -121.332186452917, 46.732616489317067 ], [ -121.331809225361951, 46.732687840683958 ], [ -121.332015235289973, 46.73321045172753 ], [ -121.33163800414566, 46.733281802755727 ], [ -121.331741008950544, 46.733543108822175 ], [ -121.331363775602711, 46.733614459170411 ], [ -121.331569784894157, 46.734137072392571 ], [ -121.331192547957016, 46.734208422402091 ], [ -121.331295552443564, 46.734469729557887 ], [ -121.331672790766532, 46.734398379206965 ], [ -121.331775797456658, 46.734659686156995 ], [ -121.332153036347663, 46.734588334443309 ], [ -121.332256045241408, 46.734849641187523 ], [ -121.332633284700421, 46.734778288111066 ], [ -121.332736295797787, 46.735039594649443 ], [ -121.333490775033994, 46.734896884749617 ], [ -121.333593789720808, 46.735158190740812 ], [ -121.334348268457262, 46.735015476072675 ], [ -121.334554305827695, 46.735538087096124 ], [ -121.334931546740719, 46.735466727547163 ], [ -121.335034568038566, 46.735728032920839 ], [ -121.335411809519485, 46.735656672009071 ], [ -121.335514833021065, 46.735917977176904 ], [ -121.335892075069864, 46.73584661490225 ], [ -121.336304182798798, 46.736891835563917 ], [ -121.336681429572906, 46.736820470902146 ], [ -121.33688749111684, 46.737343081363683 ], [ -121.337264739844656, 46.737271714997533 ], [ -121.337676878292044, 46.738316936182372 ], [ -121.337299624020801, 46.738388303914476 ], [ -121.337505695380941, 46.738910916003739 ], [ -121.33712843751988, 46.738982283397391 ], [ -121.337437546537814, 46.73976620357336 ], [ -121.337060283700879, 46.739837570970138 ], [ -121.33726635769797, 46.740360185782272 ], [ -121.336889091271047, 46.740431552840619 ], [ -121.336992128110751, 46.740692860791818 ], [ -121.336614859479766, 46.740764227170168 ], [ -121.336717895751548, 46.741025535598638 ], [ -121.335963353263367, 46.74116826597399 ], [ -121.336066387581198, 46.741429575221225 ], [ -121.335689113723944, 46.741500939218184 ], [ -121.335792147473811, 46.741762248942671 ], [ -121.335414871412468, 46.741833612259711 ], [ -121.335517904594354, 46.742094922461526 ], [ -121.335140626328851, 46.742166285098584 ], [ -121.335243658942744, 46.742427595777706 ], [ -121.334866378473095, 46.742498957734782 ], [ -121.334969410518937, 46.74276026889121 ], [ -121.333460274915268, 46.743045707870458 ], [ -121.33356330223468, 46.74330702052881 ], [ -121.332431437783939, 46.743521090061783 ], [ -121.332534461762876, 46.743782403880466 ], [ -121.327629612717217, 46.744709936721279 ], [ -121.327732619492849, 46.744971255115217 ], [ -121.326978012290112, 46.745113937834589 ], [ -121.32708101711097, 46.74537525704735 ], [ -121.32557178734524, 46.745660611592669 ], [ -121.325468788069884, 46.745399291014053 ], [ -121.325091479970112, 46.745470626754894 ], [ -121.325194477859114, 46.745731947674948 ], [ -121.324062544493529, 46.745945949791953 ], [ -121.324165539041104, 46.746207271872287 ], [ -121.323033594155618, 46.746421265818896 ], [ -121.323136585361723, 46.746682589059589 ], [ -121.322759267377734, 46.746753918673257 ], [ -121.322862258015178, 46.747015242391406 ], [ -121.322484937826886, 46.747086571324786 ], [ -121.322381948575966, 46.746825247265221 ], [ -121.322004628956364, 46.746896574835588 ], [ -121.321798655680908, 46.746373926441656 ], [ -121.321421338016506, 46.746445252307502 ], [ -121.321318353991927, 46.746183927973171 ], [ -121.320941036896258, 46.746255252475905 ], [ -121.320838055075953, 46.745993927936198 ], [ -121.32008342120433, 46.746136573193887 ], [ -121.319980442974739, 46.745875248107431 ], [ -121.318848490193915, 46.746089207307286 ], [ -121.318745516941561, 46.745827881332687 ], [ -121.317990880438956, 46.745970515008082 ], [ -121.31788791077733, 46.745709188486835 ], [ -121.317510592686048, 46.745780503450639 ], [ -121.317304658588824, 46.745257850133463 ], [ -121.316927342452942, 46.745329163392874 ], [ -121.316618451598757, 46.744545183413216 ], [ -121.316241138804827, 46.74461649462696 ], [ -121.316138178208476, 46.744355167897758 ], [ -121.315760865983478, 46.744426477748547 ], [ -121.315554950016406, 46.743903824015483 ], [ -121.315177639746864, 46.743975132161978 ], [ -121.314868776087252, 46.743191151558385 ], [ -121.314491469159634, 46.743262457659341 ], [ -121.314388517627933, 46.743001130722213 ], [ -121.314011211269303, 46.743072435460171 ], [ -121.313908261941549, 46.742811108317653 ], [ -121.313530956151908, 46.742882411692733 ], [ -121.313428009028101, 46.742621084344954 ], [ -121.313050703807505, 46.742692386357092 ], [ -121.312947758887603, 46.742431058804016 ], [ -121.312570454236052, 46.742502359453255 ], [ -121.312467511520055, 46.742241031694874 ], [ -121.312090207437592, 46.742312330981235 ], [ -121.311987266925456, 46.742051003017536 ], [ -121.311232659081284, 46.742193597842764 ], [ -121.310306256209557, 46.73984164614513 ], [ -121.309928963539505, 46.739912938954397 ], [ -121.309620181452971, 46.739128956478076 ], [ -121.309242892124871, 46.739200247242202 ], [ -121.30893412155271, 46.738416264965288 ], [ -121.308556835566549, 46.738487553684337 ], [ -121.308145158456682, 46.737442244519315 ], [ -121.307767877198771, 46.737513530852219 ], [ -121.307562046319546, 46.736990876402515 ], [ -121.307184767017191, 46.737062161031602 ], [ -121.307081854189633, 46.736800833669378 ], [ -121.306704575456493, 46.736872116935693 ], [ -121.306395846035443, 46.736088134640745 ], [ -121.306773120609591, 46.73601685239769 ], [ -121.306464394383354, 46.735232872348178 ], [ -121.306841663981544, 46.735161590106763 ], [ -121.305709715481868, 46.732287010796789 ], [ -121.305332461132139, 46.732358289286744 ], [ -121.305229563011238, 46.732096964368175 ], [ -121.304475054633301, 46.73223951760135 ], [ -121.304372160101693, 46.731978192136538 ], [ -121.303617651228436, 46.73212074060153 ], [ -121.30351476028612, 46.731859414590353 ], [ -121.303137506010316, 46.731930686949504 ], [ -121.303034617271081, 46.731669360733086 ], [ -121.302657363564606, 46.731740631729743 ], [ -121.302554477028423, 46.731479305307992 ], [ -121.30142271516651, 46.731693111145596 ], [ -121.301319833605788, 46.731431783836669 ], [ -121.299433554430735, 46.731788104763318 ], [ -121.29933068061797, 46.731526775885385 ], [ -121.298953423718885, 46.731598036665062 ], [ -121.298747681316073, 46.731075378634458 ], [ -121.298370426372728, 46.731146637710701 ], [ -121.298061823052677, 46.730362650659814 ], [ -121.298439073837343, 46.730291392606311 ], [ -121.298336206311177, 46.730030064201593 ], [ -121.298713454892919, 46.729958805467398 ], [ -121.298507719518298, 46.72943614974686 ], [ -121.298884964510989, 46.729364890672976 ], [ -121.298679229630793, 46.728842236176718 ], [ -121.29905647103449, 46.728770976763073 ], [ -121.298953603433247, 46.728509650059287 ], [ -121.299708081018352, 46.728367128849037 ], [ -121.299296607691304, 46.727321826117148 ], [ -121.299673839714487, 46.727250565343269 ], [ -121.299262373909741, 46.726205266144042 ], [ -121.299639599572103, 46.726134005712126 ], [ -121.298508120733203, 46.723259447844413 ], [ -121.298130910316502, 46.723330704527193 ], [ -121.297308089759611, 46.721240124555976 ], [ -121.29693088961352, 46.721311377491105 ], [ -121.296828042103868, 46.721050055263341 ], [ -121.296450842527193, 46.721121306836281 ], [ -121.296347997219812, 46.720859984403141 ], [ -121.295593598388933, 46.721002483803289 ], [ -121.295490756669693, 46.720741160824041 ], [ -121.295113557415547, 46.720812408651234 ], [ -121.294907879197851, 46.720289762417586 ], [ -121.294530681899047, 46.720361008541914 ], [ -121.294427845400605, 46.720099685287423 ], [ -121.29405064867133, 46.720170930049598 ], [ -121.293844980895102, 46.7196482832654 ], [ -121.294222174852663, 46.719577039184642 ], [ -121.294119340803192, 46.719315716336318 ], [ -121.294496532558625, 46.719244471574783 ], [ -121.294393697939626, 46.71898314920255 ], [ -121.294770887492959, 46.718911903760336 ], [ -121.294668052304473, 46.718650581864097 ], [ -121.295045239655721, 46.718579335741175 ], [ -121.294942403897764, 46.718318014320978 ], [ -121.295319589046926, 46.718246767517364 ], [ -121.295216752719483, 46.717985446573181 ], [ -121.295593935666588, 46.717914199088888 ], [ -121.295182592977014, 46.716868918027856 ], [ -121.295559769564903, 46.716797670884922 ], [ -121.294839941584726, 46.714968436620651 ], [ -121.294462774696456, 46.715039681378975 ], [ -121.294257119676615, 46.714517043553606 ], [ -121.293879954743417, 46.714588286609327 ], [ -121.293057378395559, 46.712497737990688 ], [ -121.292680223730954, 46.712568977300286 ], [ -121.292577406745593, 46.712307658990618 ], [ -121.292200252650417, 46.712378896938297 ], [ -121.292097437866715, 46.712117578423261 ], [ -121.291720284341054, 46.712188815009064 ], [ -121.291617471758954, 46.71192749628861 ], [ -121.291240318802778, 46.711998731512573 ], [ -121.290417858607199, 46.709908183889084 ], [ -121.290795000479193, 46.709836951389434 ], [ -121.288225114296765, 46.703304054284821 ], [ -121.287848007059026, 46.703375278273136 ], [ -121.287745223602556, 46.703113963802991 ], [ -121.287368116934346, 46.703185186429764 ], [ -121.287162555239007, 46.70266255721338 ], [ -121.286785450525613, 46.702733778138139 ], [ -121.286682672286716, 46.702472463391949 ], [ -121.286305568142893, 46.702543682955195 ], [ -121.286202792104916, 46.70228236800348 ], [ -121.285825688530693, 46.702353586205092 ], [ -121.285722914693608, 46.702092271048009 ], [ -121.285345811688984, 46.702163487888107 ], [ -121.285140269232173, 46.701640857297718 ], [ -121.284763168182437, 46.701712072435981 ], [ -121.284660399562668, 46.701450757002782 ], [ -121.284283299082574, 46.701521970779517 ], [ -121.284180532663626, 46.701260655140864 ], [ -121.283803432753174, 46.7013318675561 ], [ -121.283700668535047, 46.70107055171195 ], [ -121.283323569194309, 46.70114176276568 ], [ -121.283220807176946, 46.700880446716113 ], [ -121.282843708405892, 46.70095165640835 ], [ -121.282740948589293, 46.700690340153344 ], [ -121.282363850387981, 46.700761548484053 ], [ -121.282261092772146, 46.700500232023678 ], [ -121.281883995140547, 46.700571438992917 ], [ -121.281781239725433, 46.700310122327117 ], [ -121.28140414266359, 46.700381327934849 ], [ -121.281301389449197, 46.700120011063625 ], [ -121.280924292957152, 46.700191215309978 ], [ -121.279999563188667, 46.697839366473538 ], [ -121.279245392692076, 46.69798176577838 ], [ -121.279142651787282, 46.69772044923463 ], [ -121.278388480799663, 46.697862843774367 ], [ -121.278285743480581, 46.697601526684991 ], [ -121.277908658148988, 46.69767272208297 ], [ -121.277600455238982, 46.696888770602889 ], [ -121.277223373247637, 46.696959963959095 ], [ -121.277017911487661, 46.696437329632609 ], [ -121.276263750599881, 46.696579711920904 ], [ -121.27605829764147, 46.696057076772831 ], [ -121.276435375722656, 46.695985886819564 ], [ -121.275510865295217, 46.693634038383912 ], [ -121.275887930095294, 46.693562850470663 ], [ -121.275682489530169, 46.693040219646896 ], [ -121.27605955074506, 46.692969031392678 ], [ -121.275854110670352, 46.692446401787755 ], [ -121.276231168300058, 46.692375213192669 ], [ -121.275409429525141, 46.690284702878479 ], [ -121.275786475260105, 46.690213515982897 ], [ -121.275170197101488, 46.688645640940024 ], [ -121.275547233712132, 46.688574455063694 ], [ -121.275341811409632, 46.688051831805751 ], [ -121.275718844435588, 46.687980645588389 ], [ -121.275513422623391, 46.687458023548501 ], [ -121.275890452064758, 46.687386836990179 ], [ -121.275685030742864, 46.686864216168232 ], [ -121.276062056599685, 46.686793029268955 ], [ -121.275959345776428, 46.686531719399738 ], [ -121.275582321304398, 46.686602905959035 ], [ -121.275479612680826, 46.686341595884251 ], [ -121.275102588778594, 46.686412781082517 ], [ -121.274999882354763, 46.686151470802251 ], [ -121.274622859022315, 46.686222654639529 ], [ -121.274006645900812, 46.684654793740954 ], [ -121.273629630061947, 46.684725974517406 ], [ -121.273321538656006, 46.683942044862917 ], [ -121.272944526156408, 46.684013223598569 ], [ -121.272431063699571, 46.6827066751625 ], [ -121.27205405730858, 46.682777851177526 ], [ -121.271335253781317, 46.680948686630671 ], [ -121.270958256267988, 46.681019859245552 ], [ -121.270855574693272, 46.680758550222009 ], [ -121.271232570821965, 46.68068737794701 ], [ -121.27092452683199, 46.679903452701772 ], [ -121.271301517992299, 46.679832280425408 ], [ -121.270993477180568, 46.679048357408277 ], [ -121.270616490173893, 46.679119528665076 ], [ -121.270513812917116, 46.678858220921377 ], [ -121.270136826480353, 46.678929390817459 ], [ -121.27003415142272, 46.678668082868185 ], [ -121.269657165555898, 46.678739251403499 ], [ -121.269554492697367, 46.678477943248666 ], [ -121.269177507400499, 46.678549110423205 ], [ -121.269074836741083, 46.678287802062833 ], [ -121.268320866472692, 46.678430132669611 ], [ -121.268218199396927, 46.678168823763841 ], [ -121.267087242038983, 46.678382310997712 ], [ -121.266984579931375, 46.67812100120679 ], [ -121.266230607056002, 46.678263320245215 ], [ -121.266127948532002, 46.678002009908987 ], [ -121.264996987264169, 46.678215479790268 ], [ -121.264894333708384, 46.677954168569073 ], [ -121.264517346374788, 46.678025322814477 ], [ -121.264414695018004, 46.677764011387815 ], [ -121.264037708254619, 46.67783516427258 ], [ -121.263832410753395, 46.677312541142484 ], [ -121.263455425944784, 46.677383692326792 ], [ -121.263352779800314, 46.677122380623445 ], [ -121.262975795561914, 46.677193530447106 ], [ -121.262873151616404, 46.676932218538241 ], [ -121.262496167948228, 46.677003367001269 ], [ -121.262393526201635, 46.676742054886965 ], [ -121.262016543103698, 46.676813201989312 ], [ -121.261913903556035, 46.67655188966954 ], [ -121.261536921028366, 46.676623035411254 ], [ -121.261434283679563, 46.676361722886035 ], [ -121.26105730172219, 46.676432867267138 ], [ -121.260954666572246, 46.676171554536509 ], [ -121.260577685185197, 46.676242697556972 ], [ -121.260475052234113, 46.67598138462084 ], [ -121.26009807141736, 46.676052526280721 ], [ -121.259790181603265, 46.675268587258742 ], [ -121.259036225834564, 46.675410865477687 ], [ -121.258830975567818, 46.674888238775594 ], [ -121.258453999231307, 46.674959375674376 ], [ -121.258043514006047, 46.673914122522035 ], [ -121.257666542393594, 46.673985257041402 ], [ -121.257563924507167, 46.673723943749224 ], [ -121.257186953465137, 46.673795076908078 ], [ -121.257084337777329, 46.673533763410475 ], [ -121.256707367305737, 46.673604895208783 ], [ -121.256604753816589, 46.673343581505733 ], [ -121.256227783915463, 46.673414711943565 ], [ -121.256125172624891, 46.673153398035147 ], [ -121.255748203294232, 46.673224527112446 ], [ -121.255645594202264, 46.67296321299861 ], [ -121.255268625442113, 46.673034340715368 ], [ -121.255166018548692, 46.672773026396172 ], [ -121.254789050359065, 46.672844152752518 ], [ -121.254686445664206, 46.672582838227896 ], [ -121.253932509612, 46.672725087198657 ], [ -121.253829908500222, 46.672463772129092 ], [ -121.253075971961238, 46.672606016337056 ], [ -121.252973374432514, 46.672344700722597 ], [ -121.2518424676731, 46.672558058358923 ], [ -121.251739875112008, 46.672296741860073 ], [ -121.250608965181144, 46.672510089289347 ], [ -121.250506377587726, 46.672248771906169 ], [ -121.249375464485752, 46.672462109128425 ], [ -121.249272881859994, 46.672200790860963 ], [ -121.248895910582931, 46.672271900887019 ], [ -121.248793330155621, 46.672010582414238 ], [ -121.24728544244779, 46.672295010950769 ], [ -121.247182868372761, 46.672033691254363 ], [ -121.246051948201185, 46.67224700091819 ], [ -121.245949379093901, 46.671985680337713 ], [ -121.245195431013471, 46.672127880996491 ], [ -121.245092865489227, 46.671866559871283 ], [ -121.244338916923326, 46.672008755767301 ], [ -121.244236354982135, 46.67174743409754 ], [ -121.243859380863341, 46.671818530174619 ], [ -121.243756821120499, 46.671557208299603 ], [ -121.24300287321131, 46.671699396712029 ], [ -121.242900317051493, 46.671438074292418 ], [ -121.242523343261126, 46.671509166627793 ], [ -121.242420789299615, 46.671247844003055 ], [ -121.241666842047465, 46.671390024931952 ], [ -121.241564291668936, 46.671128701762633 ], [ -121.240810343931869, 46.671270877928769 ], [ -121.240707797136324, 46.671009554214962 ], [ -121.239576873583175, 46.671222809788624 ], [ -121.239474331755332, 46.670961485190993 ], [ -121.238720381421757, 46.671103649789714 ], [ -121.238515305745523, 46.670580999639675 ], [ -121.23813833212796, 46.670652079728825 ], [ -121.237933262475082, 46.67012942943709 ], [ -121.237556290813501, 46.670200507826642 ], [ -121.237453758591954, 46.669939182542763 ], [ -121.236322842880838, 46.670152410567368 ], [ -121.236220315626909, 46.669891084399829 ], [ -121.233958470551656, 46.670317510845848 ], [ -121.233855952419688, 46.670056182776854 ], [ -121.233478976778528, 46.670127249938325 ], [ -121.233376460844639, 46.669865921664254 ], [ -121.232622509891996, 46.670008052245599 ], [ -121.232519997541033, 46.669746723427288 ], [ -121.23214302222955, 46.669817786847162 ], [ -121.232040512076651, 46.669556457823845 ], [ -121.231663537336701, 46.669627519883427 ], [ -121.231561029381865, 46.669366190655126 ], [ -121.231184055213475, 46.669437251354516 ], [ -121.231081549456661, 46.669175921921159 ], [ -121.23070457585986, 46.669246981260237 ], [ -121.230602072301068, 46.668985651621959 ], [ -121.229848125437385, 46.669127766558574 ], [ -121.229745625461419, 46.668866436376128 ], [ -121.229368652194609, 46.668937491973601 ], [ -121.229266154416635, 46.668676161586177 ], [ -121.228512208213118, 46.668818269039747 ], [ -121.2284097140179, 46.668556938108161 ], [ -121.227655767331498, 46.668699040799133 ], [ -121.22755327671905, 46.668437709323484 ], [ -121.226799329549877, 46.668579807251945 ], [ -121.226696842520184, 46.668318475232162 ], [ -121.226319869100806, 46.668389522325711 ], [ -121.226217384269034, 46.668128190101015 ], [ -121.225463437760752, 46.668270280546537 ], [ -121.225360956511736, 46.668008947777821 ], [ -121.224983983422874, 46.668079991129844 ], [ -121.224881504371723, 46.667818658156193 ], [ -121.224504531854677, 46.667889700148052 ], [ -121.224402055001406, 46.667628366969588 ], [ -121.223648110298058, 46.667770447211808 ], [ -121.223545637027456, 46.667509113489366 ], [ -121.222791691841948, 46.667651188969167 ], [ -121.222689222154045, 46.667389854702705 ], [ -121.222312249726727, 46.667460890571888 ], [ -121.222209782236604, 46.667199556100599 ], [ -121.219947938910977, 46.667625747838763 ], [ -121.2198454805431, 46.667364411467297 ], [ -121.219468505195337, 46.667435439510797 ], [ -121.219161139123472, 46.666651430184643 ], [ -121.218784167117605, 46.66672245618993 ], [ -121.218681714770852, 46.666461119677358 ], [ -121.218304743337086, 46.666532144322517 ], [ -121.218202293188014, 46.666270807605095 ], [ -121.217825322326362, 46.666341830890197 ], [ -121.217722874374985, 46.666080493968003 ], [ -121.217345904085448, 46.666151515892984 ], [ -121.21714101339073, 46.66562884177327 ], [ -121.216764045058227, 46.665699861999187 ], [ -121.216456719266262, 46.664915850809187 ], [ -121.216079754275697, 46.664986868997069 ], [ -121.2158748772476, 46.664464194863477 ], [ -121.215497914214083, 46.66453521135233 ], [ -121.215395478303904, 46.664273874147874 ], [ -121.215018515842601, 46.664344889276684 ], [ -121.214813649229853, 46.663822214592393 ], [ -121.214436688725627, 46.663893228022225 ], [ -121.214334258023058, 46.66363189054244 ], [ -121.213957298091088, 46.663702902612279 ], [ -121.213854869585958, 46.663441564927673 ], [ -121.213477910226231, 46.663512575637569 ], [ -121.213273058423383, 46.662989899993093 ], [ -121.212896101020817, 46.663060909004002 ], [ -121.21279367772307, 46.662799571044076 ], [ -121.212416720892804, 46.662870578695056 ], [ -121.212211879504594, 46.66234790249991 ], [ -121.211834924631461, 46.662418908452011 ], [ -121.211630089262925, 46.661896232115666 ], [ -121.210876182618591, 46.662038239601216 ], [ -121.210978597126925, 46.662299578380093 ], [ -121.210601641201194, 46.662370580930087 ], [ -121.210704055137157, 46.66263192018198 ], [ -121.210327097014101, 46.662702922049796 ], [ -121.210429510377665, 46.662964261774768 ], [ -121.210052550057256, 46.663035262960371 ], [ -121.210154962848392, 46.663296603158386 ], [ -121.209401037000404, 46.66343860314413 ], [ -121.209503447834166, 46.66369994415404 ], [ -121.200833035164521, 46.665332658210289 ], [ -121.200730656186622, 46.665071309407182 ], [ -121.199976689721268, 46.66521325833579 ], [ -121.199771939742718, 46.664690559777434 ], [ -121.199017975569092, 46.664832503266247 ], [ -121.198915604568413, 46.66457115351092 ], [ -121.198161639916407, 46.664713092237477 ], [ -121.198059272498227, 46.664451741938969 ], [ -121.19655133898911, 46.664735605782617 ], [ -121.196653700866563, 46.664996957436081 ], [ -121.194391767928366, 46.665422724597526 ], [ -121.194289414362316, 46.665161370911683 ], [ -121.193912424082271, 46.665232328192261 ], [ -121.193810072713504, 46.664970974302072 ], [ -121.193433083006681, 46.665041930222664 ], [ -121.193330733835211, 46.66478057612823 ], [ -121.192953744701626, 46.664851530688885 ], [ -121.192851397727438, 46.664590176390043 ], [ -121.192097419794763, 46.664732081770254 ], [ -121.191995076403103, 46.664470726928485 ], [ -121.191618087604084, 46.664541677748012 ], [ -121.19151574640965, 46.664280322701885 ], [ -121.191138758183925, 46.664351272161575 ], [ -121.191036419186688, 46.664089916911095 ], [ -121.190659431534328, 46.664160865010892 ], [ -121.190454758746213, 46.663638154235692 ], [ -121.190077773052437, 46.663709100636943 ], [ -121.189975439261488, 46.663447745112244 ], [ -121.189598454141077, 46.66351869015363 ], [ -121.189496122547297, 46.663257334424593 ], [ -121.189119138000265, 46.663328278106142 ], [ -121.188914480018781, 46.662805566373855 ], [ -121.188537497430445, 46.662876508356902 ], [ -121.188435171042713, 46.662615152353631 ], [ -121.187681206201049, 46.66275703257876 ], [ -121.187578883395631, 46.662495676032663 ], [ -121.187201901142359, 46.662566614274766 ], [ -121.187099580533996, 46.662305257524366 ], [ -121.186722598854203, 46.662376194406647 ], [ -121.186620280442881, 46.662114837452002 ], [ -121.185866317418558, 46.66225670747567 ], [ -121.185764002589522, 46.661995349978248 ], [ -121.185387021245006, 46.662066283119664 ], [ -121.185284708612969, 46.661804925417954 ], [ -121.184907727842031, 46.661875857199568 ], [ -121.184805417406977, 46.661614499293648 ], [ -121.184428437209604, 46.661685429715462 ], [ -121.184326128971492, 46.66142407160531 ], [ -121.183572168912278, 46.661565928708086 ], [ -121.183469864256395, 46.661304570055215 ], [ -121.183092884394583, 46.661375496736191 ], [ -121.182990581935613, 46.661114137879125 ], [ -121.182236622547705, 46.661255987500297 ], [ -121.182134323670937, 46.660994628100489 ], [ -121.18175734414487, 46.661065551040693 ], [ -121.18145045653992, 46.660281472631659 ], [ -121.181073480358123, 46.660352393535142 ], [ -121.180971187498187, 46.660091033995606 ], [ -121.180217235470522, 46.660232872061826 ], [ -121.179910370071582, 46.6594487922181 ], [ -121.179533396996277, 46.659519708704003 ], [ -121.179226543056572, 46.658735629053453 ], [ -121.178472602783103, 46.658877456930796 ], [ -121.178370322529958, 46.658616096638951 ], [ -121.17799335256133, 46.658687008707375 ], [ -121.177788797259794, 46.658164287849665 ], [ -121.177411829250261, 46.658235198219977 ], [ -121.177207279964833, 46.657712477222496 ], [ -121.176830313914394, 46.657783385894724 ], [ -121.176728041873972, 46.657522025258992 ], [ -121.176351076397395, 46.65759293257161 ], [ -121.176248806553573, 46.657331571731696 ], [ -121.175871841650931, 46.65740247768472 ], [ -121.175769574003638, 46.657141116640709 ], [ -121.175015644534852, 46.657282924806232 ], [ -121.174913380469377, 46.657021563219722 ], [ -121.173782484337252, 46.657234266793573 ], [ -121.17368022523884, 46.656972904326267 ], [ -121.173303259624177, 46.657043803136688 ], [ -121.17320100272228, 46.656782440465314 ], [ -121.172824037681679, 46.656853337916189 ], [ -121.172619529082056, 46.656330612299357 ], [ -121.172242566000776, 46.656401508052305 ], [ -121.172140314303036, 46.656140145107024 ], [ -121.171763351795803, 46.656211039500391 ], [ -121.171558853604381, 46.655688313335773 ], [ -121.171181893056485, 46.655759206031298 ], [ -121.170977400880176, 46.655236479726995 ], [ -121.170600442291644, 46.655307370724742 ], [ -121.170498198805433, 46.655046007435608 ], [ -121.170121240791005, 46.655116897073825 ], [ -121.170018999501124, 46.654855533580623 ], [ -121.169642042060858, 46.654926421859294 ], [ -121.16943756468487, 46.654403694599054 ], [ -121.169060609203967, 46.654474581179933 ], [ -121.168958373117817, 46.65421321741286 ], [ -121.168581418211119, 46.654284102634243 ], [ -121.168479184321214, 46.654022738663144 ], [ -121.168102229988705, 46.654093622525082 ], [ -121.167999998295073, 46.653832258349908 ], [ -121.167623044536782, 46.653903140852393 ], [ -121.167520815039381, 46.653641776473179 ], [ -121.167143861855322, 46.653712657616204 ], [ -121.166734957516425, 46.652667200088345 ], [ -121.166358009062293, 46.652738078857297 ], [ -121.166153564528912, 46.652215350222008 ], [ -121.165399670728647, 46.652357103343363 ], [ -121.165297452448755, 46.652095738550621 ], [ -121.16492050571749, 46.652166613241235 ], [ -121.164716074360726, 46.651643883381858 ], [ -121.163962184006394, 46.65178562834685 ], [ -121.163859972314683, 46.651524262942083 ], [ -121.163483027306484, 46.651595133554586 ], [ -121.163380817810804, 46.651333767945772 ], [ -121.162249982076929, 46.651546372641512 ], [ -121.162147777547716, 46.651285006152477 ], [ -121.161770832066736, 46.651355872003826 ], [ -121.161668629733512, 46.651094505310773 ], [ -121.160537792581721, 46.651307095722956 ], [ -121.160435595214949, 46.651045728149732 ], [ -121.158927806536767, 46.651329166382808 ], [ -121.158825615521707, 46.651067797591388 ], [ -121.158448667710701, 46.651138654258446 ], [ -121.158346478891616, 46.6508772852631 ], [ -121.154576970049732, 46.651585792383216 ], [ -121.154474795894401, 46.651324420141478 ], [ -121.154097841937343, 46.651395264898447 ], [ -121.153995669977874, 46.651133892452869 ], [ -121.153618716595631, 46.651204735850527 ], [ -121.15351654683208, 46.650943363201129 ], [ -121.152008730739411, 46.651226725226572 ], [ -121.152110894961439, 46.651488099228025 ], [ -121.150226099682783, 46.651842280470404 ], [ -121.150328257788175, 46.652103656296049 ], [ -121.1495743312326, 46.652245322319757 ], [ -121.149676487377505, 46.652506698955605 ], [ -121.148922554809246, 46.652648361569923 ], [ -121.149024708993608, 46.652909739016074 ], [ -121.148647740108316, 46.652980569129234 ], [ -121.148749893717579, 46.653241947047626 ], [ -121.148372922636341, 46.653312776477364 ], [ -121.148475075670476, 46.65357415486811 ], [ -121.148098102393263, 46.653644983614477 ], [ -121.148200254852298, 46.653906362477557 ], [ -121.147823279379068, 46.653977190540559 ], [ -121.148027583957273, 46.654499949345684 ], [ -121.147650604902481, 46.654570777063284 ], [ -121.147854909951235, 46.655093537081846 ], [ -121.147477927314725, 46.655164364454038 ], [ -121.147580079669154, 46.655425745002916 ], [ -121.147203094836584, 46.655496571691714 ], [ -121.147305246615815, 46.655757952712946 ], [ -121.146928259587114, 46.65582877871838 ], [ -121.147132562805595, 46.656351541840102 ], [ -121.14675557219509, 46.656422367500127 ], [ -121.146959875884008, 46.656945131835577 ], [ -121.146582881691629, 46.657015957150143 ], [ -121.146787185850968, 46.657538722699414 ], [ -121.146410188076658, 46.657609547668649 ], [ -121.146512339986273, 46.657870930982973 ], [ -121.145758339234675, 46.658012578533139 ], [ -121.145962639942297, 46.658535346917375 ], [ -121.145585635579195, 46.658606169836283 ], [ -121.145687785762888, 46.658867554568218 ], [ -121.145310779203513, 46.658938376803668 ], [ -121.145412928811879, 46.6591997620081 ], [ -121.145035920056188, 46.659270583560136 ], [ -121.145138069089185, 46.659531969237115 ], [ -121.144761058137149, 46.659602790105772 ], [ -121.144863206594749, 46.659864176255297 ], [ -121.144486193446369, 46.659934996440391 ], [ -121.1445883413286, 46.660196383062591 ], [ -121.144211325983832, 46.660267202564235 ], [ -121.144313473290637, 46.660528589659016 ], [ -121.143559437397897, 46.66067022627383 ], [ -121.143661582743306, 46.660931614179212 ], [ -121.143284562195305, 46.661002431292395 ], [ -121.143386706965245, 46.661263819670424 ], [ -121.1430096842208, 46.661334636100115 ], [ -121.143111828415272, 46.661596024950839 ], [ -121.142734803474369, 46.661666840697002 ], [ -121.142836947093301, 46.661928230020308 ], [ -121.139066639249933, 46.662636334676854 ], [ -121.138964509491402, 46.662374941973248 ], [ -121.138587475635902, 46.662445746482277 ], [ -121.137566236479856, 46.659831823472466 ], [ -121.137189215674482, 46.659902623580138 ], [ -121.136984980338809, 46.659379839917747 ], [ -121.136607961495187, 46.659450638328018 ], [ -121.136097394264922, 46.658143679837572 ], [ -121.135720381540963, 46.658214475536667 ], [ -121.135618271911468, 46.657953083904381 ], [ -121.135241259763291, 46.658023878244066 ], [ -121.135139152329899, 46.65776248640843 ], [ -121.134762140757559, 46.657833279388711 ], [ -121.134660035520255, 46.65757188734969 ], [ -121.134283024523739, 46.657642678970582 ], [ -121.134180921482525, 46.65738128672831 ], [ -121.133803911061847, 46.657452076989756 ], [ -121.133701810216692, 46.65719068454414 ], [ -121.133324800371867, 46.657261473446191 ], [ -121.133222701722786, 46.657000080797232 ], [ -121.132091671485753, 46.657212440360546 ], [ -121.131989577804632, 46.656951046832582 ], [ -121.131235556368324, 46.657092614091439 ], [ -121.131133466269191, 46.65683122002239 ], [ -121.130756455721993, 46.656902001781603 ], [ -121.130654367818849, 46.656640607509281 ], [ -121.129146323074238, 46.656923722979556 ], [ -121.129044241525065, 46.656662327490558 ], [ -121.128290217065043, 46.656803878420696 ], [ -121.128188139097858, 46.656542482390599 ], [ -121.12781112703901, 46.65661325598559 ], [ -121.127709051267743, 46.65635185975227 ], [ -121.127332039785003, 46.656422631987901 ], [ -121.12722996620964, 46.656161235551423 ], [ -121.12685295530305, 46.656232006427693 ], [ -121.126750883923592, 46.655970609787971 ], [ -121.126373873593167, 46.656041379304916 ], [ -121.126271804409583, 46.655779982461972 ], [ -121.124009733736742, 46.656204576084193 ], [ -121.123907673679298, 46.655943177349386 ], [ -121.123530660452261, 46.656013939039802 ], [ -121.12342860259065, 46.655752540101858 ], [ -121.123051589939919, 46.655823300433006 ], [ -121.122949534274127, 46.655561901291925 ], [ -121.122572522199746, 46.655632660263713 ], [ -121.122470468729759, 46.655371260919487 ], [ -121.122093457231713, 46.655442018532064 ], [ -121.12199140595753, 46.655180618984687 ], [ -121.121614395035849, 46.655251375237931 ], [ -121.121512345957456, 46.654989975487489 ], [ -121.121135335612166, 46.655060730381472 ], [ -121.121033288729492, 46.654799330427771 ], [ -121.120656278960595, 46.654870083962557 ], [ -121.120554234273683, 46.654608683805819 ], [ -121.119046192646039, 46.654891686378129 ], [ -121.118944154313084, 46.654630285005368 ], [ -121.118567143268237, 46.654701032756826 ], [ -121.118465107130987, 46.654439631180921 ], [ -121.117711085384741, 46.654581122943711 ], [ -121.11760905282928, 46.654319720827154 ], [ -121.117232042127938, 46.654390464838528 ], [ -121.117130011768126, 46.654129062518869 ], [ -121.11675300164336, 46.654199805171004 ], [ -121.116650973479167, 46.653938402648315 ], [ -121.116273963931008, 46.654009143941288 ], [ -121.115967888453866, 46.653224936167661 ], [ -121.116344893843717, 46.653154195887574 ], [ -121.116242868917567, 46.652892793903071 ], [ -121.116619872111869, 46.65282205293893 ], [ -121.116517846609113, 46.652560651426569 ], [ -121.116894847607938, 46.652489909778453 ], [ -121.116792821528605, 46.652228508738212 ], [ -121.117169820331867, 46.652157766406056 ], [ -121.117067793676, 46.651896365837892 ], [ -121.117444790283756, 46.651825622821839 ], [ -121.117240736628446, 46.651302822764151 ], [ -121.117617729654754, 46.651232079401687 ], [ -121.117515702655339, 46.650970679912064 ], [ -121.117892693486198, 46.650899935865716 ], [ -121.117688639143822, 46.650377137965087 ], [ -121.118065626393303, 46.650306393572272 ], [ -121.117861572516929, 46.649783596884632 ], [ -121.118238556185105, 46.64971285214547 ], [ -121.118034502774719, 46.649190056670562 ], [ -121.11841148286166, 46.649119311585004 ], [ -121.118207429917291, 46.648596517322886 ], [ -121.118584406423082, 46.648525771890895 ], [ -121.118482379779195, 46.648264375298972 ], [ -121.11838035394473, 46.648002978841376 ], [ -121.118757326869414, 46.647932233063031 ], [ -121.117227015691299, 46.64401130738139 ], [ -121.116850063552931, 46.644082048097054 ], [ -121.115115954564345, 46.639638363101113 ], [ -121.116246737886129, 46.639426155099336 ], [ -121.116042732125038, 46.638903373202524 ], [ -121.116419655509716, 46.638832635833971 ], [ -121.116215650214201, 46.638309855148435 ], [ -121.116592570018796, 46.638239117433322 ], [ -121.116286563987558, 46.637454948422544 ], [ -121.116663478826766, 46.637384210698286 ], [ -121.116459476080635, 46.636861432702723 ], [ -121.117967116263145, 46.636578474291362 ], [ -121.117865110562263, 46.636317086844151 ], [ -121.118618923028095, 46.636175602185425 ], [ -121.11851691536566, 46.635914215546933 ], [ -121.11927072182435, 46.635772727477743 ], [ -121.119168712200405, 46.635511341648069 ], [ -121.119545612830763, 46.635440596418924 ], [ -121.119443602630696, 46.635179211060532 ], [ -121.119820501066613, 46.635108465147567 ], [ -121.119616480323359, 46.63458569550734 ], [ -121.119993375179618, 46.634514949247865 ], [ -121.119891364636473, 46.634253564966045 ], [ -121.120268257298392, 46.634182818022694 ], [ -121.120064235868995, 46.633660050535546 ], [ -121.120441124951384, 46.633589303245678 ], [ -121.120237103988103, 46.633066536968862 ], [ -121.120613989491019, 46.632995789332469 ], [ -121.119797926920356, 46.630904732278474 ], [ -121.119421052498467, 46.630975477216104 ], [ -121.119319049703009, 46.630714095349248 ], [ -121.118942175857185, 46.630784838928371 ], [ -121.118840175255826, 46.630523456858015 ], [ -121.118463301986054, 46.630594199078644 ], [ -121.118361303578808, 46.630332816804824 ], [ -121.117984430885159, 46.630403557666888 ], [ -121.117882434671955, 46.630142175189555 ], [ -121.117505562554427, 46.630212914693196 ], [ -121.117403568535281, 46.629951532012335 ], [ -121.117026696993904, 46.630022270157475 ], [ -121.116924705168771, 46.62976088727315 ], [ -121.116547834203544, 46.629831624059811 ], [ -121.116445844572439, 46.629570240972029 ], [ -121.116068974183392, 46.629640976400196 ], [ -121.115865000118092, 46.629118209951535 ], [ -121.115488131690299, 46.629188943683964 ], [ -121.114978217607629, 46.627882028217151 ], [ -121.11460135529633, 46.62795275924222 ], [ -121.114499376291349, 46.627691376212894 ], [ -121.114122514556257, 46.627762105879576 ], [ -121.11402053774512, 46.627500722646829 ], [ -121.113643676586292, 46.627571450955045 ], [ -121.113541701969012, 46.627310067518884 ], [ -121.112787979995133, 46.627451520397472 ], [ -121.112686008956686, 46.627190136420609 ], [ -121.112309148141676, 46.62726086099093 ], [ -121.11220717929703, 46.626999476810632 ], [ -121.111830319058342, 46.627070200022587 ], [ -121.111728352407482, 46.62680881563886 ], [ -121.111351492745143, 46.626879537492421 ], [ -121.110637758527403, 46.62504984819055 ], [ -121.110260907751609, 46.625120566662858 ], [ -121.110158950340079, 46.624859182674598 ], [ -121.109782100140663, 46.624929899788668 ], [ -121.109680144922763, 46.624668515596944 ], [ -121.109303295299739, 46.624739231352748 ], [ -121.109201342275441, 46.624477846957596 ], [ -121.108824493228823, 46.62454856135512 ], [ -121.10872254239807, 46.624287176756518 ], [ -121.108345693927916, 46.624357889795739 ], [ -121.108243745290721, 46.624096504993759 ], [ -121.107866897397017, 46.624167216674792 ], [ -121.107764950953339, 46.623905831669404 ], [ -121.107388103636112, 46.623976541992114 ], [ -121.107286159385964, 46.623715156783362 ], [ -121.106909312645229, 46.623785865747806 ], [ -121.106705429340423, 46.623263095057126 ], [ -121.106328584561197, 46.623333802326314 ], [ -121.106124707260236, 46.62281103149617 ], [ -121.105747864442549, 46.622881737070131 ], [ -121.10564592838972, 46.622620351518492 ], [ -121.105269086148553, 46.622691055734201 ], [ -121.105065219238099, 46.622168284357841 ], [ -121.1046883789585, 46.622238986878294 ], [ -121.103567183983543, 46.61936375015528 ], [ -121.103944009028979, 46.619293051341735 ], [ -121.103740163135512, 46.618770283439027 ], [ -121.104116984602953, 46.618699584278332 ], [ -121.104015061483807, 46.618438200864205 ], [ -121.104391880758115, 46.618367501019335 ], [ -121.10428995706242, 46.618106118075751 ], [ -121.104666774143681, 46.618035417546757 ], [ -121.104564849871437, 46.61777403507363 ], [ -121.104941664759579, 46.617703333860518 ], [ -121.104839739910858, 46.617441951857899 ], [ -121.105216552605938, 46.617371249960627 ], [ -121.105114627180726, 46.61710986842845 ], [ -121.105491437682772, 46.617039165847096 ], [ -121.105389511681082, 46.616777784785285 ], [ -121.105766319990138, 46.616707081519806 ], [ -121.105664393411971, 46.616445700928459 ], [ -121.106041199528022, 46.616374996978813 ], [ -121.105939272373433, 46.616113616857938 ], [ -121.10631607629648, 46.616042912224245 ], [ -121.105806445724113, 46.614736015305766 ], [ -121.105429648724424, 46.614806718254727 ], [ -121.105327726419318, 46.614545338934384 ], [ -121.10495092999605, 46.614616040525377 ], [ -121.104849009883822, 46.614354661001478 ], [ -121.104472214037003, 46.614425361234581 ], [ -121.104370296117636, 46.614163981507168 ], [ -121.103993500847281, 46.614234680382332 ], [ -121.103891585120707, 46.613973300451363 ], [ -121.103514790426814, 46.614043997968608 ], [ -121.103310964167477, 46.613521237833147 ], [ -121.10293417143474, 46.613591933655549 ], [ -121.10283226090192, 46.613330553451014 ], [ -121.102455468745703, 46.613401247915533 ], [ -121.102353560405604, 46.613139867507535 ], [ -121.101976768825935, 46.613210560614135 ], [ -121.101874862678599, 46.612949180002623 ], [ -121.101498071675479, 46.613019871751376 ], [ -121.10139616772085, 46.612758490936393 ], [ -121.101019377294293, 46.612829181327207 ], [ -121.100917475532356, 46.612567800308753 ], [ -121.100540685682418, 46.61263848934172 ], [ -121.100438786113145, 46.612377108119787 ], [ -121.100061996839813, 46.612447795794893 ], [ -121.099756307134001, 46.611663651918789 ], [ -121.099379521206572, 46.611734337562403 ], [ -121.099277627638571, 46.611472956200288 ], [ -121.098900842287804, 46.611543640486104 ], [ -121.098798950912368, 46.611282258920525 ], [ -121.098422166138249, 46.611352941848423 ], [ -121.098320276955391, 46.61109156007943 ], [ -121.097943492757977, 46.611162241649538 ], [ -121.09784160576767, 46.610900859677102 ], [ -121.097464822146947, 46.61097153988942 ], [ -121.09726105335929, 46.61044877567096 ], [ -121.096884271699921, 46.610519454188683 ], [ -121.096782389902515, 46.610258071942752 ], [ -121.095652044231088, 46.610470100359578 ], [ -121.095753921874618, 46.610731483615851 ], [ -121.094623564778686, 46.610943503853662 ], [ -121.094521691289145, 46.610682119587167 ], [ -121.094144905359514, 46.610752790620907 ], [ -121.094043034062452, 46.610491406151048 ], [ -121.091405519630229, 46.610986072440944 ], [ -121.091303658833823, 46.6107246857474 ], [ -121.090550078781561, 46.61086600911019 ], [ -121.090448221562283, 46.610604621876668 ], [ -121.090071431709362, 46.610675281689673 ], [ -121.089969576682535, 46.610413894252908 ], [ -121.089592787406659, 46.610484552708208 ], [ -121.089490934572225, 46.610223165068085 ], [ -121.089114145873424, 46.610293822165666 ], [ -121.088910445396948, 46.609771046612238 ], [ -121.088533658659998, 46.60984170201538 ], [ -121.087820742124862, 46.608011989422643 ], [ -121.087443964273234, 46.608082641448334 ], [ -121.087036606700863, 46.60703709298209 ], [ -121.086659833580327, 46.607107742640267 ], [ -121.086557997590674, 46.606846355520361 ], [ -121.086181225047284, 46.606917003820932 ], [ -121.08607939124974, 46.606655616497775 ], [ -121.085702619283538, 46.60672626344077 ], [ -121.085091641762347, 46.605157940281011 ], [ -121.084714877296463, 46.605228584183614 ], [ -121.084002116616816, 46.603398877537543 ], [ -121.084378871390754, 46.603328235990595 ], [ -121.084175229979294, 46.602805464535045 ], [ -121.084551981176844, 46.602734822640123 ], [ -121.084450160297607, 46.602473437448644 ], [ -121.08407341048455, 46.602544079007089 ], [ -121.083971591797081, 46.602282693612246 ], [ -121.083594842561212, 46.602353333813156 ], [ -121.083493026065554, 46.602091948215055 ], [ -121.083116277406887, 46.602162587058466 ], [ -121.082709025034831, 46.601117044651623 ], [ -121.082332281106844, 46.601187681128174 ], [ -121.082128662533165, 46.600664910050675 ], [ -121.081751920566902, 46.600735544833455 ], [ -121.080835689400431, 46.598383078545808 ], [ -121.080458959086855, 46.598453709279866 ], [ -121.080255363808149, 46.597930939784803 ], [ -121.079878635456225, 46.598001568825154 ], [ -121.079776840411881, 46.597740183940786 ], [ -121.079400112637245, 46.597810811623773 ], [ -121.078891156443035, 46.596503887516107 ], [ -121.078514434783173, 46.59657451249636 ], [ -121.078310860723249, 46.596051743111822 ], [ -121.077934141025111, 46.596122366398433 ], [ -121.077832356589923, 46.595860981569338 ], [ -121.077425226918763, 46.594815443582966 ], [ -121.078555362827785, 46.594603575705072 ], [ -121.078453578274519, 46.594342192549874 ], [ -121.078830287246049, 46.59427156821846 ], [ -121.078728502115467, 46.594010185532483 ], [ -121.079481914869234, 46.593868934479666 ], [ -121.079380127777171, 46.593607552599259 ], [ -121.080886938064367, 46.5933250395884 ], [ -121.080683355227606, 46.59280227891692 ], [ -121.081060053013658, 46.592731648784728 ], [ -121.080856470636505, 46.59220888931744 ], [ -121.081233164847319, 46.592138258837011 ], [ -121.081029582929801, 46.59161550057383 ], [ -121.08140627356542, 46.591544869745185 ], [ -121.081100902589, 46.590760734355683 ], [ -121.081477588265486, 46.590690103515101 ], [ -121.081172220399282, 46.589905970329816 ], [ -121.081548901116747, 46.589835339477325 ], [ -121.081447112057859, 46.589573962350869 ], [ -121.081823790584409, 46.589503330813862 ], [ -121.081722000948403, 46.589241954156421 ], [ -121.082098677284051, 46.58917132193497 ], [ -121.081895097664869, 46.588648569690818 ], [ -121.082271770425677, 46.588577937121144 ], [ -121.082169980442472, 46.588316561534477 ], [ -121.082546651012464, 46.588245928280344 ], [ -121.082343070698926, 46.587723178177789 ], [ -121.082719737694148, 46.587652544575427 ], [ -121.082109007815376, 46.586084299470343 ], [ -121.082485665700503, 46.586013666864744 ], [ -121.082383878827542, 46.585752293481214 ], [ -121.082760534522009, 46.585681660191078 ], [ -121.082658747072074, 46.58542028727647 ], [ -121.083412053272795, 46.585279018306665 ], [ -121.083310263862131, 46.585017646197151 ], [ -121.083686914368428, 46.584947010517403 ], [ -121.083585124380861, 46.58468563887677 ], [ -121.084338420205327, 46.584544365127712 ], [ -121.084236628257116, 46.58428299429216 ], [ -121.0846132735753, 46.584212356222864 ], [ -121.084511481050242, 46.583950985856156 ], [ -121.084888124177851, 46.583880347102401 ], [ -121.084684538780877, 46.583357607439169 ], [ -121.085061178334243, 46.583286968337262 ], [ -121.084959385462355, 46.583025599040759 ], [ -121.085336022825189, 46.582954959254387 ], [ -121.085234229376496, 46.582693590426665 ], [ -121.085610864548855, 46.582622949955869 ], [ -121.085407277304725, 46.582100213370445 ], [ -121.085783908902954, 46.582029572551541 ], [ -121.085580322119029, 46.581506837168575 ], [ -121.085956950143199, 46.581436196001491 ], [ -121.085855156577892, 46.581174828844965 ], [ -121.086231782411645, 46.581104186993507 ], [ -121.086129988269619, 46.580842820305691 ], [ -121.086883234749479, 46.580701534213311 ], [ -121.086781438647208, 46.580440168330412 ], [ -121.08715805929333, 46.580369524089519 ], [ -121.087056262614396, 46.580108158675358 ], [ -121.087432881070157, 46.580037513750078 ], [ -121.087331083814547, 46.579776148804569 ], [ -121.087707700079974, 46.579705503194887 ], [ -121.087605902247731, 46.579444138718024 ], [ -121.087982516322839, 46.579373492424018 ], [ -121.087880717913947, 46.579112128415801 ], [ -121.089387160612048, 46.57882953437899 ], [ -121.089285357476271, 46.578568171848026 ], [ -121.091544989016555, 46.578144252193617 ], [ -121.091443178387422, 46.577882891812436 ], [ -121.091819779436619, 46.577812235301074 ], [ -121.091717968231094, 46.577550875388447 ], [ -121.09247116514203, 46.577409559976708 ], [ -121.092369351976799, 46.577148200868869 ], [ -121.092745947838594, 46.577077541968471 ], [ -121.092644134096986, 46.5768161833292 ], [ -121.094527094385441, 46.576462875200953 ], [ -121.094628915043316, 46.576724232158945 ], [ -121.096511862073584, 46.576370896837268 ], [ -121.096613690454546, 46.576632252246206 ], [ -121.097366866383894, 46.576490910301665 ], [ -121.097468698338304, 46.576752265170299 ], [ -121.09972821505572, 46.576328212828031 ], [ -121.09983005611619, 46.576589565811027 ], [ -121.10095980772833, 46.576377524854898 ], [ -121.101061653745305, 46.576638876961141 ], [ -121.103697722270979, 46.576144076660789 ], [ -121.103799578776844, 46.576405426544817 ], [ -121.105305891421978, 46.576122659721413 ], [ -121.105407754267304, 46.57638400839209 ], [ -121.106537484423839, 46.576171921551236 ], [ -121.106639352225528, 46.576433269344975 ], [ -121.108145653330524, 46.576150471259389 ], [ -121.108247527471576, 46.576411817839613 ], [ -121.108624102112429, 46.576341115430814 ], [ -121.108522226588391, 46.576079769187025 ], [ -121.110028511546119, 46.575796950693885 ], [ -121.109926631297654, 46.575535605927939 ], [ -121.112186026214459, 46.575111349596234 ], [ -121.112287914760358, 46.5753726923435 ], [ -121.11379416742075, 46.575089833036451 ], [ -121.113692273343432, 46.574828491634982 ], [ -121.115198507552549, 46.574545617348711 ], [ -121.115300407161158, 46.574806957404313 ], [ -121.121325236911446, 46.573675291629151 ], [ -121.121223315179208, 46.573413956957779 ], [ -121.121599858791043, 46.573343219511173 ], [ -121.121497936483834, 46.573081885308383 ], [ -121.121874477905365, 46.573011147178001 ], [ -121.121772555023185, 46.572749813443757 ], [ -121.122149094254439, 46.572679074629718 ], [ -121.122047170797345, 46.572417741363957 ], [ -121.122423707838308, 46.572347001866184 ], [ -121.122321783806314, 46.572085669068954 ], [ -121.122698318657001, 46.572014928887576 ], [ -121.121882944416186, 46.569924273950789 ], [ -121.122259467399019, 46.569853535441268 ], [ -121.12205562915014, 46.56933087369903 ], [ -121.122432148560421, 46.569260134842409 ], [ -121.122330229264918, 46.568998804505547 ], [ -121.12270674648515, 46.56892806496527 ], [ -121.122604826614833, 46.568666735096812 ], [ -121.12298134164503, 46.568595994872787 ], [ -121.122777501562311, 46.568073336204257 ], [ -121.123154013020127, 46.568002595633175 ], [ -121.123052092807754, 46.56774126683306 ], [ -121.123428602075577, 46.567670525578308 ], [ -121.123326681288418, 46.567409197246484 ], [ -121.123703188366292, 46.567338455308061 ], [ -121.123601267004375, 46.567077127444541 ], [ -121.123977771892299, 46.567006384822527 ], [ -121.123875849955652, 46.566745057427269 ], [ -121.124252352653656, 46.566674314121514 ], [ -121.124150430142279, 46.566412987194511 ], [ -121.124526930650404, 46.566342243205199 ], [ -121.124425007564312, 46.566080916746387 ], [ -121.124801505882544, 46.56601017207344 ], [ -121.124699582221751, 46.565748846082876 ], [ -121.125076078350133, 46.565678100726366 ], [ -121.124974154114668, 46.565416775203957 ], [ -121.125350648053185, 46.565346029163763 ], [ -121.125248723243089, 46.565084704109573 ], [ -121.125625214991786, 46.565013957385823 ], [ -121.125523289607045, 46.564752632799852 ], [ -121.125899779165934, 46.564681885392424 ], [ -121.125797853206592, 46.564420561274623 ], [ -121.126174340575687, 46.564349813183661 ], [ -121.126072414041715, 46.564088489533951 ], [ -121.126448899221046, 46.564017740759411 ], [ -121.126346972112515, 46.563756417577864 ], [ -121.126723455102095, 46.563685668119675 ], [ -121.126621527419005, 46.563424345406233 ], [ -121.126998008218862, 46.563353595264537 ], [ -121.126896079961213, 46.563092273019201 ], [ -121.127272558571349, 46.563021522193964 ], [ -121.127170629739197, 46.562760200416704 ], [ -121.127547106159625, 46.562689448907868 ], [ -121.127445176752957, 46.5624281275987 ], [ -121.127821650983719, 46.562357375406265 ], [ -121.127719721002578, 46.56209605456521 ], [ -121.128096193043689, 46.562025301689225 ], [ -121.127994262488073, 46.561763981316226 ], [ -121.128370732339548, 46.561693227756713 ], [ -121.128268801209458, 46.56143190785172 ], [ -121.128645268871324, 46.561361153608665 ], [ -121.128543337166803, 46.561099834171749 ], [ -121.128919802639047, 46.561029079245174 ], [ -121.128817870360137, 46.560767760276157 ], [ -121.130700178697495, 46.560413972026133 ], [ -121.130598240316345, 46.56015265487104 ], [ -121.130974698179031, 46.560081894497564 ], [ -121.130872759223578, 46.559820577810392 ], [ -121.131249214896727, 46.559749816753467 ], [ -121.131045336644874, 46.559227184446605 ], [ -121.131421788746607, 46.559156423042651 ], [ -121.131319849450222, 46.558895107422885 ], [ -121.133954981875561, 46.558399751392756 ], [ -121.134056930844821, 46.558661064657215 ], [ -121.134809821318157, 46.558519524510736 ], [ -121.134707869585284, 46.558258211919274 ], [ -121.135837195092165, 46.55804589505977 ], [ -121.135735240021702, 46.55778458360917 ], [ -121.137617426136629, 46.557430703461598 ], [ -121.137515464965304, 46.557169393824921 ], [ -121.141279762795619, 46.556461560405921 ], [ -121.141177788615678, 46.556200254265889 ], [ -121.14193063572479, 46.556058676017194 ], [ -121.141828659589507, 46.55579737068156 ], [ -121.14220508055071, 46.555726580364023 ], [ -121.142103103841748, 46.555465275496196 ], [ -121.142855940577533, 46.555323692474929 ], [ -121.142753961913343, 46.555062388411436 ], [ -121.143130377687953, 46.554991595707655 ], [ -121.142926420020089, 46.554468988647557 ], [ -121.143302832223867, 46.55439819559713 ], [ -121.143200853220236, 46.554136892600532 ], [ -121.143953672441299, 46.553995304113286 ], [ -121.143851691482595, 46.553734001920986 ], [ -121.144980910110931, 46.553521612551627 ], [ -121.145082895213918, 46.553782913734281 ], [ -121.145459301189035, 46.553712114901735 ], [ -121.145561288481346, 46.553973415879057 ], [ -121.146314100770709, 46.553831814481704 ], [ -121.146416091633739, 46.55409311491708 ], [ -121.147168903454187, 46.553951508767575 ], [ -121.14727089788795, 46.554212808661021 ], [ -121.147647303967673, 46.554142003720074 ], [ -121.147749300590789, 46.554403303408172 ], [ -121.148125707243906, 46.55433249711092 ], [ -121.148227706056431, 46.554593796593558 ], [ -121.148604113282929, 46.554522988939993 ], [ -121.148706114284849, 46.554784288217242 ], [ -121.149082522084768, 46.554713479207294 ], [ -121.149184525276084, 46.554974778279174 ], [ -121.149937341214596, 46.554833156526797 ], [ -121.15003934797673, 46.55509445505664 ], [ -121.150415756115279, 46.555023642314239 ], [ -121.15051776506688, 46.555284940638664 ], [ -121.150894173778752, 46.555214126539887 ], [ -121.150996184919833, 46.55547542465888 ], [ -121.151372594204986, 46.555404609203741 ], [ -121.151474607535533, 46.555665907117273 ], [ -121.15185101739398, 46.555595090305765 ], [ -121.151953032914037, 46.555856388013851 ], [ -121.152705852969248, 46.555714750658261 ], [ -121.153011912666699, 46.556498642549897 ], [ -121.15338832562621, 46.556427821332463 ], [ -121.154408590965346, 46.559040799469273 ], [ -121.155161442088314, 46.558899147240808 ], [ -121.155263475830594, 46.559160445103032 ], [ -121.156016326483268, 46.55901878812201 ], [ -121.156118363796793, 46.559280085442062 ], [ -121.156871213979031, 46.559138423708475 ], [ -121.156973254863814, 46.559399720486276 ], [ -121.158102528218762, 46.559187219227418 ], [ -121.158204574056228, 46.559448515126199 ], [ -121.159710266070846, 46.559165164490828 ], [ -121.15981231824243, 46.559426459173672 ], [ -121.160941582908904, 46.55921393447943 ], [ -121.160839526593165, 46.558952640807028 ], [ -121.16121594515036, 46.558881797539648 ], [ -121.161113888261738, 46.558620504335352 ], [ -121.161866720187973, 46.558478815415057 ], [ -121.161764661345146, 46.558217523015607 ], [ -121.163646720105504, 46.557863284554301 ], [ -121.163748785854835, 46.558124575269595 ], [ -121.164501606461883, 46.557982872073595 ], [ -121.164603675782331, 46.558244162246424 ], [ -121.166109312818733, 46.557960742270836 ], [ -121.166211388472775, 46.558222031227416 ], [ -121.166964204901873, 46.558080314447842 ], [ -121.167066284126989, 46.558341602861873 ], [ -121.167442692509837, 46.558270742605686 ], [ -121.167544773924831, 46.55853203081405 ], [ -121.167921182880264, 46.558461169201308 ], [ -121.16802326648515, 46.55872245720392 ], [ -121.168776084732428, 46.558580730245723 ], [ -121.16887817190846, 46.558842017705778 ], [ -121.169254581200278, 46.558771152360222 ], [ -121.169152492643065, 46.55850986523707 ], [ -121.170658116198382, 46.558226395006152 ], [ -121.170760210280406, 46.558487680781553 ], [ -121.171513019968032, 46.558345938874346 ], [ -121.171410923123673, 46.558084653772774 ], [ -121.17216372681392, 46.557942908460923 ], [ -121.172265826420571, 46.558204192888596 ], [ -121.173395030033475, 46.557991566262729 ], [ -121.17329292628348, 46.55773028284591 ], [ -121.173669324489069, 46.557659405601669 ], [ -121.173771429620189, 46.55792068868157 ], [ -121.174900623527293, 46.557708049820349 ], [ -121.175002733610512, 46.557969332020484 ], [ -121.17537913134295, 46.557898450023878 ], [ -121.175481243616119, 46.558159732018197 ], [ -121.175857641920743, 46.558088848665058 ], [ -121.175959756383889, 46.558350130453427 ], [ -121.176336155260699, 46.558279245743648 ], [ -121.176234039416499, 46.558017964292226 ], [ -121.17661043610336, 46.557947078899844 ], [ -121.176508319686988, 46.557685797916498 ], [ -121.176884714183871, 46.557614911841519 ], [ -121.17678259719537, 46.557353631326293 ], [ -121.177535381000425, 46.557211856791568 ], [ -121.17743326205877, 46.55695057708143 ], [ -121.178186039866134, 46.556808799142331 ], [ -121.178083918971424, 46.556547520237281 ], [ -121.178460305280765, 46.556476630075366 ], [ -121.178358183813984, 46.556215351638315 ], [ -121.178734567933461, 46.556144460793917 ], [ -121.178632445894664, 46.5558831828249 ], [ -121.179008827824248, 46.555812291297926 ], [ -121.178906705213436, 46.555551013796901 ], [ -121.179283084953184, 46.555480121587365 ], [ -121.179180961770385, 46.555218844554389 ], [ -121.179557339320326, 46.555147951662313 ], [ -121.179455215565525, 46.554886675097357 ], [ -121.179831590925673, 46.554815781522748 ], [ -121.179729466598914, 46.554554505425763 ], [ -121.180105839769254, 46.554483611168585 ], [ -121.18000371487058, 46.554222335539578 ], [ -121.180756456022849, 46.554080544640691 ], [ -121.180858583683204, 46.554341819595756 ], [ -121.181234954426785, 46.554270922280047 ], [ -121.181337084276933, 46.554532197029047 ], [ -121.181713455592373, 46.554461298356898 ], [ -121.1818155876323, 46.554722572899898 ], [ -121.182191959519614, 46.554651672871223 ], [ -121.182396228788122, 46.555174221676133 ], [ -121.182772602628077, 46.555103319953858 ], [ -121.182874739856672, 46.555364594215739 ], [ -121.183251114268444, 46.555293691136946 ], [ -121.183455393914414, 46.555816239379617 ], [ -121.183831770278843, 46.555745334607309 ], [ -121.183933912696276, 46.556006608588106 ], [ -121.184310289632492, 46.555935702459138 ], [ -121.184412434239789, 46.556196976233842 ], [ -121.187799802683344, 46.555558772162584 ], [ -121.187901960527071, 46.555820043034565 ], [ -121.188278332133621, 46.555749126036552 ], [ -121.188380492167326, 46.556010396702419 ], [ -121.188756864345407, 46.555939478347867 ], [ -121.188859026569091, 46.556200748807576 ], [ -121.189235399318761, 46.556129829096392 ], [ -121.189337563732451, 46.556391099349966 ], [ -121.189713937053654, 46.556320178282171 ], [ -121.189918271070255, 46.556842718508022 ], [ -121.190294646343759, 46.556771795746442 ], [ -121.190396815946755, 46.557033065718734 ], [ -121.191149566827477, 46.556891216462923 ], [ -121.191251740001292, 46.557152485891876 ], [ -121.191628115608481, 46.557081559397588 ], [ -121.191730290972373, 46.557342828620392 ], [ -121.192106667151009, 46.557271900769429 ], [ -121.192208844705021, 46.557533169786048 ], [ -121.192961597395765, 46.557391310351441 ], [ -121.193714346849077, 46.557249446839002 ], [ -121.193816530735461, 46.557510714637836 ], [ -121.196074767954102, 46.557085097610312 ], [ -121.196176960934224, 46.557346363516842 ], [ -121.19692970295965, 46.557204482344375 ], [ -121.19703189951062, 46.55746574770739 ], [ -121.197408270689806, 46.557394805254717 ], [ -121.197510469430966, 46.557656070411447 ], [ -121.197886841181329, 46.557585126602163 ], [ -121.197989042112667, 46.557846391552651 ], [ -121.198741785946211, 46.55770450020119 ], [ -121.198843990448438, 46.557965764608063 ], [ -121.203360402012976, 46.557114326820503 ], [ -121.202951522592187, 46.556069286167599 ], [ -121.203327879437808, 46.555998327741719 ], [ -121.203123441824189, 46.555475808875073 ], [ -121.203499795099148, 46.555404850104438 ], [ -121.20339757612625, 46.555143591204647 ], [ -121.203773927211131, 46.555072631751869 ], [ -121.203671707667397, 46.554811373320256 ], [ -121.204048056562158, 46.554740413185378 ], [ -121.203945836447559, 46.554479155221891 ], [ -121.204698529047349, 46.554337232568699 ], [ -121.204596306981514, 46.55407597541052 ], [ -121.204972650686543, 46.55400501289224 ], [ -121.204870428049929, 46.553743756202081 ], [ -121.205623110270295, 46.553601828782057 ], [ -121.205520885682517, 46.553340572897319 ], [ -121.205897224197884, 46.553269607995624 ], [ -121.205692774690476, 46.552747097292944 ], [ -121.206069109635493, 46.552676132046471 ], [ -121.20586466060594, 46.552153622541326 ], [ -121.206240991980692, 46.552082656950162 ], [ -121.206138767300033, 46.551821402730944 ], [ -121.20651509648485, 46.551750436457723 ], [ -121.206412871233496, 46.551489182706483 ], [ -121.206789198228421, 46.551418215751234 ], [ -121.206686972406416, 46.551156962468006 ], [ -121.206310646791778, 46.551227929085968 ], [ -121.205697317142722, 46.549660410107144 ], [ -121.205320998999952, 46.549731373682398 ], [ -121.205218781605453, 46.54947012063942 ], [ -121.204089826460645, 46.54968300423792 ], [ -121.20398761401637, 46.549421750313982 ], [ -121.205869194975648, 46.549066940906158 ], [ -121.205766976439818, 46.548805688798787 ], [ -121.20689591116053, 46.548592791934936 ], [ -121.206793689293733, 46.548331540969897 ], [ -121.207546305632846, 46.548189605305595 ], [ -121.207444081815353, 46.547928355145615 ], [ -121.20782038739047, 46.547857386121905 ], [ -121.207718163002411, 46.547596136429675 ], [ -121.208470768963721, 46.547454195999087 ], [ -121.208368542625067, 46.547192947111895 ], [ -121.208744843011303, 46.547121975705082 ], [ -121.208642616102154, 46.546860727285726 ], [ -121.20939521168583, 46.546718782088817 ], [ -121.20929298282617, 46.546457534474435 ], [ -121.209669278023611, 46.546386560684489 ], [ -121.209567048593513, 46.546125313537914 ], [ -121.209943341601388, 46.546054339065982 ], [ -121.20984111160088, 46.545793092387115 ], [ -121.21021740241919, 46.545722117233296 ], [ -121.210115171848258, 46.545460871022129 ], [ -121.210491460477016, 46.545389895186361 ], [ -121.210389229335732, 46.545128649442951 ], [ -121.210765515774938, 46.54505767292526 ], [ -121.210561053161214, 46.544535182504205 ], [ -121.211313618091225, 46.544393227760366 ], [ -121.211211385238883, 46.544131983419952 ], [ -121.211587665109633, 46.544061004856587 ], [ -121.211383199073936, 46.543538517241508 ], [ -121.211759475375374, 46.543467538333481 ], [ -121.211657242192018, 46.543206295058759 ], [ -121.212409789606511, 46.543064334859693 ], [ -121.212307554473043, 46.542803092389853 ], [ -121.212683825586112, 46.542732111098921 ], [ -121.212581589882404, 46.542470869096661 ], [ -121.212957858806107, 46.542399887123828 ], [ -121.212855622532189, 46.542138645589183 ], [ -121.213231889266524, 46.542067662934514 ], [ -121.213129652422396, 46.541806421867399 ], [ -121.213505916967378, 46.541735438530871 ], [ -121.213301442948364, 46.541212957462179 ], [ -121.213677703924276, 46.54114197378096 ], [ -121.213575466749404, 46.540880733779325 ], [ -121.213951725536063, 46.54080974941629 ], [ -121.213849487791009, 46.54054850988215 ], [ -121.214225744388401, 46.540477524837264 ], [ -121.214123506073236, 46.540216285770619 ], [ -121.214499760481388, 46.540145300043903 ], [ -121.214397521596112, 46.539884061444788 ], [ -121.21477377381504, 46.53981307503625 ], [ -121.214671534359695, 46.539551836904579 ], [ -121.215047784389384, 46.539480849814204 ], [ -121.214843305148094, 46.538958374616115 ], [ -121.215219551608982, 46.538887387181106 ], [ -121.21511731182305, 46.538626150114617 ], [ -121.216998525086169, 46.538271199340571 ], [ -121.216896279211966, 46.5380099640903 ], [ -121.217272518056319, 46.537938971215709 ], [ -121.217170271612162, 46.537677736432848 ], [ -121.217546508267404, 46.537606742876491 ], [ -121.21744426125332, 46.537345508561046 ], [ -121.218196729376004, 46.537203519065876 ], [ -121.218094480412546, 46.536942285554971 ], [ -121.218470711879988, 46.536871289616123 ], [ -121.217959472309204, 46.535565125700003 ], [ -121.218335696069886, 46.535494130428198 ], [ -121.21823344920503, 46.535232898372584 ], [ -121.217857226823767, 46.53530389330718 ], [ -121.217243770911253, 46.533736501682306 ], [ -121.216867555996728, 46.533807493575097 ], [ -121.216560843106748, 46.533023798507259 ], [ -121.216937053883214, 46.532952807625911 ], [ -121.216834816492835, 46.532691576533892 ], [ -121.217211025080516, 46.532620584970871 ], [ -121.217108787120267, 46.532359354345949 ], [ -121.218989811020265, 46.532004382932953 ], [ -121.218478598879344, 46.530698240186993 ], [ -121.218854794334774, 46.530627244533385 ], [ -121.218548072626163, 46.529843561456815 ], [ -121.218924263134582, 46.52977256579576 ], [ -121.218822022804773, 46.52951133870058 ], [ -121.218445833675489, 46.529582334024489 ], [ -121.217627951208684, 46.527492519243005 ], [ -121.218004129305029, 46.527421526615733 ], [ -121.21759520198006, 46.526376623690346 ], [ -121.217971373750828, 46.526305631392525 ], [ -121.217766912186249, 46.525783181382998 ], [ -121.218143080389666, 46.525712188740435 ], [ -121.217631933746091, 46.524406067673461 ], [ -121.218008094245306, 46.524335075697344 ], [ -121.217803638494956, 46.523812628853094 ], [ -121.218179795427019, 46.523741636532201 ], [ -121.217975340155917, 46.523219190881022 ], [ -121.218351493520899, 46.523148198215424 ], [ -121.218249265720345, 46.522886975921459 ], [ -121.218625416897183, 46.52281598257418 ], [ -121.218318734214392, 46.522032317481511 ], [ -121.218694880445412, 46.521961324126544 ], [ -121.21838820090926, 46.521177661212079 ], [ -121.218012058814736, 46.521248653556029 ], [ -121.217807612594314, 46.520726211587466 ], [ -121.217431472448197, 46.52079720223886 ], [ -121.217124813322869, 46.520013539247493 ], [ -121.216748676503983, 46.520084527869287 ], [ -121.216544243890425, 46.519562085849373 ], [ -121.216168109019961, 46.519633072778547 ], [ -121.215861470304276, 46.518849409710207 ], [ -121.215485338761013, 46.518920394609943 ], [ -121.215280919753525, 46.518397952538535 ], [ -121.214904790158698, 46.518468935745844 ], [ -121.214700377144908, 46.517946493519069 ], [ -121.214324249498546, 46.51801747503383 ], [ -121.214119842478325, 46.517495032651716 ], [ -121.213743716780428, 46.517566012474035 ], [ -121.213130523407784, 46.515998686416253 ], [ -121.212754405173172, 46.516069663198671 ], [ -121.212550016611218, 46.515547221542221 ], [ -121.212173900325041, 46.515618196632367 ], [ -121.211969517756103, 46.515095754820322 ], [ -121.211593403418377, 46.515166728218176 ], [ -121.211184653501533, 46.514121844801139 ], [ -121.210808543869589, 46.514192815833141 ], [ -121.210604176521457, 46.513670374228006 ], [ -121.210228068837964, 46.513741343567808 ], [ -121.209614994476283, 46.512174019839442 ], [ -121.209991093888178, 46.51210305252031 ], [ -121.209786739480506, 46.511580612986712 ], [ -121.2101628353265, 46.511509645322469 ], [ -121.210060657957229, 46.511248426086581 ], [ -121.210436751615944, 46.511177457740445 ], [ -121.210334573676889, 46.510916238970751 ], [ -121.210710665148355, 46.510845269942813 ], [ -121.210608486639501, 46.510584051639221 ], [ -121.211360664399223, 46.510442111201108 ], [ -121.211462845665082, 46.510703328831184 ], [ -121.214095451997196, 46.510206502855866 ], [ -121.213993261082194, 46.509945287583079 ], [ -121.218882264059616, 46.509022482740178 ], [ -121.218984472893254, 46.509283693634494 ], [ -121.21936054576139, 46.509212701180218 ], [ -121.219258335549441, 46.50895149062265 ], [ -121.219634406230341, 46.508880497486714 ], [ -121.219429985476751, 46.508358077433201 ], [ -121.21980605259219, 46.508287083952354 ], [ -121.219703842050535, 46.508025874456315 ], [ -121.220079906978796, 46.507954880293859 ], [ -121.219773276072786, 46.507171253591601 ], [ -121.220149336057474, 46.507100259421144 ], [ -121.220047125995123, 46.506839051115634 ], [ -121.22042318379269, 46.506768056263532 ], [ -121.220320973161094, 46.506506848424067 ], [ -121.221449137565799, 46.506293858767513 ], [ -121.221551352331872, 46.506555065596494 ], [ -121.222679513590492, 46.506342065763683 ], [ -121.222781733299911, 46.506603271711391 ], [ -121.225414090902035, 46.506106234098873 ], [ -121.225311861546004, 46.505845030509022 ], [ -121.23020040257137, 46.504921832645849 ], [ -121.2300981561106, 46.504660633564534 ], [ -121.231978320896673, 46.504305513321889 ], [ -121.23208057424695, 46.504566710718635 ], [ -121.2324566061545, 46.504495683278193 ], [ -121.232558861691885, 46.504756880467149 ], [ -121.232934894168054, 46.504685851671482 ], [ -121.233037151892546, 46.504947048652518 ], [ -121.233413184937376, 46.504876018501584 ], [ -121.23351544484899, 46.505137215274772 ], [ -121.233891478462454, 46.505066183768548 ], [ -121.233789217172969, 46.504804987332328 ], [ -121.234165248599268, 46.504733955144722 ], [ -121.234062986741208, 46.504472759174526 ], [ -121.23481504441034, 46.504330692418272 ], [ -121.234712780605875, 46.504069497250974 ], [ -121.23584085690652, 46.503856390490235 ], [ -121.235738589777924, 46.50359519646279 ], [ -121.236866654661597, 46.503382081548367 ], [ -121.23676438420901, 46.503120888660803 ], [ -121.237140402840566, 46.503049848656367 ], [ -121.236935861607847, 46.502527463941938 ], [ -121.237311876674625, 46.502456423593188 ], [ -121.23720960589452, 46.502195231766372 ], [ -121.237585618774304, 46.502124190736332 ], [ -121.237483347425794, 46.50186299937539 ], [ -121.237859358118598, 46.501791957664032 ], [ -121.237757086201711, 46.501530766768965 ], [ -121.238885109291303, 46.501317636536363 ], [ -121.238782834050809, 46.501056446781028 ], [ -121.239158838751067, 46.500985401670683 ], [ -121.239056562942267, 46.500724212381229 ], [ -121.241312565882311, 46.500297922358307 ], [ -121.241108000161901, 46.499775548209556 ], [ -121.24185998915695, 46.499633444737555 ], [ -121.241757704755742, 46.4993722585303 ], [ -121.245893571204704, 46.498590620342497 ], [ -121.245791272460977, 46.49832943797086 ], [ -121.246919214907678, 46.498116243549703 ], [ -121.246816912841297, 46.497855062317804 ], [ -121.247944843870698, 46.497641859744625 ], [ -121.247842538481805, 46.497380679652572 ], [ -121.2485944856993, 46.49723854018729 ], [ -121.248492178365282, 46.49697736089788 ], [ -121.249996057577093, 46.496693071098463 ], [ -121.249893745543517, 46.496431893285866 ], [ -121.251021642320637, 46.496218666257569 ], [ -121.250919326964919, 46.495957489584676 ], [ -121.252799131849727, 46.495602092528394 ], [ -121.252901454091344, 46.495863267516057 ], [ -121.253653373132536, 46.495721100893185 ], [ -121.253551048136615, 46.495459926579635 ], [ -121.253927005065648, 46.495388842078171 ], [ -121.253824679502202, 46.495127668230253 ], [ -121.254200634244512, 46.495056583047848 ], [ -121.254098308113569, 46.494795409665556 ], [ -121.25447426066917, 46.49472432380221 ], [ -121.254371933970745, 46.494463150885586 ], [ -121.255123833898907, 46.494320976778958 ], [ -121.255021505255968, 46.494059804665042 ], [ -121.255397452628586, 46.493988716421804 ], [ -121.255295123418207, 46.493727544773435 ], [ -121.255671068604158, 46.493656455849262 ], [ -121.255466409858158, 46.493134113612307 ], [ -121.255842351480482, 46.493063024344217 ], [ -121.255740021944902, 46.492801853755594 ], [ -121.256115961380615, 46.492730763806563 ], [ -121.256013631277668, 46.492469593683509 ], [ -121.257141440596214, 46.492256318739898 ], [ -121.257039107172034, 46.491995149756455 ], [ -121.259670624272815, 46.491497474952787 ], [ -121.25956828201997, 46.491236308457161 ], [ -121.260320134008055, 46.491094107168983 ], [ -121.260217789811193, 46.490832941475915 ], [ -121.260593713213879, 46.49076183964204 ], [ -121.260491368449877, 46.490500674414498 ], [ -121.260867289666052, 46.490429571899803 ], [ -121.260764944334966, 46.49016840713773 ], [ -121.261140863364645, 46.490097303942207 ], [ -121.261038517466417, 46.489836139645604 ], [ -121.261414434309657, 46.489765035769217 ], [ -121.26131208784436, 46.489503871938133 ], [ -121.261688002501131, 46.48943276738094 ], [ -121.261585655468807, 46.489171604015276 ], [ -121.261961567939139, 46.489100498777269 ], [ -121.261859220339758, 46.488839335877017 ], [ -121.262235130623679, 46.488768229958218 ], [ -121.262132782457257, 46.488507067523358 ], [ -121.262508690554782, 46.488435960923745 ], [ -121.262406341821375, 46.488174798954297 ], [ -121.262782247732531, 46.488103691673935 ], [ -121.26267989843214, 46.487842530169885 ], [ -121.263055802156941, 46.487771422208731 ], [ -121.262953452289565, 46.487510261170009 ], [ -121.263329353828027, 46.487439152528076 ], [ -121.263227003393709, 46.487177991954709 ], [ -121.263602902745873, 46.487106882632013 ], [ -121.263500551744599, 46.486845722524016 ], [ -121.263876448910452, 46.486774612520534 ], [ -121.263774097342278, 46.486513452877851 ], [ -121.264149992321876, 46.486442342193648 ], [ -121.264047640186789, 46.486181183016242 ], [ -121.264423532980103, 46.486110071651325 ], [ -121.264321180278159, 46.485848912939211 ], [ -121.264697070885234, 46.485777800893551 ], [ -121.264594717616433, 46.485516642646722 ], [ -121.265346493648423, 46.4853744161761 ], [ -121.265244138436273, 46.485113258731623 ], [ -121.265620023861231, 46.485042144306632 ], [ -121.265517668082254, 46.484780987327433 ], [ -121.267021196179101, 46.48449652079821 ], [ -121.266918835703962, 46.48423536529539 ], [ -121.267294714327448, 46.484164246455776 ], [ -121.26719235328558, 46.483903091418192 ], [ -121.267568229722926, 46.483831971897871 ], [ -121.2674658681144, 46.483570817325472 ], [ -121.26784174236559, 46.483499697124515 ], [ -121.267739380190363, 46.483238543017301 ], [ -121.268115252255456, 46.483167422135651 ], [ -121.268012889513585, 46.482906268493643 ], [ -121.268764628461867, 46.482764024351269 ], [ -121.268662263777003, 46.482502871511521 ], [ -121.269413996733689, 46.482360623972426 ], [ -121.269311630105889, 46.482099471934887 ], [ -121.269687493993317, 46.482028346975817 ], [ -121.269585126798972, 46.481767195403421 ], [ -121.269960988500344, 46.481696069763728 ], [ -121.269858620739456, 46.481434918656447 ], [ -121.270234480254828, 46.481363792336147 ], [ -121.270029744409683, 46.480841491179902 ], [ -121.270405600362807, 46.480770364515934 ], [ -121.270303232278593, 46.480509214466942 ], [ -121.27067908604576, 46.480438087122472 ], [ -121.270576717395073, 46.480176937538431 ], [ -121.270952568976284, 46.480105809513368 ], [ -121.27085019975911, 46.479844660394484 ], [ -121.271226049154407, 46.479773531688778 ], [ -121.271021310396875, 46.479251234509093 ], [ -121.271397156230108, 46.479180105459804 ], [ -121.269861698140502, 46.475262897981466 ], [ -121.269485872948593, 46.475334021975776 ], [ -121.269383516928983, 46.475072875496856 ], [ -121.269007692303504, 46.475143998136588 ], [ -121.268393581442282, 46.473577119926397 ], [ -121.268017764263277, 46.473648239526923 ], [ -121.267813069870897, 46.473125947139074 ], [ -121.267437254634345, 46.473197065048261 ], [ -121.267334910028325, 46.472935918709169 ], [ -121.266959095358317, 46.473007035263855 ], [ -121.26583337324891, 46.470134430262604 ], [ -121.267712362830068, 46.469778855842108 ], [ -121.267610022433502, 46.469517712383734 ], [ -121.268361609848711, 46.469375476166697 ], [ -121.268259267509947, 46.469114333509758 ], [ -121.271641358430585, 46.468474223199479 ], [ -121.271539004519511, 46.468213083702118 ], [ -121.27341790871057, 46.467857432936405 ], [ -121.273315548730636, 46.46759629525112 ], [ -121.274067101989331, 46.467454028496633 ], [ -121.27396474006764, 46.467192891612754 ], [ -121.2758436021698, 46.466837208606229 ], [ -121.275741234179733, 46.466576073534483 ], [ -121.276868537599867, 46.46636265253251 ], [ -121.276766166292703, 46.46610151859911 ], [ -121.277893458300241, 46.465888089451418 ], [ -121.277791083676149, 46.465626956656308 ], [ -121.280421393729668, 46.465128922062704 ], [ -121.280319010287059, 46.464867791753598 ], [ -121.281446269753658, 46.464654334107024 ], [ -121.281343882994548, 46.4643932049363 ], [ -121.28209538250664, 46.46425089542587 ], [ -121.281992993806455, 46.463989767056525 ], [ -121.283120232876044, 46.463776296171943 ], [ -121.283017840859557, 46.46351516894083 ], [ -121.283393584221457, 46.463444010281677 ], [ -121.283291191639336, 46.463182883514975 ], [ -121.284042673183478, 46.463040563818709 ], [ -121.283940278660495, 46.462779437853364 ], [ -121.284316016842794, 46.462708276816265 ], [ -121.284213621754247, 46.462447151315288 ], [ -121.285340827317214, 46.462233663111242 ], [ -121.285238428912692, 46.461972538748455 ], [ -121.287117081780721, 46.461616706414922 ], [ -121.287014677310069, 46.461355583864368 ], [ -121.289269025779234, 46.460928553517427 ], [ -121.289166613867636, 46.460667433116079 ], [ -121.290669491151093, 46.460382727221898 ], [ -121.29056707454906, 46.460121608295836 ], [ -121.292445646057274, 46.459765704726451 ], [ -121.292343223390034, 46.459504587612727 ], [ -121.292718933887187, 46.45943340418436 ], [ -121.292616510654824, 46.459172287534841 ], [ -121.293743633162208, 46.458958732157889 ], [ -121.293641206614893, 46.45869761664661 ], [ -121.294392614820637, 46.458555241983653 ], [ -121.294290186333356, 46.458294127273632 ], [ -121.295041588549807, 46.458151749216185 ], [ -121.294939158122631, 46.457890635307386 ], [ -121.29569055434979, 46.457748253855478 ], [ -121.295588121982817, 46.457487140747901 ], [ -121.298593663496277, 46.456917576952627 ], [ -121.298491220940818, 46.456656466668399 ], [ -121.300745334809307, 46.456229253127042 ], [ -121.300847785613115, 46.456490361388852 ], [ -121.303853236407534, 46.455920683682329 ], [ -121.303955699018744, 46.456181789374419 ], [ -121.304707056365871, 46.456039359103301 ], [ -121.304809522536473, 46.456300464248244 ], [ -121.305185201369468, 46.456229247250015 ], [ -121.305287669724819, 46.456490352184822 ], [ -121.305663349122298, 46.456419133832412 ], [ -121.30576581966244, 46.456680238557126 ], [ -121.306517178776161, 46.45653779812708 ], [ -121.306619652875696, 46.456798902304591 ], [ -121.30699533259191, 46.456727680226884 ], [ -121.307097808876264, 46.456988784194237 ], [ -121.308976202177035, 46.456632656864784 ], [ -121.308873719019715, 46.456371554583257 ], [ -121.310376413577515, 46.456086635762425 ], [ -121.310478902233058, 46.456347736695228 ], [ -121.311981589324375, 46.456062800253953 ], [ -121.312084084288273, 46.456323899965014 ], [ -121.316592084261544, 46.455468988966594 ], [ -121.316694596529231, 46.455730084757775 ], [ -121.318197242750912, 46.455445080534105 ], [ -121.318094724985684, 46.455183986091889 ], [ -121.3188460404849, 46.455041478553113 ], [ -121.319051082323242, 46.455563666215255 ], [ -121.319426741605767, 46.45549241024591 ], [ -121.319529265115094, 46.455753503930069 ], [ -121.319904924961449, 46.455682246606571 ], [ -121.320007450655652, 46.455943340080324 ], [ -121.32038311106578, 46.455872081402603 ], [ -121.320485638944902, 46.456133174665958 ], [ -121.320861299918832, 46.456061914634049 ], [ -121.320963829982901, 46.456323007687068 ], [ -121.32133949152059, 46.456251746300865 ], [ -121.321442023769592, 46.456512839143507 ], [ -121.321817685871011, 46.45644157640313 ], [ -121.322125291604877, 46.45722485468049 ], [ -121.322500957018718, 46.457153589911165 ], [ -121.322808574171589, 46.457936868318924 ], [ -121.323184242897895, 46.45786560152068 ], [ -121.323286784944614, 46.458126694239795 ], [ -121.323662454234622, 46.458055426087242 ], [ -121.323764998466444, 46.458316518595979 ], [ -121.324140668320098, 46.458245249089117 ], [ -121.324345761964707, 46.458767433812696 ], [ -121.324721433756409, 46.458696162614125 ], [ -121.324823983169239, 46.458957254828974 ], [ -121.325950997802877, 46.458743434119647 ], [ -121.326053552149659, 46.459004525449281 ], [ -121.327180563609176, 46.458790694575491 ], [ -121.327283122889867, 46.459051785019803 ], [ -121.327658793129061, 46.45898050569064 ], [ -121.327761354594969, 46.459241595924446 ], [ -121.328512695389463, 46.459099033540546 ], [ -121.328615260414935, 46.459360123226418 ], [ -121.329366600714593, 46.459217556100015 ], [ -121.329469169299657, 46.459478645237951 ], [ -121.32984483960746, 46.459407359811941 ], [ -121.329947410377784, 46.459668448739421 ], [ -121.330323081248991, 46.459597161959053 ], [ -121.330425654204589, 46.459858250675929 ], [ -121.330801325639186, 46.459786962541187 ], [ -121.330903900780072, 46.460048051047572 ], [ -121.331655243964974, 46.459905471052444 ], [ -121.331757822665537, 46.460166559010872 ], [ -121.332133494415828, 46.460095267150415 ], [ -121.332236075301722, 46.460356354898224 ], [ -121.332611747615303, 46.460285061683486 ], [ -121.332714330686542, 46.460546149220804 ], [ -121.333090003563456, 46.460474854651572 ], [ -121.33319258882004, 46.460735941978285 ], [ -121.333568262260215, 46.460664646054667 ], [ -121.333773437955301, 46.461186820414028 ], [ -121.334149113333041, 46.46111552279843 ], [ -121.334251703771542, 46.461376609831042 ], [ -121.334627379712515, 46.461305310861007 ], [ -121.334729972336461, 46.461566397683043 ], [ -121.335105648840653, 46.461495097358615 ], [ -121.335208243650044, 46.461756183970053 ], [ -121.335583920717454, 46.461684882291117 ], [ -121.335686517712347, 46.461945968692021 ], [ -121.337189223367574, 46.461660750457149 ], [ -121.337291826670935, 46.461921835634698 ], [ -121.337667502431046, 46.461850528196209 ], [ -121.337770107919908, 46.462111613163138 ], [ -121.338145784243139, 46.462040304370127 ], [ -121.338248391917546, 46.462301389126452 ], [ -121.338624068803838, 46.462230078979012 ], [ -121.338726678663761, 46.462491163524689 ], [ -121.340980731190555, 46.462063279259752 ], [ -121.341083350107482, 46.462324361906688 ], [ -121.345967048246507, 46.461397149362107 ], [ -121.346069685839424, 46.461658227746277 ], [ -121.346821014591754, 46.46151556373475 ], [ -121.346923655744433, 46.461776641570424 ], [ -121.347299320277514, 46.461705307701713 ], [ -121.347401963615795, 46.461966385326633 ], [ -121.349280280979301, 46.461609699042491 ], [ -121.349382931999671, 46.461870775105709 ], [ -121.350134256012495, 46.461728092798957 ], [ -121.350236910592628, 46.461989168313572 ], [ -121.350612572755779, 46.461917825297292 ], [ -121.350715229521555, 46.462178900601032 ], [ -121.351090892247186, 46.462107556230244 ], [ -121.351193551198662, 46.462368631323081 ], [ -121.351569214486787, 46.462297285597742 ], [ -121.351671875623978, 46.462558360479697 ], [ -121.352047539474526, 46.462487013399773 ], [ -121.352252866932062, 46.463009162868872 ], [ -121.352628532719137, 46.462937814096627 ], [ -121.353141872437817, 46.464243188301438 ], [ -121.353517544283761, 46.46417183682334 ], [ -121.353620216036788, 46.464432911707313 ], [ -121.353995888445127, 46.464361558874565 ], [ -121.35409856238401, 46.464622633547634 ], [ -121.354474235354701, 46.464551279360265 ], [ -121.354782266164378, 46.465334503127579 ], [ -121.355157942445729, 46.465263146909855 ], [ -121.355260622380015, 46.465524221415073 ], [ -121.355636299223718, 46.465452863842692 ], [ -121.355841664276042, 46.465975012558189 ], [ -121.356217343056187, 46.465903653293282 ], [ -121.356320028174281, 46.46616472750366 ], [ -121.356695707516749, 46.466093366884053 ], [ -121.356901082936872, 46.46661551500987 ], [ -121.357276764215769, 46.466544152697679 ], [ -121.357482145631778, 46.467066300655645 ], [ -121.357857828847116, 46.466994936650885 ], [ -121.357960522147167, 46.467256010482402 ], [ -121.358336205924758, 46.467184645122877 ], [ -121.358438901410921, 46.467445718743498 ], [ -121.359565951994441, 46.46723161555024 ], [ -121.359668652415067, 46.467492688284118 ], [ -121.360420018159147, 46.46734994706199 ], [ -121.36052272214009, 46.467611019246974 ], [ -121.361649768788524, 46.467396898773885 ], [ -121.361752477703888, 46.467657970071905 ], [ -121.362128159670078, 46.467586594209344 ], [ -121.362230870771626, 46.467847665296418 ], [ -121.362982235016034, 46.467704909844905 ], [ -121.363084949677912, 46.467965980382999 ], [ -121.364963352947612, 46.467609072270413 ], [ -121.36506607529212, 46.467870141245527 ], [ -121.366193111630466, 46.467655983162551 ], [ -121.366295838909323, 46.467917051250552 ], [ -121.37305792815971, 46.466631904501718 ], [ -121.373160680982465, 46.466892966631647 ], [ -121.373536346264487, 46.46682155959305 ], [ -121.373639101273511, 46.46708262151185 ], [ -121.374014767117046, 46.467011213118425 ], [ -121.374323041140244, 46.467794398621621 ], [ -121.374698710293103, 46.467722988197174 ], [ -121.374801471299591, 46.467984049947248 ], [ -121.375177141013907, 46.467912638167981 ], [ -121.375279904206749, 46.468173699706803 ], [ -121.377909579075208, 46.46767378641708 ], [ -121.378012352697752, 46.467934845715767 ], [ -121.379890674383191, 46.467577732603011 ], [ -121.379993455687512, 46.467838790337723 ], [ -121.380369118960701, 46.467767364326924 ], [ -121.380471902451433, 46.468028421850299 ], [ -121.380847566285851, 46.467956994484659 ], [ -121.381258713870253, 46.469001224493979 ], [ -121.381634382387375, 46.4689297947588 ], [ -121.381839963803159, 46.46945190984826 ], [ -121.382215634255331, 46.469380478419993 ], [ -121.3823184275561, 46.469641535816812 ], [ -121.382694098569459, 46.469570103033611 ], [ -121.382796894056767, 46.469831160219137 ], [ -121.383172565631256, 46.46975972608098 ], [ -121.383275363305145, 46.470020783055098 ], [ -121.383651035440764, 46.469949347562064 ], [ -121.383959437460533, 46.470732518231145 ], [ -121.384335112904978, 46.470661080706556 ], [ -121.384540721063118, 46.471183194443967 ], [ -121.384916398442513, 46.471111755226126 ], [ -121.385019205114659, 46.471372811946935 ], [ -121.385394883055142, 46.471301371374096 ], [ -121.385600501585699, 46.471823484519909 ], [ -121.385976181461132, 46.47175204225374 ], [ -121.386181805990844, 46.472274155230743 ], [ -121.386557487801198, 46.472202711271279 ], [ -121.38666030265928, 46.472463767611828 ], [ -121.387035985030622, 46.472392322297345 ], [ -121.387138802075498, 46.472653378426543 ], [ -121.387890167127296, 46.472510484070725 ], [ -121.387992987732858, 46.472771539650189 ], [ -121.388368670413229, 46.472700090608861 ], [ -121.388471493205685, 46.472961145976946 ], [ -121.388847176447001, 46.472889695580605 ], [ -121.389052827218507, 46.47341180602087 ], [ -121.389428512394645, 46.473340353931057 ], [ -121.389531340373793, 46.47360140900328 ], [ -121.389907026110819, 46.473529955558398 ], [ -121.390009856276862, 46.473791010419198 ], [ -121.390385542574762, 46.473719555619226 ], [ -121.390591208093767, 46.474241665044978 ], [ -121.390966896326447, 46.474170208551477 ], [ -121.391069731679409, 46.474431263116401 ], [ -121.391445420472934, 46.474359805267838 ], [ -121.391548258012904, 46.474620859621311 ], [ -121.391923947367218, 46.474549400417615 ], [ -121.392026787094181, 46.474810454559702 ], [ -121.392402477009327, 46.474738994000816 ], [ -121.392505318923313, 46.475000047931474 ], [ -121.392881009399218, 46.474928586017491 ], [ -121.39298385350024, 46.47518963973662 ], [ -121.39373523476047, 46.475046712181737 ], [ -121.393940930897585, 46.475568818647204 ], [ -121.394316623055744, 46.475497352667823 ], [ -121.394625177482027, 46.476280512303155 ], [ -121.395000872948728, 46.476209044291558 ], [ -121.395309438815772, 46.476992204054575 ], [ -121.395685137591045, 46.476920734010847 ], [ -121.395787995880482, 46.477181787180747 ], [ -121.39616369521643, 46.477110315781808 ], [ -121.396472279086325, 46.477893475038172 ], [ -121.396847981730829, 46.477822001606931 ], [ -121.396950846021369, 46.478083054607957 ], [ -121.397326549226463, 46.478011579821484 ], [ -121.397532282995499, 46.47853368552763 ], [ -121.397907988135188, 46.478462209047343 ], [ -121.398216599010837, 46.479245367543953 ], [ -121.398592307459097, 46.479173889031252 ], [ -121.398695180751716, 46.47943494177899 ], [ -121.399446597955958, 46.479291981026307 ], [ -121.399549474810001, 46.479553033224036 ], [ -121.399925183565927, 46.479481550983998 ], [ -121.400748238674922, 46.481569970432389 ], [ -121.401123957609414, 46.481498484466762 ], [ -121.401226844532857, 46.481759537131204 ], [ -121.40160256402784, 46.48168804981016 ], [ -121.401705453138874, 46.481949102263137 ], [ -121.402081173194347, 46.48187761358669 ], [ -121.402184064492957, 46.48213866582816 ], [ -121.402935504911255, 46.48199568474778 ], [ -121.403038399771532, 46.482256736439012 ], [ -121.403789839683455, 46.482113750614346 ], [ -121.403892738105426, 46.482374801755441 ], [ -121.404644177510846, 46.482231811186402 ], [ -121.404747079494456, 46.482492861777267 ], [ -121.405122799350721, 46.482421364628976 ], [ -121.405225703521978, 46.482682415008242 ], [ -121.405601423938563, 46.482610916504548 ], [ -121.405704330297539, 46.482871966672285 ], [ -121.406080051274429, 46.482800466813103 ], [ -121.406182959821123, 46.483061516769254 ], [ -121.406558681358334, 46.482990015554627 ], [ -121.406970329178463, 46.484034215295871 ], [ -121.40734605539798, 46.48396271170963 ], [ -121.407551886938677, 46.484484811665787 ], [ -121.40717615797108, 46.484556315929581 ], [ -121.407587825321812, 46.485600518723054 ], [ -121.407963559785713, 46.485529013104255 ], [ -121.408272322966155, 46.486312165518818 ], [ -121.4086480607385, 46.486240657866873 ], [ -121.408956835366041, 46.487023810410143 ], [ -121.408581093471355, 46.487095319078477 ], [ -121.408684018600837, 46.487356370519514 ], [ -121.408308274518106, 46.487427878509806 ], [ -121.408719977678473, 46.488472086901957 ], [ -121.409095727257892, 46.488400577556412 ], [ -121.409198656456965, 46.488661629633803 ], [ -121.409574406596619, 46.48859011893262 ], [ -121.409677337983837, 46.48885117079849 ], [ -121.410053088683725, 46.488779658741642 ], [ -121.410156022259088, 46.489040710396019 ], [ -121.410531773519182, 46.488969196983525 ], [ -121.410634709282718, 46.489230248426338 ], [ -121.411386212109321, 46.489087217873184 ], [ -121.411592091575159, 46.489609319785245 ], [ -121.411967844515786, 46.489537802305705 ], [ -121.412070786843955, 46.489798853113918 ], [ -121.412446540344718, 46.489727334278676 ], [ -121.412549484861145, 46.489988384875261 ], [ -121.412925238922014, 46.489916864684375 ], [ -121.4130281856267, 46.490177915069339 ], [ -121.41340394024769, 46.490106393522801 ], [ -121.413609838847705, 46.490628493996901 ], [ -121.413985595402977, 46.490556970755705 ], [ -121.414191500007888, 46.491079071061272 ], [ -121.414567258497385, 46.491007546125431 ], [ -121.414464304413656, 46.490746496247908 ], [ -121.41634307777781, 46.490388858011436 ], [ -121.416446038732417, 46.490649906194292 ], [ -121.417573297103047, 46.490435310034073 ], [ -121.417676262994235, 46.490696357327401 ], [ -121.418052015530151, 46.490624822901502 ], [ -121.418257952503566, 46.491146917192054 ], [ -121.419009460629084, 46.49100384393401 ], [ -121.419112433085473, 46.491264890592369 ], [ -121.419863940702072, 46.491121812589199 ], [ -121.42006989355427, 46.49164390493172 ], [ -121.420445648889313, 46.491572363727009 ], [ -121.420548627911046, 46.491833409750221 ], [ -121.420924383805897, 46.491761867189744 ], [ -121.421027365016101, 46.492022913001314 ], [ -121.421778877110967, 46.491879824151937 ], [ -121.421881861883762, 46.492140869412736 ], [ -121.422257618083734, 46.492069323123864 ], [ -121.422360605045057, 46.492330368172929 ], [ -121.422736361804724, 46.492258820528264 ], [ -121.422839350954604, 46.492519865365637 ], [ -121.423215108273965, 46.492448316365127 ], [ -121.423318099612374, 46.492709360990773 ], [ -121.423693857491386, 46.492637810634413 ], [ -121.423796851018395, 46.492898855048331 ], [ -121.424172609457059, 46.492827303336156 ], [ -121.424378601702713, 46.493349391867724 ], [ -121.424754362075134, 46.493277838460649 ], [ -121.424857360793823, 46.493538882578385 ], [ -121.425233121725867, 46.493467327815466 ], [ -121.425542126891514, 46.494250459915435 ], [ -121.425917891131419, 46.494178903118367 ], [ -121.426123901396238, 46.494700991143525 ], [ -121.426499667569828, 46.494629432651536 ], [ -121.426911703371218, 46.495673608873801 ], [ -121.427287474226873, 46.49560204800845 ], [ -121.427493499763671, 46.49612413620563 ], [ -121.427869272553025, 46.496052573645187 ], [ -121.428075304096851, 46.496574661673563 ], [ -121.428451078819933, 46.496503097418042 ], [ -121.428657116370886, 46.497025185277749 ], [ -121.429032893027639, 46.496953619327016 ], [ -121.42923893658589, 46.497475707018076 ], [ -121.429614715176328, 46.497404139372136 ], [ -121.42982076474199, 46.49792622689445 ], [ -121.430196545266114, 46.497854657553368 ], [ -121.430402600839287, 46.498376744907041 ], [ -121.430778383297067, 46.498305173870669 ], [ -121.430881413680098, 46.498566217399407 ], [ -121.433511877688815, 46.49806518929983 ], [ -121.433614918506095, 46.498326230581313 ], [ -121.434366475065985, 46.498183069866002 ], [ -121.434469519446495, 46.498444110596395 ], [ -121.435221075495051, 46.498300945135512 ], [ -121.435324123438818, 46.498561985314801 ], [ -121.435699901614854, 46.498490400719817 ], [ -121.435906002695504, 46.499012480782021 ], [ -121.436281782804912, 46.498940894491781 ], [ -121.436384835941865, 46.499201934374682 ], [ -121.436760616610414, 46.499130346728357 ], [ -121.436863671936536, 46.499391386399381 ], [ -121.437615233576977, 46.499248207377626 ], [ -121.437718292466414, 46.499509246497546 ], [ -121.438094073438236, 46.4994376551222 ], [ -121.438197134516855, 46.499698694030144 ], [ -121.438572916047761, 46.499627101298685 ], [ -121.438675979315619, 46.499888139994724 ], [ -121.439051761405622, 46.499816545907137 ], [ -121.439154826862691, 46.500077584391313 ], [ -121.439906391345744, 46.49993439248712 ], [ -121.440009460366198, 46.500195430419993 ], [ -121.441136805099774, 46.499980633919797 ], [ -121.441239879057775, 46.500241670962005 ], [ -121.441615660379455, 46.500170069755711 ], [ -121.441718736526724, 46.500431106585943 ], [ -121.442094518407373, 46.500359504023493 ], [ -121.442197596743952, 46.500620540641755 ], [ -121.442573379183543, 46.50054893672317 ], [ -121.442676459709404, 46.500809973129513 ], [ -121.443052242707907, 46.50073836785473 ], [ -121.443155325423149, 46.500999404049054 ], [ -121.443531108980537, 46.50092779741815 ], [ -121.443634193885089, 46.501188833400519 ], [ -121.444009978001361, 46.501117225413331 ], [ -121.444113065095294, 46.501378261183739 ], [ -121.444488849770437, 46.501306651840473 ], [ -121.444591939053765, 46.501567687398833 ], [ -121.444967724287721, 46.501496076699311 ], [ -121.445173908048545, 46.502018147519593 ], [ -121.445549695215448, 46.501946535124397 ], [ -121.445652789692929, 46.502207570386254 ], [ -121.446028577418659, 46.502135956634888 ], [ -121.446131674085606, 46.502396991684741 ], [ -121.446507462370093, 46.502325376577112 ], [ -121.446713660898354, 46.502847446380244 ], [ -121.447465240517715, 46.502704211756779 ], [ -121.44756834375319, 46.502965246170596 ], [ -121.44869571118906, 46.502750385591177 ], [ -121.448901928350963, 46.503272452764215 ], [ -121.449277718613629, 46.503200829858564 ], [ -121.449483941785616, 46.503722896862342 ], [ -121.449859733981043, 46.503651272260925 ], [ -121.450375313052817, 46.50495644030385 ], [ -121.450751111303433, 46.504884812987896 ], [ -121.451266717634553, 46.506189982520709 ], [ -121.451642521940499, 46.506118352490148 ], [ -121.451745647027678, 46.506379386439711 ], [ -121.452121451892211, 46.506307755052767 ], [ -121.452327707261801, 46.506829822655362 ], [ -121.452703514059081, 46.506758189572409 ], [ -121.452909775439664, 46.507280257006038 ], [ -121.452533965893949, 46.507351890768234 ], [ -121.452637096433506, 46.507612925016005 ], [ -121.452261284697869, 46.507684558100976 ], [ -121.452467545475514, 46.508206627658495 ], [ -121.452091730175695, 46.508278260405945 ], [ -121.452194860413755, 46.508539295715806 ], [ -121.451819042924001, 46.508610927785973 ], [ -121.45243783323599, 46.510177144362657 ], [ -121.45281365897165, 46.510105510254597 ], [ -121.453123069262901, 46.510888619247275 ], [ -121.453498898305853, 46.510816983103297 ], [ -121.453911462279095, 46.511861128855621 ], [ -121.454287296003741, 46.511789490336106 ], [ -121.454699878527549, 46.512833636772875 ], [ -121.45507571693399, 46.512761995877604 ], [ -121.455385166516621, 46.513545106027038 ], [ -121.455761008230425, 46.513473463095742 ], [ -121.456276780725062, 46.514778647534399 ] ], [ [ -121.401070696400836, 46.606411802450424 ], [ -121.400694265421947, 46.606483315329953 ], [ -121.400797345726218, 46.606744467198517 ], [ -121.401173778084342, 46.606672953978567 ], [ -121.401070696400836, 46.606411802450424 ] ] ] } }
]
}
