reservoir,pcode,year,month,mean_cfs,n_days,volume_af,water_year
BUM,QD,2003,10,136.2258064516129,31,8376.198347107438,2004
BUM,QD,2003,11,131.53333333333333,30,7826.7768595041325,2004
BUM,QD,2003,12,210.51612903225808,31,12944.13223140496,2004
BUM,QD,2004,1,132.93548387096774,31,8173.884297520662,2004
BUM,QD,2004,2,150.75862068965517,29,8671.735537190083,2004
BUM,QD,2004,3,144.7741935483871,31,8901.818181818182,2004
BUM,QD,2004,4,145.66666666666666,30,8667.768595041323,2004
BUM,QD,2004,5,566.3548387096774,31,34823.801652892565,2004
BUM,QD,2004,6,430.1333333333333,30,25594.710743801654,2004
BUM,QD,2004,7,226.03225806451613,31,13898.181818181818,2004
BUM,QD,2004,8,195.32258064516128,31,12009.917355371901,2004
BUM,QD,2004,9,172.66666666666666,30,10274.380165289256,2004
BUM,QD,2004,10,141.93548387096774,31,8727.272727272728,2005
BUM,QD,2004,11,147.36666666666667,30,8768.92561983471,2005
BUM,QD,2004,12,167.09677419354838,31,10274.380165289256,2005
BUM,QD,2005,1,306.48387096774195,31,18844.95867768595,2005
BUM,QD,2005,2,131.78571428571428,28,7319.00826446281,2005
BUM,QD,2005,3,97.83870967741936,31,6015.8677685950415,2005
BUM,QD,2005,4,209.73333333333332,30,12480,2005
BUM,QD,2005,5,376.4193548387097,31,23145.12396694215,2005
BUM,QD,2005,6,183.2,30,10901.157024793389,2005
BUM,QD,2005,7,175.41935483870967,31,10786.11570247934,2005
BUM,QD,2005,8,175.83870967741936,31,10811.900826446281,2005
BUM,QD,2005,9,158.8,30,9449.256198347108,2005
BUM,QD,2005,10,123.51612903225806,31,7594.710743801653,2006
BUM,QD,2005,11,121.16666666666667,30,7209.917355371901,2006
BUM,QD,2005,12,132.03225806451613,31,8118.347107438017,2006
BUM,QD,2006,1,276.48387096774195,31,17000.330578512396,2006
BUM,QD,2006,2,204,28,11329.586776859505,2006
BUM,QD,2006,3,161.8709677419355,31,9953.05785123967,2006
BUM,QD,2006,4,178.43333333333334,30,10617.520661157025,2006
BUM,QD,2006,5,839.0322580645161,31,51590.0826446281,2006
BUM,QD,2006,6,888.8,30,52887.27272727273,2006
BUM,QD,2006,7,264.93548387096774,31,16290.247933884299,2006
BUM,QD,2006,8,215.80645161290323,31,13269.421487603306,2006
BUM,QD,2006,9,186.9,30,11121.322314049587,2006
BUM,QD,2006,10,157.1290322580645,31,9661.487603305786,2007
BUM,QD,2006,11,658.757,30,39198.763636363634,2007
BUM,QD,2006,12,194.51612903225808,31,11960.330578512398,2007
BUM,QD,2007,1,231.51612903225808,31,14235.371900826447,2007
BUM,QD,2007,2,214.14285714285714,28,11892.892561983472,2007
BUM,QD,2007,3,527.483870967742,31,32433.719008264463,2007
BUM,QD,2007,4,367.1,30,21843.96694214876,2007
BUM,QD,2007,5,466,31,28653.22314049587,2007
BUM,QD,2007,6,519.1333333333333,30,30890.578512396696,2007
BUM,QD,2007,7,220.70967741935485,31,13570.909090909092,2007
BUM,QD,2007,8,190.25806451612902,31,11698.512396694216,2007
BUM,QD,2007,9,205.46666666666667,30,12226.11570247934,2007
BUM,QD,2007,10,189.58064516129033,31,11656.859504132231,2008
BUM,QD,2007,11,171.06666666666666,30,10179.173553719009,2008
BUM,QD,2007,12,226.8709677419355,31,13949.752066115703,2008
BUM,QD,2008,1,206.48387096774192,31,12696.198347107438,2008
BUM,QD,2008,2,171.3448275862069,29,9855.867768595042,2008
BUM,QD,2008,3,134.96774193548387,31,8298.842975206611,2008
BUM,QD,2008,4,106.5,30,6337.190082644628,2008
BUM,QD,2008,5,511,31,31420.165289256198,2008
BUM,QD,2008,6,729.8666666666667,30,43430.0826446281,2008
BUM,QD,2008,7,455.741935483871,31,28022.479338842975,2008
BUM,QD,2008,8,261.35483870967744,31,16070.0826446281,2008
BUM,QD,2008,9,212.56666666666666,30,12648.595041322315,2008
BUM,QD,2008,10,161.19354838709677,31,9911.4049586776855,2009
BUM,QD,2008,11,251.96666666666667,30,14993.05785123967,2009
BUM,QD,2008,12,176.1290322580645,31,10829.752066115703,2009
BUM,QD,2009,1,237.8709677419355,31,14626.11570247934,2009
BUM,QD,2009,2,186.35714285714286,28,10349.752066115703,2009
BUM,QD,2009,3,156.51612903225808,31,9623.801652892562,2009
BUM,QD,2009,4,156.83333333333334,30,9332.231404958678,2009
BUM,QD,2009,5,448.64516129032256,31,27586.11570247934,2009
BUM,QD,2009,6,736.9333333333333,30,43850.57851239669,2009
BUM,QD,2009,7,212.8709677419355,31,13088.92561983471,2009
BUM,QD,2009,8,208.61290322580646,31,12827.10743801653,2009
BUM,QD,2009,9,187.93333333333334,30,11182.809917355373,2009
BUM,QD,2009,10,154.61290322580646,31,9506.776859504133,2010
BUM,QD,2009,11,199.36666666666667,30,11863.140495867769,2010
BUM,QD,2009,12,210.58064516129033,31,12948.099173553719,2010
BUM,QD,2010,1,234.2258064516129,31,14401.98347107438,2010
BUM,QD,2010,2,141.85714285714286,28,7878.347107438017,2010
BUM,QD,2010,3,143.09677419354838,31,8798.677685950413,2010
BUM,QD,2010,4,207.93333333333334,30,12372.892561983472,2010
BUM,QD,2010,5,265.741935483871,31,16339.834710743802,2010
BUM,QD,2010,6,776.7333333333333,30,46218.842975206615,2010
BUM,QD,2010,7,342.5483870967742,31,21062.479338842975,2010
BUM,QD,2010,8,235.8709677419355,31,14503.140495867769,2010
BUM,QD,2010,9,207.43333333333334,30,12343.140495867769,2010
BUM,QD,2010,10,179.25806451612902,31,11022.14876033058,2011
BUM,QD,2010,11,214.06666666666666,30,12737.851239669422,2011
BUM,QD,2010,12,229.3548387096774,31,14102.479338842975,2011
BUM,QD,2011,1,456.7741935483871,31,28085.95041322314,2011
BUM,QD,2011,2,313.85714285714283,28,17430.743801652894,2011
BUM,QD,2011,3,197.80645161290323,31,12162.644628099173,2011
BUM,QD,2011,4,282.5,30,16809.9173553719,2011
BUM,QD,2011,5,440.5248387096774,31,27086.816528925618,2011
BUM,QD,2011,6,832.1666666666666,30,49517.35537190083,2011
BUM,QD,2011,7,661.7741935483871,31,40690.909090909096,2011
BUM,QD,2011,8,273.80645161290323,31,16835.702479338845,2011
BUM,QD,2011,9,238.6,30,14197.685950413224,2011
BUM,QD,2011,10,196.3548387096774,31,12073.388429752067,2012
BUM,QD,2011,11,175.26666666666668,30,10429.09090909091,2012
BUM,QD,2011,12,176.51612903225808,31,10853.553719008265,2012
BUM,QD,2012,1,175.61290322580646,31,10798.01652892562,2012
BUM,QD,2012,2,246.3793103448276,29,14171.900826446281,2012
BUM,QD,2012,3,221.29032258064515,31,13606.611570247935,2012
BUM,QD,2012,4,433.1666666666667,30,25775.206611570247,2012
BUM,QD,2012,5,642.483870967742,31,39504.79338842975,2012
BUM,QD,2012,6,805.8,30,47948.42975206612,2012
BUM,QD,2012,7,554.1612903225806,31,34074.04958677686,2012
BUM,QD,2012,8,248.5483870967742,31,15282.644628099173,2012
BUM,QD,2012,9,208.96666666666667,30,12434.380165289256,2012
BUM,QD,2012,10,181.61290322580646,31,11166.94214876033,2013
BUM,QD,2012,11,397.1333333333333,30,23631.07438016529,2013
BUM,QD,2012,12,330.1290322580645,31,20298.84297520661,2013
BUM,QD,2013,1,149.61290322580646,31,9199.338842975207,2013
BUM,QD,2013,2,141.64285714285714,28,7866.446280991736,2013
BUM,QD,2013,3,153.25806451612902,31,9423.471074380166,2013
BUM,QD,2013,4,291.23333333333335,30,17329.586776859505,2013
BUM,QD,2013,5,566.3548387096774,31,34823.801652892565,2013
BUM,QD,2013,6,506.4,30,30132.892561983474,2013
BUM,QD,2013,7,239.19354838709677,31,14707.438016528926,2013
BUM,QD,2013,8,214.67741935483872,31,13200,2013
BUM,QD,2013,9,189.46666666666667,30,11274.04958677686,2013
BUM,QD,2013,10,192.7741935483871,31,11853.223140495867,2014
BUM,QD,2013,11,189.66666666666666,30,11285.950413223141,2014
BUM,QD,2013,12,209.83870967741936,31,12902.479338842975,2014
BUM,QD,2014,1,196.61290322580646,31,12089.256198347108,2014
BUM,QD,2014,2,188.25,28,10454.876033057852,2014
BUM,QD,2014,3,435.16129032258067,31,26757.02479338843,2014
BUM,QD,2014,4,377.4,30,22456.859504132233,2014
BUM,QD,2014,5,630.6451612903226,31,38776.85950413223,2014
BUM,QD,2014,6,591.2,30,35178.842975206615,2014
BUM,QD,2014,7,292.06451612903226,31,17958.347107438018,2014
BUM,QD,2014,8,262.19354838709677,31,16121.652892561984,2014
BUM,QD,2014,9,185.3,30,11026.11570247934,2014
BUM,QD,2014,10,158.38709677419354,31,9738.842975206611,2015
BUM,QD,2014,11,196.3,30,11680.661157024793,2015
BUM,QD,2014,12,549.0322580645161,31,33758.67768595042,2015
BUM,QD,2015,1,309.48387096774195,31,19029.421487603307,2015
BUM,QD,2015,2,380.5,28,21131.900826446283,2015
BUM,QD,2015,3,339.5806451612903,31,20880,2015
BUM,QD,2015,4,219.3,30,13049.256198347108,2015
BUM,QD,2015,5,229.5483870967742,31,14114.380165289256,2015
BUM,QD,2015,6,149.73333333333332,30,8909.752066115703,2015
BUM,QD,2015,7,140.6451612903226,31,8647.933884297521,2015
BUM,QD,2015,8,126.87096774193549,31,7800.99173553719,2015
BUM,QD,2015,9,137.9,30,8205.619834710744,2015
BUM,QD,2015,10,136.80645161290323,31,8411.900826446281,2016
BUM,QD,2015,11,329,30,19576.859504132233,2016
BUM,QD,2015,12,631.1935483870968,31,38810.57851239669,2016
BUM,QD,2016,1,166.5483870967742,31,10240.661157024793,2016
BUM,QD,2016,2,438.2068965517241,29,25205.95041322314,2016
BUM,QD,2016,3,389.3225806451613,31,23938.512396694216,2016
BUM,QD,2016,4,503.06666666666666,30,29934.545454545456,2016
BUM,QD,2016,5,650.5483870967741,31,40000.66115702479,2016
BUM,QD,2016,6,343.14366666666666,30,20418.46611570248,2016
BUM,QD,2016,7,189.4925806451613,31,11651.444628099174,2016
BUM,QD,2016,8,186.30193548387098,31,11455.259504132233,2016
BUM,QD,2016,9,185.796,30,11055.629752066116,2016
BUM,QD,2016,10,285.5987096774194,31,17560.78016528926,2017
BUM,QD,2016,11,443.56666666666666,30,26394.04958677686,2017
BUM,QD,2016,12,129.25806451612902,31,7947.768595041322,2017
BUM,QD,2017,1,128.4516129032258,31,7898.181818181817,2017
BUM,QD,2017,2,325.92857142857144,28,18101.15702479339,2017
BUM,QD,2017,3,439.1290322580645,31,27000.99173553719,2017
BUM,QD,2017,4,373.8333333333333,30,22244.628099173555,2017
BUM,QD,2017,5,916.0322580645161,31,56324.628099173555,2017
BUM,QD,2017,6,874.8333333333334,30,52056.19834710744,2017
BUM,QD,2017,7,278.61290322580646,31,17131.239669421488,2017
BUM,QD,2017,8,222.09677419354838,31,13656.198347107438,2017
BUM,QD,2017,9,198.1,30,11787.768595041323,2017
BUM,QD,2017,10,147.74193548387098,31,9084.297520661157,2018
BUM,QD,2017,11,287.7,30,17119.33884297521,2018
BUM,QD,2017,12,297.5806451612903,31,18297.520661157025,2018
BUM,QD,2018,1,323.3225806451613,31,19880.330578512396,2018
BUM,QD,2018,2,245.17857142857142,28,13616.528925619836,2018
BUM,QD,2018,3,159.58064516129033,31,9812.231404958678,2018
BUM,QD,2018,4,273.1,30,16250.578512396694,2018
BUM,QD,2018,5,831.516129032258,31,51127.93388429752,2018
BUM,QD,2018,6,388.1333333333333,30,23095.537190082647,2018
BUM,QD,2018,7,229.80645161290323,31,14130.247933884299,2018
BUM,QD,2018,8,215.3548387096774,31,13241.652892561984,2018
BUM,QD,2018,9,186.03333333333333,30,11069.752066115703,2018
BUM,QD,2018,10,127,31,7808.925619834711,2019
BUM,QD,2018,11,116.16666666666667,30,6912.396694214876,2019
BUM,QD,2018,12,114.06451612903226,31,7013.553719008265,2019
BUM,QD,2019,1,118.90322580645162,31,7311.07438016529,2019
BUM,QD,2019,2,116.32142857142857,28,6460.165289256199,2019
BUM,QD,2019,3,137.2258064516129,31,8437.685950413223,2019
BUM,QD,2019,4,136.43333333333334,30,8118.347107438017,2019
BUM,QD,2019,5,435.1290322580645,31,26755.04132231405,2019
BUM,QD,2019,6,347.93333333333334,30,20703.471074380166,2019
BUM,QD,2019,7,159.06451612903226,31,9780.495867768595,2019
BUM,QD,2019,8,197.90322580645162,31,12168.595041322315,2019
BUM,QD,2019,9,192.16666666666666,30,11434.710743801654,2019
BUM,QD,2019,10,125.2258064516129,31,7699.834710743802,2020
BUM,QD,2019,11,116.06666666666666,30,6906.446280991736,2020
BUM,QD,2019,12,113.3225806451613,31,6967.933884297521,2020
BUM,QD,2020,1,137.25806451612902,31,8439.669421487604,2020
BUM,QD,2020,2,245.13793103448276,29,14100.495867768595,2020
BUM,QD,2020,3,141.38709677419354,31,8693.553719008265,2020
BUM,QD,2020,4,393.03333333333336,30,23387.10743801653,2020
BUM,QD,2020,5,646.2903225806451,31,39738.842975206615,2020
BUM,QD,2020,6,657.7666666666667,30,39139.8347107438,2020
BUM,QD,2020,7,229.58064516129033,31,14116.363636363636,2020
BUM,QD,2020,8,230.58064516129033,31,14177.851239669422,2020
BUM,QD,2020,9,198.53333333333333,30,11813.553719008265,2020
BUM,QD,2020,10,155.4516129032258,31,9558.347107438018,2021
BUM,QD,2020,11,136.8,30,8140.165289256199,2021
BUM,QD,2020,12,143.90322580645162,31,8848.264462809917,2021
BUM,QD,2021,1,282.4516129032258,31,17367.272727272728,2021
BUM,QD,2021,2,138.82142857142858,28,7709.752066115703,2021
BUM,QD,2021,3,143.03225806451613,31,8794.710743801654,2021
BUM,QD,2021,4,244.2,30,14530.909090909092,2021
BUM,QD,2021,5,556.0967741935484,31,34193.05785123967,2021
BUM,QD,2021,6,763.1,30,45407.603305785124,2021
BUM,QD,2021,7,219.70967741935485,31,13509.421487603306,2021
BUM,QD,2021,8,206.2258064516129,31,12680.330578512398,2021
BUM,QD,2021,9,186.6,30,11103.471074380166,2021
BUM,QD,2021,10,153.61290322580646,31,9445.289256198348,2022
BUM,QD,2021,11,588.1333333333333,30,34996.36363636364,2022
BUM,QD,2021,12,267.1290322580645,31,16425.12396694215,2022
BUM,QD,2022,1,328.48387096774195,31,20197.685950413223,2022
BUM,QD,2022,2,164.17857142857142,28,9118.01652892562,2022
BUM,QD,2022,3,433.83870967741933,31,26675.702479338845,2022
BUM,QD,2022,4,329.1333333333333,30,19584.793388429753,2022
BUM,QD,2022,5,508.7096774193548,31,31279.33884297521,2022
BUM,QD,2022,6,770.4333333333333,30,45843.96694214876,2022
BUM,QD,2022,7,334.2903225806452,31,20554.710743801654,2022
BUM,QD,2022,8,245.2258064516129,31,15078.347107438018,2022
BUM,QD,2022,9,209.96933333333334,30,12494.042975206612,2022
BUM,QD,2022,10,137.06129032258065,31,8427.570247933883,2023
BUM,QD,2022,11,128.92666666666668,30,7671.669421487604,2023
BUM,QD,2022,12,124.05806451612904,31,7628.03305785124,2023
BUM,QD,2023,1,152.98387096774192,31,9406.611570247935,2023
BUM,QD,2023,2,134.375,28,7462.809917355372,2023
BUM,QD,2023,3,126.85483870967742,31,7800,2023
BUM,QD,2023,4,129.28333333333333,30,7692.892561983471,2023
BUM,QD,2023,5,714.1612903225806,31,43912.06611570248,2023
BUM,QD,2023,6,294.65,30,17532.89256198347,2023
BUM,QD,2023,7,182.93548387096774,31,11248.264462809917,2023
BUM,QD,2023,8,189.2741935483871,31,11638.01652892562,2023
BUM,QD,2023,9,165.33333333333334,30,9838.01652892562,2023
BUM,QD,2023,10,129.59290322580645,31,7968.3570247933885,2024
BUM,QD,2023,11,119.70133333333334,30,7122.723966942149,2024
BUM,QD,2023,12,167.5464516129032,31,10302.029752066115,2024
BUM,QD,2024,1,241.38709677419354,31,14842.314049586777,2024
BUM,QD,2024,2,191.80344827586208,29,11032.661157024793,2024
BUM,QD,2024,3,148.0390322580645,31,9102.5652892562,2024
BUM,QD,2024,4,317.208,30,18875.186776859508,2024
BUM,QD,2024,5,402.7664516129032,31,24765.143801652895,2024
BUM,QD,2024,6,522.809,30,31109.295867768593,2024
BUM,QD,2024,7,188.00870967741935,31,11560.204958677685,2024
BUM,QD,2024,8,189.59225806451613,31,11657.573553719008,2024
BUM,QD,2024,9,191.91133333333335,30,11419.517355371901,2024
BUM,QD,2024,10,118.2641935483871,31,7271.781818181818,2025
BUM,QD,2024,11,93.26666666666667,30,5549.752066115702,2025
BUM,QD,2024,12,110.0583870967742,31,6767.226446280992,2025
BUM,QD,2025,1,128.60064516129032,31,7907.345454545454,2025
BUM,QD,2025,2,103.93678571428572,28,5772.3570247933885,2025
BUM,QD,2025,3,131.7083870967742,31,8098.433057851241,2025
BUM,QD,2025,4,283.94966666666664,30,16896.178512396695,2025
BUM,QD,2025,5,533.9535483870968,31,32831.52396694215,2025
BUM,QD,2025,6,314.7253333333333,30,18727.457851239666,2025
BUM,QD,2025,7,193.79290322580644,31,11915.861157024794,2025
BUM,QD,2025,8,190.08935483870968,31,11688.138842975208,2025
BUM,QD,2025,9,195.69,30,11644.363636363636,2025
BUM,QD,2025,10,95.61967741935484,31,5879.42479338843,2026
BUM,QD,2025,11,129.439,30,7702.155371900826,2026
BUM,QD,2025,12,931.1009677419355,31,57251.16694214876,2026
BUM,QD,2026,1,298.6832258064516,31,18365.31570247934,2026
BUM,QD,2026,2,147.10285714285715,28,8169.679338842976,2026
BUM,QD,2026,3,390.4451612903226,31,24007.537190082643,2026
BUM,QD,2026,4,369.833,30,22006.591735537193,2026
BUM,QD,2026,5,430.5332258064516,31,26472.456198347107,2026
BUM,QD,2026,6,192.658,30,11463.947107438016,2026
BUM,QD,2026,7,198.12129032258065,31,12182.003305785125,2026
BUM,QD,2026,8,211.1635,20,8376.733884297522,2026
BUM,QU,2003,10,111.06161290322581,31,6828.912396694215,2004
BUM,QU,2003,11,193.60466666666667,30,11520.277685950414,2004
BUM,QU,2003,12,149.19064516129032,31,9173.37520661157,2004
BUM,QU,2004,1,135.75032258064516,31,8346.961983471076,2004
BUM,QU,2004,2,145.3706896551724,29,8361.818181818182,2004
BUM,QU,2004,3,193.85741935483873,31,11919.828099173556,2004
BUM,QU,2004,4,437.84633333333335,30,26053.666115702483,2004
BUM,QU,2004,5,624.0890322580645,31,38373.73884297521,2004
BUM,QU,2004,6,413.41633333333334,30,24599.980165289257,2004
BUM,QU,2004,7,131.77225806451614,31,8102.360330578513,2004
BUM,QU,2004,8,95.33580645161291,31,5861.970247933885,2004
BUM,QU,2004,9,100.08266666666667,30,5955.332231404959,2004
BUM,QU,2004,10,92.35225806451614,31,5678.519008264463,2005
BUM,QU,2004,11,157.45566666666667,30,9369.262809917356,2005
BUM,QU,2004,12,270.8306451612903,31,16652.727272727272,2005
BUM,QU,2005,1,414.86064516129034,31,25508.786776859506,2005
BUM,QU,2005,2,148.01857142857142,28,8220.535537190082,2005
BUM,QU,2005,3,125.83935483870968,31,7737.560330578513,2005
BUM,QU,2005,4,290.558,30,17289.40165289256,2005
BUM,QU,2005,5,375.8041935483871,31,23107.29917355372,2005
BUM,QU,2005,6,149.189,30,8877.361983471075,2005
BUM,QU,2005,7,73.40870967741935,31,4513.725619834711,2005
BUM,QU,2005,8,46.65806451612903,31,2868.892561983471,2005
BUM,QU,2005,9,47.259,30,2812.105785123967,2005
BUM,QU,2005,10,64.55612903225807,31,3969.4016528925627,2006
BUM,QU,2005,11,120.726,30,7183.695867768594,2006
BUM,QU,2005,12,265.29,31,16312.046280991735,2006
BUM,QU,2006,1,413.21032258064514,31,25407.31239669421,2006
BUM,QU,2006,2,191.70857142857142,28,10646.955371900827,2006
BUM,QU,2006,3,109.79290322580646,31,6750.902479338843,2006
BUM,QU,2006,4,258.52633333333335,30,15383.385123966944,2006
BUM,QU,2006,5,1007.8806451612903,31,61972.1652892562,2006
BUM,QU,2006,6,921.6786666666667,30,54843.68925619835,2006
BUM,QU,2006,7,203.6725806451613,31,12523.338842975209,2006
BUM,QU,2006,8,84.05129032258064,31,5168.112396694214,2006
BUM,QU,2006,9,67.98066666666666,30,4045.1305785123964,2006
BUM,QU,2006,10,57.1916129032258,31,3516.57520661157,2007
BUM,QU,2006,11,761.2336666666666,30,45296.548760330574,2007
BUM,QU,2006,12,228.76032258064515,31,14065.923966942148,2007
BUM,QU,2007,1,219.5974193548387,31,13502.519008264462,2007
BUM,QU,2007,2,190.8685714285714,28,10600.304132231404,2007
BUM,QU,2007,3,627.3790322580645,31,38576.033057851244,2007
BUM,QU,2007,4,368.6913333333333,30,21938.65785123967,2007
BUM,QU,2007,5,697.4709677419355,31,42885.818181818184,2007
BUM,QU,2007,6,556.008,30,33084.77355371901,2007
BUM,QU,2007,7,159.17451612903227,31,9787.259504132233,2007
BUM,QU,2007,8,73.04741935483871,31,4491.510743801653,2007
BUM,QU,2007,9,51.598,30,3070.294214876033,2007
BUM,QU,2007,10,108.76838709677419,31,6687.907438016528,2008
BUM,QU,2007,11,180.444,30,10737.163636363635,2008
BUM,QU,2007,12,360.14677419354837,31,22144.561983471074,2008
BUM,QU,2008,1,113.39322580645161,31,6972.277685950414,2008
BUM,QU,2008,2,87.80827586206897,29,5050.7900826446285,2008
BUM,QU,2008,3,92.65193548387097,31,5696.945454545455,2008
BUM,QU,2008,4,123.575,30,7353.223140495868,2008
BUM,QU,2008,5,897.6899999999999,31,55196.806611570246,2008
BUM,QU,2008,6,812.7296666666667,30,48360.77355371902,2008
BUM,QU,2008,7,408.5,31,25117.685950413223,2008
BUM,QU,2008,8,110.95258064516129,31,6822.208264462811,2008
BUM,QU,2008,9,75.419,30,4487.742148760331,2008
BUM,QU,2008,10,65.46806451612903,31,4025.4743801652894,2009
BUM,QU,2008,11,345.1333333333333,30,20536.859504132233,2009
BUM,QU,2008,12,121.67129032258065,31,7481.276033057851,2009
BUM,QU,2009,1,337.26290322580644,31,20737.487603305784,2009
BUM,QU,2009,2,115.95785714285715,28,6439.973553719009,2009
BUM,QU,2009,3,99.9183870967742,31,6143.7421487603315,2009
BUM,QU,2009,4,232.45666666666668,30,13832.132231404961,2009
BUM,QU,2009,5,765.4822580645161,31,47067.669421487604,2009
BUM,QU,2009,6,747.4243333333334,30,44474.83636363637,2009
BUM,QU,2009,7,177.46451612903226,31,10911.867768595042,2009
BUM,QU,2009,8,76.30903225806452,31,4692.059504132231,2009
BUM,QU,2009,9,72.24766666666666,30,4299.034710743801,2009
BUM,QU,2009,10,97.20322580645161,31,5976.793388429753,2010
BUM,QU,2009,11,231.902,30,13799.127272727272,2010
BUM,QU,2009,12,174.70451612903227,31,10742.161983471075,2010
BUM,QU,2010,1,223.2967741935484,31,13729.983471074382,2010
BUM,QU,2010,2,134.54642857142858,28,7472.330578512398,2010
BUM,QU,2010,3,142.7067741935484,31,8774.697520661159,2010
BUM,QU,2010,4,245.948,30,14634.922314049589,2010
BUM,QU,2010,5,530.6390322580645,31,32627.72231404959,2010
BUM,QU,2010,6,840.0706666666666,30,49987.67603305785,2010
BUM,QU,2010,7,312.6922580645161,31,19226.697520661157,2010
BUM,QU,2010,8,104.05193548387096,31,6397.904132231404,2010
BUM,QU,2010,9,96.92366666666666,30,5767.358677685951,2010
BUM,QU,2010,10,102.52806451612904,31,6304.204958677686,2011
BUM,QU,2010,11,288.81733333333335,30,17185.82479338843,2011
BUM,QU,2010,12,259.4416129032258,31,15952.442975206612,2011
BUM,QU,2011,1,487.431935483871,31,29971.021487603306,2011
BUM,QU,2011,2,223.73607142857142,28,12425.672727272728,2011
BUM,QU,2011,3,175.6883870967742,31,10802.65785123967,2011
BUM,QU,2011,4,292.21366666666665,30,17387.920661157026,2011
BUM,QU,2011,5,569.7448387096774,31,35032.24462809917,2011
BUM,QU,2011,6,1018.5876666666667,30,60610.17520661157,2011
BUM,QU,2011,7,653.7406451612903,31,40196.94545454546,2011
BUM,QU,2011,8,209.94096774193548,31,12908.76694214876,2011
BUM,QU,2011,9,113.36733333333333,30,6745.8247933884295,2011
BUM,QU,2011,10,150.43064516129033,31,9249.619834710746,2012
BUM,QU,2011,11,181.86766666666665,30,10821.877685950412,2012
BUM,QU,2011,12,176.0083870967742,31,10822.33388429752,2012
BUM,QU,2012,1,205.9725806451613,31,12664.760330578512,2012
BUM,QU,2012,2,202.58620689655172,29,11652.892561983472,2012
BUM,QU,2012,3,164.25193548387097,31,10099.45785123967,2012
BUM,QU,2012,4,484.04833333333335,30,28802.876033057855,2012
BUM,QU,2012,5,815.8216129032259,31,50162.915702479346,2012
BUM,QU,2012,6,883.2213333333333,30,52555.319008264465,2012
BUM,QU,2012,7,533.5341935483871,31,32805.7388429752,2012
BUM,QU,2012,8,135.20967741935485,31,8313.719008264463,2012
BUM,QU,2012,9,77.28233333333333,30,4598.618181818181,2012
BUM,QU,2012,10,182.57548387096776,31,11226.128925619836,2013
BUM,QU,2012,11,401.63366666666667,30,23898.862809917355,2013
BUM,QU,2012,12,283.8125806451613,31,17450.95537190083,2013
BUM,QU,2013,1,143.04258064516128,31,8795.345454545453,2013
BUM,QU,2013,2,101.375,28,5630.082644628099,2013
BUM,QU,2013,3,172.11741935483872,31,10583.087603305787,2013
BUM,QU,2013,4,444.762,30,26465.176859504136,2013
BUM,QU,2013,5,806.4048387096774,31,49583.90082644628,2013
BUM,QU,2013,6,514.8593333333333,30,30636.25785123967,2013
BUM,QU,2013,7,164.63225806451612,31,10122.842975206611,2013
BUM,QU,2013,8,83.51129032258065,31,5134.909090909091,2013
BUM,QU,2013,9,135.183,30,8043.947107438016,2013
BUM,QU,2013,10,186.48580645161292,31,11466.5652892562,2014
BUM,QU,2013,11,223.19066666666666,30,13280.766942148759,2014
BUM,QU,2013,12,218.95129032258063,31,13462.790082644628,2014
BUM,QU,2014,1,141.07096774193548,31,8674.11570247934,2014
BUM,QU,2014,2,149.29,28,8291.147107438017,2014
BUM,QU,2014,3,463.3048387096774,31,28487.504132231406,2014
BUM,QU,2014,4,392.45233333333334,30,23352.535537190084,2014
BUM,QU,2014,5,828.4345161290322,31,50938.45289256198,2014
BUM,QU,2014,6,594.1016666666667,30,35351.50413223141,2014
BUM,QU,2014,7,243.5083870967742,31,14972.747107438017,2014
BUM,QU,2014,8,119.79161290322581,31,7365.699173553719,2014
BUM,QU,2014,9,66.25266666666667,30,3942.3074380165294,2014
BUM,QU,2014,10,180.64903225806452,31,11107.67603305785,2015
BUM,QU,2014,11,425.99833333333333,30,25348.661157024795,2015
BUM,QU,2014,12,383.0393548387097,31,23552.171900826448,2015
BUM,QU,2015,1,412.90967741935486,31,25388.826446280993,2015
BUM,QU,2015,2,518.6232142857143,28,28802.876033057855,2015
BUM,QU,2015,3,351.58032258064515,31,21617.831404958677,2015
BUM,QU,2015,4,206.33033333333333,30,12277.50743801653,2015
BUM,QU,2015,5,239.33870967741936,31,14716.363636363636,2015
BUM,QU,2015,6,118.234,30,7035.411570247934,2015
BUM,QU,2015,7,45.09870967741936,31,2773.0115702479343,2015
BUM,QU,2015,8,36.792903225806455,31,2262.3074380165294,2015
BUM,QU,2015,9,37.800333333333334,30,2249.2760330578512,2015
BUM,QU,2015,10,89.34161290322581,31,5493.401652892562,2016
BUM,QU,2015,11,524.5586666666667,30,31213.40826446281,2016
BUM,QU,2015,12,562.2496774193548,31,34571.385123966946,2016
BUM,QU,2016,1,185.7316129032258,31,11420.19173553719,2016
BUM,QU,2016,2,425.3337931034483,29,24465.480991735538,2016
BUM,QU,2016,3,326.93,31,20102.14214876033,2016
BUM,QU,2016,4,728.8086666666667,30,43367.12727272728,2016
BUM,QU,2016,5,651.7458064516129,31,40074.287603305784,2016
BUM,QU,2016,6,310.3226666666667,30,18465.480991735538,2016
BUM,QU,2016,7,112.61903225806452,31,6924.674380165289,2016
BUM,QU,2016,8,57.068387096774195,31,3508.9983471074383,2016
BUM,QU,2016,9,51.788333333333334,30,3081.6198347107443,2016
BUM,QU,2016,10,377.40741935483874,31,23205.877685950414,2017
BUM,QU,2016,11,409.07533333333333,30,24341.67272727273,2017
BUM,QU,2016,12,138.06193548387097,31,8489.097520661157,2017
BUM,QU,2017,1,137.6741935483871,31,8465.25619834711,2017
BUM,QU,2017,2,347.55285714285714,28,19302.10909090909,2017
BUM,QU,2017,3,528.2164516129033,31,32478.763636363637,2017
BUM,QU,2017,4,402.0126666666667,30,23921.41487603306,2017
BUM,QU,2017,5,1038.4612903225807,31,63852.4958677686,2017
BUM,QU,2017,6,843.5343333333334,30,50193.7785123967,2017
BUM,QU,2017,7,219.68322580645162,31,13507.795041322315,2017
BUM,QU,2017,8,69.81129032258065,31,4292.528925619835,2017
BUM,QU,2017,9,61.36866666666667,30,3651.6892561983477,2017
BUM,QU,2017,10,172.17225806451614,31,10586.459504132232,2018
BUM,QU,2017,11,424.7556666666667,30,25274.7173553719,2018
BUM,QU,2017,12,242.94032258064516,31,14937.818181818182,2018
BUM,QU,2018,1,271.8083870967742,31,16712.846280991736,2018
BUM,QU,2018,2,301.8989285714286,28,16766.618181818183,2018
BUM,QU,2018,3,132.79967741935485,31,8165.533884297521,2018
BUM,QU,2018,4,329.64866666666666,30,19615.45785123967,2018
BUM,QU,2018,5,1017.9809677419355,31,62593.20991735537,2018
BUM,QU,2018,6,386.939,30,23024.469421487604,2018
BUM,QU,2018,7,121.07451612903226,31,7444.581818181819,2018
BUM,QU,2018,8,61.51258064516129,31,3782.2611570247936,2018
BUM,QU,2018,9,50.62566666666667,30,3012.4363636363637,2018
BUM,QU,2018,10,63.10806451612903,31,3880.363636363637,2019
BUM,QU,2018,11,137.82766666666666,30,8201.315702479338,2019
BUM,QU,2018,12,146.2583870967742,31,8993.077685950413,2019
BUM,QU,2019,1,168.2116129032258,31,10342.928925619835,2019
BUM,QU,2019,2,131.06535714285715,28,7279.001652892563,2019
BUM,QU,2019,3,86.78999999999999,31,5336.50909090909,2019
BUM,QU,2019,4,345.913,30,20583.252892561984,2019
BUM,QU,2019,5,637.5222580645161,31,39199.715702479334,2019
BUM,QU,2019,6,362.465,30,21568.165289256198,2019
BUM,QU,2019,7,88.77677419354839,31,5458.671074380165,2019
BUM,QU,2019,8,49.28774193548387,31,3030.5851239669423,2019
BUM,QU,2019,9,50.46366666666667,30,3002.7966942148764,2019
BUM,QU,2019,10,85.94,31,5284.2446280991735,2020
BUM,QU,2019,11,73.26533333333333,30,4359.590082644629,2020
BUM,QU,2019,12,191.49645161290323,31,11774.65785123967,2020
BUM,QU,2020,1,253.83032258064517,31,15607.418181818184,2020
BUM,QU,2020,2,398.58862068965516,29,22927.080991735536,2020
BUM,QU,2020,3,124.54612903225807,31,7658.042975206611,2020
BUM,QU,2020,4,363.6723333333333,30,21640.00661157025,2020
BUM,QU,2020,5,800.738064516129,31,49235.46446280992,2020
BUM,QU,2020,6,627.2986666666667,30,37326.86280991735,2020
BUM,QU,2020,7,201.73451612903224,31,12404.171900826446,2020
BUM,QU,2020,8,65.12354838709678,31,4004.2909090909093,2020
BUM,QU,2020,9,66.722,30,3970.2347107438013,2020
BUM,QU,2020,10,135.16935483870967,31,8311.239669421488,2021
BUM,QU,2020,11,171.88533333333334,30,10227.887603305786,2021
BUM,QU,2020,12,198.9341935483871,31,12231.986776859505,2021
BUM,QU,2021,1,337.19290322580645,31,20733.18347107438,2021
BUM,QU,2021,2,143.37678571428572,28,7962.743801652893,2021
BUM,QU,2021,3,101.65967741935484,31,6250.809917355372,2021
BUM,QU,2021,4,279.451,30,16628.48925619835,2021
BUM,QU,2021,5,713.3609677419355,31,43862.85619834711,2021
BUM,QU,2021,6,784.277,30,46667.72231404959,2021
BUM,QU,2021,7,183.0851612903226,31,11257.467768595043,2021
BUM,QU,2021,8,101.26516129032258,31,6226.5520661157025,2021
BUM,QU,2021,9,92.79,30,5521.388429752067,2021
BUM,QU,2021,10,131.1151612903226,31,8061.957024793389,2022
BUM,QU,2021,11,632.195,30,37618.21487603306,2022
BUM,QU,2021,12,265.3077419354839,31,16313.137190082647,2022
BUM,QU,2022,1,320.74032258064517,31,19721.553719008265,2022
BUM,QU,2022,2,194.43714285714285,28,10798.49256198347,2022
BUM,QU,2022,3,459.06774193548387,31,28226.975206611573,2022
BUM,QU,2022,4,267.56933333333336,30,15921.48099173554,2022
BUM,QU,2022,5,654.6435483870968,31,40252.46280991736,2022
BUM,QU,2022,6,908.5066666666667,30,54059.90082644628,2022
BUM,QU,2022,7,269.36387096774195,31,16562.53884297521,2022
BUM,QU,2022,8,92.91193548387096,31,5712.932231404959,2022
BUM,QU,2022,9,64.818,30,3856.9388429752066,2022
BUM,QU,2022,10,51.759354838709676,31,3182.5586776859504,2023
BUM,QU,2022,11,159.48066666666668,30,9489.758677685952,2023
BUM,QU,2022,12,204.2183870967742,31,12556.89917355372,2023
BUM,QU,2023,1,177.8190322580645,31,10933.66611570248,2023
BUM,QU,2023,2,105.09678571428572,28,5836.780165289257,2023
BUM,QU,2023,3,83.65903225806451,31,5143.993388429752,2023
BUM,QU,2023,4,231.328,30,13764.971900826447,2023
BUM,QU,2023,5,983.1074193548387,31,60448.91900826447,2023
BUM,QU,2023,6,252.16633333333334,30,15004.938842975207,2023
BUM,QU,2023,7,70.44129032258064,31,4331.2661157024795,2023
BUM,QU,2023,8,46.44741935483871,31,2855.9404958677683,2023
BUM,QU,2023,9,46.66833333333334,30,2776.958677685951,2023
BUM,QU,2023,10,54.63612903225806,31,3359.4446280991733,2024
BUM,QU,2023,11,187.545,30,11159.702479338843,2024
BUM,QU,2023,12,384.30645161290323,31,23630.0826446281,2024
BUM,QU,2024,1,228.94645161290322,31,14077.368595041324,2024
BUM,QU,2024,2,266.76827586206895,29,15344.687603305785,2024
BUM,QU,2024,3,183.88290322580644,31,11306.519008264462,2024
BUM,QU,2024,4,325.8793333333333,30,19391.16694214876,2024
BUM,QU,2024,5,494.0858064516129,31,30380.152066115705,2024
BUM,QU,2024,6,475.14733333333334,30,28273.229752066116,2024
BUM,QU,2024,7,99.94258064516129,31,6145.229752066116,2024
BUM,QU,2024,8,56.45935483870968,31,3471.550413223141,2024
BUM,QU,2024,9,44.223333333333336,30,2631.4710743801656,2024
BUM,QU,2024,10,46.93064516129032,31,2885.652892561983,2025
BUM,QU,2024,11,103.92233333333333,30,6183.808264462809,2025
BUM,QU,2024,12,151.22096774193548,31,9298.214876033058,2025
BUM,QU,2025,1,109.26290322580645,31,6718.314049586777,2025
BUM,QU,2025,2,137.55214285714285,28,7639.259504132232,2025
BUM,QU,2025,3,322.0074193548387,31,19799.464462809916,2025
BUM,QU,2025,4,462.98033333333336,30,27549.242975206616,2025
BUM,QU,2025,5,566.5945161290323,31,34838.538842975206,2025
BUM,QU,2025,6,335.96733333333333,30,19991.444628099176,2025
BUM,QU,2025,7,71.16548387096775,31,4375.795041322314,2025
BUM,QU,2025,8,41.866129032258065,31,2574.2479338842977,2025
BUM,QU,2025,9,36.355666666666664,30,2163.312396694215,2025
BUM,QU,2025,10,58.49032258064516,31,3596.4297520661157,2026
BUM,QU,2025,11,362.22933333333333,30,21554.14214876033,2026
BUM,QU,2025,12,958.2490322580645,31,58920.43636363637,2026
BUM,QU,2026,1,264.7374193548387,31,16278.069421487606,2026
BUM,QU,2026,2,241.0225,28,13385.712396694216,2026
BUM,QU,2026,3,530.0209677419355,31,32589.71900826446,2026
BUM,QU,2026,4,396.097,30,23569.40826446281,2026
BUM,QU,2026,5,425.46032258064514,31,26160.53553719008,2026
BUM,QU,2026,6,182.61033333333333,30,10866.069421487602,2026
BUM,QU,2026,7,71.37612903225806,31,4388.747107438016,2026
BUM,QU,2026,8,53.0315,20,2103.728925619835,2026
CLE,QD,2003,10,220.2258064516129,31,13541.157024793389,2004
CLE,QD,2003,11,225.06666666666666,30,13392.396694214876,2004
CLE,QD,2003,12,216.38709677419354,31,13305.123966942148,2004
CLE,QD,2004,1,214.74193548387098,31,13203.966942148762,2004
CLE,QD,2004,2,214.10344827586206,29,12315.371900826447,2004
CLE,QD,2004,3,215,31,13219.834710743802,2004
CLE,QD,2004,4,224.7,30,13370.578512396694,2004
CLE,QD,2004,5,231.4516129032258,31,14231.404958677685,2004
CLE,QD,2004,6,1325.5333333333333,30,78874.71074380165,2004
CLE,QD,2004,7,3343.483870967742,31,205582.80991735536,2004
CLE,QD,2004,8,2869.967741935484,31,176467.43801652893,2004
CLE,QD,2004,9,548.6,30,32643.96694214876,2004
CLE,QD,2004,10,219.3548387096774,31,13487.603305785124,2005
CLE,QD,2004,11,210.3,30,12513.719008264463,2005
CLE,QD,2004,12,184.3548387096774,31,11335.537190082645,2005
CLE,QD,2005,1,185.61290322580646,31,11412.892561983472,2005
CLE,QD,2005,2,184.60714285714286,28,10252.561983471074,2005
CLE,QD,2005,3,181.83870967741936,31,11180.826446280991,2005
CLE,QD,2005,4,352.3666666666667,30,20967.272727272728,2005
CLE,QD,2005,5,478.64516129032256,31,29430.743801652894,2005
CLE,QD,2005,6,2085.1666666666665,30,124076.03305785122,2005
CLE,QD,2005,7,2811.3548387096776,31,172863.47107438018,2005
CLE,QD,2005,8,1874.9354838709678,31,115285.28925619835,2005
CLE,QD,2005,9,327.96666666666664,30,19515.371900826445,2005
CLE,QD,2005,10,182.80645161290323,31,11240.330578512398,2006
CLE,QD,2005,11,184.7,30,10990.413223140496,2006
CLE,QD,2005,12,185.03225806451613,31,11377.190082644629,2006
CLE,QD,2006,1,184.25806451612902,31,11329.586776859505,2006
CLE,QD,2006,2,182.46428571428572,28,10133.553719008265,2006
CLE,QD,2006,3,178.25806451612902,31,10960.661157024793,2006
CLE,QD,2006,4,182.5,30,10859.504132231405,2006
CLE,QD,2006,5,205.4516129032258,31,12632.727272727274,2006
CLE,QD,2006,6,1185.5333333333333,30,70544.13223140496,2006
CLE,QD,2006,7,3000.1935483870966,31,184474.71074380167,2006
CLE,QD,2006,8,3072.7741935483873,31,188937.52066115703,2006
CLE,QD,2006,9,538.5,30,32042.975206611573,2006
CLE,QD,2006,10,213.8709677419355,31,13150.413223140496,2007
CLE,QD,2006,11,227,30,13507.438016528926,2007
CLE,QD,2006,12,221.6451612903226,31,13628.429752066117,2007
CLE,QD,2007,1,218.6451612903226,31,13443.966942148762,2007
CLE,QD,2007,2,224,28,12440.330578512398,2007
CLE,QD,2007,3,254.61290322580646,31,15655.537190082645,2007
CLE,QD,2007,4,586.4,30,34893.223140495866,2007
CLE,QD,2007,5,1792.6129032258063,31,110223.47107438017,2007
CLE,QD,2007,6,2006.5,30,119395.04132231405,2007
CLE,QD,2007,7,3365.7096774193546,31,206949.4214876033,2007
CLE,QD,2007,8,2825.2258064516127,31,173716.36363636365,2007
CLE,QD,2007,9,524.7,30,31221.818181818187,2007
CLE,QD,2007,10,232.83870967741936,31,14316.694214876034,2008
CLE,QD,2007,11,241.13333333333333,30,14348.429752066117,2008
CLE,QD,2007,12,254.06451612903226,31,15621.818181818182,2008
CLE,QD,2008,1,247.3548387096774,31,15209.256198347108,2008
CLE,QD,2008,2,240,29,13804.95867768595,2008
CLE,QD,2008,3,236.83870967741936,31,14562.644628099173,2008
CLE,QD,2008,4,342.4,30,20374.21487603306,2008
CLE,QD,2008,5,271.38709677419354,31,16686.942148760332,2008
CLE,QD,2008,6,760.0666666666667,30,45227.10743801653,2008
CLE,QD,2008,7,2854.4193548387098,31,175511.40495867768,2008
CLE,QD,2008,8,2995.967741935484,31,184214.87603305787,2008
CLE,QD,2008,9,439.46666666666664,30,26150.0826446281,2008
CLE,QD,2008,10,233.4516129032258,31,14354.380165289256,2009
CLE,QD,2008,11,233.56666666666666,30,13898.181818181818,2009
CLE,QD,2008,12,244.03225806451613,31,15004.95867768595,2009
CLE,QD,2009,1,272.7741935483871,31,16772.23140495868,2009
CLE,QD,2009,2,238.46428571428572,28,13243.636363636364,2009
CLE,QD,2009,3,232.5483870967742,31,14298.842975206611,2009
CLE,QD,2009,4,250.03333333333333,30,14878.01652892562,2009
CLE,QD,2009,5,1252.774193548387,31,77030.0826446281,2009
CLE,QD,2009,6,2243.8333333333335,30,133517.35537190083,2009
CLE,QD,2009,7,3350.8387096774195,31,206035.04132231406,2009
CLE,QD,2009,8,2976.483870967742,31,183016.85950413224,2009
CLE,QD,2009,9,388.5,30,23117.355371900827,2009
CLE,QD,2009,10,192.8709677419355,31,11859.173553719009,2010
CLE,QD,2009,11,186.46666666666667,30,11095.537190082645,2010
CLE,QD,2009,12,186.8709677419355,31,11490.247933884299,2010
CLE,QD,2010,1,181.06451612903226,31,11133.223140495867,2010
CLE,QD,2010,2,174.53571428571428,28,9693.223140495867,2010
CLE,QD,2010,3,188.2258064516129,31,11573.553719008265,2010
CLE,QD,2010,4,193.73333333333332,30,11527.933884297521,2010
CLE,QD,2010,5,243.4516129032258,31,14969.256198347108,2010
CLE,QD,2010,6,831.1333333333333,30,49455.867768595046,2010
CLE,QD,2010,7,2886.7741935483873,31,177500.826446281,2010
CLE,QD,2010,8,3282.4193548387098,31,201828.09917355372,2010
CLE,QD,2010,9,432.06666666666666,30,25709.752066115703,2010
CLE,QD,2010,10,196.7741935483871,31,12099.173553719009,2011
CLE,QD,2010,11,211.2,30,12567.272727272728,2011
CLE,QD,2010,12,207.16129032258064,31,12737.851239669422,2011
CLE,QD,2011,1,199.4516129032258,31,12263.801652892562,2011
CLE,QD,2011,2,214.82142857142858,28,11930.578512396694,2011
CLE,QD,2011,3,219,31,13465.785123966942,2011
CLE,QD,2011,4,922.4666666666667,30,54890.57851239669,2011
CLE,QD,2011,5,1480.8809677419356,31,91055.82148760332,2011
CLE,QD,2011,6,2382.4666666666667,30,141766.61157024794,2011
CLE,QD,2011,7,1687.5483870967741,31,103763.30578512397,2011
CLE,QD,2011,8,3084.0967741935483,31,189633.71900826448,2011
CLE,QD,2011,9,564.7,30,33601.98347107438,2011
CLE,QD,2011,10,237.7741935483871,31,14620.165289256198,2012
CLE,QD,2011,11,235.26666666666668,30,13999.338842975207,2012
CLE,QD,2011,12,240,31,14757.02479338843,2012
CLE,QD,2012,1,249.25806451612902,31,15326.280991735537,2012
CLE,QD,2012,2,261.3448275862069,29,15032.727272727276,2012
CLE,QD,2012,3,279.93548387096774,31,17212.561983471074,2012
CLE,QD,2012,4,819.9333333333333,30,48789.42148760331,2012
CLE,QD,2012,5,2200.548387096774,31,135306.44628099175,2012
CLE,QD,2012,6,2396.519333333333,30,142602.80330578514,2012
CLE,QD,2012,7,2528.9032258064517,31,155496.19834710745,2012
CLE,QD,2012,8,3459.483870967742,31,212715.37190082646,2012
CLE,QD,2012,9,537.3333333333334,30,31973.55371900827,2012
CLE,QD,2012,10,237.70967741935485,31,14616.198347107438,2013
CLE,QD,2012,11,247.63333333333333,30,14735.20661157025,2013
CLE,QD,2012,12,230.7741935483871,31,14189.752066115703,2013
CLE,QD,2013,1,229.6451612903226,31,14120.330578512398,2013
CLE,QD,2013,2,231.5,28,12856.859504132231,2013
CLE,QD,2013,3,248,31,15248.925619834712,2013
CLE,QD,2013,4,388.9,30,23141.15702479339,2013
CLE,QD,2013,5,1720.483870967742,31,105788.42975206612,2013
CLE,QD,2013,6,1782.8,30,106083.96694214876,2013
CLE,QD,2013,7,3578.1612903225805,31,220012.56198347107,2013
CLE,QD,2013,8,2823.3870967741937,31,173603.30578512396,2013
CLE,QD,2013,9,418.76666666666665,30,24918.347107438018,2013
CLE,QD,2013,10,237.61290322580646,31,14610.247933884299,2014
CLE,QD,2013,11,257.3666666666667,30,15314.380165289256,2014
CLE,QD,2013,12,222.2258064516129,31,13664.13223140496,2014
CLE,QD,2014,1,216.93548387096774,31,13338.842975206611,2014
CLE,QD,2014,2,223.10714285714286,28,12390.743801652892,2014
CLE,QD,2014,3,223.70967741935485,31,13755.371900826447,2014
CLE,QD,2014,4,272.2,30,16197.02479338843,2014
CLE,QD,2014,5,833.3548387096774,31,51240.991735537194,2014
CLE,QD,2014,6,1959.6,30,116604.29752066116,2014
CLE,QD,2014,7,3552.3870967741937,31,218427.76859504133,2014
CLE,QD,2014,8,2684.4193548387098,31,165058.51239669422,2014
CLE,QD,2014,9,347.2,30,20659.834710743802,2014
CLE,QD,2014,10,232.48193548387096,31,14294.757024793387,2015
CLE,QD,2014,11,239.63966666666667,30,14259.550413223142,2015
CLE,QD,2014,12,230.02161290322582,31,14143.477685950415,2015
CLE,QD,2015,1,256.6735483870968,31,15782.24132231405,2015
CLE,QD,2015,2,251.22321428571428,28,13952.231404958678,2015
CLE,QD,2015,3,309.2983870967742,31,19018.016528925622,2015
CLE,QD,2015,4,858.849,30,51105.06446280992,2015
CLE,QD,2015,5,1111.4135483870969,31,68338.15537190082,2015
CLE,QD,2015,6,2203.5626666666667,30,131121.08429752066,2015
CLE,QD,2015,7,2659.050322580645,31,163498.63140495867,2015
CLE,QD,2015,8,1995.773870967742,31,122715.35206611571,2015
CLE,QD,2015,9,296.27933333333334,30,17629.844628099177,2015
CLE,QD,2015,10,181.7883870967742,31,11177.732231404958,2016
CLE,QD,2015,11,185.14733333333334,30,11017.031404958678,2016
CLE,QD,2015,12,186.2658064516129,31,11453.038016528926,2016
CLE,QD,2016,1,191.24032258064517,31,11758.909090909092,2016
CLE,QD,2016,2,211.95862068965516,29,12191.999999999998,2016
CLE,QD,2016,3,226.33645161290323,31,13916.885950413223,2016
CLE,QD,2016,4,1424.1376666666667,30,84742.07603305786,2016
CLE,QD,2016,5,1792.6009677419354,31,110222.73719008264,2016
CLE,QD,2016,6,2015.5166666666667,30,119931.5702479339,2016
CLE,QD,2016,7,3111.309677419355,31,191306.9752066116,2016
CLE,QD,2016,8,2779.518064516129,31,170905.9041322314,2016
CLE,QD,2016,9,455.548,30,27106.98842975207,2016
CLE,QD,2016,10,226.13677419354838,31,13904.60826446281,2017
CLE,QD,2016,11,221.65166666666667,30,13189.190082644629,2017
CLE,QD,2016,12,219.50645161290322,31,13496.92561983471,2017
CLE,QD,2017,1,216.98225806451612,31,13341.719008264463,2017
CLE,QD,2017,2,222.3382142857143,28,12348.039669421489,2017
CLE,QD,2017,3,236.46354838709678,31,14539.576859504132,2017
CLE,QD,2017,4,547.787,30,32595.59008264463,2017
CLE,QD,2017,5,659.57,31,40555.3785123967,2017
CLE,QD,2017,6,1799.267,30,107063.82148760332,2017
CLE,QD,2017,7,3150.4190322580644,31,193711.71570247933,2017
CLE,QD,2017,8,2903.393870967742,31,178522.7305785124,2017
CLE,QD,2017,9,495.93,30,29509.88429752066,2017
CLE,QD,2017,10,224.89322580645162,31,13828.145454545456,2018
CLE,QD,2017,11,234.699,30,13965.560330578513,2018
CLE,QD,2017,12,226.69516129032257,31,13938.942148760332,2018
CLE,QD,2018,1,236.66612903225806,31,14552.033057851238,2018
CLE,QD,2018,2,237.17642857142857,28,13172.112396694216,2018
CLE,QD,2018,3,231.7767741935484,31,14251.398347107439,2018
CLE,QD,2018,4,398.00466666666665,30,23682.922314049585,2018
CLE,QD,2018,5,2411.567419354839,31,148281.5008264463,2018
CLE,QD,2018,6,1946.8026666666667,30,115842.80330578513,2018
CLE,QD,2018,7,3308.7409677419355,31,203446.55206611572,2018
CLE,QD,2018,8,2790.79935483871,31,171599.56363636363,2018
CLE,QD,2018,9,449.241,30,26731.695867768594,2018
CLE,QD,2018,10,215.5716129032258,31,13254.981818181817,2019
CLE,QD,2018,11,214.605,30,12769.88429752066,2019
CLE,QD,2018,12,226.20741935483872,31,13908.952066115704,2019
CLE,QD,2019,1,230.43774193548387,31,14169.064462809918,2019
CLE,QD,2019,2,224.56714285714287,28,12471.828099173554,2019
CLE,QD,2019,3,272.64290322580644,31,16764.15867768595,2019
CLE,QD,2019,4,375.33566666666667,30,22334.02314049587,2019
CLE,QD,2019,5,336.1290322580645,31,20667.76859504132,2019
CLE,QD,2019,6,1924,30,114485.95041322314,2019
CLE,QD,2019,7,3000.1612903225805,31,184472.72727272726,2019
CLE,QD,2019,8,2073.7096774193546,31,127507.43801652892,2019
CLE,QD,2019,9,340.96666666666664,30,20288.92561983471,2019
CLE,QD,2019,10,184.69225806451612,31,11356.284297520662,2020
CLE,QD,2019,11,184.62066666666666,30,10985.692561983471,2020
CLE,QD,2019,12,185.95096774193547,31,11433.679338842974,2020
CLE,QD,2020,1,201.68806451612903,31,12401.315702479338,2020
CLE,QD,2020,2,236.89448275862068,29,13626.327272727272,2020
CLE,QD,2020,3,183.55290322580646,31,11286.228099173555,2020
CLE,QD,2020,4,400.38433333333336,30,23824.522314049587,2020
CLE,QD,2020,5,451.3222580645161,31,27750.72396694215,2020
CLE,QD,2020,6,1344.7016666666666,30,80015.30578512396,2020
CLE,QD,2020,7,3326.0822580645163,31,204512.826446281,2020
CLE,QD,2020,8,3220.17,31,198000.5355371901,2020
CLE,QD,2020,9,641.0893333333333,30,38147.46446280992,2020
CLE,QD,2020,10,402.5312903225806,31,24750.68429752066,2021
CLE,QD,2020,11,241.91266666666667,30,14394.803305785124,2021
CLE,QD,2020,12,261.95774193548385,31,16107.153719008264,2021
CLE,QD,2021,1,267.24806451612903,31,16432.442975206613,2021
CLE,QD,2021,2,267.82428571428574,28,14874.208264462812,2021
CLE,QD,2021,3,257.07290322580644,31,15806.796694214876,2021
CLE,QD,2021,4,568.9256666666666,30,33853.42809917356,2021
CLE,QD,2021,5,691.5729032258065,31,42523.16033057852,2021
CLE,QD,2021,6,1853.0143333333333,30,110262.00991735538,2021
CLE,QD,2021,7,3728.1648387096775,31,229235.92066115703,2021
CLE,QD,2021,8,2739.243225806452,31,168429.5008264463,2021
CLE,QD,2021,9,579.4776666666667,30,34481.31570247934,2021
CLE,QD,2021,10,219.51129032258063,31,13497.223140495867,2022
CLE,QD,2021,11,252.14733333333334,30,15003.80826446281,2022
CLE,QD,2021,12,229.3625806451613,31,14102.955371900829,2022
CLE,QD,2022,1,252.77935483870968,31,15542.796694214876,2022
CLE,QD,2022,2,261.89,28,14544.634710743801,2022
CLE,QD,2022,3,231.32258064516128,31,14223.471074380166,2022
CLE,QD,2022,4,381.3333333333333,30,22690.909090909092,2022
CLE,QD,2022,5,1104.258064516129,31,67898.18181818182,2022
CLE,QD,2022,6,2561,30,152390.0826446281,2022
CLE,QD,2022,7,2627.8770967741934,31,161581.86446280993,2022
CLE,QD,2022,8,3117.9032258064517,31,191712.39669421487,2022
CLE,QD,2022,9,576.5333333333333,30,34306.11570247934,2022
CLE,QD,2022,10,223.20612903225808,31,13724.409917355373,2023
CLE,QD,2022,11,257.53333333333336,30,15324.297520661159,2023
CLE,QD,2022,12,221.75806451612902,31,13635.371900826447,2023
CLE,QD,2023,1,232.48387096774192,31,14294.876033057852,2023
CLE,QD,2023,2,228.375,28,12683.305785123966,2023
CLE,QD,2023,3,219.61290322580646,31,13503.471074380166,2023
CLE,QD,2023,4,356,30,21183.471074380166,2023
CLE,QD,2023,5,379.1774193548387,31,23314.710743801654,2023
CLE,QD,2023,6,1444.6833333333334,30,85964.62809917355,2023
CLE,QD,2023,7,3395.516129032258,31,208782.14876033057,2023
CLE,QD,2023,8,2309.4193548387098,31,142000.6611570248,2023
CLE,QD,2023,9,422.57533333333333,30,25144.978512396694,2023
CLE,QD,2023,10,183.61193548387098,31,11289.85785123967,2024
CLE,QD,2023,11,194.03366666666668,30,11545.804958677687,2024
CLE,QD,2023,12,188.70129032258063,31,11602.790082644628,2024
CLE,QD,2024,1,171.4358064516129,31,10541.176859504132,2024
CLE,QD,2024,2,187.26862068965517,29,10771.814876033059,2024
CLE,QD,2024,3,189.32967741935485,31,11641.428099173554,2024
CLE,QD,2024,4,320.20799999999997,30,19053.69917355372,2024
CLE,QD,2024,5,331.3896774193548,31,20376.35702479339,2024
CLE,QD,2024,6,1175.3193333333334,30,69936.3570247934,2024
CLE,QD,2024,7,3109.172258064516,31,191175.55041322313,2024
CLE,QD,2024,8,1972.6067741935483,31,121290.86280991735,2024
CLE,QD,2024,9,351.857,30,20936.945454545457,2024
CLE,QD,2024,10,184.02032258064517,31,11314.968595041322,2025
CLE,QD,2024,11,207.669,30,12357.163636363637,2025
CLE,QD,2024,12,191.3548387096774,31,11765.950413223141,2025
CLE,QD,2025,1,195.74451612903226,31,12035.861157024794,2025
CLE,QD,2025,2,176.47607142857143,28,9800.985123966942,2025
CLE,QD,2025,3,190.66774193548386,31,11723.702479338843,2025
CLE,QD,2025,4,246.97633333333334,30,14696.112396694216,2025
CLE,QD,2025,5,472.1641935483871,31,29032.244628099175,2025
CLE,QD,2025,6,1903.737,30,113280.21818181819,2025
CLE,QD,2025,7,2744.8209677419354,31,168772.46280991734,2025
CLE,QD,2025,8,1445.4390322580646,31,88876.58181818182,2025
CLE,QD,2025,9,162.05133333333333,30,9642.723966942149,2025
CLE,QD,2025,10,132.80967741935484,31,8166.1487603305795,2026
CLE,QD,2025,11,184.102,30,10954.829752066116,2026
CLE,QD,2025,12,213.52032258064517,31,13128.852892561985,2026
CLE,QD,2026,1,206.66032258064516,31,12707.047933884298,2026
CLE,QD,2026,2,204.8282142857143,28,11375.583471074382,2026
CLE,QD,2026,3,706.7464516129032,31,43456.145454545454,2026
CLE,QD,2026,4,641.4126666666667,30,38166.70413223141,2026
CLE,QD,2026,5,1172.137741935484,31,72071.94049586778,2026
CLE,QD,2026,6,2181.7206666666666,30,129821.3950413223,2026
CLE,QD,2026,7,2944.5770967741937,31,181054.98842975206,2026
CLE,QD,2026,8,2578.439,20,102285.18347107439,2026
CLE,QU,2003,10,738.5848387096775,31,45413.81157024793,2004
CLE,QU,2003,11,1091.0363333333332,30,64921.17024793388,2004
CLE,QU,2003,12,530.8235483870968,31,32639.067768595047,2004
CLE,QU,2004,1,384.3767741935484,31,23634.406611570248,2004
CLE,QU,2004,2,430.11137931034483,29,24740.29090909091,2004
CLE,QU,2004,3,895.7145161290323,31,55075.33884297521,2004
CLE,QU,2004,4,1592.4216666666666,30,94755.6694214876,2004
CLE,QU,2004,5,1904.6741935483872,31,117113.85123966943,2004
CLE,QU,2004,6,1294.9323333333334,30,77053.82479338844,2004
CLE,QU,2004,7,559.8764516129032,31,34425.461157024794,2004
CLE,QU,2004,8,480.7058064516129,31,29557.447933884298,2004
CLE,QU,2004,9,590.5486666666667,30,35140.085950413224,2004
CLE,QU,2004,10,393.1641935483871,31,24174.72396694215,2005
CLE,QU,2004,11,866.4456666666666,30,51557.097520661155,2005
CLE,QU,2004,12,1055.092258064516,31,64875.09421487603,2005
CLE,QU,2005,1,1404.4045161290323,31,86353.46776859504,2005
CLE,QU,2005,2,513.9492857142857,28,28543.299173553714,2005
CLE,QU,2005,3,481.1216129032258,31,29583.01487603306,2005
CLE,QU,2005,4,970.7666666666667,30,57764.628099173555,2005
CLE,QU,2005,5,1124.5354838709677,31,69144.99173553719,2005
CLE,QU,2005,6,560.7053333333333,30,33364.28429752066,2005
CLE,QU,2005,7,349.2477419354839,31,21474.406611570248,2005
CLE,QU,2005,8,224.58322580645162,31,13809.084297520661,2005
CLE,QU,2005,9,127.71533333333333,30,7599.590082644629,2005
CLE,QU,2005,10,343.83935483870965,31,21141.857851239667,2006
CLE,QU,2005,11,466.53066666666666,30,27760.502479338844,2006
CLE,QU,2005,12,545.3380645161291,31,33531.5305785124,2006
CLE,QU,2006,1,837.641935483871,31,51504.59504132231,2006
CLE,QU,2006,2,408.1275,28,22666.254545454547,2006
CLE,QU,2006,3,289.12290322580645,31,17777.474380165288,2006
CLE,QU,2006,4,1147.122,30,68258.49917355373,2006
CLE,QU,2006,5,2980.7506451612903,31,183279.2132231405,2006
CLE,QU,2006,6,2586.518666666667,30,153908.54876033057,2006
CLE,QU,2006,7,778.5238709677419,31,47869.566942148755,2006
CLE,QU,2006,8,243.58548387096775,31,14977.487603305786,2006
CLE,QU,2006,9,105.595,30,6283.338842975207,2006
CLE,QU,2006,10,110.12483870967742,31,6771.312396694215,2007
CLE,QU,2006,11,2099.4983333333334,30,124928.826446281,2007
CLE,QU,2006,12,428.49290322580646,31,26347.001652892563,2007
CLE,QU,2007,1,631.9464516129033,31,38856.87272727273,2007
CLE,QU,2007,2,650.9878571428571,28,36154.03636363636,2007
CLE,QU,2007,3,1878.8612903225805,31,115526.67768595042,2007
CLE,QU,2007,4,1262.4093333333333,30,75118.57190082644,2007
CLE,QU,2007,5,2248.9158064516128,31,138280.44297520662,2007
CLE,QU,2007,6,1694.5403333333334,30,100832.1520661157,2007
CLE,QU,2007,7,757.9409677419355,31,46603.97355371901,2007
CLE,QU,2007,8,285.97806451612905,31,17584.105785123968,2007
CLE,QU,2007,9,110.21366666666667,30,6558.168595041322,2007
CLE,QU,2007,10,379.0335483870968,31,23305.86446280992,2008
CLE,QU,2007,11,418.7176666666667,30,24915.43140495868,2008
CLE,QU,2007,12,818.2770967741935,31,50313.89752066116,2008
CLE,QU,2008,1,259.2832258064516,31,15942.704132231403,2008
CLE,QU,2008,2,279.88310344827585,29,16099.061157024793,2008
CLE,QU,2008,3,388.73387096774195,31,23902.314049586777,2008
CLE,QU,2008,4,559.2236666666666,30,33276.11900826446,2008
CLE,QU,2008,5,3279.523870967742,31,201650.06280991738,2008
CLE,QU,2008,6,2326.5906666666665,30,138441.75867768595,2008
CLE,QU,2008,7,1217.129677419355,31,74838.38677685951,2008
CLE,QU,2008,8,485.01,31,29822.102479338842,2008
CLE,QU,2008,9,173.79866666666666,30,10341.738842975206,2008
CLE,QU,2008,10,234.00451612903225,31,14388.376859504131,2009
CLE,QU,2008,11,1437.667,30,85547.12727272726,2009
CLE,QU,2008,12,475.99548387096775,31,29267.82148760331,2009
CLE,QU,2009,1,1365.324193548387,31,83950.5123966942,2009
CLE,QU,2009,2,273.4239285714286,28,15185.196694214876,2009
CLE,QU,2009,3,298.70774193548385,31,18366.823140495864,2009
CLE,QU,2009,4,989.2926666666667,30,58867.00165289257,2009
CLE,QU,2009,5,2349.9596774193546,31,144493.38842975206,2009
CLE,QU,2009,6,2099.229,30,124912.79999999999,2009
CLE,QU,2009,7,664.6893548387097,31,40870.15537190083,2009
CLE,QU,2009,8,313.01129032258063,31,19246.314049586777,2009
CLE,QU,2009,9,149.61166666666668,30,8902.512396694216,2009
CLE,QU,2009,10,441.0312903225806,31,27117.957024793388,2010
CLE,QU,2009,11,747.9456666666666,30,44505.85785123967,2010
CLE,QU,2009,12,396.7764516129032,31,24396.83305785124,2010
CLE,QU,2010,1,478.55709677419355,31,29425.328925619837,2010
CLE,QU,2010,2,389.09535714285715,28,21609.262809917356,2010
CLE,QU,2010,3,546.6790322580645,31,33613.98347107438,2010
CLE,QU,2010,4,1008.8053333333334,30,60028.085950413224,2010
CLE,QU,2010,5,1846.377741935484,31,113529.34214876035,2010
CLE,QU,2010,6,2390.0696666666668,30,142219.0214876033,2010
CLE,QU,2010,7,1027.1629032258065,31,63157.78512396695,2010
CLE,QU,2010,8,420.42064516129034,31,25850.657851239674,2010
CLE,QU,2010,9,369.45466666666664,30,21984.079338842974,2010
CLE,QU,2010,10,319.56129032258065,31,19649.057851239668,2011
CLE,QU,2010,11,835.148,30,49694.75702479339,2011
CLE,QU,2010,12,752.9448387096775,31,46296.77355371901,2011
CLE,QU,2011,1,1677.5258064516129,31,103147.04132231406,2011
CLE,QU,2011,2,835.4771428571429,28,46400.05289256199,2011
CLE,QU,2011,3,616.1987096774194,31,37888.58181818182,2011
CLE,QU,2011,4,1024.9763333333333,30,60990.32727272727,2011
CLE,QU,2011,5,2066.584516129032,31,127069.32892561983,2011
CLE,QU,2011,6,2785.128,30,165726.62479338844,2011
CLE,QU,2011,7,1608.7029032258065,31,98915.28595041322,2011
CLE,QU,2011,8,591.74,31,36384.674380165285,2011
CLE,QU,2011,9,246.32366666666667,30,14657.276033057851,2011
CLE,QU,2011,10,426.89354838709676,31,26248.66115702479,2012
CLE,QU,2011,11,360.9223333333333,30,21476.370247933886,2012
CLE,QU,2011,12,392.23225806451615,31,24117.421487603307,2012
CLE,QU,2012,1,527.8377419354839,31,32455.477685950416,2012
CLE,QU,2012,2,589.7424137931034,29,33922.37355371901,2012
CLE,QU,2012,3,480.8825806451613,31,29568.317355371903,2012
CLE,QU,2012,4,1620.4823333333334,30,96425.39504132232,2012
CLE,QU,2012,5,2705.9874193548385,31,166384.6809917355,2012
CLE,QU,2012,6,2741.9263333333333,30,163155.947107438,2012
CLE,QU,2012,7,1766.6545161290323,31,108627.35206611571,2012
CLE,QU,2012,8,468.55225806451614,31,28810.15537190083,2012
CLE,QU,2012,9,160.87866666666667,30,9572.945454545456,2012
CLE,QU,2012,10,588.8387096774194,31,36206.28099173554,2013
CLE,QU,2012,11,979.3463333333334,30,58275.153719008274,2013
CLE,QU,2012,12,579.2641935483871,31,35617.56694214876,2013
CLE,QU,2013,1,281.02612903225804,31,17279.623140495867,2013
CLE,QU,2013,2,309.3860714285714,28,17182.433057851238,2013
CLE,QU,2013,3,735.526129032258,31,45225.7388429752,2013
CLE,QU,2013,4,1629.0946666666666,30,96937.86446280991,2013
CLE,QU,2013,5,2557.2561290322583,31,157239.55041322316,2013
CLE,QU,2013,6,1729.739,30,102926.61818181818,2013
CLE,QU,2013,7,789.96,31,48572.74710743802,2013
CLE,QU,2013,8,315.9832258064516,31,19429.05123966942,2013
CLE,QU,2013,9,311.35366666666664,30,18526.829752066114,2013
CLE,QU,2013,10,507.76612903225805,31,31221.322314049587,2014
CLE,QU,2013,11,586.725,30,34912.561983471074,2014
CLE,QU,2013,12,632.7748387096774,31,38907.80826446281,2014
CLE,QU,2014,1,586.9712903225807,31,36091.45785123967,2014
CLE,QU,2014,2,373.7660714285714,28,20757.9173553719,2014
CLE,QU,2014,3,1221.0564516129032,31,75079.8347107438,2014
CLE,QU,2014,4,1359.3913333333333,30,80889.40165289256,2014
CLE,QU,2014,5,2674.3087096774193,31,164436.83305785124,2014
CLE,QU,2014,6,1966.7146666666667,30,117027.64958677687,2014
CLE,QU,2014,7,1017.1764516129032,31,62543.74214876033,2014
CLE,QU,2014,8,418.47225806451615,31,25730.85619834711,2014
CLE,QU,2014,9,195.776,30,11649.48099173554,2014
CLE,QU,2014,10,572.6590322580645,31,35211.43140495868,2015
CLE,QU,2014,11,1604.6546666666666,30,95483.58347107438,2015
CLE,QU,2014,12,1036.8506451612902,31,63753.46115702479,2015
CLE,QU,2015,1,1240.7096774193549,31,76288.26446280992,2015
CLE,QU,2015,2,1280.8760714285713,28,71136.25785123967,2015
CLE,QU,2015,3,984.8309677419355,31,60554.8958677686,2015
CLE,QU,2015,4,676.226,30,40238.24132231405,2015
CLE,QU,2015,5,801.9525806451613,31,49310.14214876034,2015
CLE,QU,2015,6,427.348,30,25428.971900826447,2015
CLE,QU,2015,7,183.23387096774192,31,11266.611570247935,2015
CLE,QU,2015,8,160.8341935483871,31,9889.309090909092,2015
CLE,QU,2015,9,156.098,30,9288.476033057852,2015
CLE,QU,2015,10,347.27000000000004,31,21352.800000000003,2016
CLE,QU,2015,11,2118.300333333333,30,126047.62314049587,2016
CLE,QU,2015,12,1262.1993548387097,31,77609.61322314049,2016
CLE,QU,2016,1,430.6045161290323,31,26476.839669421486,2016
CLE,QU,2016,2,1408.9196551724137,29,81041.99008264462,2016
CLE,QU,2016,3,947.9777419354839,31,58288.87933884298,2016
CLE,QU,2016,4,2471.0563333333334,30,147038.06280991738,2016
CLE,QU,2016,5,2247.0670967741935,31,138166.7702479339,2016
CLE,QU,2016,6,1242.3673333333334,30,73925.99008264464,2016
CLE,QU,2016,7,597.0406451612903,31,36710.598347107436,2016
CLE,QU,2016,8,275.4658064516129,31,16937.732231404956,2016
CLE,QU,2016,9,153.653,30,9142.988429752068,2016
CLE,QU,2016,10,1005.056129032258,31,61798.49256198347,2017
CLE,QU,2016,11,963.0326666666666,30,57304.42314049587,2017
CLE,QU,2016,12,411.4641935483871,31,25299.947107438016,2017
CLE,QU,2017,1,188.61870967741936,31,11597.712396694216,2017
CLE,QU,2017,2,371.22464285714284,28,20616.773553719006,2017
CLE,QU,2017,3,1053.4632258064516,31,64774.92892561984,2017
CLE,QU,2017,4,1360.232,30,80939.42479338843,2017
CLE,QU,2017,5,3080.3267741935483,31,189401.91074380168,2017
CLE,QU,2017,6,2030.574,30,120827.5438016529,2017
CLE,QU,2017,7,728.4648387096775,31,44791.55702479339,2017
CLE,QU,2017,8,299.1741935483871,31,18395.504132231406,2017
CLE,QU,2017,9,127.75933333333333,30,7602.20826446281,2017
CLE,QU,2017,10,628.5009677419355,31,38645.01818181818,2018
CLE,QU,2017,11,1257.7973333333334,30,74844.13884297523,2018
CLE,QU,2017,12,582.2145161290323,31,35798.975206611576,2018
CLE,QU,2018,1,572.3922580645161,31,35195.028099173556,2018
CLE,QU,2018,2,1057.0228571428572,28,58704.07933884298,2018
CLE,QU,2018,3,423.23064516129034,31,26023.43801652893,2018
CLE,QU,2018,4,1473.4256666666668,30,87674.91570247935,2018
CLE,QU,2018,5,3726.4351612903224,31,229129.56694214875,2018
CLE,QU,2018,6,1390.471,30,82738.77024793388,2018
CLE,QU,2018,7,668.3870967741935,31,41097.520661157025,2018
CLE,QU,2018,8,352.9877419354839,31,21704.370247933886,2018
CLE,QU,2018,9,111.98766666666667,30,6663.7289256198355,2018
CLE,QU,2018,10,200.4251612903226,31,12323.662809917356,2019
CLE,QU,2018,11,910.1036666666666,30,54154.92892561984,2019
CLE,QU,2018,12,531.4587096774194,31,32678.12231404959,2019
CLE,QU,2019,1,670.8254838709678,31,41247.451239669426,2019
CLE,QU,2019,2,381.0032142857143,28,21159.8479338843,2019
CLE,QU,2019,3,373.6316129032258,31,22973.712396694216,2019
CLE,QU,2019,4,1531.189,30,91112.07272727274,2019
CLE,QU,2019,5,2067.2967741935486,31,127113.12396694216,2019
CLE,QU,2019,6,1045.0123333333333,30,62182.5520661157,2019
CLE,QU,2019,7,507.9058064516129,31,31229.910743801654,2019
CLE,QU,2019,8,295.05064516129033,31,18141.957024793388,2019
CLE,QU,2019,9,185.674,30,11048.370247933884,2019
CLE,QU,2019,10,631.7819354838709,31,38846.75702479338,2020
CLE,QU,2019,11,357.49733333333336,30,21272.568595041324,2020
CLE,QU,2019,12,477.79483870967744,31,29378.459504132235,2020
CLE,QU,2020,1,1145.2116129032258,31,70416.3173553719,2020
CLE,QU,2020,2,1534.4362068965518,29,88261.78512396695,2020
CLE,QU,2020,3,470.2048387096774,31,28911.768595041325,2020
CLE,QU,2020,4,1330.5423333333333,30,79172.76694214875,2020
CLE,QU,2020,5,2455.2364516129032,31,150966.6049586777,2020
CLE,QU,2020,6,1729.7183333333332,30,102925.38842975206,2020
CLE,QU,2020,7,817.8890322580645,31,50290.03636363637,2020
CLE,QU,2020,8,392.1448387096774,31,24112.046280991737,2020
CLE,QU,2020,9,249.51933333333335,30,14847.43140495868,2020
CLE,QU,2020,10,820.9245161290322,31,50476.680991735535,2021
CLE,QU,2020,11,912.5556666666666,30,54300.83305785124,2021
CLE,QU,2020,12,608.0870967741936,31,37389.818181818184,2021
CLE,QU,2021,1,740.6929032258065,31,45543.43140495868,2021
CLE,QU,2021,2,597.5589285714286,28,33186.7438016529,2021
CLE,QU,2021,3,470.00774193548386,31,28899.64958677686,2021
CLE,QU,2021,4,1367.6386666666667,30,81380.15206611571,2021
CLE,QU,2021,5,2526.253548387097,31,155333.27603305786,2021
CLE,QU,2021,6,2650.0686666666666,30,157690.03636363638,2021
CLE,QU,2021,7,885.2693548387097,31,54433.090909090904,2021
CLE,QU,2021,8,378.6777419354839,31,23283.986776859507,2021
CLE,QU,2021,9,197.183,30,11733.203305785124,2021
CLE,QU,2021,10,444.0796774193548,31,27305.395041322314,2022
CLE,QU,2021,11,1933.607,30,115057.60661157026,2022
CLE,QU,2021,12,743.3935483870968,31,45709.48760330579,2022
CLE,QU,2022,1,806.9235483870967,31,49615.79504132231,2022
CLE,QU,2022,2,603.8864285714286,28,33538.15537190083,2022
CLE,QU,2022,3,1177.0777419354838,31,72375.68925619834,2022
CLE,QU,2022,4,806.9416666666667,30,48016.36363636364,2022
CLE,QU,2022,5,2075.235806451613,31,127601.27603305785,2022
CLE,QU,2022,6,3035.1766666666667,30,180605.55371900828,2022
CLE,QU,2022,7,1201.667741935484,31,73887.66942148762,2022
CLE,QU,2022,8,333.08193548387095,31,20480.40991735537,2022
CLE,QU,2022,9,101.91033333333334,30,6064.085950413224,2022
CLE,QU,2022,10,88.61451612903225,31,5448.694214876033,2023
CLE,QU,2022,11,668.4966666666667,30,39778.31404958678,2023
CLE,QU,2022,12,381.59483870967745,31,23463.352066115705,2023
CLE,QU,2023,1,440.5254838709677,31,27086.856198347105,2023
CLE,QU,2023,2,343.3432142857143,28,19068.317355371903,2023
CLE,QU,2023,3,260.921935483871,31,16043.46446280992,2023
CLE,QU,2023,4,937.9636666666667,30,55812.71404958678,2023
CLE,QU,2023,5,3074.2848387096774,31,189030.40661157024,2023
CLE,QU,2023,6,759.994,30,45222.78347107438,2023
CLE,QU,2023,7,498.768064516129,31,30668.052892561984,2023
CLE,QU,2023,8,242.4816129032258,31,14909.613223140495,2023
CLE,QU,2023,9,101.70633333333333,30,6051.947107438017,2023
CLE,QU,2023,10,144.36741935483872,31,8876.80661157025,2024
CLE,QU,2023,11,521.777,30,31047.88760330579,2024
CLE,QU,2023,12,969.8229032258064,31,59632.085950413224,2024
CLE,QU,2024,1,445.2283870967742,31,27376.026446280994,2024
CLE,QU,2024,2,813.4958620689655,29,46792.819834710746,2024
CLE,QU,2024,3,770.6770967741935,31,47387.08760330578,2024
CLE,QU,2024,4,1072.1456666666666,30,63797.09752066115,2024
CLE,QU,2024,5,1434.3758064516128,31,88196.33057851238,2024
CLE,QU,2024,6,1239.931,30,73781.01818181819,2024
CLE,QU,2024,7,597.5145161290322,31,36739.735537190085,2024
CLE,QU,2024,8,283.9406451612903,31,17458.829752066114,2024
CLE,QU,2024,9,95.386,30,5675.861157024793,2024
CLE,QU,2024,10,177.36870967741936,31,10905.976859504133,2025
CLE,QU,2024,11,434.3256666666667,30,25844.171900826448,2025
CLE,QU,2024,12,447.45612903225805,31,27513.004958677684,2025
CLE,QU,2025,1,352.8822580645161,31,21697.88429752066,2025
CLE,QU,2025,2,354.9867857142857,28,19714.968595041322,2025
CLE,QU,2025,3,1449.121612903226,31,89103.01487603306,2025
CLE,QU,2025,4,1520.6323333333332,30,90483.90743801653,2025
CLE,QU,2025,5,1679.1241935483872,31,103245.3223140496,2025
CLE,QU,2025,6,1073.29,30,63865.19008264462,2025
CLE,QU,2025,7,343.37612903225806,31,21113.37520661157,2025
CLE,QU,2025,8,227.0448387096774,31,13960.442975206612,2025
CLE,QU,2025,9,98.69433333333333,30,5872.720661157025,2025
CLE,QU,2025,10,174.60677419354838,31,10736.152066115701,2026
CLE,QU,2025,11,1204.6696666666667,30,71682.82314049586,2026
CLE,QU,2025,12,3382.972258064516,31,208010.85619834712,2026
CLE,QU,2026,1,885.2693548387097,31,54433.090909090904,2026
CLE,QU,2026,2,647.9546428571429,28,35985.580165289255,2026
CLE,QU,2026,3,1898.9383870967742,31,116761.1702479339,2026
CLE,QU,2026,4,987.389,30,58753.72561983472,2026
CLE,QU,2026,5,1039.1451612903224,31,63894.54545454545,2026
CLE,QU,2026,6,611.6176666666667,30,36393.77851239669,2026
CLE,QU,2026,7,249.53032258064516,31,15343.021487603306,2026
CLE,QU,2026,8,176.7955,20,7013.37520661157,2026
KAC,QD,2003,10,306.8709677419355,31,18868.760330578512,2004
KAC,QD,2003,11,21.366666666666667,30,1271.404958677686,2004
KAC,QD,2003,12,20,31,1229.7520661157025,2004
KAC,QD,2004,1,21.161290322580644,31,1301.1570247933885,2004
KAC,QD,2004,2,16.137931034482758,29,928.2644628099174,2004
KAC,QD,2004,3,17.806451612903224,31,1094.8760330578514,2004
KAC,QD,2004,4,153.26666666666668,30,9120,2004
KAC,QD,2004,5,457.80645161290323,31,28149.421487603307,2004
KAC,QD,2004,6,213.1,30,12680.330578512398,2004
KAC,QD,2004,7,380.7096774193548,31,23408.92561983471,2004
KAC,QD,2004,8,388.258064516129,31,23873.05785123967,2004
KAC,QD,2004,9,1027.6333333333334,30,61148.42975206613,2004
KAC,QD,2004,10,516.8709677419355,31,31781.15702479339,2005
KAC,QD,2004,11,25.3,30,1505.4545454545455,2005
KAC,QD,2004,12,18.161290322580644,31,1116.6942148760331,2005
KAC,QD,2005,1,11.096774193548388,31,682.3140495867768,2005
KAC,QD,2005,2,7.821428571428571,28,434.3801652892562,2005
KAC,QD,2005,3,7.709677419354839,31,474.04958677685954,2005
KAC,QD,2005,4,9.4,30,559.3388429752066,2005
KAC,QD,2005,5,128.3548387096774,31,7892.231404958677,2005
KAC,QD,2005,6,382.5,30,22760.330578512396,2005
KAC,QD,2005,7,454.6774193548387,31,27957.02479338843,2005
KAC,QD,2005,8,1053.483870967742,31,64776.19834710744,2005
KAC,QD,2005,9,732.4666666666667,30,43584.79338842975,2005
KAC,QD,2005,10,34.87096774193548,31,2144.132231404959,2006
KAC,QD,2005,11,20.7,30,1231.7355371900826,2006
KAC,QD,2005,12,21.258064516129032,31,1307.107438016529,2006
KAC,QD,2006,1,19.419354838709676,31,1194.0495867768595,2006
KAC,QD,2006,2,12.642857142857142,28,702.1487603305785,2006
KAC,QD,2006,3,14.161290322580646,31,870.7438016528926,2006
KAC,QD,2006,4,29.966666666666665,30,1783.1404958677685,2006
KAC,QD,2006,5,249.74193548387098,31,15356.03305785124,2006
KAC,QD,2006,6,200.3,30,11918.677685950413,2006
KAC,QD,2006,7,51,31,3135.8677685950415,2006
KAC,QD,2006,8,215.1290322580645,31,13227.768595041323,2006
KAC,QD,2006,9,1126.7666666666667,30,67047.27272727274,2006
KAC,QD,2006,10,476.38709677419354,31,29291.900826446283,2007
KAC,QD,2006,11,23.766666666666666,30,1414.2148760330579,2007
KAC,QD,2006,12,21.612903225806452,31,1328.9256198347107,2007
KAC,QD,2007,1,23.451612903225808,31,1441.9834710743803,2007
KAC,QD,2007,2,23.928571428571427,28,1328.9256198347107,2007
KAC,QD,2007,3,27.870967741935484,31,1713.719008264463,2007
KAC,QD,2007,4,26.2,30,1559.0082644628098,2007
KAC,QD,2007,5,476.38709677419354,31,29291.900826446283,2007
KAC,QD,2007,6,380.6,30,22647.272727272728,2007
KAC,QD,2007,7,267.5806451612903,31,16452.89256198347,2007
KAC,QD,2007,8,570.258064516129,31,35063.801652892565,2007
KAC,QD,2007,9,1213.6333333333334,30,72216.19834710743,2007
KAC,QD,2007,10,452.19354838709677,31,27804.29752066116,2008
KAC,QD,2007,11,36.233333333333334,30,2156.03305785124,2008
KAC,QD,2007,12,28.93548387096774,31,1779.1735537190084,2008
KAC,QD,2008,1,34.67741935483871,31,2132.2314049586776,2008
KAC,QD,2008,2,30,29,1725.6198347107438,2008
KAC,QD,2008,3,25.903225806451612,31,1592.7272727272727,2008
KAC,QD,2008,4,181.33333333333334,30,10790.082644628099,2008
KAC,QD,2008,5,103.7741935483871,31,6380.826446280992,2008
KAC,QD,2008,6,393.06666666666666,30,23389.090909090908,2008
KAC,QD,2008,7,314.61290322580646,31,19344.793388429753,2008
KAC,QD,2008,8,235.3548387096774,31,14471.404958677685,2008
KAC,QD,2008,9,1196.6333333333334,30,71204.62809917355,2008
KAC,QD,2008,10,466.8709677419355,31,28706.776859504134,2009
KAC,QD,2008,11,37.733333333333334,30,2245.289256198347,2009
KAC,QD,2008,12,33.774193548387096,31,2076.694214876033,2009
KAC,QD,2009,1,42.38709677419355,31,2606.280991735537,2009
KAC,QD,2009,2,34.357142857142854,28,1908.0991735537189,2009
KAC,QD,2009,3,34.354838709677416,31,2112.396694214876,2009
KAC,QD,2009,4,102.6,30,6105.123966942149,2009
KAC,QD,2009,5,762.9032258064516,31,46909.09090909091,2009
KAC,QD,2009,6,463,30,27550.4132231405,2009
KAC,QD,2009,7,223.70967741935485,31,13755.371900826447,2009
KAC,QD,2009,8,681.6451612903226,31,41912.72727272727,2009
KAC,QD,2009,9,1198.6333333333334,30,71323.63636363637,2009
KAC,QD,2009,10,533.8064516129032,31,32822.479338842975,2010
KAC,QD,2009,11,26.533333333333335,30,1578.8429752066115,2010
KAC,QD,2009,12,23.64516129032258,31,1453.8842975206612,2010
KAC,QD,2010,1,17.096774193548388,31,1051.2396694214876,2010
KAC,QD,2010,2,12.464285714285714,28,692.2314049586777,2010
KAC,QD,2010,3,13,31,799.3388429752066,2010
KAC,QD,2010,4,46.766666666666666,30,2782.809917355372,2010
KAC,QD,2010,5,110.7741935483871,31,6811.239669421488,2010
KAC,QD,2010,6,177.53333333333333,30,10563.966942148762,2010
KAC,QD,2010,7,236.09677419354838,31,14517.02479338843,2010
KAC,QD,2010,8,537.9677419354839,31,33078.347107438014,2010
KAC,QD,2010,9,1078.2666666666667,30,64161.32231404959,2010
KAC,QD,2010,10,448.6774193548387,31,27588.09917355372,2011
KAC,QD,2010,11,46.63333333333333,30,2774.876033057851,2011
KAC,QD,2010,12,43.935483870967744,31,2701.4876033057853,2011
KAC,QD,2011,1,45.16129032258065,31,2776.8595041322315,2011
KAC,QD,2011,2,47.285714285714285,28,2626.115702479339,2011
KAC,QD,2011,3,53.516129032258064,31,3290.5785123966944,2011
KAC,QD,2011,4,596.2,30,35476.36363636364,2011
KAC,QD,2011,5,452.5048387096774,31,27823.438016528926,2011
KAC,QD,2011,6,623.0333333333333,30,37073.05785123967,2011
KAC,QD,2011,7,334.4193548387097,31,20562.644628099173,2011
KAC,QD,2011,8,398.51612903225805,31,24503.801652892562,2011
KAC,QD,2011,9,1231.9666666666667,30,73307.10743801654,2011
KAC,QD,2011,10,470.5806451612903,31,28934.87603305785,2012
KAC,QD,2011,11,78.93333333333334,30,4696.859504132231,2012
KAC,QD,2011,12,95.6774193548387,31,5882.975206611571,2012
KAC,QD,2012,1,53.903225806451616,31,3314.380165289256,2012
KAC,QD,2012,2,54.86206896551724,29,3155.702479338843,2012
KAC,QD,2012,3,72.74193548387096,31,4472.727272727273,2012
KAC,QD,2012,4,46.53333333333333,30,2768.9256198347107,2012
KAC,QD,2012,5,452.83870967741933,31,27843.96694214876,2012
KAC,QD,2012,6,704.7333333333333,30,41934.545454545456,2012
KAC,QD,2012,7,320.06451612903226,31,19680,2012
KAC,QD,2012,8,200.1290322580645,31,12305.454545454546,2012
KAC,QD,2012,9,1195.3666666666666,30,71129.25619834711,2012
KAC,QD,2012,10,535.741935483871,31,32941.48760330579,2013
KAC,QD,2012,11,51.233333333333334,30,3048.595041322314,2013
KAC,QD,2012,12,53,31,3258.8429752066118,2013
KAC,QD,2013,1,51.67741935483871,31,3177.5206611570247,2013
KAC,QD,2013,2,48.75,28,2707.438016528926,2013
KAC,QD,2013,3,49.03225806451613,31,3014.876033057851,2013
KAC,QD,2013,4,123.46666666666667,30,7346.7768595041325,2013
KAC,QD,2013,5,607,31,37322.97520661157,2013
KAC,QD,2013,6,411.6666666666667,30,24495.867768595042,2013
KAC,QD,2013,7,177.1290322580645,31,10891.239669421488,2013
KAC,QD,2013,8,724.0322580645161,31,44519.00826446281,2013
KAC,QD,2013,9,1095.3,30,65174.87603305785,2013
KAC,QD,2013,10,273.80645161290323,31,16835.702479338845,2014
KAC,QD,2013,11,57.9,30,3445.289256198347,2014
KAC,QD,2013,12,52.58064516129032,31,3233.0578512396696,2014
KAC,QD,2014,1,40.74193548387097,31,2505.123966942149,2014
KAC,QD,2014,2,34.42857142857143,28,1912.0661157024795,2014
KAC,QD,2014,3,30.258064516129032,31,1860.4958677685952,2014
KAC,QD,2014,4,475.6333333333333,30,28302.14876033058,2014
KAC,QD,2014,5,585.1290322580645,31,35978.181818181816,2014
KAC,QD,2014,6,471.8666666666667,30,28078.016528925622,2014
KAC,QD,2014,7,230.38709677419354,31,14165.950413223141,2014
KAC,QD,2014,8,555.3870967741935,31,34149.42148760331,2014
KAC,QD,2014,9,1179,30,70155.37190082645,2014
KAC,QD,2014,10,444.4193548387097,31,27326.280991735537,2015
KAC,QD,2014,11,45.1,30,2683.6363636363635,2015
KAC,QD,2014,12,40.41935483870968,31,2485.289256198347,2015
KAC,QD,2015,1,43.38709677419355,31,2667.7685950413224,2015
KAC,QD,2015,2,41.464285714285715,28,2302.809917355372,2015
KAC,QD,2015,3,81.7741935483871,31,5028.099173553719,2015
KAC,QD,2015,4,241.03333333333333,30,14342.479338842975,2015
KAC,QD,2015,5,453.7096774193548,31,27897.520661157025,2015
KAC,QD,2015,6,490.8333333333333,30,29206.611570247936,2015
KAC,QD,2015,7,630.9354838709677,31,38794.710743801654,2015
KAC,QD,2015,8,887.7741935483871,31,54587.10743801653,2015
KAC,QD,2015,9,808.7,30,48120.991735537194,2015
KAC,QD,2015,10,467.7741935483871,31,28762.314049586777,2016
KAC,QD,2015,11,27.7,30,1648.2644628099174,2016
KAC,QD,2015,12,29.032258064516128,31,1785.1239669421489,2016
KAC,QD,2016,1,29.548387096774192,31,1816.8595041322315,2016
KAC,QD,2016,2,35.241379310344826,29,2027.107438016529,2016
KAC,QD,2016,3,34.096774193548384,31,2096.528925619835,2016
KAC,QD,2016,4,28.166666666666668,30,1676.0330578512396,2016
KAC,QD,2016,5,186.7741935483871,31,11484.297520661157,2016
KAC,QD,2016,6,331.5,30,19725.619834710746,2016
KAC,QD,2016,7,461.96774193548384,31,28405.289256198346,2016
KAC,QD,2016,8,643.483870967742,31,39566.28099173554,2016
KAC,QD,2016,9,1209.0333333333333,30,71942.47933884298,2016
KAC,QD,2016,10,499.5806451612903,31,30718.016528925622,2017
KAC,QD,2016,11,30.833333333333332,30,1834.710743801653,2017
KAC,QD,2016,12,32.225806451612904,31,1981.4876033057851,2017
KAC,QD,2017,1,61.74193548387097,31,3796.3636363636365,2017
KAC,QD,2017,2,67.67857142857143,28,3758.6776859504134,2017
KAC,QD,2017,3,36.70967741935484,31,2257.190082644628,2017
KAC,QD,2017,4,103.13333333333334,30,6136.859504132231,2017
KAC,QD,2017,5,40.83870967741935,31,2511.0743801652893,2017
KAC,QD,2017,6,328.93333333333334,30,19572.89256198347,2017
KAC,QD,2017,7,292.16129032258067,31,17964.29752066116,2017
KAC,QD,2017,8,582.516129032258,31,35817.520661157025,2017
KAC,QD,2017,9,1258.8,30,74903.80165289257,2017
KAC,QD,2017,10,509.7741935483871,31,31344.793388429753,2018
KAC,QD,2017,11,41.1,30,2445.619834710744,2018
KAC,QD,2017,12,29.774193548387096,31,1830.7438016528927,2018
KAC,QD,2018,1,32.645161290322584,31,2007.2727272727275,2018
KAC,QD,2018,2,34.42857142857143,28,1912.0661157024795,2018
KAC,QD,2018,3,216.06451612903226,31,13285.289256198348,2018
KAC,QD,2018,4,41.8,30,2487.2727272727275,2018
KAC,QD,2018,5,651.7741935483871,31,40076.033057851244,2018
KAC,QD,2018,6,329.03333333333336,30,19578.84297520661,2018
KAC,QD,2018,7,410.2258064516129,31,25223.801652892562,2018
KAC,QD,2018,8,656.1290322580645,31,40343.801652892565,2018
KAC,QD,2018,9,1231.2333333333333,30,73263.47107438017,2018
KAC,QD,2018,10,424.7741935483871,31,26118.347107438018,2019
KAC,QD,2018,11,28.466666666666665,30,1693.8842975206612,2019
KAC,QD,2018,12,27.612903225806452,31,1697.8512396694216,2019
KAC,QD,2019,1,26.483870967741936,31,1628.4297520661157,2019
KAC,QD,2019,2,25.214285714285715,28,1400.3305785123966,2019
KAC,QD,2019,3,44.16129032258065,31,2715.3719008264466,2019
KAC,QD,2019,4,33.06666666666667,30,1967.6033057851243,2019
KAC,QD,2019,5,94.51612903225806,31,5811.570247933884,2019
KAC,QD,2019,6,150.8,30,8973.223140495867,2019
KAC,QD,2019,7,682.1290322580645,31,41942.479338842975,2019
KAC,QD,2019,8,1335.3548387096773,31,82107.76859504133,2019
KAC,QD,2019,9,1076.2333333333333,30,64040.330578512396,2019
KAC,QD,2019,10,310.96774193548384,31,19120.661157024795,2020
KAC,QD,2019,11,26.066666666666666,30,1551.0743801652893,2020
KAC,QD,2019,12,29.032258064516128,31,1785.1239669421489,2020
KAC,QD,2020,1,28.06451612903226,31,1725.6198347107438,2020
KAC,QD,2020,2,28.379310344827587,29,1632.396694214876,2020
KAC,QD,2020,3,24.129032258064516,31,1483.6363636363637,2020
KAC,QD,2020,4,25,30,1487.6033057851241,2020
KAC,QD,2020,5,29.29032258064516,31,1800.9917355371902,2020
KAC,QD,2020,6,118.63333333333334,30,7059.173553719009,2020
KAC,QD,2020,7,412,31,25332.892561983474,2020
KAC,QD,2020,8,548.741935483871,31,33740.82644628099,2020
KAC,QD,2020,9,1268.9,30,75504.79338842975,2020
KAC,QD,2020,10,457,31,28099.834710743802,2021
KAC,QD,2020,11,31.866666666666667,30,1896.1983471074382,2021
KAC,QD,2020,12,30.258064516129032,31,1860.4958677685952,2021
KAC,QD,2021,1,30.322580645161292,31,1864.4628099173553,2021
KAC,QD,2021,2,31.214285714285715,28,1733.5537190082646,2021
KAC,QD,2021,3,33.483870967741936,31,2058.8429752066118,2021
KAC,QD,2021,4,83.66666666666667,30,4978.512396694215,2021
KAC,QD,2021,5,218.6451612903226,31,13443.966942148762,2021
KAC,QD,2021,6,574.1333333333333,30,34163.305785123965,2021
KAC,QD,2021,7,307.741935483871,31,18922.314049586777,2021
KAC,QD,2021,8,427.258064516129,31,26271.07438016529,2021
KAC,QD,2021,9,1239.1333333333334,30,73733.55371900827,2021
KAC,QD,2021,10,553.7741935483871,31,34050.2479338843,2022
KAC,QD,2021,11,61.166666666666664,30,3639.6694214876034,2022
KAC,QD,2021,12,33.516129032258064,31,2060.8264462809916,2022
KAC,QD,2022,1,35.225806451612904,31,2165.9504132231405,2022
KAC,QD,2022,2,35.82142857142857,28,1989.4214876033059,2022
KAC,QD,2022,3,40.12903225806452,31,2467.438016528926,2022
KAC,QD,2022,4,237.36666666666667,30,14124.297520661157,2022
KAC,QD,2022,5,485.61290322580646,31,29859.17355371901,2022
KAC,QD,2022,6,699.0666666666667,30,41597.35537190083,2022
KAC,QD,2022,7,285.19354838709677,31,17535.867768595042,2022
KAC,QD,2022,8,408.741935483871,31,25132.561983471074,2022
KAC,QD,2022,9,1297.9666666666667,30,77234.38016528926,2022
KAC,QD,2022,10,602.1758064516129,31,37026.347107438014,2023
KAC,QD,2022,11,35.2,30,2094.5454545454545,2023
KAC,QD,2022,12,29.06774193548387,31,1787.3057851239669,2023
KAC,QD,2023,1,29.938709677419354,31,1840.8595041322312,2023
KAC,QD,2023,2,29.785714285714285,28,1654.2148760330579,2023
KAC,QD,2023,3,28.87741935483871,31,1775.6033057851241,2023
KAC,QD,2023,4,117.45333333333333,30,6988.9586776859505,2023
KAC,QD,2023,5,68.85483870967742,31,4233.719008264463,2023
KAC,QD,2023,6,133.56333333333333,30,7947.570247933884,2023
KAC,QD,2023,7,832.241935483871,31,51172.561983471074,2023
KAC,QD,2023,8,1107.967741935484,31,68126.28099173553,2023
KAC,QD,2023,9,919.6333333333333,30,54721.98347107438,2023
KAC,QD,2023,10,378.0935483870968,31,23248.066115702484,2024
KAC,QD,2023,11,70.477,30,4193.672727272728,2024
KAC,QD,2023,12,39.83548387096774,31,2449.3884297520663,2024
KAC,QD,2024,1,32.935483870967744,31,2025.1239669421489,2024
KAC,QD,2024,2,31.682758620689654,29,1822.4132231404958,2024
KAC,QD,2024,3,31.976129032258065,31,1966.1355371900827,2024
KAC,QD,2024,4,32.45433333333333,30,1931.1669421487602,2024
KAC,QD,2024,5,50.030967741935484,31,3076.2842975206613,2024
KAC,QD,2024,6,186.05566666666667,30,11071.080991735538,2024
KAC,QD,2024,7,306.73870967741937,31,18860.628099173555,2024
KAC,QD,2024,8,665.4770967741936,31,40918.59173553719,2024
KAC,QD,2024,9,790.377,30,47030.69752066115,2024
KAC,QD,2024,10,381.7641935483871,31,23473.765289256196,2025
KAC,QD,2024,11,13.993333333333334,30,832.6611570247934,2025
KAC,QD,2024,12,19.933870967741935,31,1225.6859504132233,2025
KAC,QD,2025,1,22.443870967741937,31,1380.019834710744,2025
KAC,QD,2025,2,23.636785714285715,28,1312.720661157025,2025
KAC,QD,2025,3,28.668709677419354,31,1762.7702479338843,2025
KAC,QD,2025,4,24.662666666666667,30,1467.5305785123967,2025
KAC,QD,2025,5,32.84483870967742,31,2019.5504132231404,2025
KAC,QD,2025,6,95.14966666666666,30,5661.798347107438,2025
KAC,QD,2025,7,675.6977419354839,31,41547.03471074381,2025
KAC,QD,2025,8,1016.7306451612903,31,62516.3305785124,2025
KAC,QD,2025,9,588.5453333333334,30,35020.87933884298,2025
KAC,QD,2025,10,172.61451612903227,31,10613.652892561984,2026
KAC,QD,2025,11,34.544,30,2055.510743801653,2026
KAC,QD,2025,12,32.710967741935484,31,2011.3190082644628,2026
KAC,QD,2026,1,29.285806451612903,31,1800.714049586777,2026
KAC,QD,2026,2,29.488214285714285,28,1637.692561983471,2026
KAC,QD,2026,3,32.81225806451613,31,2017.5471074380166,2026
KAC,QD,2026,4,31.395333333333333,30,1868.1520661157026,2026
KAC,QD,2026,5,133.24354838709678,31,8192.826446280993,2026
KAC,QD,2026,6,263.97833333333335,30,15707.801652892564,2026
KAC,QD,2026,7,510.62290322580645,31,31396.978512396694,2026
KAC,QD,2026,8,734.1305,20,29122.53223140496,2026
KAC,QU,2003,10,242.3051612903226,31,14898.763636363637,2004
KAC,QU,2003,11,431.031,30,25648.12561983471,2004
KAC,QU,2003,12,193.63516129032257,31,11906.161983471075,2004
KAC,QU,2004,1,200.63290322580644,31,12336.436363636363,2004
KAC,QU,2004,2,172.57793103448276,29,9926.796694214876,2004
KAC,QU,2004,3,353.8541935483871,31,21757.64628099174,2004
KAC,QU,2004,4,533.326,30,31735.100826446283,2004
KAC,QU,2004,5,535.3529032258065,31,32917.56694214877,2004
KAC,QU,2004,6,268.27066666666667,30,15963.213223140496,2004
KAC,QU,2004,7,45.90032258064516,31,2822.300826446281,2004
KAC,QU,2004,8,96.22419354838709,31,5916.595041322314,2004
KAC,QU,2004,9,225.83866666666665,30,13438.33388429752,2004
KAC,QU,2004,10,179.3409677419355,31,11027.246280991736,2005
KAC,QU,2004,11,306.1433333333333,30,18216.793388429753,2005
KAC,QU,2004,12,388.15967741935486,31,23867.008264462813,2005
KAC,QU,2005,1,458.6396774193548,31,28200.654545454545,2005
KAC,QU,2005,2,182.4635714285714,28,10133.514049586776,2005
KAC,QU,2005,3,166.88806451612902,31,10261.547107438017,2005
KAC,QU,2005,4,319.5183333333333,30,19012.66115702479,2005
KAC,QU,2005,5,243.41354838709677,31,14966.915702479339,2005
KAC,QU,2005,6,91.80366666666667,30,5462.697520661158,2005
KAC,QU,2005,7,59.29032258064516,31,3645.619834710744,2005
KAC,QU,2005,8,82.4216129032258,31,5067.907438016529,2005
KAC,QU,2005,9,59.91166666666667,30,3564.9917355371904,2005
KAC,QU,2005,10,104.24096774193549,31,6409.527272727273,2006
KAC,QU,2005,11,226.587,30,13482.862809917355,2006
KAC,QU,2005,12,212.99322580645162,31,13096.442975206612,2006
KAC,QU,2006,1,386.2516129032258,31,23749.685950413223,2006
KAC,QU,2006,2,195.83214285714286,28,10875.966942148762,2006
KAC,QU,2006,3,123.91064516129032,31,7618.968595041322,2006
KAC,QU,2006,4,444.68533333333335,30,26460.61487603306,2006
KAC,QU,2006,5,835.1906451612904,31,51353.87107438017,2006
KAC,QU,2006,6,570.7226666666667,30,33960.35702479339,2006
KAC,QU,2006,7,104.30580645161291,31,6413.514049586777,2006
KAC,QU,2006,8,17.746451612903225,31,1091.186776859504,2006
KAC,QU,2006,9,56.04666666666667,30,3335.00826446281,2006
KAC,QU,2006,10,61.4341935483871,31,3777.4413223140496,2007
KAC,QU,2006,11,775.7076666666667,30,46157.81157024793,2007
KAC,QU,2006,12,199.28129032258065,31,12253.328925619835,2007
KAC,QU,2007,1,287.43290322580646,31,17673.56033057851,2007
KAC,QU,2007,2,285.3207142857143,28,15845.910743801654,2007
KAC,QU,2007,3,683.3732258064516,31,42018.98181818182,2007
KAC,QU,2007,4,475.9533333333333,30,28321.19008264463,2007
KAC,QU,2007,5,650.9751612903226,31,40026.902479338845,2007
KAC,QU,2007,6,392.381,30,23348.290909090905,2007
KAC,QU,2007,7,80.83193548387096,31,4970.161983471075,2007
KAC,QU,2007,8,17.52032258064516,31,1077.2826446280992,2007
KAC,QU,2007,9,42.214333333333336,30,2511.927272727273,2007
KAC,QU,2007,10,171.52548387096775,31,10546.690909090908,2008
KAC,QU,2007,11,167.09933333333333,30,9943.10082644628,2008
KAC,QU,2007,12,293.94193548387096,31,18073.785123966944,2008
KAC,QU,2008,1,121.99354838709678,31,7501.09090909091,2008
KAC,QU,2008,2,147.16827586206895,29,8465.216528925619,2008
KAC,QU,2008,3,170.71548387096774,31,10496.885950413223,2008
KAC,QU,2008,4,217.46466666666666,30,12940.046280991735,2008
KAC,QU,2008,5,1070.9145161290323,31,65847.96694214878,2008
KAC,QU,2008,6,753.7893333333333,30,44853.58016528925,2008
KAC,QU,2008,7,281.39129032258063,31,17302.07603305785,2008
KAC,QU,2008,8,70.27580645161291,31,4321.09090909091,2008
KAC,QU,2008,9,101.4,30,6033.719008264463,2008
KAC,QU,2008,10,92.07451612903226,31,5661.44132231405,2009
KAC,QU,2008,11,481.36033333333336,30,28642.92892561984,2009
KAC,QU,2008,12,193.80290322580646,31,11916.476033057852,2009
KAC,QU,2009,1,554.5803225806452,31,34099.81487603306,2009
KAC,QU,2009,2,101.83857142857143,28,5655.828099173554,2009
KAC,QU,2009,3,142.91548387096773,31,8787.530578512396,2009
KAC,QU,2009,4,366.663,30,21817.963636363635,2009
KAC,QU,2009,5,844.934193548387,31,51952.978512396694,2009
KAC,QU,2009,6,475.95666666666665,30,28321.388429752064,2009
KAC,QU,2009,7,77.91032258064516,31,4790.519008264462,2009
KAC,QU,2009,8,51.09548387096774,31,3141.738842975207,2009
KAC,QU,2009,9,145.324,30,8647.378512396695,2009
KAC,QU,2009,10,192.3651612903226,31,11828.072727272729,2010
KAC,QU,2009,11,287.942,30,17133.738842975206,2010
KAC,QU,2009,12,153.95483870967743,31,9466.314049586777,2010
KAC,QU,2010,1,220.74451612903226,31,13573.051239669421,2010
KAC,QU,2010,2,163.45642857142857,28,9077.910743801653,2010
KAC,QU,2010,3,218.45225806451612,31,13432.105785123966,2010
KAC,QU,2010,4,342.691,30,20391.530578512396,2010
KAC,QU,2010,5,534.416129032258,31,32859.966942148756,2010
KAC,QU,2010,6,553.934,30,32961.36198347108,2010
KAC,QU,2010,7,128.74516129032259,31,7916.2314049586785,2010
KAC,QU,2010,8,51.568387096774195,31,3170.8165289256203,2010
KAC,QU,2010,9,182.17333333333335,30,10840.06611570248,2010
KAC,QU,2010,10,146.2616129032258,31,8993.276033057851,2011
KAC,QU,2010,11,315.283,30,18760.641322314048,2011
KAC,QU,2010,12,270.7048387096774,31,16644.99173553719,2011
KAC,QU,2011,1,735.7170967741936,31,45237.48099173554,2011
KAC,QU,2011,2,375.37,28,20846.995041322316,2011
KAC,QU,2011,3,298.21612903225804,31,18336.59504132231,2011
KAC,QU,2011,4,416.5453333333333,30,24786.16859504132,2011
KAC,QU,2011,5,694.6832258064517,31,42714.40661157025,2011
KAC,QU,2011,6,748.868,30,44560.74049586777,2011
KAC,QU,2011,7,338.11483870967743,31,20789.871074380164,2011
KAC,QU,2011,8,81.61064516129032,31,5018.042975206611,2011
KAC,QU,2011,9,126.09433333333332,30,7503.133884297521,2011
KAC,QU,2011,10,185.8009677419355,31,11424.456198347109,2012
KAC,QU,2011,11,169.042,30,10058.697520661157,2012
KAC,QU,2011,12,227.41806451612902,31,13983.39173553719,2012
KAC,QU,2012,1,247.57032258064515,31,15222.505785123965,2012
KAC,QU,2012,2,299.73793103448276,29,17241.12396694215,2012
KAC,QU,2012,3,221.10387096774193,31,13595.147107438015,2012
KAC,QU,2012,4,566.341,30,33699.62975206612,2012
KAC,QU,2012,5,863.0174193548387,31,53064.872727272734,2012
KAC,QU,2012,6,740.9033333333333,30,44086.80991735537,2012
KAC,QU,2012,7,312.4087096774194,31,19209.262809917356,2012
KAC,QU,2012,8,48.65354838709678,31,2991.590082644628,2012
KAC,QU,2012,9,103.391,30,6152.191735537191,2012
KAC,QU,2012,10,250.89225806451614,31,15426.763636363637,2013
KAC,QU,2012,11,323.78333333333336,30,19266.446280991735,2013
KAC,QU,2012,12,238.55483870967743,31,14668.165289256198,2013
KAC,QU,2013,1,121.42870967741935,31,7466.360330578513,2013
KAC,QU,2013,2,153.4207142857143,28,8520.555371900828,2013
KAC,QU,2013,3,315.7861290322581,31,19416.93223140496,2013
KAC,QU,2013,4,641.1806666666666,30,38152.89917355372,2013
KAC,QU,2013,5,737.3967741935484,31,45340.76033057851,2013
KAC,QU,2013,6,389.98833333333334,30,23205.9173553719,2013
KAC,QU,2013,7,83.5783870967742,31,5139.034710743801,2013
KAC,QU,2013,8,34.5958064516129,31,2127.2132231404958,2013
KAC,QU,2013,9,203.27033333333333,30,12095.424793388429,2013
KAC,QU,2013,10,204.90709677419355,31,12599.246280991736,2014
KAC,QU,2013,11,290.2366666666667,30,17270.280991735537,2014
KAC,QU,2013,12,300.83774193548385,31,18497.79173553719,2014
KAC,QU,2014,1,287.0348387096774,31,17649.084297520658,2014
KAC,QU,2014,2,218.60035714285715,28,12140.44958677686,2014
KAC,QU,2014,3,541.2232258064516,31,33278.51900826447,2014
KAC,QU,2014,4,566.3116666666666,30,33697.88429752066,2014
KAC,QU,2014,5,802.1638709677419,31,49323.13388429752,2014
KAC,QU,2014,6,440.896,30,26235.133884297524,2014
KAC,QU,2014,7,150.10645161290321,31,9229.685950413223,2014
KAC,QU,2014,8,52.57645161290323,31,3232.8,2014
KAC,QU,2014,9,112.248,30,6679.219834710744,2014
KAC,QU,2014,10,205.92096774193547,31,12661.586776859504,2015
KAC,QU,2014,11,539.331,30,32092.42314049587,2015
KAC,QU,2014,12,382.5551612903226,31,23522.4,2015
KAC,QU,2015,1,523.0893548387097,31,32163.510743801653,2015
KAC,QU,2015,2,446.6717857142857,28,24806.895867768595,2015
KAC,QU,2015,3,333.7674193548387,31,20522.55867768595,2015
KAC,QU,2015,4,216.883,30,12905.434710743802,2015
KAC,QU,2015,5,134.00870967741935,31,8239.874380165289,2015
KAC,QU,2015,6,44.497,30,2647.7553719008265,2015
KAC,QU,2015,7,21.99225806451613,31,1352.2512396694215,2015
KAC,QU,2015,8,73.05354838709677,31,4491.887603305785,2015
KAC,QU,2015,9,96.769,30,5758.155371900827,2015
KAC,QU,2015,10,173.81387096774193,31,10687.398347107437,2016
KAC,QU,2015,11,699.8566666666667,30,41644.36363636364,2016
KAC,QU,2015,12,509.8954838709677,31,31352.251239669422,2016
KAC,QU,2016,1,180.01258064516128,31,11068.542148760329,2016
KAC,QU,2016,2,566.8051724137931,29,32603.00826446281,2016
KAC,QU,2016,3,409.8725806451613,31,25202.0826446281,2016
KAC,QU,2016,4,750.762,30,44673.441322314044,2016
KAC,QU,2016,5,568.9641935483871,31,34984.24462809917,2016
KAC,QU,2016,6,220.43166666666667,30,13116.595041322315,2016
KAC,QU,2016,7,74.41129032258064,31,4575.371900826446,2016
KAC,QU,2016,8,42.053548387096775,31,2585.7719008264467,2016
KAC,QU,2016,9,95.81966666666666,30,5701.666115702479,2016
KAC,QU,2016,10,348.51709677419353,31,21429.480991735534,2017
KAC,QU,2016,11,305.34833333333336,30,18169.487603305788,2017
KAC,QU,2016,12,183.50548387096774,31,11283.312396694215,2017
KAC,QU,2017,1,80.61032258064516,31,4956.535537190083,2017
KAC,QU,2017,2,125.61857142857143,28,6976.502479338844,2017
KAC,QU,2017,3,437.3751612903226,31,26893.15041322314,2017
KAC,QU,2017,4,522.3073333333333,30,31079.444628099172,2017
KAC,QU,2017,5,906.3516129032258,31,55729.38842975207,2017
KAC,QU,2017,6,460.40133333333335,30,27395.781818181822,2017
KAC,QU,2017,7,51.714838709677416,31,3179.8214876033057,2017
KAC,QU,2017,8,10.471612903225807,31,643.8743801652893,2017
KAC,QU,2017,9,112.41766666666666,30,6689.315702479338,2017
KAC,QU,2017,10,294.72741935483873,31,18122.082644628103,2018
KAC,QU,2017,11,428.415,30,25492.462809917357,2018
KAC,QU,2017,12,248.02225806451614,31,15250.294214876034,2018
KAC,QU,2018,1,287.5016129032258,31,17677.78512396694,2018
KAC,QU,2018,2,474.8228571428572,28,26370.327272727274,2018
KAC,QU,2018,3,188.78354838709677,31,11607.847933884297,2018
KAC,QU,2018,4,585.449,30,34836.6347107438,2018
KAC,QU,2018,5,989.251935483871,31,60826.730578512404,2018
KAC,QU,2018,6,313.00766666666664,30,18625.24958677686,2018
KAC,QU,2018,7,89.19225806451612,31,5484.218181818182,2018
KAC,QU,2018,8,69.98322580645161,31,4303.100826446281,2018
KAC,QU,2018,9,133.47133333333335,30,7942.095867768596,2018
KAC,QU,2018,10,131.7290322580645,31,8099.702479338843,2019
KAC,QU,2018,11,366.209,30,21790.94876033058,2019
KAC,QU,2018,12,251.56774193548387,31,15468.297520661157,2019
KAC,QU,2019,1,287.76516129032257,31,17693.99008264463,2019
KAC,QU,2019,2,162.73892857142857,28,9038.062809917357,2019
KAC,QU,2019,3,128.90032258064517,31,7925.771900826448,2019
KAC,QU,2019,4,543.0026666666666,30,32310.902479338845,2019
KAC,QU,2019,5,508.6751612903226,31,31277.216528925623,2019
KAC,QU,2019,6,173.30066666666667,30,10312.105785123968,2019
KAC,QU,2019,7,89.49612903225807,31,5502.9024793388435,2019
KAC,QU,2019,8,117.07774193548387,31,7198.829752066115,2019
KAC,QU,2019,9,158.71,30,9443.900826446281,2019
KAC,QU,2019,10,280.74064516129033,31,17262.069421487606,2020
KAC,QU,2019,11,120.698,30,7182.029752066115,2020
KAC,QU,2019,12,237.68483870967742,31,14614.671074380167,2020
KAC,QU,2020,1,534.1990322580646,31,32846.61818181819,2020
KAC,QU,2020,2,690.2027586206897,29,39700.919008264464,2020
KAC,QU,2020,3,208.09967741935483,31,12795.550413223142,2020
KAC,QU,2020,4,467.274,30,27804.73388429752,2020
KAC,QU,2020,5,659.8990322580645,31,40575.609917355374,2020
KAC,QU,2020,6,366.88733333333334,30,21831.31239669422,2020
KAC,QU,2020,7,137.19032258064516,31,8435.504132231405,2020
KAC,QU,2020,8,35.28258064516129,31,2169.4413223140496,2020
KAC,QU,2020,9,127.138,30,7565.236363636364,2020
KAC,QU,2020,10,332.40322580645164,31,20438.677685950417,2021
KAC,QU,2020,11,326.7296666666667,30,19441.765289256196,2021
KAC,QU,2020,12,262.6209677419355,31,16147.933884297521,2021
KAC,QU,2021,1,316.818064516129,31,19480.383471074383,2021
KAC,QU,2021,2,282.0835714285714,28,15666.128925619836,2021
KAC,QU,2021,3,187.5732258064516,31,11533.428099173552,2021
KAC,QU,2021,4,450.73633333333333,30,26820.674380165292,2021
KAC,QU,2021,5,768.2709677419355,31,47239.14049586777,2021
KAC,QU,2021,6,681.6693333333334,30,40562.14214876034,2021
KAC,QU,2021,7,108.15838709677419,31,6650.4,2021
KAC,QU,2021,8,13.54032258064516,31,832.5619834710743,2021
KAC,QU,2021,9,145.94033333333334,30,8684.052892561984,2021
KAC,QU,2021,10,225.29967741935482,31,13853.137190082643,2022
KAC,QU,2021,11,666.511,30,39660.15867768595,2022
KAC,QU,2021,12,263.37225806451613,31,16194.128925619834,2022
KAC,QU,2022,1,367.02032258064514,31,22567.2,2022
KAC,QU,2022,2,230.8125,28,12818.677685950413,2022
KAC,QU,2022,3,453.3374193548387,31,27874.631404958676,2022
KAC,QU,2022,4,320.0146666666667,30,19042.195041322317,2022
KAC,QU,2022,5,659.8596774193549,31,40573.19008264463,2022
KAC,QU,2022,6,723.8383333333334,30,43071.37190082645,2022
KAC,QU,2022,7,165.36483870967743,31,10167.887603305786,2022
KAC,QU,2022,8,23.47032258064516,31,1443.1338842975206,2022
KAC,QU,2022,9,116.28566666666667,30,6919.477685950414,2022
KAC,QU,2022,10,116.63774193548387,31,7171.77520661157,2023
KAC,QU,2022,11,259.7726666666667,30,15457.547107438018,2023
KAC,QU,2022,12,145.68935483870968,31,8958.089256198347,2023
KAC,QU,2023,1,148.1632258064516,31,9110.201652892561,2023
KAC,QU,2023,2,148.7025,28,8258.519008264464,2023
KAC,QU,2023,3,99.16258064516128,31,6097.269421487604,2023
KAC,QU,2023,4,315.5246666666667,30,18775.02148760331,2023
KAC,QU,2023,5,780.1364516129032,31,47968.72066115702,2023
KAC,QU,2023,6,145.29633333333334,30,8645.73223140496,2023
KAC,QU,2023,7,91.3883870967742,31,5619.252892561984,2023
KAC,QU,2023,8,62.490967741935485,31,3842.419834710744,2023
KAC,QU,2023,9,66.078,30,3931.9140495867773,2023
KAC,QU,2023,10,43.92903225806452,31,2701.090909090909,2024
KAC,QU,2023,11,206.52933333333334,30,12289.348760330578,2024
KAC,QU,2023,12,346.33290322580643,31,21295.180165289257,2024
KAC,QU,2024,1,180.88193548387096,31,11121.996694214877,2024
KAC,QU,2024,2,269.7944827586207,29,15518.757024793389,2024
KAC,QU,2024,3,294.1464516129032,31,18086.36033057851,2024
KAC,QU,2024,4,365.9103333333333,30,21773.176859504132,2024
KAC,QU,2024,5,408.0058064516129,31,25087.29917355372,2024
KAC,QU,2024,6,339.69233333333335,30,20213.09752066116,2024
KAC,QU,2024,7,76.22064516129032,31,4686.624793388431,2024
KAC,QU,2024,8,85.50258064516129,31,5257.348760330578,2024
KAC,QU,2024,9,116.45433333333334,30,6929.514049586777,2024
KAC,QU,2024,10,89.22451612903225,31,5486.201652892562,2025
KAC,QU,2024,11,192.03166666666667,30,11426.677685950413,2025
KAC,QU,2024,12,202.6048387096774,31,12457.685950413223,2025
KAC,QU,2025,1,139.41,31,8571.986776859505,2025
KAC,QU,2025,2,175.04857142857142,28,9721.705785123966,2025
KAC,QU,2025,3,497.93387096774194,31,30616.760330578516,2025
KAC,QU,2025,4,489.40433333333334,30,29121.58016528926,2025
KAC,QU,2025,5,447.74225806451614,31,27530.59834710744,2025
KAC,QU,2025,6,187.41166666666666,30,11151.768595041322,2025
KAC,QU,2025,7,83.70838709677419,31,5147.0280991735535,2025
KAC,QU,2025,8,104.75709677419354,31,6441.262809917355,2025
KAC,QU,2025,9,39.25,30,2335.537190082645,2025
KAC,QU,2025,10,68.83290322580645,31,4232.370247933884,2026
KAC,QU,2025,11,354.64633333333336,30,21102.92231404959,2026
KAC,QU,2025,12,1167.7396774193548,31,71801.51404958678,2026
KAC,QU,2026,1,323.27935483870965,31,19877.672727272726,2026
KAC,QU,2026,2,267.21750000000003,28,14840.509090909094,2026
KAC,QU,2026,3,731.8858064516129,31,45001.90413223141,2026
KAC,QU,2026,4,363.52433333333335,30,21631.2,2026
KAC,QU,2026,5,263.9522580645161,31,16229.79173553719,2026
KAC,QU,2026,6,114.29133333333334,30,6800.806611570249,2026
KAC,QU,2026,7,42.576129032258066,31,2617.904132231405,2026
KAC,QU,2026,8,51.3375,20,2036.5289256198348,2026
KEE,QD,2003,10,99.35483870967742,31,6109.090909090909,2004
KEE,QD,2003,11,99.33333333333333,30,5910.743801652893,2004
KEE,QD,2003,12,92.48387096774194,31,5686.611570247934,2004
KEE,QD,2004,1,113.38709677419355,31,6971.900826446281,2004
KEE,QD,2004,2,94.17241379310344,29,5416.859504132231,2004
KEE,QD,2004,3,85.19354838709677,31,5238.347107438017,2004
KEE,QD,2004,4,87.56666666666666,30,5210.578512396694,2004
KEE,QD,2004,5,223.70967741935485,31,13755.371900826447,2004
KEE,QD,2004,6,755.3666666666667,30,44947.438016528926,2004
KEE,QD,2004,7,903.5483870967741,31,55557.02479338843,2004
KEE,QD,2004,8,847.3870967741935,31,52103.801652892565,2004
KEE,QD,2004,9,97.7,30,5813.553719008265,2004
KEE,QD,2004,10,96.19354838709677,31,5914.710743801653,2005
KEE,QD,2004,11,91.06666666666666,30,5418.842975206611,2005
KEE,QD,2004,12,93.87096774193549,31,5771.900826446281,2005
KEE,QD,2005,1,106.03225806451613,31,6519.669421487603,2005
KEE,QD,2005,2,92.96428571428571,28,5162.975206611571,2005
KEE,QD,2005,3,113.16129032258064,31,6958.01652892562,2005
KEE,QD,2005,4,281.1666666666667,30,16730.578512396696,2005
KEE,QD,2005,5,596,31,36646.61157024794,2005
KEE,QD,2005,6,526.5333333333333,30,31330.909090909092,2005
KEE,QD,2005,7,586.7096774193549,31,36075.371900826445,2005
KEE,QD,2005,8,617.8387096774194,31,37989.42148760331,2005
KEE,QD,2005,9,97.73333333333333,30,5815.537190082645,2005
KEE,QD,2005,10,83.3225806451613,31,5123.305785123967,2006
KEE,QD,2005,11,84.36666666666666,30,5020.165289256199,2006
KEE,QD,2005,12,95.48387096774194,31,5871.07438016529,2006
KEE,QD,2006,1,84.70967741935483,31,5208.5950413223145,2006
KEE,QD,2006,2,76.53571428571429,28,4250.578512396694,2006
KEE,QD,2006,3,83.61290322580645,31,5141.157024793389,2006
KEE,QD,2006,4,85.43333333333334,30,5083.636363636364,2006
KEE,QD,2006,5,91.16129032258064,31,5605.289256198347,2006
KEE,QD,2006,6,536.8666666666667,30,31945.785123966944,2006
KEE,QD,2006,7,1152.8064516129032,31,70883.30578512397,2006
KEE,QD,2006,8,1057.3870967741937,31,65016.19834710744,2006
KEE,QD,2006,9,90.86666666666666,30,5406.94214876033,2006
KEE,QD,2006,10,95.90322580645162,31,5896.859504132231,2007
KEE,QD,2006,11,88.3,30,5254.214876033058,2007
KEE,QD,2006,12,93.06451612903226,31,5722.314049586777,2007
KEE,QD,2007,1,89.54838709677419,31,5506.115702479339,2007
KEE,QD,2007,2,88.78571428571429,28,4930.909090909091,2007
KEE,QD,2007,3,90.54838709677419,31,5567.603305785125,2007
KEE,QD,2007,4,287.9,30,17131.239669421488,2007
KEE,QD,2007,5,517.8064516129032,31,31838.67768595041,2007
KEE,QD,2007,6,646.8666666666667,30,38491.23966942149,2007
KEE,QD,2007,7,1071.032258064516,31,65855.20661157025,2007
KEE,QD,2007,8,914.9677419354839,31,56259.17355371901,2007
KEE,QD,2007,9,93.86666666666666,30,5585.454545454546,2007
KEE,QD,2007,10,93.64516129032258,31,5758.01652892562,2008
KEE,QD,2007,11,105.93333333333334,30,6303.471074380165,2008
KEE,QD,2007,12,90.19354838709677,31,5545.785123966943,2008
KEE,QD,2008,1,102.51612903225806,31,6303.471074380165,2008
KEE,QD,2008,2,98.06896551724138,29,5640.99173553719,2008
KEE,QD,2008,3,91.06451612903226,31,5599.338842975207,2008
KEE,QD,2008,4,264.4,30,15732.89256198347,2008
KEE,QD,2008,5,172.52,31,10607.84132231405,2008
KEE,QD,2008,6,405.8666666666667,30,24150.743801652894,2008
KEE,QD,2008,7,1066.8387096774193,31,65597.35537190083,2008
KEE,QD,2008,8,1044.9354838709678,31,64250.57851239669,2008
KEE,QD,2008,9,95.2,30,5664.793388429753,2008
KEE,QD,2008,10,103.29032258064517,31,6351.07438016529,2009
KEE,QD,2008,11,98.23333333333333,30,5845.289256198347,2009
KEE,QD,2008,12,89.58064516129032,31,5508.099173553719,2009
KEE,QD,2009,1,122.03225806451613,31,7503.471074380165,2009
KEE,QD,2009,2,102.25,28,5678.677685950413,2009
KEE,QD,2009,3,91.74193548387096,31,5640.99173553719,2009
KEE,QD,2009,4,156.66666666666666,30,9322.314049586777,2009
KEE,QD,2009,5,731.9032258064516,31,45002.97520661157,2009
KEE,QD,2009,6,690.3666666666667,30,41079.669421487604,2009
KEE,QD,2009,7,1077.0645161290322,31,66226.11570247934,2009
KEE,QD,2009,8,885.9354838709677,31,54474.04958677686,2009
KEE,QD,2009,9,96.5,30,5742.148760330579,2009
KEE,QD,2009,10,86.12903225806451,31,5295.8677685950415,2010
KEE,QD,2009,11,83.43333333333334,30,4964.628099173554,2010
KEE,QD,2009,12,82.03225806451613,31,5043.966942148761,2010
KEE,QD,2010,1,82.05967741935484,31,5045.652892561983,2010
KEE,QD,2010,2,80.89285714285714,28,4492.561983471074,2010
KEE,QD,2010,3,80.6774193548387,31,4960.661157024793,2010
KEE,QD,2010,4,145.56666666666666,30,8661.818181818182,2010
KEE,QD,2010,5,386.51612903225805,31,23765.95041322314,2010
KEE,QD,2010,6,422.2,30,25122.644628099173,2010
KEE,QD,2010,7,1064.0645161290322,31,65426.776859504134,2010
KEE,QD,2010,8,838.333870967742,31,51547.140495867774,2010
KEE,QD,2010,9,90.9,30,5408.925619834711,2010
KEE,QD,2010,10,91.48387096774194,31,5625.123966942149,2011
KEE,QD,2010,11,101.16666666666667,30,6019.834710743802,2011
KEE,QD,2010,12,99.6774193548387,31,6128.925619834711,2011
KEE,QD,2011,1,96.64516129032258,31,5942.479338842975,2011
KEE,QD,2011,2,109.14285714285714,28,6061.487603305785,2011
KEE,QD,2011,3,244.06451612903226,31,15006.94214876033,2011
KEE,QD,2011,4,651.1666666666666,30,38747.10743801653,2011
KEE,QD,2011,5,526.1583870967742,31,32352.21818181818,2011
KEE,QD,2011,6,721.2333333333333,30,42916.36363636364,2011
KEE,QD,2011,7,1013.483870967742,31,62316.694214876035,2011
KEE,QD,2011,8,1025.6774193548388,31,63066.446280991746,2011
KEE,QD,2011,9,95.76666666666667,30,5698.512396694215,2011
KEE,QD,2011,10,96.54838709677419,31,5936.528925619835,2012
KEE,QD,2011,11,103.16666666666667,30,6138.842975206611,2012
KEE,QD,2011,12,108,31,6640.661157024793,2012
KEE,QD,2012,1,105.29032258064517,31,6474.0495867768595,2012
KEE,QD,2012,2,105.86206896551724,29,6089.256198347108,2012
KEE,QD,2012,3,168.61290322580646,31,10367.603305785124,2012
KEE,QD,2012,4,296.23333333333335,30,17627.10743801653,2012
KEE,QD,2012,5,707.0322580645161,31,43473.71900826447,2012
KEE,QD,2012,6,880.8,30,52411.23966942149,2012
KEE,QD,2012,7,1023.9032258064516,31,62957.35537190083,2012
KEE,QD,2012,8,1209.6451612903227,31,74378.18181818182,2012
KEE,QD,2012,9,119.36666666666666,30,7102.809917355372,2012
KEE,QD,2012,10,95.87096774193549,31,5894.876033057852,2013
KEE,QD,2012,11,98.53333333333333,30,5863.140495867769,2013
KEE,QD,2012,12,95.58064516129032,31,5877.02479338843,2013
KEE,QD,2013,1,91.74193548387096,31,5640.99173553719,2013
KEE,QD,2013,2,93.96428571428571,28,5218.512396694215,2013
KEE,QD,2013,3,99,31,6087.272727272727,2013
KEE,QD,2013,4,274.96666666666664,30,16361.652892561984,2013
KEE,QD,2013,5,686.741935483871,31,42226.11570247934,2013
KEE,QD,2013,6,727.7333333333333,30,43303.14049586777,2013
KEE,QD,2013,7,1202.5806451612902,31,73943.80165289257,2013
KEE,QD,2013,8,715.0645161290323,31,43967.603305785124,2013
KEE,QD,2013,9,102.23333333333333,30,6083.305785123967,2013
KEE,QD,2013,10,102.35483870967742,31,6293.553719008265,2014
KEE,QD,2013,11,94.56666666666666,30,5627.107438016529,2014
KEE,QD,2013,12,93.45161290322581,31,5746.115702479339,2014
KEE,QD,2014,1,93.09677419354838,31,5724.297520661157,2014
KEE,QD,2014,2,94.14285714285714,28,5228.429752066116,2014
KEE,QD,2014,3,93.87096774193549,31,5771.900826446281,2014
KEE,QD,2014,4,558.2333333333333,30,33217.19008264463,2014
KEE,QD,2014,5,608.1935483870968,31,37396.36363636364,2014
KEE,QD,2014,6,666.8666666666667,30,39681.32231404959,2014
KEE,QD,2014,7,1145.4193548387098,31,70429.09090909091,2014
KEE,QD,2014,8,825.4193548387096,31,50753.05785123967,2014
KEE,QD,2014,9,93.73333333333333,30,5577.520661157025,2014
KEE,QD,2014,10,90.6774193548387,31,5575.537190082645,2015
KEE,QD,2014,11,91.9,30,5468.429752066116,2015
KEE,QD,2014,12,90.58064516129032,31,5569.586776859504,2015
KEE,QD,2015,1,119.12903225806451,31,7324.9586776859505,2015
KEE,QD,2015,2,186.82142857142858,28,10375.537190082645,2015
KEE,QD,2015,3,320.38709677419354,31,19699.834710743802,2015
KEE,QD,2015,4,505.1333333333333,30,30057.520661157025,2015
KEE,QD,2015,5,682.0322580645161,31,41936.52892561984,2015
KEE,QD,2015,6,595.4333333333333,30,35430.74380165289,2015
KEE,QD,2015,7,619.258064516129,31,38076.694214876035,2015
KEE,QD,2015,8,549.2903225806451,31,33774.545454545456,2015
KEE,QD,2015,9,102.16666666666667,30,6079.338842975207,2015
KEE,QD,2015,10,83.09677419354838,31,5109.421487603306,2016
KEE,QD,2015,11,81.83333333333333,30,4869.421487603306,2016
KEE,QD,2015,12,81.51612903225806,31,5012.231404958678,2016
KEE,QD,2016,1,89.3225806451613,31,5492.231404958678,2016
KEE,QD,2016,2,101.24137931034483,29,5823.471074380165,2016
KEE,QD,2016,3,137.1290322580645,31,8431.735537190083,2016
KEE,QD,2016,4,675.1666666666666,30,40175.20661157025,2016
KEE,QD,2016,5,565.4516129032259,31,34768.264462809915,2016
KEE,QD,2016,6,739.6333333333333,30,44011.23966942149,2016
KEE,QD,2016,7,970.1290322580645,31,59650.909090909096,2016
KEE,QD,2016,8,861.7096774193549,31,52984.46280991736,2016
KEE,QD,2016,9,110.9,30,6599.00826446281,2016
KEE,QD,2016,10,103.19354838709677,31,6345.123966942149,2017
KEE,QD,2016,11,101.83333333333333,30,6059.5041322314055,2017
KEE,QD,2016,12,103.7741935483871,31,6380.826446280992,2017
KEE,QD,2017,1,122.58064516129032,31,7537.190082644628,2017
KEE,QD,2017,2,110.25,28,6122.975206611571,2017
KEE,QD,2017,3,99.35483870967742,31,6109.090909090909,2017
KEE,QD,2017,4,173.9,30,10347.768595041323,2017
KEE,QD,2017,5,366.83870967741933,31,22556.03305785124,2017
KEE,QD,2017,6,672.9666666666667,30,40044.29752066116,2017
KEE,QD,2017,7,1075.0967741935483,31,66105.12396694215,2017
KEE,QD,2017,8,906.5806451612904,31,55743.47107438017,2017
KEE,QD,2017,9,120.93333333333334,30,7196.03305785124,2017
KEE,QD,2017,10,104.93548387096774,31,6452.231404958678,2018
KEE,QD,2017,11,142.36666666666667,30,8471.4049586776855,2018
KEE,QD,2017,12,102.41935483870968,31,6297.520661157025,2018
KEE,QD,2018,1,102,31,6271.735537190083,2018
KEE,QD,2018,2,106.35714285714286,28,5906.7768595041325,2018
KEE,QD,2018,3,242.80645161290323,31,14929.586776859505,2018
KEE,QD,2018,4,270.1666666666667,30,16076.033057851242,2018
KEE,QD,2018,5,944.6774193548387,31,58085.950413223145,2018
KEE,QD,2018,6,753.5666666666667,30,44840.330578512396,2018
KEE,QD,2018,7,984,31,60503.801652892565,2018
KEE,QD,2018,8,821.0322580645161,31,50483.30578512397,2018
KEE,QD,2018,9,101.13333333333334,30,6017.851239669421,2018
KEE,QD,2018,10,166.09677419354838,31,10212.892561983472,2019
KEE,QD,2018,11,97.56666666666666,30,5805.619834710744,2019
KEE,QD,2018,12,95.3225806451613,31,5861.157024793389,2019
KEE,QD,2019,1,95.96774193548387,31,5900.826446280992,2019
KEE,QD,2019,2,99.64285714285714,28,5533.884297520662,2019
KEE,QD,2019,3,143.41935483870967,31,8818.512396694216,2019
KEE,QD,2019,4,111.93333333333334,30,6660.495867768595,2019
KEE,QD,2019,5,702.1290322580645,31,43172.23140495868,2019
KEE,QD,2019,6,892.0666666666667,30,53081.652892561986,2019
KEE,QD,2019,7,629.3225806451613,31,38695.53719008264,2019
KEE,QD,2019,8,572.0645161290323,31,35174.87603305785,2019
KEE,QD,2019,9,107.5,30,6396.694214876034,2019
KEE,QD,2019,10,97.25806451612904,31,5980.165289256199,2020
KEE,QD,2019,11,103.63333333333334,30,6166.611570247934,2020
KEE,QD,2019,12,87.3225806451613,31,5369.256198347108,2020
KEE,QD,2020,1,83.51612903225806,31,5135.206611570248,2020
KEE,QD,2020,2,87.10344827586206,29,5010.247933884298,2020
KEE,QD,2020,3,82.83870967741936,31,5093.553719008265,2020
KEE,QD,2020,4,530.2666666666667,30,31553.05785123967,2020
KEE,QD,2020,5,551.0967741935484,31,33885.61983471074,2020
KEE,QD,2020,6,822.5333333333333,30,48944.13223140496,2020
KEE,QD,2020,7,910.9354838709677,31,56011.23966942149,2020
KEE,QD,2020,8,861.258064516129,31,52956.694214876035,2020
KEE,QD,2020,9,127.33333333333333,30,7576.859504132231,2020
KEE,QD,2020,10,102.64516129032258,31,6311.404958677686,2021
KEE,QD,2020,11,107.26666666666667,30,6382.809917355372,2021
KEE,QD,2020,12,116.6774193548387,31,7174.214876033058,2021
KEE,QD,2021,1,122.7741935483871,31,7549.090909090909,2021
KEE,QD,2021,2,121.64285714285714,28,6755.702479338843,2021
KEE,QD,2021,3,122.06451612903226,31,7505.454545454546,2021
KEE,QD,2021,4,341.06666666666666,30,20294.87603305785,2021
KEE,QD,2021,5,494.06451612903226,31,30378.84297520661,2021
KEE,QD,2021,6,538.8666666666667,30,32064.793388429753,2021
KEE,QD,2021,7,1111.5806451612902,31,68348.42975206612,2021
KEE,QD,2021,8,958.6451612903226,31,58944.79338842975,2021
KEE,QD,2021,9,135.86666666666667,30,8084.628099173554,2021
KEE,QD,2021,10,120.09677419354838,31,7384.462809917356,2022
KEE,QD,2021,11,110.13333333333334,30,6553.388429752066,2022
KEE,QD,2021,12,104.2258064516129,31,6408.5950413223145,2022
KEE,QD,2022,1,116.38709677419355,31,7156.363636363637,2022
KEE,QD,2022,2,127.25,28,7067.107438016529,2022
KEE,QD,2022,3,130.5483870967742,31,8027.10743801653,2022
KEE,QD,2022,4,452.43333333333334,30,26921.652892561986,2022
KEE,QD,2022,5,507.51612903225805,31,31205.95041322314,2022
KEE,QD,2022,6,875.3389999999999,30,52086.287603305784,2022
KEE,QD,2022,7,1048.8235483870967,31,64489.646280991736,2022
KEE,QD,2022,8,965.6774193548387,31,59377.19008264463,2022
KEE,QD,2022,9,116.06666666666666,30,6906.446280991736,2022
KEE,QD,2022,10,179.50806451612902,31,11037.520661157025,2023
KEE,QD,2022,11,160.47533333333334,30,9548.945454545456,2023
KEE,QD,2022,12,171.10709677419354,31,10520.965289256199,2023
KEE,QD,2023,1,114.27129032258064,31,7026.267768595041,2023
KEE,QD,2023,2,101.01392857142856,28,5610.029752066115,2023
KEE,QD,2023,3,101.99161290322581,31,6271.219834710744,2023
KEE,QD,2023,4,187.454,30,11154.287603305786,2023
KEE,QD,2023,5,323.33870967741933,31,19881.322314049587,2023
KEE,QD,2023,6,1014.5563333333333,30,60370.294214876034,2023
KEE,QD,2023,7,601.4870967741936,31,36984,2023
KEE,QD,2023,8,401.4251612903226,31,24682.671074380167,2023
KEE,QD,2023,9,82.03733333333334,30,4881.560330578513,2023
KEE,QD,2023,10,105.30064516129032,31,6474.684297520661,2024
KEE,QD,2023,11,101.296,30,6027.530578512397,2024
KEE,QD,2023,12,85.61193548387097,31,5264.072727272727,2024
KEE,QD,2024,1,82.30870967741936,31,5060.965289256199,2024
KEE,QD,2024,2,82.78344827586207,29,4761.758677685951,2024
KEE,QD,2024,3,82.70322580645161,31,5085.223140495868,2024
KEE,QD,2024,4,302.193,30,17981.732231404956,2024
KEE,QD,2024,5,568.6877419354839,31,34967.24628099174,2024
KEE,QD,2024,6,621.308,30,36970.39338842975,2024
KEE,QD,2024,7,780.6212903225806,31,47998.532231404955,2024
KEE,QD,2024,8,428.6045161290323,31,26353.864462809917,2024
KEE,QD,2024,9,83.34933333333333,30,4959.6297520661155,2024
KEE,QD,2024,10,113.95516129032258,31,7006.829752066116,2025
KEE,QD,2024,11,134.90433333333334,30,8027.365289256199,2025
KEE,QD,2024,12,114.80677419354839,31,7059.193388429752,2025
KEE,QD,2025,1,99.47322580645161,31,6116.3702479338845,2025
KEE,QD,2025,2,110.48035714285714,28,6135.768595041322,2025
KEE,QD,2025,3,80.33870967741936,31,4939.834710743802,2025
KEE,QD,2025,4,119.27366666666667,30,7097.276033057851,2025
KEE,QD,2025,5,575.8535483870968,31,35407.854545454546,2025
KEE,QD,2025,6,822.5973333333334,30,48947.94049586778,2025
KEE,QD,2025,7,564.3729032258065,31,34701.93719008265,2025
KEE,QD,2025,8,245.53548387096774,31,15097.388429752065,2025
KEE,QD,2025,9,73.23,30,4357.487603305785,2025
KEE,QD,2025,10,81.30741935483871,31,4999.398347107439,2026
KEE,QD,2025,11,84.04,30,5000.727272727273,2026
KEE,QD,2025,12,96.04096774193549,31,5905.328925619835,2026
KEE,QD,2026,1,108.92612903225806,31,6697.606611570248,2026
KEE,QD,2026,2,100.64214285714286,28,5589.381818181819,2026
KEE,QD,2026,3,538.6909677419354,31,33122.816528925614,2026
KEE,QD,2026,4,272.997,30,16244.449586776862,2026
KEE,QD,2026,5,600.9793548387097,31,36952.78016528926,2026
KEE,QD,2026,6,863.9973333333334,30,51411.41157024794,2026
KEE,QD,2026,7,832.4,31,51182.28099173553,2026
KEE,QD,2026,8,855.3675,20,33931.93388429752,2026
KEE,QU,2003,10,316.40516129032255,31,19454.995041322312,2004
KEE,QU,2003,11,507.0316666666667,30,30170.47933884298,2004
KEE,QU,2003,12,185.1941935483871,31,11387.147107438015,2004
KEE,QU,2004,1,243.58032258064517,31,14977.170247933886,2004
KEE,QU,2004,2,177.60103448275862,29,10215.728925619836,2004
KEE,QU,2004,3,358.73645161290324,31,22057.844628099174,2004
KEE,QU,2004,4,574.283,30,34172.211570247935,2004
KEE,QU,2004,5,562.741935483871,31,34601.652892561986,2004
KEE,QU,2004,6,354.6363333333333,30,21102.327272727274,2004
KEE,QU,2004,7,119.4358064516129,31,7343.821487603306,2004
KEE,QU,2004,8,173.89935483870968,31,10692.654545454547,2004
KEE,QU,2004,9,247.47366666666667,30,14725.705785123968,2004
KEE,QU,2004,10,197.17516129032256,31,12123.828099173554,2005
KEE,QU,2004,11,391.12333333333333,30,23273.454545454548,2005
KEE,QU,2004,12,447.1432258064516,31,27493.765289256196,2005
KEE,QU,2005,1,503.92387096774195,31,30985.07107438017,2005
KEE,QU,2005,2,176.9675,28,9828.277685950414,2005
KEE,QU,2005,3,176.64258064516127,31,10861.328925619833,2005
KEE,QU,2005,4,408.90233333333333,30,24331.378512396695,2005
KEE,QU,2005,5,320.9216129032258,31,19732.700826446282,2005
KEE,QU,2005,6,169.42,30,10081.190082644627,2005
KEE,QU,2005,7,106.5358064516129,31,6550.631404958677,2005
KEE,QU,2005,8,76.40483870967742,31,4697.950413223141,2005
KEE,QU,2005,9,61.689,30,3670.7504132231406,2005
KEE,QU,2005,10,165.16774193548386,31,10155.768595041322,2006
KEE,QU,2005,11,313.85766666666666,30,18675.828099173552,2006
KEE,QU,2005,12,270.8167741935484,31,16651.87438016529,2006
KEE,QU,2006,1,396.49870967741936,31,24379.755371900825,2006
KEE,QU,2006,2,197.86035714285714,28,10988.608264462811,2006
KEE,QU,2006,3,122.87612903225806,31,7555.35867768595,2006
KEE,QU,2006,4,483.334,30,28760.370247933886,2006
KEE,QU,2006,5,902.9448387096775,31,55519.91404958678,2006
KEE,QU,2006,6,634.1416666666667,30,37734.04958677686,2006
KEE,QU,2006,7,171.45258064516128,31,10542.20826446281,2006
KEE,QU,2006,8,90.73903225806451,31,5579.325619834711,2006
KEE,QU,2006,9,58.287,30,3468.3173553719007,2006
KEE,QU,2006,10,59.76451612903226,31,3674.7768595041325,2007
KEE,QU,2006,11,891.0076666666666,30,53018.63801652892,2007
KEE,QU,2006,12,184.05483870967743,31,11317.09090909091,2007
KEE,QU,2007,1,298.4890322580645,31,18353.37520661157,2007
KEE,QU,2007,2,294.04571428571427,28,16330.472727272725,2007
KEE,QU,2007,3,723.2332258064516,31,44469.877685950414,2007
KEE,QU,2007,4,490.96366666666665,30,29214.36694214876,2007
KEE,QU,2007,5,725.7225806451613,31,44622.94214876033,2007
KEE,QU,2007,6,455.609,30,27110.61818181818,2007
KEE,QU,2007,7,123.5358064516129,31,7595.920661157024,2007
KEE,QU,2007,8,68.35451612903226,31,4202.955371900827,2007
KEE,QU,2007,9,40.63033333333333,30,2417.6727272727276,2007
KEE,QU,2007,10,229.7667741935484,31,14127.808264462812,2008
KEE,QU,2007,11,235.554,30,14016.436363636363,2008
KEE,QU,2007,12,316.0041935483871,31,19430.340495867767,2008
KEE,QU,2008,1,121.02580645161291,31,7441.586776859504,2008
KEE,QU,2008,2,148.45241379310346,29,8539.080991735538,2008
KEE,QU,2008,3,175.74709677419355,31,10806.267768595042,2008
KEE,QU,2008,4,212.489,30,12643.973553719008,2008
KEE,QU,2008,5,1166.8812903225808,31,71748.73388429753,2008
KEE,QU,2008,6,912.4636666666667,30,54295.35867768595,2008
KEE,QU,2008,7,343.20677419354837,31,21102.961983471076,2008
KEE,QU,2008,8,142.73451612903227,31,8776.403305785125,2008
KEE,QU,2008,9,71.84066666666666,30,4274.816528925619,2008
KEE,QU,2008,10,89.38548387096775,31,5496.09917355372,2009
KEE,QU,2008,11,627.3993333333333,30,37332.85289256198,2009
KEE,QU,2008,12,221.02,31,13589.990082644628,2009
KEE,QU,2009,1,637.7061290322581,31,39211.021487603306,2009
KEE,QU,2009,2,106.39714285714285,28,5908.998347107438,2009
KEE,QU,2009,3,139.35709677419354,31,8568.73388429752,2009
KEE,QU,2009,4,356.8,30,21231.07438016529,2009
KEE,QU,2009,5,948.934193548387,31,58347.68925619835,2009
KEE,QU,2009,6,563.9076666666666,30,33554.836363636365,2009
KEE,QU,2009,7,132.51483870967743,31,8148.019834710744,2009
KEE,QU,2009,8,85.0374193548387,31,5228.747107438016,2009
KEE,QU,2009,9,53.276666666666664,30,3170.181818181818,2009
KEE,QU,2009,10,224.3967741935484,31,13797.619834710744,2010
KEE,QU,2009,11,373.89933333333335,30,22248.555371900828,2010
KEE,QU,2009,12,185.14225806451614,31,11383.953719008266,2010
KEE,QU,2010,1,270.48870967741937,31,16631.70247933884,2010
KEE,QU,2010,2,179.05928571428572,28,9944.44958677686,2010
KEE,QU,2010,3,259.0254838709677,31,15926.856198347106,2010
KEE,QU,2010,4,385.8093333333333,30,22957.24958677686,2010
KEE,QU,2010,5,607.5845161290323,31,37358.915702479346,2010
KEE,QU,2010,6,628.415,30,37393.28925619834,2010
KEE,QU,2010,7,261.0367741935484,31,16050.525619834712,2010
KEE,QU,2010,8,132.9174193548387,31,8172.773553719007,2010
KEE,QU,2010,9,123.16799999999999,30,7329.004958677686,2010
KEE,QU,2010,10,172.83193548387098,31,10627.021487603306,2011
KEE,QU,2010,11,403.42766666666665,30,24005.613223140495,2011
KEE,QU,2010,12,314.3545161290323,31,19328.905785123967,2011
KEE,QU,2011,1,823.7093548387097,31,50647.91404958678,2011
KEE,QU,2011,2,373.42535714285714,28,20738.995041322316,2011
KEE,QU,2011,3,309.11967741935484,31,19007.028099173556,2011
KEE,QU,2011,4,410.731,30,24440.19173553719,2011
KEE,QU,2011,5,780.1764516129032,31,47971.180165289254,2011
KEE,QU,2011,6,876.5550000000001,30,52158.64462809918,2011
KEE,QU,2011,7,430.80290322580646,31,26489.038016528924,2011
KEE,QU,2011,8,177.9416129032258,31,10941.203305785124,2011
KEE,QU,2011,9,63.75266666666667,30,3793.547107438017,2011
KEE,QU,2011,10,193.69,31,11909.533884297522,2012
KEE,QU,2011,11,216.28966666666668,30,12870.128925619836,2012
KEE,QU,2011,12,296.2967741935484,31,18218.578512396696,2012
KEE,QU,2012,1,286.23967741935485,31,17600.19173553719,2012
KEE,QU,2012,2,326.49931034482756,29,18780.456198347107,2012
KEE,QU,2012,3,221.06870967741935,31,13592.985123966942,2012
KEE,QU,2012,4,613.7386666666666,30,36519.98677685951,2012
KEE,QU,2012,5,1031.511935483871,31,63425.19669421488,2012
KEE,QU,2012,6,948.8686666666666,30,56461.60661157024,2012
KEE,QU,2012,7,441.93387096774194,31,27173.454545454548,2012
KEE,QU,2012,8,154.63096774193548,31,9507.887603305784,2012
KEE,QU,2012,9,54.211666666666666,30,3225.8181818181815,2012
KEE,QU,2012,10,287.98,31,17707.2,2013
KEE,QU,2012,11,401.10066666666665,30,23867.147107438017,2013
KEE,QU,2012,12,268.8190322580645,31,16529.038016528924,2013
KEE,QU,2013,1,141.39774193548388,31,8694.20826446281,2013
KEE,QU,2013,2,178.14285714285714,28,9893.553719008265,2013
KEE,QU,2013,3,361.2558064516129,31,22212.753719008266,2013
KEE,QU,2013,4,731.3996666666667,30,43521.30247933885,2013
KEE,QU,2013,5,882.2667741935484,31,54248.46942148761,2013
KEE,QU,2013,6,478.7266666666667,30,28486.21487603306,2013
KEE,QU,2013,7,178.01225806451612,31,10945.547107438015,2013
KEE,QU,2013,8,122.4325806451613,31,7528.085950413224,2013
KEE,QU,2013,9,145.788,30,8674.988429752068,2013
KEE,QU,2013,10,241.72548387096774,31,14863.120661157025,2014
KEE,QU,2013,11,381.347,30,22691.722314049588,2014
KEE,QU,2013,12,349.8922580645161,31,21514.036363636365,2014
KEE,QU,2014,1,309.9890322580645,31,19060.4826446281,2014
KEE,QU,2014,2,208.4475,28,11576.588429752066,2014
KEE,QU,2014,3,598.8822580645161,31,36823.8347107438,2014
KEE,QU,2014,4,616.3976666666666,30,36678.20826446281,2014
KEE,QU,2014,5,879.0016129032258,31,54047.70247933884,2014
KEE,QU,2014,6,435.07666666666665,30,25888.85950413223,2014
KEE,QU,2014,7,177.9041935483871,31,10938.902479338843,2014
KEE,QU,2014,8,111.49387096774194,31,6855.4909090909105,2014
KEE,QU,2014,9,76.878,30,4574.558677685951,2014
KEE,QU,2014,10,257.59741935483873,31,15839.0479338843,2015
KEE,QU,2014,11,664.4893333333333,30,39539.861157024796,2015
KEE,QU,2014,12,442.62451612903226,31,27215.920661157026,2015
KEE,QU,2015,1,612.1003225806452,31,37636.58181818182,2015
KEE,QU,2015,2,496.06892857142856,28,27550.27438016529,2015
KEE,QU,2015,3,345.22967741935486,31,21227.345454545455,2015
KEE,QU,2015,4,241.08733333333333,30,14345.692561983471,2015
KEE,QU,2015,5,188.7632258064516,31,11606.598347107438,2015
KEE,QU,2015,6,84.893,30,5051.484297520661,2015
KEE,QU,2015,7,78.41451612903226,31,4821.520661157026,2015
KEE,QU,2015,8,70.83741935483872,31,4355.623140495868,2015
KEE,QU,2015,9,46.27166666666667,30,2753.355371900827,2015
KEE,QU,2015,10,231.36967741935484,31,14226.366942148761,2016
KEE,QU,2015,11,829.03,30,49330.71074380165,2016
KEE,QU,2015,12,522.5267741935484,31,32128.919008264464,2016
KEE,QU,2016,1,179.0716129032258,31,11010.68429752066,2016
KEE,QU,2016,2,578.0010344827587,29,33247.00165289257,2016
KEE,QU,2016,3,417.72967741935486,31,25685.19669421488,2016
KEE,QU,2016,4,810.3653333333333,30,48220.085950413224,2016
KEE,QU,2016,5,595.5748387096775,31,36620.46942148761,2016
KEE,QU,2016,6,310.8403333333333,30,18496.28429752066,2016
KEE,QU,2016,7,154.24225806451614,31,9483.986776859505,2016
KEE,QU,2016,8,105.68870967741935,31,6498.545454545455,2016
KEE,QU,2016,9,62.60633333333333,30,3725.335537190083,2016
KEE,QU,2016,10,423.00935483870967,31,26009.831404958677,2017
KEE,QU,2016,11,367.223,30,21851.285950413225,2017
KEE,QU,2016,12,204.07451612903225,31,12548.052892561982,2017
KEE,QU,2017,1,98.33129032258064,31,6046.155371900826,2017
KEE,QU,2017,2,172.4117857142857,28,9575.26611570248,2017
KEE,QU,2017,3,481.5583870967742,31,29609.871074380164,2017
KEE,QU,2017,4,532.312,30,31674.763636363637,2017
KEE,QU,2017,5,1021.2012903225807,31,62791.21983471075,2017
KEE,QU,2017,6,571.9953333333333,30,34036.085950413224,2017
KEE,QU,2017,7,200.24903225806452,31,12312.833057851241,2017
KEE,QU,2017,8,128.0493548387097,31,7873.447933884298,2017
KEE,QU,2017,9,55.264,30,3288.4363636363637,2017
KEE,QU,2017,10,350.31709677419354,31,21540.15867768595,2018
KEE,QU,2017,11,512.7923333333333,30,30513.262809917356,2018
KEE,QU,2017,12,279.6341935483871,31,17194.036363636365,2018
KEE,QU,2018,1,351.01032258064515,31,21582.78347107438,2018
KEE,QU,2018,2,505.90214285714285,28,28096.383471074383,2018
KEE,QU,2018,3,203.2632258064516,31,12498.168595041323,2018
KEE,QU,2018,4,649.6006666666667,30,38653.92396694215,2018
KEE,QU,2018,5,1069.1090322580644,31,65736.9520661157,2018
KEE,QU,2018,6,331.1023333333333,30,19701.957024793388,2018
KEE,QU,2018,7,186.84483870967742,31,11488.64132231405,2018
KEE,QU,2018,8,126.14225806451613,31,7756.185123966942,2018
KEE,QU,2018,9,44.37566666666667,30,2640.535537190083,2018
KEE,QU,2018,10,111.45709677419354,31,6853.229752066116,2019
KEE,QU,2018,11,491.515,30,29247.173553719007,2019
KEE,QU,2018,12,319.62548387096774,31,19653.004958677684,2019
KEE,QU,2019,1,330.65741935483874,31,20331.332231404962,2019
KEE,QU,2019,2,174.54321428571427,28,9693.639669421485,2019
KEE,QU,2019,3,160.3383870967742,31,9858.823140495868,2019
KEE,QU,2019,4,612.3996666666667,30,36440.31074380166,2019
KEE,QU,2019,5,541.8470967741936,31,33316.87933884298,2019
KEE,QU,2019,6,240.74266666666665,30,14325.18347107438,2019
KEE,QU,2019,7,138.88935483870966,31,8539.973553719008,2019
KEE,QU,2019,8,92.83032258064516,31,5707.914049586777,2019
KEE,QU,2019,9,66.96633333333334,30,3984.7735537190088,2019
KEE,QU,2019,10,372.1577419354839,31,22883.087603305787,2020
KEE,QU,2019,11,172.017,30,10235.722314049588,2020
KEE,QU,2019,12,291.56032258064516,31,17927.345454545455,2020
KEE,QU,2020,1,612.1412903225806,31,37639.10082644629,2020
KEE,QU,2020,2,720.8665517241379,29,41464.72066115703,2020
KEE,QU,2020,3,222.4325806451613,31,13676.846280991736,2020
KEE,QU,2020,4,559.8439999999999,30,33313.03140495868,2020
KEE,QU,2020,5,811.26,31,49882.433057851245,2020
KEE,QU,2020,6,464.67,30,27649.785123966944,2020
KEE,QU,2020,7,199.46548387096774,31,12264.654545454547,2020
KEE,QU,2020,8,137.38129032258064,31,8447.246280991736,2020
KEE,QU,2020,9,85.13833333333334,30,5066.0826446281,2020
KEE,QU,2020,10,381.2090322580645,31,23439.629752066114,2021
KEE,QU,2020,11,381.1703333333333,30,22681.20991735537,2021
KEE,QU,2020,12,312.83838709677417,31,19235.682644628097,2021
KEE,QU,2021,1,353.8209677419355,31,21755.603305785124,2021
KEE,QU,2021,2,296.48285714285714,28,16465.82479338843,2021
KEE,QU,2021,3,184.4909677419355,31,11343.90743801653,2021
KEE,QU,2021,4,470.61333333333334,30,28003.438016528926,2021
KEE,QU,2021,5,860.5158064516129,31,52911.05454545454,2021
KEE,QU,2021,6,751.9593333333333,30,44744.687603305785,2021
KEE,QU,2021,7,222.38225806451612,31,13673.752066115701,2021
KEE,QU,2021,8,155.63064516129032,31,9569.355371900827,2021
KEE,QU,2021,9,67.59433333333334,30,4022.142148760331,2021
KEE,QU,2021,10,229.74322580645162,31,14126.360330578513,2022
KEE,QU,2021,11,828.2693333333333,30,49285.447933884294,2022
KEE,QU,2021,12,285.5977419354839,31,17560.720661157025,2022
KEE,QU,2022,1,412.5264516129032,31,25365.262809917356,2022
KEE,QU,2022,2,223.65321428571428,28,12421.071074380166,2022
KEE,QU,2022,3,505.8741935483871,31,31104.99173553719,2022
KEE,QU,2022,4,316.38166666666666,30,18826.016528925622,2022
KEE,QU,2022,5,783.1490322580645,31,48153.95702479339,2022
KEE,QU,2022,6,917.2426666666667,30,54579.728925619835,2022
KEE,QU,2022,7,265.02451612903224,31,16295.722314049584,2022
KEE,QU,2022,8,131.7351612903226,31,8100.0793388429765,2022
KEE,QU,2022,9,42.209666666666664,30,2511.6495867768595,2022
KEE,QU,2022,10,78.9341935483871,31,4853.474380165289,2023
KEE,QU,2022,11,336.092,30,19998.862809917355,2023
KEE,QU,2022,12,174.85129032258064,31,10751.186776859504,2023
KEE,QU,2023,1,187.06612903225806,31,11502.247933884299,2023
KEE,QU,2023,2,175.35964285714286,28,9738.981818181817,2023
KEE,QU,2023,3,108.67548387096774,31,6682.195041322314,2023
KEE,QU,2023,4,347.897,30,20701.30909090909,2023
KEE,QU,2023,5,932.7635483870968,31,57353.395041322314,2023
KEE,QU,2023,6,294.73966666666666,30,17538.228099173557,2023
KEE,QU,2023,7,112.29870967741935,31,6904.978512396694,2023
KEE,QU,2023,8,66.93451612903226,31,4115.642975206612,2023
KEE,QU,2023,9,39.989666666666665,30,2379.550413223141,2023
KEE,QU,2023,10,48.18322580645161,31,2962.671074380165,2024
KEE,QU,2023,11,295.16133333333335,30,17563.319008264465,2024
KEE,QU,2023,12,396.6209677419355,31,24387.272727272728,2024
KEE,QU,2024,1,213.2306451612903,31,13111.04132231405,2024
KEE,QU,2024,2,285.0462068965517,29,16396.046280991737,2024
KEE,QU,2024,3,308.76193548387096,31,18985.031404958678,2024
KEE,QU,2024,4,438.673,30,26102.856198347108,2024
KEE,QU,2024,5,530.0929032258065,31,32594.142148760333,2024
KEE,QU,2024,6,468.497,30,27877.507438016528,2024
KEE,QU,2024,7,174.3341935483871,31,10719.391735537192,2024
KEE,QU,2024,8,80.40483870967742,31,4943.900826446282,2024
KEE,QU,2024,9,38.313,30,2279.7818181818184,2024
KEE,QU,2024,10,83.38032258064516,31,5126.856198347107,2025
KEE,QU,2024,11,286.45433333333335,30,17045.216528925623,2025
KEE,QU,2024,12,281.3925806451613,31,17302.155371900826,2025
KEE,QU,2025,1,174.98290322580647,31,10759.279338842976,2025
KEE,QU,2025,2,203.28392857142856,28,11289.818181818182,2025
KEE,QU,2025,3,531.8119354838709,31,32699.84132231405,2025
KEE,QU,2025,4,508.57,30,30262.016528925622,2025
KEE,QU,2025,5,505.14677419354837,31,31060.264462809915,2025
KEE,QU,2025,6,265.27233333333334,30,15784.800000000001,2025
KEE,QU,2025,7,114.28354838709677,31,7027.021487603306,2025
KEE,QU,2025,8,64.31,31,3954.2677685950416,2025
KEE,QU,2025,9,34.409666666666666,30,2047.5173553719007,2025
KEE,QU,2025,10,107.24516129032259,31,6594.247933884299,2026
KEE,QU,2025,11,455.529,30,27105.857851239667,2026
KEE,QU,2025,12,1282.2412903225807,31,78841.9438016529,2026
KEE,QU,2026,1,300.92387096774195,31,18503.087603305787,2026
KEE,QU,2026,2,288.2607142857143,28,16009.190082644629,2026
KEE,QU,2026,3,895.7745161290322,31,55079.02809917355,2026
KEE,QU,2026,4,402.9723333333333,30,23978.519008264462,2026
KEE,QU,2026,5,298.2516129032258,31,18338.77685950413,2026
KEE,QU,2026,6,258.056,30,15355.398347107437,2026
KEE,QU,2026,7,170.07064516129032,31,10457.236363636363,2026
KEE,QU,2026,8,168.164,20,6670.968595041322,2026
RIM,QD,2003,10,684.0967741935484,31,42063.47107438017,2004
RIM,QD,2003,11,84.56666666666666,30,5032.06611570248,2004
RIM,QD,2003,12,49.70967741935484,31,3056.528925619835,2004
RIM,QD,2004,1,51.193548387096776,31,3147.7685950413224,2004
RIM,QD,2004,2,46.827586206896555,29,2693.5537190082646,2004
RIM,QD,2004,3,47.225806451612904,31,2903.8016528925623,2004
RIM,QD,2004,4,81.2,30,4831.735537190083,2004
RIM,QD,2004,5,205.32258064516128,31,12624.793388429753,2004
RIM,QD,2004,6,801.7,30,47704.46280991736,2004
RIM,QD,2004,7,553.4193548387096,31,34028.42975206612,2004
RIM,QD,2004,8,771.3870967741935,31,47430.74380165289,2004
RIM,QD,2004,9,1365.8333333333333,30,81272.72727272728,2004
RIM,QD,2004,10,507.38709677419354,31,31198.016528925622,2005
RIM,QD,2004,11,51.06666666666667,30,3038.6776859504134,2005
RIM,QD,2004,12,46.225806451612904,31,2842.314049586777,2005
RIM,QD,2005,1,41.12903225806452,31,2528.9256198347107,2005
RIM,QD,2005,2,38.607142857142854,28,2144.132231404959,2005
RIM,QD,2005,3,42.12903225806452,31,2590.413223140496,2005
RIM,QD,2005,4,207.36666666666667,30,12339.173553719009,2005
RIM,QD,2005,5,301.03225806451616,31,18509.752066115703,2005
RIM,QD,2005,6,360.26666666666665,30,21437.355371900827,2005
RIM,QD,2005,7,475.06451612903226,31,29210.578512396696,2005
RIM,QD,2005,8,746.741935483871,31,45915.371900826445,2005
RIM,QD,2005,9,1588.7666666666667,30,94538.18181818182,2005
RIM,QD,2005,10,519.741935483871,31,31957.685950413223,2006
RIM,QD,2005,11,56.7,30,3373.884297520661,2006
RIM,QD,2005,12,91.7741935483871,31,5642.975206611571,2006
RIM,QD,2006,1,48.645161290322584,31,2991.0743801652893,2006
RIM,QD,2006,2,35.5,28,1971.5702479338843,2006
RIM,QD,2006,3,35.67741935483871,31,2193.719008264463,2006
RIM,QD,2006,4,39.733333333333334,30,2364.2975206611573,2006
RIM,QD,2006,5,778.3548387096774,31,47859.17355371901,2006
RIM,QD,2006,6,1181.3333333333333,30,70294.21487603306,2006
RIM,QD,2006,7,688.4516129032259,31,42331.23966942149,2006
RIM,QD,2006,8,796.483870967742,31,48973.884297520664,2006
RIM,QD,2006,9,1678.4,30,99871.73553719009,2006
RIM,QD,2006,10,682.8709677419355,31,41988.09917355372,2007
RIM,QD,2006,11,71.9,30,4278.347107438017,2007
RIM,QD,2006,12,57.516129032258064,31,3536.528925619835,2007
RIM,QD,2007,1,58.61290322580645,31,3603.9669421487606,2007
RIM,QD,2007,2,57.892857142857146,28,3215.2066115702482,2007
RIM,QD,2007,3,748.258064516129,31,46008.59504132232,2007
RIM,QD,2007,4,641.1,30,38148.09917355372,2007
RIM,QD,2007,5,617.8709677419355,31,37991.40495867769,2007
RIM,QD,2007,6,796.6666666666666,30,47404.95867768595,2007
RIM,QD,2007,7,555.9354838709677,31,34183.14049586777,2007
RIM,QD,2007,8,759.1290322580645,31,46677.02479338843,2007
RIM,QD,2007,9,1750.9,30,104185.78512396694,2007
RIM,QD,2007,10,352.16129032258067,31,21653.553719008265,2008
RIM,QD,2007,11,92.1,30,5480.330578512397,2008
RIM,QD,2007,12,60.903225806451616,31,3744.793388429752,2008
RIM,QD,2008,1,66.80645161290323,31,4107.768595041322,2008
RIM,QD,2008,2,87,29,5004.297520661157,2008
RIM,QD,2008,3,101.96774193548387,31,6269.752066115702,2008
RIM,QD,2008,4,696.3333333333334,30,41434.710743801654,2008
RIM,QD,2008,5,184.25806451612902,31,11329.586776859505,2008
RIM,QD,2008,6,798,30,47484.29752066116,2008
RIM,QD,2008,7,828.6774193548387,31,50953.38842975207,2008
RIM,QD,2008,8,623,31,38306.776859504134,2008
RIM,QD,2008,9,1731.0666666666666,30,103005.61983471074,2008
RIM,QD,2008,10,571.6129032258065,31,35147.10743801653,2009
RIM,QD,2008,11,85.83333333333333,30,5107.438016528926,2009
RIM,QD,2008,12,100.83870967741936,31,6200.330578512397,2009
RIM,QD,2009,1,106.48387096774194,31,6547.438016528926,2009
RIM,QD,2009,2,81.92857142857143,28,4550.082644628099,2009
RIM,QD,2009,3,84.93548387096774,31,5222.479338842975,2009
RIM,QD,2009,4,106.56666666666666,30,6341.157024793389,2009
RIM,QD,2009,5,862.483870967742,31,53032.06611570248,2009
RIM,QD,2009,6,1280.4333333333334,30,76191.07438016529,2009
RIM,QD,2009,7,616.3870967741935,31,37900.1652892562,2009
RIM,QD,2009,8,761.5483870967741,31,46825.78512396694,2009
RIM,QD,2009,9,1862.7666666666667,30,110842.31404958678,2009
RIM,QD,2009,10,555.258064516129,31,34141.48760330579,2010
RIM,QD,2009,11,72.33333333333333,30,4304.1322314049585,2010
RIM,QD,2009,12,74.35483870967742,31,4571.900826446281,2010
RIM,QD,2010,1,76.90322580645162,31,4728.5950413223145,2010
RIM,QD,2010,2,75.92857142857143,28,4216.859504132231,2010
RIM,QD,2010,3,75.52903225806452,31,4644.099173553719,2010
RIM,QD,2010,4,113.46666666666667,30,6751.735537190083,2010
RIM,QD,2010,5,157.3548387096774,31,9675.371900826447,2010
RIM,QD,2010,6,824.6333333333333,30,49069.09090909091,2010
RIM,QD,2010,7,696.6774193548387,31,42837.02479338843,2010
RIM,QD,2010,8,714.4516129032259,31,43929.9173553719,2010
RIM,QD,2010,9,1428.5666666666666,30,85005.61983471074,2010
RIM,QD,2010,10,557.0967741935484,31,34254.545454545456,2011
RIM,QD,2010,11,93.53333333333333,30,5565.619834710744,2011
RIM,QD,2010,12,80.80645161290323,31,4968.5950413223145,2011
RIM,QD,2011,1,281.7096774193548,31,17321.652892561982,2011
RIM,QD,2011,2,434.92857142857144,28,24154.710743801654,2011
RIM,QD,2011,3,309.51612903225805,31,19031.404958677685,2011
RIM,QD,2011,4,567.2333333333333,30,33752.72727272727,2011
RIM,QD,2011,5,673.5974193548387,31,41417.890909090915,2011
RIM,QD,2011,6,1217.7333333333333,30,72460.1652892562,2011
RIM,QD,2011,7,1048.6774193548388,31,64480.661157024806,2011
RIM,QD,2011,8,569.4193548387096,31,35012.23140495868,2011
RIM,QD,2011,9,1776.0666666666666,30,105683.30578512397,2011
RIM,QD,2011,10,415.5806451612903,31,25553.05785123967,2012
RIM,QD,2011,11,113.46666666666667,30,6751.735537190083,2012
RIM,QD,2011,12,90.29032258064517,31,5551.735537190083,2012
RIM,QD,2012,1,104.38709677419355,31,6418.512396694215,2012
RIM,QD,2012,2,214.51724137931035,29,12339.173553719009,2012
RIM,QD,2012,3,287.96774193548384,31,17706.446280991735,2012
RIM,QD,2012,4,829.1666666666666,30,49338.842975206615,2012
RIM,QD,2012,5,950.1290322580645,31,58421.15702479339,2012
RIM,QD,2012,6,1174.6333333333334,30,69895.53719008264,2012
RIM,QD,2012,7,973.9354838709677,31,59884.95867768595,2012
RIM,QD,2012,8,668,31,41073.71900826447,2012
RIM,QD,2012,9,1968.8333333333333,30,117153.71900826447,2012
RIM,QD,2012,10,623.3548387096774,31,38328.59504132232,2013
RIM,QD,2012,11,100.6,30,5986.115702479339,2013
RIM,QD,2012,12,86.19354838709677,31,5299.834710743802,2013
RIM,QD,2013,1,88.03225806451613,31,5412.892561983471,2013
RIM,QD,2013,2,89.03571428571429,28,4944.793388429752,2013
RIM,QD,2013,3,118.38709677419355,31,7279.338842975207,2013
RIM,QD,2013,4,339.46666666666664,30,20199.669421487604,2013
RIM,QD,2013,5,807.9354838709677,31,49678.01652892562,2013
RIM,QD,2013,6,852.5333333333333,30,50729.25619834711,2013
RIM,QD,2013,7,588.4516129032259,31,36182.479338842975,2013
RIM,QD,2013,8,904.9032258064516,31,55640.330578512396,2013
RIM,QD,2013,9,1664.9,30,99068.42975206612,2013
RIM,QD,2013,10,240.3548387096774,31,14778.842975206611,2014
RIM,QD,2013,11,99.4,30,5914.710743801653,2014
RIM,QD,2013,12,100.90322580645162,31,6204.297520661157,2014
RIM,QD,2014,1,72.09677419354838,31,4433.05785123967,2014
RIM,QD,2014,2,63.25,28,3512.727272727273,2014
RIM,QD,2014,3,175.70967741935485,31,10803.966942148762,2014
RIM,QD,2014,4,850.7333333333333,30,50622.14876033058,2014
RIM,QD,2014,5,803.9032258064516,31,49430.0826446281,2014
RIM,QD,2014,6,987.5333333333333,30,58762.31404958678,2014
RIM,QD,2014,7,700.3548387096774,31,43063.14049586777,2014
RIM,QD,2014,8,931.6129032258065,31,57282.64462809917,2014
RIM,QD,2014,9,1828.3,30,108791.40495867768,2014
RIM,QD,2014,10,583.1612903225806,31,35857.19008264463,2015
RIM,QD,2014,11,97.5,30,5801.652892561983,2015
RIM,QD,2014,12,92.48387096774194,31,5686.611570247934,2015
RIM,QD,2015,1,114.45161290322581,31,7037.355371900827,2015
RIM,QD,2015,2,304.5357142857143,28,16913.05785123967,2015
RIM,QD,2015,3,574.3225806451613,31,35313.71900826447,2015
RIM,QD,2015,4,520.6,30,30977.851239669424,2015
RIM,QD,2015,5,403.0967741935484,31,24785.454545454548,2015
RIM,QD,2015,6,506.9,30,30162.644628099173,2015
RIM,QD,2015,7,569.6451612903226,31,35026.11570247934,2015
RIM,QD,2015,8,710.0645161290323,31,43660.1652892562,2015
RIM,QD,2015,9,1731.3333333333333,30,103021.48760330578,2015
RIM,QD,2015,10,591.3870967741935,31,36362.97520661157,2016
RIM,QD,2015,11,54,30,3213.223140495868,2016
RIM,QD,2015,12,59.74193548387097,31,3673.3884297520663,2016
RIM,QD,2016,1,66.09677419354838,31,4064.132231404959,2016
RIM,QD,2016,2,84.75862068965517,29,4875.371900826446,2016
RIM,QD,2016,3,763.5806451612904,31,46950.74380165289,2016
RIM,QD,2016,4,944.3333333333334,30,56191.735537190085,2016
RIM,QD,2016,5,1050.9354838709678,31,64619.50413223141,2016
RIM,QD,2016,6,833.6333333333333,30,49604.628099173555,2016
RIM,QD,2016,7,613.9354838709677,31,37749.42148760331,2016
RIM,QD,2016,8,840.3548387096774,31,51671.40495867769,2016
RIM,QD,2016,9,1648.8,30,98110.4132231405,2016
RIM,QD,2016,10,435,31,26747.10743801653,2017
RIM,QD,2016,11,78,30,4641.322314049587,2017
RIM,QD,2016,12,80.74193548387096,31,4964.628099173554,2017
RIM,QD,2017,1,81,31,4980.495867768595,2017
RIM,QD,2017,2,81.21428571428571,28,4510.413223140496,2017
RIM,QD,2017,3,487.96774193548384,31,30003.96694214876,2017
RIM,QD,2017,4,879.5666666666667,30,52337.85123966942,2017
RIM,QD,2017,5,1115.258064516129,31,68574.54545454546,2017
RIM,QD,2017,6,1173.2666666666667,30,69814.21487603306,2017
RIM,QD,2017,7,722.8387096774194,31,44445.61983471074,2017
RIM,QD,2017,8,828.1935483870968,31,50923.63636363637,2017
RIM,QD,2017,9,1636.2666666666667,30,97364.62809917355,2017
RIM,QD,2017,10,528.3548387096774,31,32487.272727272728,2018
RIM,QD,2017,11,83,30,4938.842975206611,2018
RIM,QD,2017,12,84.80645161290323,31,5214.545454545455,2018
RIM,QD,2018,1,81.06451612903226,31,4984.462809917355,2018
RIM,QD,2018,2,177.67857142857142,28,9867.768595041323,2018
RIM,QD,2018,3,324.2903225806452,31,19939.834710743802,2018
RIM,QD,2018,4,634.1333333333333,30,37733.55371900827,2018
RIM,QD,2018,5,1047.4193548387098,31,64403.30578512398,2018
RIM,QD,2018,6,540.1,30,32138.18181818182,2018
RIM,QD,2018,7,702.741935483871,31,43209.9173553719,2018
RIM,QD,2018,8,786.6774193548387,31,48370.909090909096,2018
RIM,QD,2018,9,1565.964,30,93181.32892561983,2018
RIM,QD,2018,10,530.0645161290323,31,32592.396694214876,2019
RIM,QD,2018,11,77.16666666666667,30,4591.735537190083,2019
RIM,QD,2018,12,85,31,5226.446280991736,2019
RIM,QD,2019,1,82.93548387096774,31,5099.5041322314055,2019
RIM,QD,2019,2,85.39285714285714,28,4742.479338842975,2019
RIM,QD,2019,3,119.45161290322581,31,7344.793388429753,2019
RIM,QD,2019,4,214.93333333333334,30,12789.421487603306,2019
RIM,QD,2019,5,355.1290322580645,31,21836.03305785124,2019
RIM,QD,2019,6,366.06666666666666,30,21782.479338842975,2019
RIM,QD,2019,7,462.258064516129,31,28423.14049586777,2019
RIM,QD,2019,8,687.0645161290323,31,42245.950413223145,2019
RIM,QD,2019,9,1201.4,30,71488.26446280992,2019
RIM,QD,2019,10,462.19354838709677,31,28419.17355371901,2020
RIM,QD,2019,11,65.93333333333334,30,3923.305785123967,2020
RIM,QD,2019,12,65.19354838709677,31,4008.5950413223136,2020
RIM,QD,2020,1,58.32258064516129,31,3586.115702479339,2020
RIM,QD,2020,2,60.6551724137931,29,3488.9256198347107,2020
RIM,QD,2020,3,72.12903225806451,31,4435.0413223140495,2020
RIM,QD,2020,4,428.8666666666667,30,25519.33884297521,2020
RIM,QD,2020,5,408.38709677419354,31,25110.743801652894,2020
RIM,QD,2020,6,828.6666666666666,30,49309.09090909091,2020
RIM,QD,2020,7,619.516129032258,31,38092.561983471074,2020
RIM,QD,2020,8,658.8387096774194,31,40510.413223140495,2020
RIM,QD,2020,9,1602.6666666666667,30,95365.28925619835,2020
RIM,QD,2020,10,548,31,33695.20661157025,2021
RIM,QD,2020,11,88.26666666666667,30,5252.231404958678,2021
RIM,QD,2020,12,97.12903225806451,31,5972.231404958678,2021
RIM,QD,2021,1,90.6774193548387,31,5575.537190082645,2021
RIM,QD,2021,2,90.35714285714286,28,5018.181818181818,2021
RIM,QD,2021,3,94.93548387096774,31,5837.355371900827,2021
RIM,QD,2021,4,429.03333333333336,30,25529.25619834711,2021
RIM,QD,2021,5,558.8387096774194,31,34361.652892561986,2021
RIM,QD,2021,6,821.8,30,48900.49586776859,2021
RIM,QD,2021,7,667.7741935483871,31,41059.8347107438,2021
RIM,QD,2021,8,956.3548387096774,31,58803.96694214876,2021
RIM,QD,2021,9,1458.5,30,86786.77685950414,2021
RIM,QD,2021,10,489.7096774193548,31,30111.07438016529,2022
RIM,QD,2021,11,88.3,30,5254.214876033058,2022
RIM,QD,2021,12,78.3225806451613,31,4815.8677685950415,2022
RIM,QD,2022,1,90.09677419354838,31,5539.834710743802,2022
RIM,QD,2022,2,95.59392857142858,28,5309.018181818182,2022
RIM,QD,2022,3,111.25806451612904,31,6840.99173553719,2022
RIM,QD,2022,4,772.1,30,45943.14049586777,2022
RIM,QD,2022,5,723.8387096774194,31,44507.10743801653,2022
RIM,QD,2022,6,1118.4666666666667,30,66553.38842975207,2022
RIM,QD,2022,7,897.0967741935484,31,55160.330578512396,2022
RIM,QD,2022,8,652.2903225806451,31,40107.76859504132,2022
RIM,QD,2022,9,1515.5666666666666,30,90182.47933884298,2022
RIM,QD,2022,10,580.39,31,35686.79008264463,2023
RIM,QD,2022,11,86.19966666666667,30,5129.236363636364,2023
RIM,QD,2022,12,84.6774193548387,31,5206.611570247934,2023
RIM,QD,2023,1,77.81935483870967,31,4784.92561983471,2023
RIM,QD,2023,2,74.05,28,4112.528925619835,2023
RIM,QD,2023,3,80.83225806451613,31,4970.181818181818,2023
RIM,QD,2023,4,227.32333333333332,30,13526.677685950413,2023
RIM,QD,2023,5,608.4067741935484,31,37409.474380165295,2023
RIM,QD,2023,6,1142.9333333333334,30,68009.25619834711,2023
RIM,QD,2023,7,498.51612903225805,31,30652.561983471074,2023
RIM,QD,2023,8,795.0645161290323,31,48886.61157024794,2023
RIM,QD,2023,9,1493.0666666666666,30,88843.63636363637,2023
RIM,QD,2023,10,400.4406451612903,31,24622.135537190083,2024
RIM,QD,2023,11,63.849333333333334,30,3799.2991735537194,2024
RIM,QD,2023,12,56.39806451612903,31,3467.781818181818,2024
RIM,QD,2024,1,58.071935483870966,31,3570.7041322314053,2024
RIM,QD,2024,2,52.43344827586207,29,3016.006611570248,2024
RIM,QD,2024,3,52.8641935483871,31,3250.4925619834717,2024
RIM,QD,2024,4,254.13333333333333,30,15121.98347107438,2024
RIM,QD,2024,5,355.82129032258064,31,21878.598347107436,2024
RIM,QD,2024,6,582.682,30,34671.98677685951,2024
RIM,QD,2024,7,454.2138709677419,31,27928.522314049587,2024
RIM,QD,2024,8,990.9516129032259,31,60931.23966942149,2024
RIM,QD,2024,9,1841.256,30,109562.34049586777,2024
RIM,QD,2024,10,419.26193548387096,31,25779.411570247932,2025
RIM,QD,2024,11,71.48866666666666,30,4253.871074380165,2025
RIM,QD,2024,12,65.87322580645161,31,4050.3867768595046,2025
RIM,QD,2025,1,59.06516129032258,31,3631.7752066115704,2025
RIM,QD,2025,2,59.205714285714286,28,3288.119008264463,2025
RIM,QD,2025,3,49.42774193548387,31,3039.1933884297523,2025
RIM,QD,2025,4,100.76933333333334,30,5996.19173553719,2025
RIM,QD,2025,5,394.69612903225806,31,24268.919008264464,2025
RIM,QD,2025,6,408.82366666666667,30,24326.697520661157,2025
RIM,QD,2025,7,419.7090322580645,31,25806.90247933884,2025
RIM,QD,2025,8,973.5690322580646,31,59862.426446281,2025
RIM,QD,2025,9,1487.5986666666668,30,88518.26776859506,2025
RIM,QD,2025,10,233.6677419354839,31,14367.669421487604,2026
RIM,QD,2025,11,52.52033333333333,30,3125.176859504132,2026
RIM,QD,2025,12,52.32419354838709,31,3217.289256198347,2026
RIM,QD,2026,1,179.70903225806452,31,11049.877685950414,2026
RIM,QD,2026,2,386.9717857142857,28,21491.325619834708,2026
RIM,QD,2026,3,617.223870967742,31,37951.616528925624,2026
RIM,QD,2026,4,549.5006666666667,30,32697.560330578515,2026
RIM,QD,2026,5,741.1977419354839,31,45574.47272727273,2026
RIM,QD,2026,6,423.02866666666665,30,25171.953719008263,2026
RIM,QD,2026,7,424.24451612903226,31,26085.778512396693,2026
RIM,QD,2026,8,516.262,20,20479.814876033055,2026
RIM,QU,2003,10,236.0841935483871,31,14516.251239669424,2004
RIM,QU,2003,11,240.23066666666665,30,14294.7173553719,2004
RIM,QU,2003,12,235.70483870967743,31,14492.925619834712,2004
RIM,QU,2004,1,235.8716129032258,31,14503.180165289257,2004
RIM,QU,2004,2,257.0955172413793,29,14788.304132231404,2004
RIM,QU,2004,3,397.56,31,24445.011570247934,2004
RIM,QU,2004,4,649.9243333333334,30,38673.183471074386,2004
RIM,QU,2004,5,971.1,31,59710.61157024794,2004
RIM,QU,2004,6,835.4593333333333,30,49713.282644628096,2004
RIM,QU,2004,7,412.8058064516129,31,25382.43966942149,2004
RIM,QU,2004,8,311.3558064516129,31,19144.522314049587,2004
RIM,QU,2004,9,273.74966666666666,30,16289.236363636364,2004
RIM,QU,2004,10,229.13064516129032,31,14088.694214876034,2005
RIM,QU,2004,11,257.9836666666667,30,15351.094214876035,2005
RIM,QU,2004,12,362.7722580645161,31,22305.996694214875,2005
RIM,QU,2005,1,543.558064516129,31,33422.0826446281,2005
RIM,QU,2005,2,267.7832142857143,28,14871.927272727275,2005
RIM,QU,2005,3,252.36032258064517,31,15517.031404958678,2005
RIM,QU,2005,4,420.791,30,25038.803305785124,2005
RIM,QU,2005,5,623.6393548387097,31,38346.08925619835,2005
RIM,QU,2005,6,361.248,30,21495.74876033058,2005
RIM,QU,2005,7,242.78290322580645,31,14928.138842975206,2005
RIM,QU,2005,8,164.70548387096775,31,10127.345454545457,2005
RIM,QU,2005,9,206.34833333333333,30,12278.578512396694,2005
RIM,QU,2005,10,163.78096774193548,31,10070.499173553719,2006
RIM,QU,2005,11,230.97433333333333,30,13743.927272727273,2006
RIM,QU,2005,12,340.4532258064516,31,20933.652892561982,2006
RIM,QU,2006,1,605.6903225806452,31,37242.44628099174,2006
RIM,QU,2006,2,377.6617857142857,28,20974.27438016529,2006
RIM,QU,2006,3,246.47032258064516,31,15154.869421487603,2006
RIM,QU,2006,4,552.4833333333333,30,32875.04132231405,2006
RIM,QU,2006,5,1342.215806451613,31,82529.63305785124,2006
RIM,QU,2006,6,1192.313,30,70947.55041322314,2006
RIM,QU,2006,7,484.6538709677419,31,29800.204958677685,2006
RIM,QU,2006,8,227.89387096774195,31,14012.647933884298,2006
RIM,QU,2006,9,228.766,30,13612.522314049585,2006
RIM,QU,2006,10,141.55612903225807,31,8703.947107438016,2007
RIM,QU,2006,11,1126.8203333333333,30,67050.46611570248,2007
RIM,QU,2006,12,457.59548387096777,31,28136.449586776864,2007
RIM,QU,2007,1,446.4841935483871,31,27453.242975206613,2007
RIM,QU,2007,2,431.73321428571427,28,23977.24958677686,2007
RIM,QU,2007,3,945.2041935483871,31,58118.34049586777,2007
RIM,QU,2007,4,642.7139999999999,30,38244.138842975204,2007
RIM,QU,2007,5,956.1061290322581,31,58788.67438016529,2007
RIM,QU,2007,6,800.6693333333334,30,47643.133884297524,2007
RIM,QU,2007,7,405.2190322580645,31,24915.947107438016,2007
RIM,QU,2007,8,220.33548387096775,31,13547.900826446283,2007
RIM,QU,2007,9,212.58633333333333,30,12649.765289256198,2007
RIM,QU,2007,10,215.11193548387098,31,13226.717355371902,2008
RIM,QU,2007,11,276.3206666666667,30,16442.221487603307,2008
RIM,QU,2007,12,514.5312903225806,31,31637.295867768593,2008
RIM,QU,2008,1,219.53483870967742,31,13498.671074380165,2008
RIM,QU,2008,2,216.77827586206897,29,12469.229752066116,2008
RIM,QU,2008,3,252.75870967741935,31,15541.527272727271,2008
RIM,QU,2008,4,334.063,30,19878.128925619832,2008
RIM,QU,2008,5,1409.4787096774194,31,86665.46776859504,2008
RIM,QU,2008,6,1166.6923333333334,30,69423.01487603306,2008
RIM,QU,2008,7,719.0535483870968,31,44212.879338842984,2008
RIM,QU,2008,8,356.21258064516127,31,21902.65785123967,2008
RIM,QU,2008,9,124.87566666666666,30,7430.618181818182,2008
RIM,QU,2008,10,206.51870967741937,31,12698.34049586777,2009
RIM,QU,2008,11,573.0043333333333,30,34096.125619834704,2009
RIM,QU,2008,12,259.11225806451614,31,15932.191735537192,2009
RIM,QU,2009,1,650.4567741935484,31,39995.028099173556,2009
RIM,QU,2009,2,261.89464285714286,28,14544.892561983472,2009
RIM,QU,2009,3,249.23193548387096,31,15324.674380165288,2009
RIM,QU,2009,4,540.2036666666667,30,32144.350413223143,2009
RIM,QU,2009,5,1225.7874193548387,31,75370.73057851239,2009
RIM,QU,2009,6,1294.8853333333334,30,77051.02809917356,2009
RIM,QU,2009,7,494.33193548387095,31,30395.28595041322,2009
RIM,QU,2009,8,259.8125806451613,31,15975.252892561983,2009
RIM,QU,2009,9,327.87033333333335,30,19509.63966942149,2009
RIM,QU,2009,10,220.85129032258064,31,13579.616528925619,2010
RIM,QU,2009,11,336.91966666666667,30,20048.112396694214,2010
RIM,QU,2009,12,267.20516129032256,31,16429.804958677683,2010
RIM,QU,2010,1,335.3241935483871,31,20618.280991735537,2010
RIM,QU,2010,2,253.96928571428572,28,14104.740495867769,2010
RIM,QU,2010,3,266.5238709677419,31,16387.914049586776,2010
RIM,QU,2010,4,445.6743333333333,30,26519.464462809916,2010
RIM,QU,2010,5,802.6787096774193,31,49354.79008264463,2010
RIM,QU,2010,6,1257.8746666666666,30,74848.74049586777,2010
RIM,QU,2010,7,662.6067741935484,31,40742.10247933885,2010
RIM,QU,2010,8,343.471935483871,31,21119.26611570248,2010
RIM,QU,2010,9,347.86966666666666,30,20699.6826446281,2010
RIM,QU,2010,10,219.89290322580646,31,13520.687603305787,2011
RIM,QU,2010,11,343.148,30,20418.72396694215,2011
RIM,QU,2010,12,384.17483870967743,31,23621.99008264463,2011
RIM,QU,2011,1,943.8174193548388,31,58033.07107438017,2011
RIM,QU,2011,2,441.2635714285714,28,24506.538842975206,2011
RIM,QU,2011,3,358.7961290322581,31,22061.514049586778,2011
RIM,QU,2011,4,585.4843333333333,30,34838.73719008264,2011
RIM,QU,2011,5,959.1545161290322,31,58976.11239669422,2011
RIM,QU,2011,6,1439.991,30,85685.41487603306,2011
RIM,QU,2011,7,1054.1190322580646,31,64815.25289256199,2011
RIM,QU,2011,8,485.9083870967742,31,29877.342148760334,2011
RIM,QU,2011,9,368.0663333333333,30,21901.46776859504,2011
RIM,QU,2011,10,290.55064516129033,31,17865.262809917356,2012
RIM,QU,2011,11,306.97366666666665,30,18266.20165289256,2012
RIM,QU,2011,12,305.4941935483871,31,18784.105785123968,2012
RIM,QU,2012,1,371.71,31,22855.55702479339,2012
RIM,QU,2012,2,466.68551724137933,29,26844.059504132234,2012
RIM,QU,2012,3,420.0748387096774,31,25829.395041322314,2012
RIM,QU,2012,4,934.6043333333333,30,55612.819834710746,2012
RIM,QU,2012,5,1196.2003225806452,31,73551.4909090909,2012
RIM,QU,2012,6,1226.2956666666666,30,72969.65950413224,2012
RIM,QU,2012,7,908.9922580645161,31,55891.755371900836,2012
RIM,QU,2012,8,400.8432258064516,31,24646.88925619835,2012
RIM,QU,2012,9,373.80766666666665,30,22243.10082644628,2012
RIM,QU,2012,10,419.75193548387097,31,25809.54049586777,2013
RIM,QU,2012,11,588.7033333333334,30,35030.28099173554,2013
RIM,QU,2012,12,437.01290322580644,31,26870.87603305785,2013
RIM,QU,2013,1,253.47032258064516,31,15585.2826446281,2013
RIM,QU,2013,2,235.33678571428572,28,13069.943801652893,2013
RIM,QU,2013,3,353.19612903225806,31,21717.183471074382,2013
RIM,QU,2013,4,700.0583333333333,30,41656.36363636364,2013
RIM,QU,2013,5,1152.905806451613,31,70889.41487603306,2013
RIM,QU,2013,6,866.3953333333334,30,51554.10247933884,2013
RIM,QU,2013,7,469.8938709677419,31,28892.6479338843,2013
RIM,QU,2013,8,298.46774193548384,31,18352.06611570248,2013
RIM,QU,2013,9,431.85266666666666,30,25697.01818181818,2013
RIM,QU,2013,10,293.33354838709676,31,18036.376859504133,2014
RIM,QU,2013,11,310.80833333333334,30,18494.380165289258,2014
RIM,QU,2013,12,408.4193548387097,31,25112.727272727272,2014
RIM,QU,2014,1,295.77032258064514,31,18186.20826446281,2014
RIM,QU,2014,2,286.18285714285713,28,15893.79173553719,2014
RIM,QU,2014,3,818.96,31,50355.88760330579,2014
RIM,QU,2014,4,712.6023333333334,30,42402.78347107438,2014
RIM,QU,2014,5,1153.0974193548386,31,70901.19669421487,2014
RIM,QU,2014,6,1013.662,30,60317.07768595042,2014
RIM,QU,2014,7,641.3970967741935,31,39437.97024793388,2014
RIM,QU,2014,8,358.0970967741935,31,22018.532231404955,2014
RIM,QU,2014,9,250.54433333333333,30,14908.423140495868,2014
RIM,QU,2014,10,344.6045161290323,31,21188.905785123967,2015
RIM,QU,2014,11,640.913,30,38136.971900826444,2015
RIM,QU,2014,12,778.6396774193548,31,47876.687603305785,2015
RIM,QU,2015,1,840.4087096774193,31,51674.7173553719,2015
RIM,QU,2015,2,848.4542857142857,28,47120.76694214876,2015
RIM,QU,2015,3,569.2561290322581,31,35002.19504132231,2015
RIM,QU,2015,4,391.22833333333335,30,23279.702479338845,2015
RIM,QU,2015,5,508.52032258064514,31,31267.695867768594,2015
RIM,QU,2015,6,388.6023333333333,30,23123.444628099172,2015
RIM,QU,2015,7,254.98709677419356,31,15678.545454545456,2015
RIM,QU,2015,8,213.78290322580645,31,13144.998347107437,2015
RIM,QU,2015,9,246.97766666666666,30,14696.19173553719,2015
RIM,QU,2015,10,223.56129032258065,31,13746.247933884297,2016
RIM,QU,2015,11,620.1186666666666,30,36899.62314049587,2016
RIM,QU,2015,12,948.5387096774193,31,58323.371900826445,2016
RIM,QU,2016,1,353.5706451612903,31,21740.211570247935,2016
RIM,QU,2016,2,828.2086206896552,29,47639.10743801653,2016
RIM,QU,2016,3,778.0545161290323,31,47840.707438016536,2016
RIM,QU,2016,4,1152.574,30,68582.91570247934,2016
RIM,QU,2016,5,1080.3474193548386,31,66427.973553719,2016
RIM,QU,2016,6,728.71,30,43361.25619834712,2016
RIM,QU,2016,7,447.57354838709676,31,27520.22479338843,2016
RIM,QU,2016,8,274.98387096774195,31,16908.09917355372,2016
RIM,QU,2016,9,266.61533333333335,30,15864.714049586779,2016
RIM,QU,2016,10,576.8374193548387,31,35468.35041322315,2017
RIM,QU,2016,11,469.6843333333333,30,27948.158677685948,2017
RIM,QU,2016,12,255.51548387096773,31,15711.034710743801,2017
RIM,QU,2017,1,242.28516129032258,31,14897.533884297522,2017
RIM,QU,2017,2,540.3853571428572,28,30011.484297520663,2017
RIM,QU,2017,3,900.7041935483871,31,55382.14214876034,2017
RIM,QU,2017,4,850.4586666666667,30,50605.80495867768,2017
RIM,QU,2017,5,1458.9393548387097,31,89706.68429752067,2017
RIM,QU,2017,6,1229.4023333333334,30,73154.51900826448,2017
RIM,QU,2017,7,551.2441935483871,31,33894.68429752066,2017
RIM,QU,2017,8,330.1832258064516,31,20302.17520661157,2017
RIM,QU,2017,9,283.8043333333333,30,16887.530578512396,2017
RIM,QU,2017,10,453.93387096774194,31,27911.30578512397,2018
RIM,QU,2017,11,654.28,30,38932.36363636363,2018
RIM,QU,2017,12,407.1158064516129,31,25032.57520661157,2018
RIM,QU,2018,1,502.2916129032258,31,30884.707438016532,2018
RIM,QU,2018,2,655.5239285714285,28,36405.95702479339,2018
RIM,QU,2018,3,322.96193548387095,31,19858.155371900826,2018
RIM,QU,2018,4,582.8236666666667,30,34680.41652892562,2018
RIM,QU,2018,5,1307.986129032258,31,80424.93223140496,2018
RIM,QU,2018,6,645.6903333333333,30,38421.24297520661,2018
RIM,QU,2018,7,423.9616129032258,31,26068.38347107438,2018
RIM,QU,2018,8,276.3551612903226,31,16992.41652892562,2018
RIM,QU,2018,9,245.67633333333333,30,14618.757024793389,2018
RIM,QU,2018,10,205.3874193548387,31,12628.780165289256,2019
RIM,QU,2018,11,265.912,30,15822.862809917355,2019
RIM,QU,2018,12,252.24129032258065,31,15509.712396694216,2019
RIM,QU,2019,1,251.72,31,15477.65950413223,2019
RIM,QU,2019,2,225.2357142857143,28,12508.958677685952,2019
RIM,QU,2019,3,195.79645161290324,31,12039.054545454546,2019
RIM,QU,2019,4,582.7386666666666,30,34675.35867768595,2019
RIM,QU,2019,5,951.7106451612904,31,58518.40661157025,2019
RIM,QU,2019,6,619.4563333333333,30,36860.211570247935,2019
RIM,QU,2019,7,324.9158064516129,31,19978.294214876038,2019
RIM,QU,2019,8,260.2277419354839,31,16000.780165289258,2019
RIM,QU,2019,9,268.6856666666667,30,15987.907438016531,2019
RIM,QU,2019,10,261.4890322580645,31,16078.33388429752,2020
RIM,QU,2019,11,173.09166666666667,30,10299.669421487604,2020
RIM,QU,2019,12,265.9029032258064,31,16349.732231404958,2020
RIM,QU,2020,1,369.1593548387097,31,22698.72396694215,2020
RIM,QU,2020,2,770.4072413793103,29,44314.33388429752,2020
RIM,QU,2020,3,274.6890322580645,31,16889.970247933885,2020
RIM,QU,2020,4,544.444,30,32396.66776859504,2020
RIM,QU,2020,5,972.863870967742,31,59819.06776859504,2020
RIM,QU,2020,6,852.9103333333334,30,50751.68925619835,2020
RIM,QU,2020,7,434.81451612903226,31,26735.702479338845,2020
RIM,QU,2020,8,265.88870967741934,31,16348.85950413223,2020
RIM,QU,2020,9,290.075,30,17260.661157024795,2020
RIM,QU,2020,10,364.3338709677419,31,22402.01652892562,2021
RIM,QU,2020,11,293.351,30,17455.596694214877,2021
RIM,QU,2020,12,322.70677419354837,31,19842.46611570248,2021
RIM,QU,2021,1,541.8732258064516,31,33318.485950413226,2021
RIM,QU,2021,2,297.4010714285714,28,16516.819834710743,2021
RIM,QU,2021,3,259.4890322580645,31,15955.35867768595,2021
RIM,QU,2021,4,528.1516666666666,30,31427.206611570247,2021
RIM,QU,2021,5,974.6964516129033,31,59931.74876033058,2021
RIM,QU,2021,6,1057.7496666666666,30,62940.47603305785,2021
RIM,QU,2021,7,411.6867741935484,31,25313.633057851242,2021
RIM,QU,2021,8,256.1538709677419,31,15750.287603305786,2021
RIM,QU,2021,9,252.83266666666665,30,15044.588429752066,2021
RIM,QU,2021,10,287.0451612903226,31,17649.719008264463,2022
RIM,QU,2021,11,784.3106666666666,30,46669.72561983471,2022
RIM,QU,2021,12,378.2551612903226,31,23258.003305785125,2022
RIM,QU,2022,1,435.85806451612905,31,26799.867768595042,2022
RIM,QU,2022,2,370.99857142857144,28,20604.218181818185,2022
RIM,QU,2022,3,703.3287096774194,31,43245.99669421488,2022
RIM,QU,2022,4,484.8806666666667,30,28852.403305785127,2022
RIM,QU,2022,5,904.3290322580646,31,55605.02479338843,2022
RIM,QU,2022,6,1315.7323333333334,30,78291.51074380166,2022
RIM,QU,2022,7,662.55,31,40738.61157024794,2022
RIM,QU,2022,8,326.2806451612903,31,20062.214876033056,2022
RIM,QU,2022,9,274.57866666666666,30,16338.5652892562,2022
RIM,QU,2022,10,163.83483870967743,31,10073.811570247934,2023
RIM,QU,2022,11,344.17266666666666,30,20479.695867768598,2023
RIM,QU,2022,12,350.68225806451613,31,21562.611570247933,2023
RIM,QU,2023,1,321.3535483870968,31,19759.259504132235,2023
RIM,QU,2023,2,226.25214285714284,28,12565.408264462809,2023
RIM,QU,2023,3,198.86903225806452,31,12227.980165289258,2023
RIM,QU,2023,4,472.2643333333333,30,28101.679338842972,2023
RIM,QU,2023,5,1500.5396774193548,31,92264.58842975205,2023
RIM,QU,2023,6,655.3193333333334,30,38994.20826446282,2023
RIM,QU,2023,7,329.8964516129032,31,20284.54214876033,2023
RIM,QU,2023,8,249.75129032258064,31,15356.60826446281,2023
RIM,QU,2023,9,227.97666666666666,30,13565.553719008265,2023
RIM,QU,2023,10,161.30387096774194,31,9918.188429752066,2024
RIM,QU,2023,11,276.4046666666667,30,16447.219834710748,2024
RIM,QU,2023,12,478.71096774193546,31,29434.790082644628,2024
RIM,QU,2024,1,334.0616129032258,31,20540.6479338843,2024
RIM,QU,2024,2,422.9962068965517,29,24331.021487603306,2024
RIM,QU,2024,3,363.6609677419355,31,22360.64132231405,2024
RIM,QU,2024,4,486.51866666666666,30,28949.871074380164,2024
RIM,QU,2024,5,699.0125806451613,31,42980.60826446281,2024
RIM,QU,2024,6,720.4196666666667,30,42867.94710743802,2024
RIM,QU,2024,7,375.3048387096774,31,23076.595041322315,2024
RIM,QU,2024,8,253.7458064516129,31,15602.221487603307,2024
RIM,QU,2024,9,296.018,30,17614.29421487603,2024
RIM,QU,2024,10,155.7774193548387,31,9578.380165289258,2025
RIM,QU,2024,11,191.17766666666665,30,11375.861157024794,2025
RIM,QU,2024,12,239.10806451612902,31,14702.181818181818,2025
RIM,QU,2025,1,203.71483870967742,31,12525.937190082645,2025
RIM,QU,2025,2,251.3657142857143,28,13960.145454545454,2025
RIM,QU,2025,3,579.4212903225806,31,35627.22644628099,2025
RIM,QU,2025,4,710.1733333333333,30,42258.24793388429,2025
RIM,QU,2025,5,809.2877419354838,31,49761.163636363635,2025
RIM,QU,2025,6,622.217,30,37024.4826446281,2025
RIM,QU,2025,7,309.37806451612903,31,19022.91570247934,2025
RIM,QU,2025,8,233.36903225806452,31,14349.302479338845,2025
RIM,QU,2025,9,150.41400000000002,30,8950.254545454545,2025
RIM,QU,2025,10,180.5041935483871,31,11098.770247933884,2026
RIM,QU,2025,11,538.418,30,32038.0958677686,2026
RIM,QU,2025,12,1562.335483870968,31,96064.26446280992,2026
RIM,QU,2026,1,528.9858064516129,31,32526.069421487606,2026
RIM,QU,2026,2,439.51178571428574,28,24409.24958677686,2026
RIM,QU,2026,3,979.3122580645161,31,60215.56363636363,2026
RIM,QU,2026,4,565.4043333333333,30,33643.894214876025,2026
RIM,QU,2026,5,647.0274193548387,31,39784.1652892562,2026
RIM,QU,2026,6,411.971,30,24513.976859504135,2026
RIM,QU,2026,7,257.2187096774194,31,15815.761983471077,2026
RIM,QU,2026,8,188.603,20,7481.771900826448,2026
