Date,reservoir,swe_mean_in,acres,snow_storage_acre_feet,source,water_year
2003-10-01,BUM,0,44415,0,CE,2004
2003-10-02,BUM,0,44415,0,CE,2004
2003-10-03,BUM,0,44415,0,CE,2004
2003-10-04,BUM,0,44415,0,CE,2004
2003-10-05,BUM,0,44415,0,CE,2004
2003-10-06,BUM,0,44415,0,CE,2004
2003-10-07,BUM,0,44415,0,CE,2004
2003-10-08,BUM,0,44415,0,CE,2004
2003-10-09,BUM,0,44415,0,CE,2004
2003-10-10,BUM,0,44415,0,CE,2004
2003-10-11,BUM,0,44415,0,CE,2004
2003-10-12,BUM,0,44415,0,CE,2004
2003-10-13,BUM,5e-4,44415,1.850625,CE,2004
2003-10-14,BUM,0,44415,0,CE,2004
2003-10-15,BUM,0,44415,0,CE,2004
2003-10-16,BUM,0,44415,0,CE,2004
2003-10-17,BUM,0,44415,0,CE,2004
2003-10-18,BUM,0,44415,0,CE,2004
2003-10-19,BUM,0,44415,0,CE,2004
2003-10-20,BUM,0,44415,0,CE,2004
2003-10-21,BUM,0,44415,0,CE,2004
2003-10-22,BUM,0,44415,0,CE,2004
2003-10-23,BUM,0,44415,0,CE,2004
2003-10-24,BUM,0,44415,0,CE,2004
2003-10-25,BUM,0,44415,0,CE,2004
2003-10-26,BUM,0,44415,0,CE,2004
2003-10-27,BUM,0,44415,0,CE,2004
2003-10-28,BUM,0,44415,0,CE,2004
2003-10-29,BUM,0,44415,0,CE,2004
2003-10-31,BUM,0.0391,44415,144.718875,CE,2004
2003-11-01,BUM,0.0309,44415,114.368625,CE,2004
2003-11-02,BUM,0.0434,44415,160.63425,CE,2004
2003-11-03,BUM,0.1419,44415,525.207375,CE,2004
2003-11-04,BUM,0.1393,44415,515.584125,CE,2004
2003-11-05,BUM,0.1377,44415,509.662125,CE,2004
2003-11-06,BUM,0.1344,44415,497.448,CE,2004
2003-11-07,BUM,0.129,44415,477.46125,CE,2004
2003-11-08,BUM,0.1261,44415,466.727625,CE,2004
2003-11-09,BUM,0.1202,44415,444.89025,CE,2004
2003-11-10,BUM,0.0607,44415,224.665875,CE,2004
2003-11-11,BUM,0.2372,44415,877.9365,CE,2004
2003-11-12,BUM,0.5113,44415,1892.449125,CE,2004
2003-11-13,BUM,1.2862,44415,4760.54775,CE,2004
2003-11-14,BUM,1.2755,44415,4720.944375,CE,2004
2003-11-15,BUM,1.2652,44415,4682.8215,CE,2004
2003-11-16,BUM,1.2759,44415,4722.424875,CE,2004
2003-11-17,BUM,1.667,44415,6169.98375,CE,2004
2003-11-18,BUM,2.1467,44415,7945.473375,CE,2004
2003-11-19,BUM,2.2023,44415,8151.262875,CE,2004
2003-11-20,BUM,3.2986,44415,12208.94325,CE,2004
2003-11-21,BUM,3.319,44415,12284.44875,CE,2004
2003-11-22,BUM,3.3145,44415,12267.79313,CE,2004
2003-11-23,BUM,3.3121,44415,12258.91013,CE,2004
2003-11-24,BUM,3.3631,44415,12447.67388,CE,2004
2003-11-25,BUM,3.9208,44415,14511.861,CE,2004
2003-11-26,BUM,4.2069,44415,15570.78863,CE,2004
2003-11-27,BUM,4.2358,44415,15677.75475,CE,2004
2003-11-28,BUM,4.2321,44415,15664.06013,CE,2004
2003-11-29,BUM,4.7945,44415,17745.64313,CE,2004
2003-11-30,BUM,4.9169,44415,18198.67613,CE,2004
2003-12-01,BUM,4.8914,44415,18104.29425,CE,2004
2003-12-02,BUM,4.9473,44415,18311.19413,CE,2004
2003-12-03,BUM,6.3137,44415,23368.58213,CE,2004
2003-12-04,BUM,6.3316,44415,23434.8345,CE,2004
2003-12-05,BUM,6.4269,44415,23787.56363,CE,2004
2003-12-06,BUM,6.7751,44415,25076.33888,CE,2004
2003-12-07,BUM,6.7734,44415,25070.04675,CE,2004
2003-12-08,BUM,6.8333,44415,25291.75163,CE,2004
2003-12-09,BUM,7.6393,44415,28274.95913,CE,2004
2003-12-10,BUM,7.8663,44415,29115.14288,CE,2004
2003-12-11,BUM,8.1953,44415,30332.85413,CE,2004
2003-12-12,BUM,8.1947,44415,30330.63338,CE,2004
2003-12-13,BUM,8.304,44415,30735.18,CE,2004
2003-12-14,BUM,8.7262,44415,32297.84775,CE,2004
2003-12-15,BUM,8.7601,44415,32423.32013,CE,2004
2003-12-16,BUM,8.7583,44415,32416.65788,CE,2004
2003-12-17,BUM,10.9956,44415,40697.4645,CE,2004
2003-12-18,BUM,10.9895,44415,40674.88688,CE,2004
2003-12-19,BUM,10.983,44415,40650.82875,CE,2004
2003-12-20,BUM,11.0101,44415,40751.13263,CE,2004
2003-12-21,BUM,11.0122,44415,40758.90525,CE,2004
2003-12-22,BUM,11.017,44415,40776.67125,CE,2004
2003-12-23,BUM,11.6135,44415,42984.46688,CE,2004
2003-12-24,BUM,11.6711,44415,43197.65888,CE,2004
2003-12-25,BUM,11.8298,44415,43785.04725,CE,2004
2003-12-26,BUM,11.8458,44415,43844.26725,CE,2004
2003-12-27,BUM,11.8446,44415,43839.82575,CE,2004
2003-12-28,BUM,11.9463,44415,44216.24288,CE,2004
2003-12-29,BUM,12.0047,44415,44432.39588,CE,2004
2003-12-30,BUM,13.511,44415,50007.58875,CE,2004
2003-12-31,BUM,13.5057,44415,49987.97213,CE,2004
2004-01-01,BUM,13.5175,44415,50031.64688,CE,2004
2004-01-02,BUM,13.8262,44415,51174.22275,CE,2004
2004-01-03,BUM,14.0508,44415,52005.5235,CE,2004
2004-01-04,BUM,14.4949,44415,53649.24863,CE,2004
2004-01-05,BUM,14.5035,44415,53681.07938,CE,2004
2004-01-06,BUM,15.759,44415,58327.99875,CE,2004
2004-01-07,BUM,16.563,44415,61303.80375,CE,2004
2004-01-08,BUM,17.0344,44415,63048.573,CE,2004
2004-01-09,BUM,17.0971,44415,63280.64138,CE,2004
2004-01-10,BUM,17.2132,44415,63710.3565,CE,2004
2004-01-11,BUM,17.2119,44415,63705.54488,CE,2004
2004-01-12,BUM,17.2044,44415,63677.7855,CE,2004
2004-01-13,BUM,20.2755,44415,75044.69438,CE,2004
2004-01-14,BUM,20.2663,44415,75010.64288,CE,2004
2004-01-15,BUM,20.4162,44415,75565.46025,CE,2004
2004-01-16,BUM,21.5183,44415,79644.60788,CE,2004
2004-01-17,BUM,21.517,44415,79639.79625,CE,2004
2004-01-18,BUM,21.5146,44415,79630.91325,CE,2004
2004-01-19,BUM,21.5462,44415,79747.87275,CE,2004
2004-01-20,BUM,21.5439,44415,79739.35988,CE,2004
2004-01-21,BUM,21.5411,44415,79728.99638,CE,2004
2004-01-22,BUM,21.54,44415,79724.925,CE,2004
2004-01-23,BUM,21.5489,44415,79757.86613,CE,2004
2004-01-24,BUM,22.1751,44415,82075.58888,CE,2004
2004-01-25,BUM,22.4075,44415,82935.75938,CE,2004
2004-01-26,BUM,22.4668,44415,83155.2435,CE,2004
2004-01-27,BUM,22.5667,44415,83524.99838,CE,2004
2004-01-28,BUM,22.5822,44415,83582.36775,CE,2004
2004-01-29,BUM,23.193,44415,85843.09125,CE,2004
2004-01-30,BUM,23.6637,44415,87585.26963,CE,2004
2004-01-31,BUM,24.1159,44415,89258.97488,CE,2004
2004-02-01,BUM,24.1405,44415,89350.02563,CE,2004
2004-02-02,BUM,24.1697,44415,89458.10213,CE,2004
2004-02-03,BUM,24.4779,44415,90598.82738,CE,2004
2004-02-04,BUM,24.4748,44415,90587.3535,CE,2004
2004-02-05,BUM,28.7439,44415,106388.3599,CE,2004
2004-02-06,BUM,28.7391,44415,106370.5939,CE,2004
2004-02-07,BUM,28.7615,44415,106453.5019,CE,2004
2004-02-08,BUM,28.7672,44415,106474.599,CE,2004
2004-02-09,BUM,28.7624,44415,106456.833,CE,2004
2004-02-10,BUM,28.7584,44415,106442.028,CE,2004
2004-02-11,BUM,29.4515,44415,109007.3644,CE,2004
2004-02-12,BUM,29.4463,44415,108988.1179,CE,2004
2004-02-13,BUM,29.4349,44415,108945.9236,CE,2004
2004-02-14,BUM,29.4405,44415,108966.6506,CE,2004
2004-02-15,BUM,29.4817,44415,109119.1421,CE,2004
2004-02-16,BUM,29.4853,44415,109132.4666,CE,2004
2004-02-17,BUM,29.6518,44415,109748.7248,CE,2004
2004-02-18,BUM,31.213,44415,115527.1163,CE,2004
2004-02-19,BUM,31.2115,44415,115521.5644,CE,2004
2004-02-20,BUM,32.256100000000004,44415,119387.8901,CE,2004
2004-02-21,BUM,32.2536,44415,119378.637,CE,2004
2004-02-22,BUM,32.2502,44415,119366.0528,CE,2004
2004-02-23,BUM,32.2449,44415,119346.4361,CE,2004
2004-02-24,BUM,32.6091,44415,120694.4314,CE,2004
2004-02-26,BUM,32.8318,44415,121518.6998,CE,2004
2004-02-27,BUM,33.4219,44415,123702.8074,CE,2004
2004-02-28,BUM,33.4397,44415,123768.6896,CE,2004
2004-02-29,BUM,33.4562,44415,123829.7603,CE,2004
2004-03-01,BUM,33.4571,44415,123833.0914,CE,2004
2004-03-02,BUM,34.1762,44415,126494.6603,CE,2004
2004-03-03,BUM,34.1727,44415,126481.7059,CE,2004
2004-03-04,BUM,34.2949,44415,126933.9986,CE,2004
2004-03-05,BUM,34.9981,44415,129536.7176,CE,2004
2004-03-06,BUM,35.3115,44415,130696.6894,CE,2004
2004-03-07,BUM,35.3917,44415,130993.5296,CE,2004
2004-03-08,BUM,35.4151,44415,131080.1389,CE,2004
2004-03-09,BUM,36.9563,44415,136784.5054,CE,2004
2004-03-10,BUM,36.9262,44415,136673.0978,CE,2004
2004-03-11,BUM,36.8931,44415,136550.5864,CE,2004
2004-03-12,BUM,37.4617,44415,138655.1171,CE,2004
2004-03-13,BUM,37.4252,44415,138520.0215,CE,2004
2004-03-14,BUM,37.4057,44415,138447.8471,CE,2004
2004-03-15,BUM,37.3779,44415,138344.9524,CE,2004
2004-03-16,BUM,37.3423,44415,138213.1879,CE,2004
2004-03-17,BUM,37.3084,44415,138087.7155,CE,2004
2004-03-18,BUM,37.006,44415,136968.4575,CE,2004
2004-03-19,BUM,37.0226,44415,137029.8983,CE,2004
2004-03-20,BUM,37.0655,44415,137188.6819,CE,2004
2004-03-21,BUM,37.0427,44415,137104.2934,CE,2004
2004-03-22,BUM,37.0052,44415,136965.4965,CE,2004
2004-03-23,BUM,36.9246,44415,136667.1758,CE,2004
2004-03-24,BUM,36.6025,44415,135475.0031,CE,2004
2004-03-25,BUM,36.654,44415,135665.6175,CE,2004
2004-03-26,BUM,37.2146,44415,137740.5383,CE,2004
2004-03-27,BUM,37.2686,44415,137940.4058,CE,2004
2004-03-28,BUM,37.2892,44415,138016.6515,CE,2004
2004-03-29,BUM,37.2649,44415,137926.7111,CE,2004
2004-03-30,BUM,38.8055,44415,143628.8569,CE,2004
2004-03-31,BUM,38.7021,44415,143246.1476,CE,2004
2004-04-01,BUM,38.657,44415,143079.2213,CE,2004
2004-04-02,BUM,38.6266,44415,142966.7033,CE,2004
2004-04-03,BUM,38.6615,44415,143095.8769,CE,2004
2004-04-04,BUM,38.5747,44415,142774.6084,CE,2004
2004-04-05,BUM,38.4272,44415,142228.674,CE,2004
2004-04-06,BUM,38.2664,44415,141633.513,CE,2004
2004-04-07,BUM,38.1624,44415,141248.583,CE,2004
2004-04-08,BUM,37.5402,44415,138945.6653,CE,2004
2004-04-09,BUM,37.3931,44415,138401.2114,CE,2004
2004-04-10,BUM,36.7706,44415,136097.1833,CE,2004
2004-04-11,BUM,36.5397,44415,135242.5646,CE,2004
2004-04-12,BUM,36.1913,44415,133953.0491,CE,2004
2004-04-13,BUM,35.1709,44415,130176.2936,CE,2004
2004-04-14,BUM,34.8234,44415,128890.1093,CE,2004
2004-04-15,BUM,34.6882,44415,128389.7003,CE,2004
2004-04-16,BUM,34.6335,44415,128187.2419,CE,2004
2004-04-17,BUM,34.5781,44415,127982.1926,CE,2004
2004-04-18,BUM,34.5333,44415,127816.3766,CE,2004
2004-04-19,BUM,34.4923,44415,127664.6254,CE,2004
2004-04-20,BUM,33.8905,44415,125437.2131,CE,2004
2004-04-21,BUM,33.8666,44415,125348.7533,CE,2004
2004-04-22,BUM,34.0162,44415,125902.4603,CE,2004
2004-04-23,BUM,33.9513,44415,125662.2491,CE,2004
2004-04-24,BUM,33.8088,44415,125134.821,CE,2004
2004-04-25,BUM,33.7315,44415,124848.7144,CE,2004
2004-04-26,BUM,33.5885,44415,124319.4356,CE,2004
2004-04-27,BUM,32.6024,44415,120669.633,CE,2004
2004-04-28,BUM,32.1164,44415,118870.8255,CE,2004
2004-04-29,BUM,31.8823,44415,118004.3629,CE,2004
2004-04-30,BUM,31.5788,44415,116881.0335,CE,2004
2004-05-01,BUM,31.0293,44415,114847.1966,CE,2004
2004-05-02,BUM,30.1772,44415,111693.3615,CE,2004
2004-05-03,BUM,29.3858,44415,108764.1923,CE,2004
2004-05-04,BUM,28.7298,44415,106336.1723,CE,2004
2004-05-05,BUM,27.9419,44415,103419.9574,CE,2004
2004-05-06,BUM,27.7009,44415,102527.9561,CE,2004
2004-05-07,BUM,27.1892,44415,100634.0265,CE,2004
2004-05-08,BUM,26.7598,44415,99044.70975,CE,2004
2004-05-09,BUM,26.4132,44415,97761.8565,CE,2004
2004-05-10,BUM,26.1766,44415,96886.14075,CE,2004
2004-05-11,BUM,24.705,44415,91439.38125,CE,2004
2004-05-12,BUM,24.5428,44415,90839.0385,CE,2004
2004-05-13,BUM,24.3544,44415,90141.723,CE,2004
2004-05-14,BUM,24.1287,44415,89306.35088,CE,2004
2004-05-15,BUM,23.722,44415,87801.0525,CE,2004
2004-05-16,BUM,23.3247,44415,86330.54588,CE,2004
2004-05-17,BUM,23.0681,44415,85380.80513,CE,2004
2004-05-18,BUM,22.7872,44415,84341.124,CE,2004
2004-05-19,BUM,22.2867,44415,82488.64838,CE,2004
2004-05-20,BUM,21.8392,44415,80832.339,CE,2004
2004-05-21,BUM,21.3336,44415,78960.987,CE,2004
2004-05-22,BUM,20.871,44415,77248.78875,CE,2004
2004-05-23,BUM,20.6294,44415,76354.56675,CE,2004
2004-05-24,BUM,20.4327,44415,75626.53088,CE,2004
2004-05-25,BUM,20.1859,44415,74713.06238,CE,2004
2004-05-26,BUM,19.793,44415,73258.84125,CE,2004
2004-05-27,BUM,19.3622,44415,71664.34275,CE,2004
2004-05-28,BUM,19.0646,44415,70562.85075,CE,2004
2004-05-29,BUM,18.8747,44415,69859.98338,CE,2004
2004-05-30,BUM,18.7885,44415,69540.93563,CE,2004
2004-05-31,BUM,18.6556,44415,69049.0395,CE,2004
2004-06-01,BUM,18.5064,44415,68496.813,CE,2004
2004-06-02,BUM,18.3347,44415,67861.30838,CE,2004
2004-06-03,BUM,18.0199,44415,66696.15488,CE,2004
2004-06-04,BUM,17.4451,44415,64568.67638,CE,2004
2004-06-05,BUM,16.8147,44415,62235.40838,CE,2004
2004-06-06,BUM,16.3933,44415,60675.70163,CE,2004
2004-06-07,BUM,16.2141,44415,60012.43763,CE,2004
2004-06-08,BUM,16.0759,44415,59500.92488,CE,2004
2004-06-09,BUM,15.9508,44415,59037.8985,CE,2004
2004-06-10,BUM,15.5834,44415,57678.05925,CE,2004
2004-06-11,BUM,15.3683,44415,56881.92038,CE,2004
2004-06-12,BUM,15.2735,44415,56531.04188,CE,2004
2004-06-13,BUM,15.1781,44415,56177.94263,CE,2004
2004-06-14,BUM,15.0385,44415,55661.24813,CE,2004
2004-06-15,BUM,14.9421,44415,55304.44763,CE,2004
2004-06-16,BUM,12.3047,44415,45542.77088,CE,2004
2004-06-17,BUM,12.0133,44415,44464.22663,CE,2004
2004-06-18,BUM,11.5157,44415,42622.48463,CE,2004
2004-06-19,BUM,11.0919,44415,41053.89488,CE,2004
2004-06-20,BUM,10.7285,44415,39708.86063,CE,2004
2004-06-21,BUM,10.2449,44415,37918.93613,CE,2004
2004-06-22,BUM,9.7211,44415,35980.22138,CE,2004
2004-06-23,BUM,9.171,44415,33944.16375,CE,2004
2004-06-24,BUM,8.6885,44415,32158.31063,CE,2004
2004-06-25,BUM,8.2378,44415,30490.15725,CE,2004
2004-06-26,BUM,7.8385,44415,29012.24813,CE,2004
2004-06-27,BUM,7.5331,44415,27881.88638,CE,2004
2004-06-28,BUM,7.2812,44415,26949.5415,CE,2004
2004-06-29,BUM,6.4555,44415,23893.41938,CE,2004
2004-06-30,BUM,6.1095,44415,22612.78688,CE,2004
2004-07-01,BUM,5.8021,44415,21475.02263,CE,2004
2004-07-02,BUM,5.4635,44415,20221.77938,CE,2004
2004-07-03,BUM,5.1741,44415,19150.63763,CE,2004
2004-07-04,BUM,4.9491,44415,18317.85638,CE,2004
2004-07-05,BUM,4.7396,44415,17542.4445,CE,2004
2004-07-06,BUM,4.4716,44415,16550.5095,CE,2004
2004-07-07,BUM,4.1953,44415,15527.85413,CE,2004
2004-07-08,BUM,4.0896,44415,15136.632,CE,2004
2004-07-09,BUM,3.953,44415,14631.04125,CE,2004
2004-07-10,BUM,3.8098,44415,14101.02225,CE,2004
2004-07-11,BUM,3.6913,44415,13662.42413,CE,2004
2004-07-12,BUM,3.5344,44415,13081.698,CE,2004
2004-07-13,BUM,3.261,44415,12069.77625,CE,2004
2004-07-14,BUM,2.9475,44415,10909.43438,CE,2004
2004-07-15,BUM,2.641,44415,9775.00125,CE,2004
2004-07-16,BUM,2.3909,44415,8849.318625,CE,2004
2004-07-17,BUM,2.1736,44415,8045.037,CE,2004
2004-07-18,BUM,1.9262,44415,7129.34775,CE,2004
2004-07-19,BUM,1.7327,44415,6413.155875,CE,2004
2004-07-20,BUM,1.5855,44415,5868.331875,CE,2004
2004-07-21,BUM,1.4864,44415,5501.538,CE,2004
2004-07-22,BUM,1.3884,44415,5138.8155,CE,2004
2004-07-23,BUM,1.2603,44415,4664.685375,CE,2004
2004-07-24,BUM,1.1193,44415,4142.809125,CE,2004
2004-07-25,BUM,0.9925,44415,3673.490625,CE,2004
2004-07-26,BUM,0.8843,44415,3273.015375,CE,2004
2004-07-27,BUM,0.8071,44415,2987.278875,CE,2004
2004-07-28,BUM,0.7172,44415,2654.5365,CE,2004
2004-07-29,BUM,0.6319,44415,2338.819875,CE,2004
2004-07-30,BUM,0.5414,44415,2003.85675,CE,2004
2004-07-31,BUM,0.4764,44415,1763.2755,CE,2004
2004-08-01,BUM,0.4115,44415,1523.064375,CE,2004
2004-08-02,BUM,0.3481,44415,1288.405125,CE,2004
2004-08-03,BUM,0.2894,44415,1071.14175,CE,2004
2004-08-04,BUM,0.2543,44415,941.227875,CE,2004
2004-08-05,BUM,0.2176,44415,805.392,CE,2004
2004-08-06,BUM,0.1943,44415,719.152875,CE,2004
2004-08-07,BUM,0.1783,44415,659.932875,CE,2004
2004-08-08,BUM,0.1581,44415,585.167625,CE,2004
2004-08-09,BUM,0.1299,44415,480.792375,CE,2004
2004-08-10,BUM,0.098,44415,362.7225,CE,2004
2004-08-11,BUM,0.0662,44415,245.02275,CE,2004
2004-08-12,BUM,0.0447,44415,165.445875,CE,2004
2004-08-13,BUM,0.0369,44415,136.576125,CE,2004
2004-08-14,BUM,0.0336,44415,124.362,CE,2004
2004-08-15,BUM,0.0327,44415,121.030875,CE,2004
2004-08-16,BUM,0.032,44415,118.44,CE,2004
2004-08-17,BUM,0.0313,44415,115.849125,CE,2004
2004-08-18,BUM,0.0306,44415,113.25825,CE,2004
2004-08-19,BUM,0.03,44415,111.0375,CE,2004
2004-08-20,BUM,0.0294,44415,108.81675,CE,2004
2004-08-21,BUM,0.0287,44415,106.225875,CE,2004
2004-08-22,BUM,0.0281,44415,104.005125,CE,2004
2004-08-23,BUM,0.0278,44415,102.89475,CE,2004
2004-08-24,BUM,0.0275,44415,101.784375,CE,2004
2004-08-25,BUM,0.0272,44415,100.674,CE,2004
2004-08-26,BUM,0.0269,44415,99.563625,CE,2004
2004-08-27,BUM,0.0266,44415,98.45325,CE,2004
2004-08-28,BUM,0.0263,44415,97.342875,CE,2004
2004-08-29,BUM,0.0259,44415,95.862375,CE,2004
2004-08-30,BUM,0.0254,44415,94.01175,CE,2004
2004-09-01,BUM,0.0242,44415,89.57025,CE,2004
2004-09-02,BUM,0.0237,44415,87.719625,CE,2004
2004-09-03,BUM,0.0235,44415,86.979375,CE,2004
2004-09-04,BUM,0.0233,44415,86.239125,CE,2004
2004-09-05,BUM,0.023,44415,85.12875,CE,2004
2004-09-06,BUM,0.0227,44415,84.018375,CE,2004
2004-09-07,BUM,0.0224,44415,82.908,CE,2004
2004-09-08,BUM,0.022,44415,81.4275,CE,2004
2004-09-09,BUM,0.0215,44415,79.576875,CE,2004
2004-09-10,BUM,0.0212,44415,78.4665,CE,2004
2004-09-11,BUM,0.0209,44415,77.356125,CE,2004
2004-09-12,BUM,0.0205,44415,75.875625,CE,2004
2004-09-13,BUM,0.0203,44415,75.135375,CE,2004
2004-09-14,BUM,0.0201,44415,74.395125,CE,2004
2004-09-15,BUM,0.0199,44415,73.654875,CE,2004
2004-09-16,BUM,0.0197,44415,72.914625,CE,2004
2004-09-17,BUM,0.0195,44415,72.174375,CE,2004
2004-09-18,BUM,0.0193,44415,71.434125,CE,2004
2004-09-19,BUM,0.0192,44415,71.064,CE,2004
2004-09-20,BUM,0.0191,44415,70.693875,CE,2004
2004-09-21,BUM,0.019,44415,70.32375,CE,2004
2004-09-22,BUM,0.0188,44415,69.5835,CE,2004
2004-09-23,BUM,0.0185,44415,68.473125,CE,2004
2004-09-24,BUM,0.0182,44415,67.36275,CE,2004
2004-09-25,BUM,0.0177,44415,65.512125,CE,2004
2004-09-26,BUM,0.0172,44415,63.6615,CE,2004
2004-09-28,BUM,0.0163,44415,60.330375,CE,2004
2004-09-29,BUM,0.0157,44415,58.109625,CE,2004
2004-09-30,BUM,0.0152,44415,56.259,CE,2004
2004-10-01,BUM,0.015,44415,55.51875,CE,2005
2004-10-02,BUM,0.0146,44415,54.03825,CE,2005
2004-10-03,BUM,0.0142,44415,52.55775,CE,2005
2004-10-04,BUM,0.0137,44415,50.707125,CE,2005
2004-10-05,BUM,0.0132,44415,48.8565,CE,2005
2004-10-06,BUM,0.0127,44415,47.005875,CE,2005
2004-10-07,BUM,0.0124,44415,45.8955,CE,2005
2004-10-08,BUM,0.0122,44415,45.15525,CE,2005
2004-10-09,BUM,0.0119,44415,44.044875,CE,2005
2004-10-10,BUM,0.0118,44415,43.67475,CE,2005
2004-10-11,BUM,0.0117,44415,43.304625,CE,2005
2004-10-12,BUM,0.0114,44415,42.19425,CE,2005
2004-10-13,BUM,0.011,44415,40.71375,CE,2005
2004-10-14,BUM,0.0105,44415,38.863125,CE,2005
2004-10-15,BUM,0.01,44415,37.0125,CE,2005
2004-10-16,BUM,0.0097,44415,35.902125,CE,2005
2004-10-17,BUM,0.0095,44415,35.161875,CE,2005
2004-10-18,BUM,0.0093,44415,34.421625,CE,2005
2004-10-19,BUM,0.021,44415,77.72625,CE,2005
2004-10-20,BUM,0.0484,44415,179.1405,CE,2005
2004-10-21,BUM,0.0338,44415,125.10225,CE,2005
2004-10-22,BUM,0.0322,44415,119.18025,CE,2005
2004-10-23,BUM,0.0445,44415,164.705625,CE,2005
2004-10-24,BUM,0.0397,44415,146.939625,CE,2005
2004-10-25,BUM,0.0376,44415,139.167,CE,2005
2004-10-26,BUM,0.0343,44415,126.952875,CE,2005
2004-10-27,BUM,0.0578,44415,213.93225,CE,2005
2004-10-28,BUM,0.0275,44415,101.784375,CE,2005
2004-10-29,BUM,0.0232,44415,85.869,CE,2005
2004-10-30,BUM,0.0201,44415,74.395125,CE,2005
2004-10-31,BUM,0.0464,44415,171.738,CE,2005
2004-11-01,BUM,0.0452,44415,167.2965,CE,2005
2004-11-02,BUM,0.2953,44415,1092.979125,CE,2005
2004-11-03,BUM,0.0988,44415,365.6835,CE,2005
2004-11-04,BUM,0.0877,44415,324.599625,CE,2005
2004-11-05,BUM,0.0535,44415,198.016875,CE,2005
2004-11-06,BUM,0.4015,44415,1486.051875,CE,2005
2004-11-07,BUM,0.2865,44415,1060.408125,CE,2005
2004-11-08,BUM,0.161,44415,595.90125,CE,2005
2004-11-09,BUM,0.1011,44415,374.196375,CE,2005
2004-11-10,BUM,0.0669,44415,247.613625,CE,2005
2004-11-11,BUM,0.0548,44415,202.8285,CE,2005
2004-11-12,BUM,0.0471,44415,174.328875,CE,2005
2004-11-13,BUM,0.0411,44415,152.121375,CE,2005
2004-11-14,BUM,0.0343,44415,126.952875,CE,2005
2004-11-15,BUM,0.0326,44415,120.66075,CE,2005
2004-11-16,BUM,0.0243,44415,89.940375,CE,2005
2004-11-17,BUM,0.0229,44415,84.758625,CE,2005
2004-11-18,BUM,0.0228,44415,84.3885,CE,2005
2004-11-19,BUM,0.0425,44415,157.303125,CE,2005
2004-11-20,BUM,0.0405,44415,149.900625,CE,2005
2004-11-21,BUM,0.037,44415,136.94625,CE,2005
2004-11-22,BUM,0.0258,44415,95.49225,CE,2005
2004-11-23,BUM,0.023,44415,85.12875,CE,2005
2004-11-24,BUM,0.0258,44415,95.49225,CE,2005
2004-11-25,BUM,0.0125,44415,46.265625,CE,2005
2004-11-26,BUM,0.0092,44415,34.0515,CE,2005
2004-11-27,BUM,0.0089,44415,32.941125,CE,2005
2004-11-28,BUM,0.0214,44415,79.20675,CE,2005
2004-11-29,BUM,0.0183,44415,67.732875,CE,2005
2004-11-30,BUM,0.0178,44415,65.88225,CE,2005
2004-12-01,BUM,1.6411,44415,6074.121375,CE,2005
2004-12-02,BUM,1.6394,44415,6067.82925,CE,2005
2004-12-03,BUM,1.6326,44415,6042.66075,CE,2005
2004-12-04,BUM,1.623,44415,6007.12875,CE,2005
2004-12-05,BUM,1.7642,44415,6529.74525,CE,2005
2004-12-06,BUM,1.8701,44415,6921.707625,CE,2005
2004-12-07,BUM,1.8861,44415,6980.927625,CE,2005
2004-12-08,BUM,2.1933,44415,8117.951625,CE,2005
2004-12-09,BUM,3.0977,44415,11465.36213,CE,2005
2004-12-10,BUM,3.3651,44415,12455.07638,CE,2005
2004-12-11,BUM,5.3152,44415,19672.884,CE,2005
2004-12-12,BUM,4.9477,44415,18312.67463,CE,2005
2004-12-13,BUM,4.8829,44415,18072.83363,CE,2005
2004-12-14,BUM,4.7651,44415,17636.82638,CE,2005
2004-12-15,BUM,4.7821,44415,17699.74763,CE,2005
2004-12-16,BUM,4.7345,44415,17523.56813,CE,2005
2004-12-17,BUM,4.6985,44415,17390.32313,CE,2005
2004-12-18,BUM,4.5601,44415,16878.07013,CE,2005
2004-12-19,BUM,4.2408,44415,15696.261,CE,2005
2004-12-20,BUM,3.9722,44415,14702.10525,CE,2005
2004-12-21,BUM,4.8676,44415,18016.2045,CE,2005
2004-12-22,BUM,4.8698,44415,18024.34725,CE,2005
2004-12-23,BUM,4.8646,44415,18005.10075,CE,2005
2004-12-24,BUM,4.977,44415,18421.12125,CE,2005
2004-12-25,BUM,4.9467,44415,18308.97338,CE,2005
2004-12-26,BUM,5.0706,44415,18767.55825,CE,2005
2004-12-27,BUM,5.057,44415,18717.22125,CE,2005
2004-12-28,BUM,5.369,44415,19872.01125,CE,2005
2004-12-29,BUM,5.3632,44415,19850.544,CE,2005
2004-12-30,BUM,5.6196,44415,20799.5445,CE,2005
2004-12-31,BUM,5.6871,44415,21049.37888,CE,2005
2005-01-01,BUM,5.8589,44415,21685.25363,CE,2005
2005-01-02,BUM,6.041,44415,22359.25125,CE,2005
2005-01-03,BUM,6.0409,44415,22358.88113,CE,2005
2005-01-04,BUM,6.0365,44415,22342.59563,CE,2005
2005-01-05,BUM,6.034,44415,22333.3425,CE,2005
2005-01-06,BUM,6.0293,44415,22315.94663,CE,2005
2005-01-07,BUM,6.0606,44415,22431.79575,CE,2005
2005-01-08,BUM,6.4692,44415,23944.1265,CE,2005
2005-01-09,BUM,6.6776,44415,24715.467,CE,2005
2005-01-10,BUM,6.7564,44415,25007.1255,CE,2005
2005-01-11,BUM,7.3037,44415,27032.81963,CE,2005
2005-01-12,BUM,7.3089,44415,27052.06613,CE,2005
2005-01-13,BUM,7.4161,44415,27448.84013,CE,2005
2005-01-14,BUM,7.4345,44415,27516.94313,CE,2005
2005-01-15,BUM,7.4327,44415,27510.28088,CE,2005
2005-01-16,BUM,7.598,44415,28122.0975,CE,2005
2005-01-17,BUM,7.6487,44415,28309.75088,CE,2005
2005-01-18,BUM,8.2951,44415,30702.23888,CE,2005
2005-01-19,BUM,8.1533,44415,30177.40163,CE,2005
2005-01-20,BUM,7.2801,44415,26945.47013,CE,2005
2005-01-21,BUM,6.9779,44415,25826.95238,CE,2005
2005-01-22,BUM,6.679,44415,24720.64875,CE,2005
2005-01-23,BUM,6.3959,44415,23672.82488,CE,2005
2005-01-24,BUM,6.0198,44415,22280.78475,CE,2005
2005-01-25,BUM,5.89,44415,21800.3625,CE,2005
2005-01-26,BUM,5.5599,44415,20578.57988,CE,2005
2005-01-27,BUM,5.4626,44415,20218.44825,CE,2005
2005-01-28,BUM,5.3593,44415,19836.10913,CE,2005
2005-01-29,BUM,6.1333,44415,22700.87663,CE,2005
2005-01-30,BUM,6.1074,44415,22605.01425,CE,2005
2005-01-31,BUM,5.9738,44415,22110.52725,CE,2005
2005-02-01,BUM,5.8924,44415,21809.2455,CE,2005
2005-02-02,BUM,5.8199,44415,21540.90488,CE,2005
2005-02-03,BUM,5.6137,44415,20777.70713,CE,2005
2005-02-04,BUM,5.3159,44415,19675.47488,CE,2005
2005-02-05,BUM,6.1522,44415,22770.83025,CE,2005
2005-02-06,BUM,6.1463,44415,22748.99288,CE,2005
2005-02-07,BUM,6.4702,44415,23947.82775,CE,2005
2005-02-08,BUM,6.4964,44415,24044.8005,CE,2005
2005-02-09,BUM,6.4935,44415,24034.06688,CE,2005
2005-02-10,BUM,6.486,44415,24006.3075,CE,2005
2005-02-11,BUM,6.7606,44415,25022.67075,CE,2005
2005-02-12,BUM,6.7486,44415,24978.25575,CE,2005
2005-02-13,BUM,6.7891,44415,25128.15638,CE,2005
2005-02-14,BUM,6.8192,44415,25239.564,CE,2005
2005-02-15,BUM,6.8619,44415,25397.60738,CE,2005
2005-02-16,BUM,6.8578,44415,25382.43225,CE,2005
2005-02-17,BUM,7.1532,44415,26475.7815,CE,2005
2005-02-18,BUM,7.1425,44415,26436.17813,CE,2005
2005-02-19,BUM,7.1288,44415,26385.471,CE,2005
2005-02-20,BUM,7.1186,44415,26347.71825,CE,2005
2005-02-21,BUM,7.1093,44415,26313.29663,CE,2005
2005-02-22,BUM,7.0992,44415,26275.914,CE,2005
2005-02-23,BUM,7.0958,44415,26263.32975,CE,2005
2005-02-24,BUM,7.0767,44415,26192.63588,CE,2005
2005-02-25,BUM,7.0413,44415,26061.61163,CE,2005
2005-02-26,BUM,6.9818,44415,25841.38725,CE,2005
2005-02-27,BUM,6.9168,44415,25600.806,CE,2005
2005-02-28,BUM,6.8273,44415,25269.54413,CE,2005
2005-03-01,BUM,6.968,44415,25790.31,CE,2005
2005-03-02,BUM,6.9227,44415,25622.64338,CE,2005
2005-03-03,BUM,6.9245,44415,25629.30563,CE,2005
2005-03-04,BUM,6.8791,44415,25461.26888,CE,2005
2005-03-05,BUM,6.8059,44415,25190.33738,CE,2005
2005-03-06,BUM,6.6892,44415,24758.4015,CE,2005
2005-03-07,BUM,6.514,44415,24109.9425,CE,2005
2005-03-08,BUM,6.8661,44415,25413.15263,CE,2005
2005-03-09,BUM,6.5387,44415,24201.36338,CE,2005
2005-03-10,BUM,6.1984,44415,22941.828,CE,2005
2005-03-11,BUM,5.8386,44415,21610.11825,CE,2005
2005-03-12,BUM,5.4017,44415,19993.04213,CE,2005
2005-03-13,BUM,5.2029,44415,19257.23363,CE,2005
2005-03-14,BUM,5.0768,44415,18790.506,CE,2005
2005-03-15,BUM,4.9588,44415,18353.7585,CE,2005
2005-03-16,BUM,5.5828,44415,20663.3385,CE,2005
2005-03-17,BUM,5.8505,44415,21654.16313,CE,2005
2005-03-18,BUM,5.9638,44415,22073.51475,CE,2005
2005-03-19,BUM,5.946,44415,22007.6325,CE,2005
2005-03-20,BUM,6.7462,44415,24969.37275,CE,2005
2005-03-21,BUM,6.9303,44415,25650.77288,CE,2005
2005-03-22,BUM,6.9606,44415,25762.92075,CE,2005
2005-03-23,BUM,6.9493,44415,25721.09663,CE,2005
2005-03-24,BUM,6.9925,44415,25880.99063,CE,2005
2005-03-25,BUM,7.0161,44415,25968.34013,CE,2005
2005-03-26,BUM,7.0049,44415,25926.88613,CE,2005
2005-03-27,BUM,8.1018,44415,29986.78725,CE,2005
2005-03-28,BUM,8.6372,44415,31968.4365,CE,2005
2005-03-29,BUM,8.6676,44415,32080.9545,CE,2005
2005-03-30,BUM,11.3713,44415,42088.02413,CE,2005
2005-03-31,BUM,11.9023,44415,44053.38788,CE,2005
2005-04-01,BUM,11.943,44415,44204.02875,CE,2005
2005-04-02,BUM,12.197,44415,45144.14625,CE,2005
2005-04-03,BUM,12.2026,44415,45164.87325,CE,2005
2005-04-04,BUM,12.2732,44415,45426.1815,CE,2005
2005-04-05,BUM,12.2678,44415,45406.19475,CE,2005
2005-04-06,BUM,12.283,44415,45462.45375,CE,2005
2005-04-07,BUM,12.2038,44415,45169.31475,CE,2005
2005-04-08,BUM,13.139,44415,48630.72375,CE,2005
2005-04-09,BUM,13.0818,44415,48419.01225,CE,2005
2005-04-10,BUM,13.0241,44415,48205.45013,CE,2005
2005-04-11,BUM,13.061,44415,48342.02625,CE,2005
2005-04-12,BUM,13.1907,44415,48822.07838,CE,2005
2005-04-13,BUM,13.1857,44415,48803.57213,CE,2005
2005-04-14,BUM,13.6108,44415,50376.9735,CE,2005
2005-04-15,BUM,13.5937,44415,50313.68213,CE,2005
2005-04-16,BUM,13.8271,44415,51177.55388,CE,2005
2005-04-17,BUM,13.8847,44415,51390.74588,CE,2005
2005-04-18,BUM,13.7914,44415,51045.41925,CE,2005
2005-04-19,BUM,13.7187,44415,50776.33838,CE,2005
2005-04-20,BUM,14.1149,44415,52242.77363,CE,2005
2005-04-21,BUM,13.8837,44415,51387.04463,CE,2005
2005-04-22,BUM,13.5122,44415,50012.03025,CE,2005
2005-04-23,BUM,13.0431,44415,48275.77388,CE,2005
2005-04-24,BUM,12.5878,44415,46590.59475,CE,2005
2005-04-25,BUM,12.1526,44415,44979.81075,CE,2005
2005-04-26,BUM,11.5445,44415,42729.08063,CE,2005
2005-04-27,BUM,10.9266,44415,40442.07825,CE,2005
2005-04-28,BUM,10.2876,44415,38076.9795,CE,2005
2005-04-29,BUM,9.8211,44415,36350.34638,CE,2005
2005-04-30,BUM,9.6354,44415,35663.02425,CE,2005
2005-05-01,BUM,9.4164,44415,34852.4505,CE,2005
2005-05-02,BUM,9.1279,44415,33784.63988,CE,2005
2005-05-03,BUM,8.7884,44415,32528.0655,CE,2005
2005-05-04,BUM,8.4692,44415,31346.6265,CE,2005
2005-05-05,BUM,8.1331,44415,30102.63638,CE,2005
2005-05-06,BUM,7.8368,44415,29005.956,CE,2005
2005-05-07,BUM,7.5089,44415,27792.31613,CE,2005
2005-05-08,BUM,7.3229,44415,27103.88363,CE,2005
2005-05-09,BUM,7.1636,44415,26514.2745,CE,2005
2005-05-10,BUM,7.1089,44415,26311.81613,CE,2005
2005-05-11,BUM,6.8512,44415,25358.004,CE,2005
2005-05-12,BUM,6.6057,44415,24449.34713,CE,2005
2005-05-13,BUM,6.018,44415,22274.1225,CE,2005
2005-05-14,BUM,5.6797,44415,21021.98963,CE,2005
2005-05-15,BUM,5.3312,44415,19732.104,CE,2005
2005-05-16,BUM,5.022,44415,18587.6775,CE,2005
2005-05-17,BUM,4.8666,44415,18012.50325,CE,2005
2005-05-18,BUM,4.8073,44415,17793.01913,CE,2005
2005-05-19,BUM,4.7209,44415,17473.23113,CE,2005
2005-05-20,BUM,4.6329,44415,17147.52113,CE,2005
2005-05-21,BUM,4.5544,44415,16856.973,CE,2005
2005-05-22,BUM,4.4991,44415,16652.29388,CE,2005
2005-05-23,BUM,4.4467,44415,16458.34838,CE,2005
2005-05-24,BUM,4.4059,44415,16307.33738,CE,2005
2005-05-25,BUM,4.3146,44415,15969.41325,CE,2005
2005-05-26,BUM,4.0483,44415,14983.77038,CE,2005
2005-05-27,BUM,3.5435,44415,13115.37938,CE,2005
2005-05-28,BUM,3.031,44415,11218.48875,CE,2005
2005-05-29,BUM,2.4966,44415,9240.54075,CE,2005
2005-05-30,BUM,2.1153,44415,7829.254125,CE,2005
2005-05-31,BUM,1.8577,44415,6875.812125,CE,2005
2005-06-01,BUM,1.745,44415,6458.68125,CE,2005
2005-06-02,BUM,1.6747,44415,6198.483375,CE,2005
2005-06-03,BUM,1.5798,44415,5847.23475,CE,2005
2005-06-04,BUM,1.4875,44415,5505.609375,CE,2005
2005-06-05,BUM,1.3996,44415,5180.2695,CE,2005
2005-06-06,BUM,1.3506,44415,4998.90825,CE,2005
2005-06-07,BUM,1.3165,44415,4872.695625,CE,2005
2005-06-08,BUM,1.2798,44415,4736.85975,CE,2005
2005-06-09,BUM,1.2054,44415,4461.48675,CE,2005
2005-06-10,BUM,1.0774,44415,3987.72675,CE,2005
2005-06-11,BUM,0.9386,44415,3473.99325,CE,2005
2005-06-12,BUM,0.8753,44415,3239.704125,CE,2005
2005-06-13,BUM,0.8485,44415,3140.510625,CE,2005
2005-06-14,BUM,0.7824,44415,2895.858,CE,2005
2005-06-15,BUM,0.7298,44415,2701.17225,CE,2005
2005-06-16,BUM,0.6634,44415,2455.40925,CE,2005
2005-06-17,BUM,0.544,44415,2013.48,CE,2005
2005-06-18,BUM,0.4756,44415,1760.3145,CE,2005
2005-06-19,BUM,0.3976,44415,1471.617,CE,2005
2005-06-20,BUM,0.3177,44415,1175.887125,CE,2005
2005-06-21,BUM,0.2154,44415,797.24925,CE,2005
2005-06-22,BUM,0.1246,44415,461.17575,CE,2005
2005-06-23,BUM,0.0992,44415,367.164,CE,2005
2005-06-24,BUM,0.07,44415,259.0875,CE,2005
2005-06-26,BUM,0.0285,44415,105.485625,CE,2005
2005-06-27,BUM,0.0196,44415,72.5445,CE,2005
2005-06-28,BUM,0.0157,44415,58.109625,CE,2005
2005-06-29,BUM,0.011,44415,40.71375,CE,2005
2005-06-30,BUM,0.0051,44415,18.876375,CE,2005
2005-07-01,BUM,9e-4,44415,3.331125,CE,2005
2005-07-02,BUM,1e-4,44415,0.370125,CE,2005
2005-07-03,BUM,0,44415,0,CE,2005
2005-07-04,BUM,0,44415,0,CE,2005
2005-07-05,BUM,0,44415,0,CE,2005
2005-07-06,BUM,0,44415,0,CE,2005
2005-07-07,BUM,0,44415,0,CE,2005
2005-07-08,BUM,0,44415,0,CE,2005
2005-07-09,BUM,0,44415,0,CE,2005
2005-07-10,BUM,0,44415,0,CE,2005
2005-07-11,BUM,0,44415,0,CE,2005
2005-07-12,BUM,0,44415,0,CE,2005
2005-07-13,BUM,0,44415,0,CE,2005
2005-07-14,BUM,0,44415,0,CE,2005
2005-07-15,BUM,0,44415,0,CE,2005
2005-07-16,BUM,0,44415,0,CE,2005
2005-07-17,BUM,0,44415,0,CE,2005
2005-07-18,BUM,0,44415,0,CE,2005
2005-07-19,BUM,0,44415,0,CE,2005
2005-07-20,BUM,0,44415,0,CE,2005
2005-07-21,BUM,0,44415,0,CE,2005
2005-07-22,BUM,0,44415,0,CE,2005
2005-07-23,BUM,0,44415,0,CE,2005
2005-07-24,BUM,0,44415,0,CE,2005
2005-07-25,BUM,0,44415,0,CE,2005
2005-07-26,BUM,0,44415,0,CE,2005
2005-07-27,BUM,0,44415,0,CE,2005
2005-07-28,BUM,0,44415,0,CE,2005
2005-07-29,BUM,0,44415,0,CE,2005
2005-07-30,BUM,0,44415,0,CE,2005
2005-07-31,BUM,0,44415,0,CE,2005
2005-08-03,BUM,0,44415,0,CE,2005
2005-08-04,BUM,0,44415,0,CE,2005
2005-08-05,BUM,0,44415,0,CE,2005
2005-08-06,BUM,0,44415,0,CE,2005
2005-08-07,BUM,0,44415,0,CE,2005
2005-08-08,BUM,0,44415,0,CE,2005
2005-08-09,BUM,0,44415,0,CE,2005
2005-08-10,BUM,0,44415,0,CE,2005
2005-08-11,BUM,0,44415,0,CE,2005
2005-08-12,BUM,0,44415,0,CE,2005
2005-08-13,BUM,0,44415,0,CE,2005
2005-08-14,BUM,0,44415,0,CE,2005
2005-08-15,BUM,0,44415,0,CE,2005
2005-08-16,BUM,0,44415,0,CE,2005
2005-08-17,BUM,0,44415,0,CE,2005
2005-08-18,BUM,0,44415,0,CE,2005
2005-08-19,BUM,0,44415,0,CE,2005
2005-08-20,BUM,0,44415,0,CE,2005
2005-08-21,BUM,0,44415,0,CE,2005
2005-08-22,BUM,0,44415,0,CE,2005
2005-08-23,BUM,0,44415,0,CE,2005
2005-08-24,BUM,0,44415,0,CE,2005
2005-08-25,BUM,0,44415,0,CE,2005
2005-08-26,BUM,0,44415,0,CE,2005
2005-08-27,BUM,0,44415,0,CE,2005
2005-08-28,BUM,0,44415,0,CE,2005
2005-08-29,BUM,0,44415,0,CE,2005
2005-08-30,BUM,0,44415,0,CE,2005
2005-08-31,BUM,0,44415,0,CE,2005
2005-09-01,BUM,0,44415,0,CE,2005
2005-09-02,BUM,0,44415,0,CE,2005
2005-09-03,BUM,0,44415,0,CE,2005
2005-09-04,BUM,0,44415,0,CE,2005
2005-09-05,BUM,0,44415,0,CE,2005
2005-09-06,BUM,0,44415,0,CE,2005
2005-09-07,BUM,0,44415,0,CE,2005
2005-09-08,BUM,0,44415,0,CE,2005
2005-09-09,BUM,0,44415,0,CE,2005
2005-09-10,BUM,0,44415,0,CE,2005
2005-09-11,BUM,0,44415,0,CE,2005
2005-09-12,BUM,0,44415,0,CE,2005
2005-09-13,BUM,0,44415,0,CE,2005
2005-09-14,BUM,0,44415,0,CE,2005
2005-09-15,BUM,0,44415,0,CE,2005
2005-09-16,BUM,0,44415,0,CE,2005
2005-09-17,BUM,0,44415,0,CE,2005
2005-09-18,BUM,0,44415,0,CE,2005
2005-09-19,BUM,0,44415,0,CE,2005
2005-09-20,BUM,0,44415,0,CE,2005
2005-09-21,BUM,0,44415,0,CE,2005
2005-09-22,BUM,0,44415,0,CE,2005
2005-09-23,BUM,0,44415,0,CE,2005
2005-09-24,BUM,0,44415,0,CE,2005
2005-09-25,BUM,0,44415,0,CE,2005
2005-09-26,BUM,0,44415,0,CE,2005
2005-09-27,BUM,0,44415,0,CE,2005
2005-09-28,BUM,0,44415,0,CE,2005
2005-09-29,BUM,0,44415,0,CE,2005
2005-09-30,BUM,0,44415,0,CE,2005
2005-10-01,BUM,0,44415,0,CE,2006
2005-10-02,BUM,5e-4,44415,1.850625,CE,2006
2005-10-03,BUM,0.0031,44415,11.473875,CE,2006
2005-10-04,BUM,0.0045,44415,16.655625,CE,2006
2005-10-05,BUM,0.003,44415,11.10375,CE,2006
2005-10-06,BUM,0.0025,44415,9.253125,CE,2006
2005-10-07,BUM,0,44415,0,CE,2006
2005-10-08,BUM,0,44415,0,CE,2006
2005-10-09,BUM,0,44415,0,CE,2006
2005-10-10,BUM,0,44415,0,CE,2006
2005-10-11,BUM,0,44415,0,CE,2006
2005-10-12,BUM,0,44415,0,CE,2006
2005-10-13,BUM,0,44415,0,CE,2006
2005-10-14,BUM,0,44415,0,CE,2006
2005-10-15,BUM,0,44415,0,CE,2006
2005-10-16,BUM,0,44415,0,CE,2006
2005-10-17,BUM,0,44415,0,CE,2006
2005-10-18,BUM,0,44415,0,CE,2006
2005-10-19,BUM,0,44415,0,CE,2006
2005-10-20,BUM,0,44415,0,CE,2006
2005-10-21,BUM,0,44415,0,CE,2006
2005-10-22,BUM,0,44415,0,CE,2006
2005-10-23,BUM,0,44415,0,CE,2006
2005-10-24,BUM,0,44415,0,CE,2006
2005-10-25,BUM,0,44415,0,CE,2006
2005-10-26,BUM,0,44415,0,CE,2006
2005-10-27,BUM,8e-4,44415,2.961,CE,2006
2005-10-28,BUM,0,44415,0,CE,2006
2005-10-29,BUM,0.1112,44415,411.579,CE,2006
2005-10-30,BUM,0.0999,44415,369.754875,CE,2006
2005-10-31,BUM,0.0719,44415,266.119875,CE,2006
2005-11-01,BUM,0.2735,44415,1012.291875,CE,2006
2005-11-02,BUM,0.6792,44415,2513.889,CE,2006
2005-11-03,BUM,0.696,44415,2576.07,CE,2006
2005-11-04,BUM,2.1843,44415,8084.640375,CE,2006
2005-11-05,BUM,3.0257,44415,11198.87213,CE,2006
2005-11-06,BUM,4.7332,44415,17518.7565,CE,2006
2005-11-07,BUM,5.2529,44415,19442.29613,CE,2006
2005-11-08,BUM,5.336,44415,19749.87,CE,2006
2005-11-09,BUM,5.3343,44415,19743.57788,CE,2006
2005-11-10,BUM,5.7852,44415,21412.4715,CE,2006
2005-11-11,BUM,5.9449,44415,22003.56113,CE,2006
2005-11-12,BUM,6.3587,44415,23535.13838,CE,2006
2005-11-13,BUM,6.4471,44415,23862.32888,CE,2006
2005-11-14,BUM,6.828,44415,25272.135,CE,2006
2005-11-15,BUM,6.7584,44415,25014.528,CE,2006
2005-11-16,BUM,6.7227,44415,24882.39338,CE,2006
2005-11-17,BUM,6.5997,44415,24427.13963,CE,2006
2005-11-18,BUM,6.446,44415,23858.2575,CE,2006
2005-11-19,BUM,6.1819,44415,22880.75738,CE,2006
2005-11-20,BUM,5.9475,44415,22013.18438,CE,2006
2005-11-21,BUM,5.744,44415,21259.98,CE,2006
2005-11-22,BUM,5.5869,44415,20678.51363,CE,2006
2005-11-23,BUM,5.4283,44415,20091.49538,CE,2006
2005-11-24,BUM,5.2485,44415,19426.01063,CE,2006
2005-11-25,BUM,5.2503,44415,19432.67288,CE,2006
2005-11-26,BUM,5.8648,44415,21707.091,CE,2006
2005-11-27,BUM,6.1912,44415,22915.179,CE,2006
2005-11-28,BUM,6.2748,44415,23224.6035,CE,2006
2005-11-29,BUM,6.6089,44415,24461.19113,CE,2006
2005-11-30,BUM,7.7024,44415,28508.508,CE,2006
2005-12-01,BUM,7.9036,44415,29253.1995,CE,2006
2005-12-02,BUM,8.5031,44415,31472.09888,CE,2006
2005-12-03,BUM,9.4467,44415,34964.59838,CE,2006
2005-12-04,BUM,9.6634,44415,35766.65925,CE,2006
2005-12-05,BUM,9.6608,44415,35757.036,CE,2006
2005-12-06,BUM,9.6647,44415,35771.47088,CE,2006
2005-12-07,BUM,9.6659,44415,35775.91238,CE,2006
2005-12-08,BUM,9.6642,44415,35769.62025,CE,2006
2005-12-09,BUM,9.5808,44415,35460.936,CE,2006
2005-12-10,BUM,9.5594,44415,35381.72925,CE,2006
2005-12-11,BUM,9.5273,44415,35262.91913,CE,2006
2005-12-12,BUM,9.3249,44415,34513.78613,CE,2006
2005-12-13,BUM,9.1967,44415,34039.28588,CE,2006
2005-12-14,BUM,9.1695,44415,33938.61188,CE,2006
2005-12-15,BUM,9.1402,44415,33830.16525,CE,2006
2005-12-16,BUM,9.4593,44415,35011.23413,CE,2006
2005-12-17,BUM,9.4525,44415,34986.06563,CE,2006
2005-12-18,BUM,9.4487,44415,34972.00088,CE,2006
2005-12-19,BUM,9.5746,44415,35437.98825,CE,2006
2005-12-20,BUM,10.1274,44415,37484.03925,CE,2006
2005-12-21,BUM,10.3031,44415,38134.34888,CE,2006
2005-12-22,BUM,10.9573,44415,40555.70663,CE,2006
2005-12-23,BUM,11.4884,44415,42521.4405,CE,2006
2005-12-24,BUM,11.2873,44415,41777.11913,CE,2006
2005-12-25,BUM,10.888,44415,40299.21,CE,2006
2005-12-26,BUM,10.8611,44415,40199.64638,CE,2006
2005-12-27,BUM,11.2942,44415,41802.65775,CE,2006
2005-12-28,BUM,11.5371,44415,42701.69138,CE,2006
2005-12-29,BUM,12.3911,44415,45862.55888,CE,2006
2005-12-30,BUM,15.7446,44415,58274.70075,CE,2006
2005-12-31,BUM,17.5624,44415,65002.833,CE,2006
2006-01-01,BUM,17.9291,44415,66360.08138,CE,2006
2006-01-02,BUM,18.4133,44415,68152.22663,CE,2006
2006-01-03,BUM,18.6036,44415,68856.5745,CE,2006
2006-01-04,BUM,18.9862,44415,70272.67275,CE,2006
2006-01-05,BUM,19.0234,44415,70410.35925,CE,2006
2006-01-06,BUM,19.0118,44415,70367.42475,CE,2006
2006-01-07,BUM,19.3333,44415,71557.37663,CE,2006
2006-01-08,BUM,19.6377,44415,72684.03713,CE,2006
2006-01-09,BUM,19.6734,44415,72816.17175,CE,2006
2006-01-10,BUM,21.1379,44415,78236.65238,CE,2006
2006-01-11,BUM,22.8767,44415,84672.38588,CE,2006
2006-01-12,BUM,23.0809,44415,85428.18113,CE,2006
2006-01-13,BUM,26.3815,44415,97644.52688,CE,2006
2006-01-14,BUM,26.9527,44415,99758.68088,CE,2006
2006-01-15,BUM,27.0006,44415,99935.97075,CE,2006
2006-01-16,BUM,27.0995,44415,100302.0244,CE,2006
2006-01-17,BUM,27.7213,44415,102603.4616,CE,2006
2006-01-18,BUM,29.5697,44415,109444.8521,CE,2006
2006-01-19,BUM,29.6042,44415,109572.5453,CE,2006
2006-01-20,BUM,29.7922,44415,110268.3803,CE,2006
2006-01-21,BUM,30.2864,44415,112097.538,CE,2006
2006-01-22,BUM,30.2851,44415,112092.7264,CE,2006
2006-01-23,BUM,30.2676,44415,112027.9545,CE,2006
2006-01-24,BUM,30.2571,44415,111989.0914,CE,2006
2006-01-25,BUM,30.7074,44415,113655.7643,CE,2006
2006-01-26,BUM,30.6864,44415,113578.038,CE,2006
2006-01-27,BUM,30.8418,44415,114153.2123,CE,2006
2006-01-28,BUM,31.8495,44415,117882.9619,CE,2006
2006-01-29,BUM,32.8605,44415,121624.9256,CE,2006
2006-01-30,BUM,33.6631,44415,124595.5489,CE,2006
2006-01-31,BUM,34.2911,44415,126919.9339,CE,2006
2006-02-01,BUM,34.9243,44415,129263.5654,CE,2006
2006-02-02,BUM,35.1246,44415,130004.9258,CE,2006
2006-02-03,BUM,35.762,44415,132364.1025,CE,2006
2006-02-04,BUM,36.0083,44415,133275.7204,CE,2006
2006-02-05,BUM,36.4389,44415,134869.4786,CE,2006
2006-02-06,BUM,36.4697,44415,134983.4771,CE,2006
2006-02-07,BUM,36.4468,44415,134898.7185,CE,2006
2006-02-08,BUM,36.4184,44415,134793.603,CE,2006
2006-02-09,BUM,36.3903,44415,134689.5979,CE,2006
2006-02-10,BUM,40.3401,44415,149308.7951,CE,2006
2006-02-11,BUM,40.2977,44415,149151.8621,CE,2006
2006-02-12,BUM,40.2654,44415,149032.3118,CE,2006
2006-02-13,BUM,40.2326,44415,148910.9108,CE,2006
2006-02-14,BUM,40.2766,44415,149073.7658,CE,2006
2006-02-15,BUM,40.3118,44415,149204.0498,CE,2006
2006-02-16,BUM,40.2899,44415,149122.9924,CE,2006
2006-02-17,BUM,40.446,44415,149700.7575,CE,2006
2006-02-18,BUM,40.4516,44415,149721.4845,CE,2006
2006-02-19,BUM,40.4358,44415,149663.0048,CE,2006
2006-02-20,BUM,40.4221,44415,149612.2976,CE,2006
2006-02-21,BUM,40.4522,44415,149723.7053,CE,2006
2006-02-22,BUM,40.525,44415,149993.1563,CE,2006
2006-02-23,BUM,40.7483,44415,150819.6454,CE,2006
2006-02-24,BUM,41.8325,44415,154832.5406,CE,2006
2006-02-25,BUM,41.8316,44415,154829.2095,CE,2006
2006-02-26,BUM,41.8419,44415,154867.3324,CE,2006
2006-02-27,BUM,41.9254,44415,155176.3868,CE,2006
2006-02-28,BUM,42.6454,44415,157841.2868,CE,2006
2006-03-01,BUM,43.5101,44415,161041.7576,CE,2006
2006-03-02,BUM,43.5159,44415,161063.2249,CE,2006
2006-03-03,BUM,43.5811,44415,161304.5464,CE,2006
2006-03-04,BUM,43.5578,44415,161218.3073,CE,2006
2006-03-05,BUM,43.5687,44415,161258.6509,CE,2006
2006-03-06,BUM,43.7927,44415,162087.7309,CE,2006
2006-03-07,BUM,44.0297,44415,162964.9271,CE,2006
2006-03-08,BUM,44.0426,44415,163012.6733,CE,2006
2006-03-09,BUM,45.0143,44415,166609.1779,CE,2006
2006-03-10,BUM,46.5229,44415,172192.8836,CE,2006
2006-03-11,BUM,46.7305,44415,172961.2631,CE,2006
2006-03-12,BUM,47.0897,44415,174290.7521,CE,2006
2006-03-13,BUM,47.08,44415,174254.85,CE,2006
2006-03-14,BUM,47.1055,44415,174349.2319,CE,2006
2006-03-15,BUM,47.1789,44415,174620.9036,CE,2006
2006-03-16,BUM,47.3782,44415,175358.5628,CE,2006
2006-03-17,BUM,48.183,44415,178337.3288,CE,2006
2006-03-18,BUM,48.3063,44415,178793.6929,CE,2006
2006-03-19,BUM,48.44,44415,179288.55,CE,2006
2006-03-20,BUM,48.437,44415,179277.4463,CE,2006
2006-03-21,BUM,48.4218,44415,179221.1873,CE,2006
2006-03-22,BUM,47.7674,44415,176799.0893,CE,2006
2006-03-23,BUM,47.8879,44415,177245.0899,CE,2006
2006-03-24,BUM,47.8654,44415,177161.8118,CE,2006
2006-03-25,BUM,47.9539,44415,177489.3724,CE,2006
2006-03-26,BUM,48.0047,44415,177677.3959,CE,2006
2006-03-27,BUM,48.1849,44415,178344.3611,CE,2006
2006-03-28,BUM,48.1668,44415,178277.3685,CE,2006
2006-03-29,BUM,48.2602,44415,178623.0653,CE,2006
2006-03-30,BUM,48.4364,44415,179275.2255,CE,2006
2006-03-31,BUM,48.3861,44415,179089.0526,CE,2006
2006-04-01,BUM,48.619,44415,179951.0738,CE,2006
2006-04-02,BUM,49.1467,44415,181904.2234,CE,2006
2006-04-03,BUM,49.2293,44415,182209.9466,CE,2006
2006-04-04,BUM,49.4334,44415,182965.3718,CE,2006
2006-04-05,BUM,49.4388,44415,182985.3585,CE,2006
2006-04-06,BUM,49.3702,44415,182731.4528,CE,2006
2006-04-07,BUM,49.1919,44415,182071.5199,CE,2006
2006-04-08,BUM,49.0516,44415,181552.2345,CE,2006
2006-04-09,BUM,49.4379,44415,182982.0274,CE,2006
2006-04-10,BUM,49.3216,44415,182551.572,CE,2006
2006-04-11,BUM,49.1581,44415,181946.4176,CE,2006
2006-04-12,BUM,49.0096,44415,181396.782,CE,2006
2006-04-13,BUM,48.9856,44415,181307.952,CE,2006
2006-04-14,BUM,49.4416,44415,182995.722,CE,2006
2006-04-15,BUM,49.954,44415,184892.2425,CE,2006
2006-04-16,BUM,50.6089,44415,187316.1911,CE,2006
2006-04-17,BUM,50.5296,44415,187022.682,CE,2006
2006-04-18,BUM,50.8059,44415,188045.3374,CE,2006
2006-04-19,BUM,50.7253,44415,187747.0166,CE,2006
2006-04-20,BUM,50.6343,44415,187410.2029,CE,2006
2006-04-21,BUM,50.4423,44415,186699.5629,CE,2006
2006-04-22,BUM,51.0976,44415,189124.992,CE,2006
2006-04-23,BUM,50.8856,44415,188340.327,CE,2006
2006-04-24,BUM,50.6658,44415,187526.7923,CE,2006
2006-04-25,BUM,50.3734,44415,186444.5468,CE,2006
2006-04-26,BUM,50.0671,44415,185310.8539,CE,2006
2006-04-27,BUM,49.7419,44415,184107.2074,CE,2006
2006-04-28,BUM,49.3662,44415,182716.6478,CE,2006
2006-04-29,BUM,48.8519,44415,180813.0949,CE,2006
2006-04-30,BUM,48.2512,44415,178589.754,CE,2006
2006-05-01,BUM,47.8391,44415,177064.4689,CE,2006
2006-05-02,BUM,47.595,44415,176160.9938,CE,2006
2006-05-03,BUM,47.4185,44415,175507.7231,CE,2006
2006-05-04,BUM,47.2178,44415,174764.8823,CE,2006
2006-05-05,BUM,46.9416,44415,173742.597,CE,2006
2006-05-06,BUM,46.5725,44415,172376.4656,CE,2006
2006-05-07,BUM,46.1789,44415,170919.6536,CE,2006
2006-05-08,BUM,46.1099,44415,170664.2674,CE,2006
2006-05-09,BUM,45.9021,44415,169895.1476,CE,2006
2006-05-10,BUM,45.7269,44415,169246.6886,CE,2006
2006-05-11,BUM,45.4676,44415,168286.9545,CE,2006
2006-05-12,BUM,45.1016,44415,166932.297,CE,2006
2006-05-13,BUM,44.741,44415,165597.6263,CE,2006
2006-05-14,BUM,44.4888,44415,164664.171,CE,2006
2006-05-15,BUM,44.0537,44415,163053.7571,CE,2006
2006-05-16,BUM,43.2566,44415,160103.4908,CE,2006
2006-05-17,BUM,42.1106,44415,155861.8583,CE,2006
2006-05-18,BUM,40.7509,44415,150829.2686,CE,2006
2006-05-19,BUM,39.3284,44415,145564.2405,CE,2006
2006-05-20,BUM,38.2543,44415,141588.7279,CE,2006
2006-05-21,BUM,37.3763,44415,138339.0304,CE,2006
2006-05-22,BUM,36.7312,44415,135951.354,CE,2006
2006-05-23,BUM,36.2363,44415,134119.6054,CE,2006
2006-05-24,BUM,35.7095,44415,132169.7869,CE,2006
2006-05-25,BUM,35.2115,44415,130326.5644,CE,2006
2006-05-26,BUM,34.8883,44415,129130.3204,CE,2006
2006-05-27,BUM,34.5773,44415,127979.2316,CE,2006
2006-05-28,BUM,34.3453,44415,127120.5416,CE,2006
2006-05-29,BUM,34.2065,44415,126606.8081,CE,2006
2006-05-30,BUM,33.7888,44415,125060.796,CE,2006
2006-05-31,BUM,33.3484,44415,123430.7655,CE,2006
2006-06-01,BUM,32.6874,44415,120984.2393,CE,2006
2006-06-02,BUM,31.7686,44415,117583.5308,CE,2006
2006-06-03,BUM,30.9319,44415,114486.6949,CE,2006
2006-06-04,BUM,30.1847,44415,111721.1209,CE,2006
2006-06-05,BUM,29.5433,44415,109347.1391,CE,2006
2006-06-06,BUM,28.7354,44415,106356.8993,CE,2006
2006-06-07,BUM,27.8953,44415,103247.4791,CE,2006
2006-06-08,BUM,27.1349,44415,100433.0486,CE,2006
2006-06-09,BUM,26.6353,44415,98583.90413,CE,2006
2006-06-10,BUM,26.1504,44415,96789.168,CE,2006
2006-06-11,BUM,25.6792,44415,95045.139,CE,2006
2006-06-12,BUM,25.1021,44415,92909.14763,CE,2006
2006-06-13,BUM,24.4213,44415,90389.33663,CE,2006
2006-06-14,BUM,23.636,44415,87482.745,CE,2006
2006-06-15,BUM,23.0843,44415,85440.76538,CE,2006
2006-06-16,BUM,22.5818,44415,83580.88725,CE,2006
2006-06-17,BUM,21.9227,44415,81141.39338,CE,2006
2006-06-18,BUM,21.4042,44415,79222.29525,CE,2006
2006-06-19,BUM,20.9012,44415,77360.5665,CE,2006
2006-06-20,BUM,20.4476,44415,75681.6795,CE,2006
2006-06-21,BUM,20.0621,44415,74254.84763,CE,2006
2006-06-22,BUM,19.6657,44415,72787.67213,CE,2006
2006-06-23,BUM,19.1701,44415,70953.33263,CE,2006
2006-06-24,BUM,18.5589,44415,68691.12863,CE,2006
2006-06-25,BUM,17.7142,44415,65564.68275,CE,2006
2006-06-26,BUM,16.6556,44415,61646.5395,CE,2006
2006-06-27,BUM,15.4893,44415,57329.77163,CE,2006
2006-06-28,BUM,14.389,44415,53257.28625,CE,2006
2006-06-29,BUM,13.6687,44415,50591.27588,CE,2006
2006-06-30,BUM,13.0178,44415,48182.13225,CE,2006
2006-07-01,BUM,12.2965,44415,45512.42063,CE,2006
2006-07-02,BUM,11.6071,44415,42960.77888,CE,2006
2006-07-03,BUM,10.9044,44415,40359.9105,CE,2006
2006-07-04,BUM,10.2389,44415,37896.72863,CE,2006
2006-07-05,BUM,9.5255,44415,35256.25688,CE,2006
2006-07-06,BUM,8.9798,44415,33236.48475,CE,2006
2006-07-07,BUM,8.6568,44415,32040.981,CE,2006
2006-07-08,BUM,8.3378,44415,30860.28225,CE,2006
2006-07-09,BUM,7.7934,44415,28845.32175,CE,2006
2006-07-10,BUM,7.1848,44415,26592.741,CE,2006
2006-07-11,BUM,6.7491,44415,24980.10638,CE,2006
2006-07-12,BUM,6.3897,44415,23649.87713,CE,2006
2006-07-13,BUM,6.074,44415,22481.3925,CE,2006
2006-07-14,BUM,5.7714,44415,21361.39425,CE,2006
2006-07-15,BUM,5.4067,44415,20011.54838,CE,2006
2006-07-16,BUM,5.0724,44415,18774.2205,CE,2006
2006-07-17,BUM,4.6768,44415,17310.006,CE,2006
2006-07-18,BUM,4.3576,44415,16128.567,CE,2006
2006-07-19,BUM,4.1044,44415,15191.4105,CE,2006
2006-07-20,BUM,3.8006,44415,14066.97075,CE,2006
2006-07-21,BUM,3.3996,44415,12582.7695,CE,2006
2006-07-22,BUM,2.8701,44415,10622.95763,CE,2006
2006-07-23,BUM,2.3697,44415,8770.852125,CE,2006
2006-07-24,BUM,1.9283,44415,7137.120375,CE,2006
2006-07-25,BUM,1.5982,44415,5915.33775,CE,2006
2006-07-26,BUM,1.3625,44415,5042.953125,CE,2006
2006-07-27,BUM,1.1446,44415,4236.45075,CE,2006
2006-07-28,BUM,0.9492,44415,3513.2265,CE,2006
2006-07-29,BUM,0.8118,44415,3004.67475,CE,2006
2006-07-30,BUM,0.7328,44415,2712.276,CE,2006
2006-07-31,BUM,0.6868,44415,2542.0185,CE,2006
2006-08-01,BUM,0.6269,44415,2320.313625,CE,2006
2006-08-02,BUM,0.5571,44415,2061.966375,CE,2006
2006-08-03,BUM,0.4696,44415,1738.107,CE,2006
2006-08-04,BUM,0.3932,44415,1455.3315,CE,2006
2006-08-05,BUM,0.321,44415,1188.10125,CE,2006
2006-08-06,BUM,0.258,44415,954.9225,CE,2006
2006-08-07,BUM,0.19,44415,703.2375,CE,2006
2006-08-08,BUM,0.1342,44415,496.70775,CE,2006
2006-08-09,BUM,0.0968,44415,358.281,CE,2006
2006-08-10,BUM,0.0674,44415,249.46425,CE,2006
2006-08-11,BUM,0.0464,44415,171.738,CE,2006
2006-08-12,BUM,0.0317,44415,117.329625,CE,2006
2006-08-13,BUM,0.0168,44415,62.181,CE,2006
2006-08-14,BUM,0.0064,44415,23.688,CE,2006
2006-08-15,BUM,0.0011,44415,4.071375,CE,2006
2006-08-16,BUM,0,44415,0,CE,2006
2006-08-17,BUM,0,44415,0,CE,2006
2006-08-18,BUM,0,44415,0,CE,2006
2006-08-19,BUM,0,44415,0,CE,2006
2006-08-20,BUM,0,44415,0,CE,2006
2006-08-21,BUM,0,44415,0,CE,2006
2006-08-22,BUM,0,44415,0,CE,2006
2006-08-23,BUM,0,44415,0,CE,2006
2006-08-24,BUM,0,44415,0,CE,2006
2006-08-25,BUM,0,44415,0,CE,2006
2006-08-28,BUM,0,44415,0,CE,2006
2006-08-29,BUM,0,44415,0,CE,2006
2006-08-30,BUM,0,44415,0,CE,2006
2006-08-31,BUM,0,44415,0,CE,2006
2006-09-01,BUM,0,44415,0,CE,2006
2006-09-02,BUM,0,44415,0,CE,2006
2006-09-03,BUM,0,44415,0,CE,2006
2006-09-04,BUM,0,44415,0,CE,2006
2006-09-05,BUM,0,44415,0,CE,2006
2006-09-06,BUM,0,44415,0,CE,2006
2006-09-07,BUM,0,44415,0,CE,2006
2006-09-09,BUM,0,44415,0,CE,2006
2006-09-10,BUM,0,44415,0,CE,2006
2006-09-11,BUM,0,44415,0,CE,2006
2006-09-12,BUM,0,44415,0,CE,2006
2006-09-13,BUM,0,44415,0,CE,2006
2006-09-14,BUM,0,44415,0,CE,2006
2006-09-15,BUM,0,44415,0,CE,2006
2006-09-16,BUM,0,44415,0,CE,2006
2006-09-17,BUM,0,44415,0,CE,2006
2006-09-18,BUM,0,44415,0,CE,2006
2006-09-19,BUM,0,44415,0,CE,2006
2006-09-20,BUM,0,44415,0,CE,2006
2006-09-21,BUM,0,44415,0,CE,2006
2006-09-22,BUM,0,44415,0,CE,2006
2006-09-23,BUM,0,44415,0,CE,2006
2006-09-24,BUM,0,44415,0,CE,2006
2006-09-25,BUM,0,44415,0,CE,2006
2006-09-26,BUM,0,44415,0,CE,2006
2006-09-27,BUM,0,44415,0,CE,2006
2006-09-28,BUM,0,44415,0,CE,2006
2006-09-29,BUM,0,44415,0,CE,2006
2006-10-02,BUM,0,44415,0,CE,2007
2006-10-03,BUM,0,44415,0,CE,2007
2006-10-04,BUM,0,44415,0,CE,2007
2006-10-05,BUM,0,44415,0,CE,2007
2006-10-06,BUM,0,44415,0,CE,2007
2006-10-07,BUM,0,44415,0,CE,2007
2006-10-08,BUM,0,44415,0,CE,2007
2006-10-09,BUM,0,44415,0,CE,2007
2006-10-10,BUM,0,44415,0,CE,2007
2006-10-11,BUM,0,44415,0,CE,2007
2006-10-12,BUM,0,44415,0,CE,2007
2006-10-13,BUM,0,44415,0,CE,2007
2006-10-14,BUM,0,44415,0,CE,2007
2006-10-15,BUM,0,44415,0,CE,2007
2006-10-16,BUM,0,44415,0,CE,2007
2006-10-17,BUM,0.0029,44415,10.733625,CE,2007
2006-10-18,BUM,0.0028,44415,10.3635,CE,2007
2006-10-19,BUM,0,44415,0,CE,2007
2006-10-20,BUM,0,44415,0,CE,2007
2006-10-21,BUM,0,44415,0,CE,2007
2006-10-22,BUM,0,44415,0,CE,2007
2006-10-23,BUM,0,44415,0,CE,2007
2006-10-24,BUM,0,44415,0,CE,2007
2006-10-25,BUM,0.0127,44415,47.005875,CE,2007
2006-10-26,BUM,0.0181,44415,66.992625,CE,2007
2006-10-27,BUM,0.0099,44415,36.642375,CE,2007
2006-10-28,BUM,3e-4,44415,1.110375,CE,2007
2006-10-29,BUM,0,44415,0,CE,2007
2006-10-30,BUM,0.1792,44415,663.264,CE,2007
2006-10-31,BUM,0.1735,44415,642.166875,CE,2007
2006-11-01,BUM,0.1652,44415,611.4465,CE,2007
2006-11-02,BUM,0.1646,44415,609.22575,CE,2007
2006-11-03,BUM,0.9279,44415,3434.389875,CE,2007
2006-11-04,BUM,0.6154,44415,2277.74925,CE,2007
2006-11-05,BUM,0.2468,44415,913.4685,CE,2007
2006-11-06,BUM,0.0496,44415,183.582,CE,2007
2006-11-07,BUM,0.0183,44415,67.732875,CE,2007
2006-11-08,BUM,0.007,44415,25.90875,CE,2007
2006-11-09,BUM,0.0691,44415,255.756375,CE,2007
2006-11-10,BUM,0.476,44415,1761.795,CE,2007
2006-11-11,BUM,2.9658,44415,10977.16725,CE,2007
2006-11-12,BUM,3.4454,44415,12752.28675,CE,2007
2006-11-13,BUM,5.2573,44415,19458.58163,CE,2007
2006-11-14,BUM,5.8392,44415,21612.339,CE,2007
2006-11-15,BUM,5.876,44415,21748.545,CE,2007
2006-11-16,BUM,7.1291,44415,26386.58138,CE,2007
2006-11-17,BUM,5.2963,44415,19602.93038,CE,2007
2006-11-18,BUM,5.2361,44415,19380.11513,CE,2007
2006-11-19,BUM,5.1968,44415,19234.656,CE,2007
2006-11-20,BUM,5.1997,44415,19245.38963,CE,2007
2006-11-21,BUM,5.1458,44415,19045.89225,CE,2007
2006-11-22,BUM,5.7654,44415,21339.18675,CE,2007
2006-11-23,BUM,7.1405,44415,26428.77563,CE,2007
2006-11-24,BUM,8.6627,44415,32062.81838,CE,2007
2006-11-25,BUM,9.1513,44415,33871.24913,CE,2007
2006-11-26,BUM,9.3318,44415,34539.32475,CE,2007
2006-11-27,BUM,10.4198,44415,38566.28475,CE,2007
2006-11-28,BUM,11.9622,44415,44275.09275,CE,2007
2006-11-29,BUM,12.1984,44415,45149.328,CE,2007
2006-11-30,BUM,12.2193,44415,45226.68413,CE,2007
2006-12-01,BUM,12.6669,44415,46883.36363,CE,2007
2006-12-02,BUM,12.6805,44415,46933.70063,CE,2007
2006-12-03,BUM,12.6754,44415,46914.82425,CE,2007
2006-12-04,BUM,12.6675,44415,46885.58438,CE,2007
2006-12-05,BUM,12.6891,44415,46965.53138,CE,2007
2006-12-06,BUM,12.6852,44415,46951.0965,CE,2007
2006-12-07,BUM,12.6759,44415,46916.67488,CE,2007
2006-12-08,BUM,12.6239,44415,46724.20988,CE,2007
2006-12-09,BUM,12.5629,44415,46498.43363,CE,2007
2006-12-10,BUM,12.7472,44415,47180.574,CE,2007
2006-12-11,BUM,12.9303,44415,47858.27288,CE,2007
2006-12-12,BUM,13.7881,44415,51033.20513,CE,2007
2006-12-13,BUM,14.346,44415,53098.1325,CE,2007
2006-12-14,BUM,17.7344,44415,65639.448,CE,2007
2006-12-15,BUM,19.5483,44415,72353.14538,CE,2007
2006-12-16,BUM,20.7621,44415,76845.72263,CE,2007
2006-12-17,BUM,20.6557,44415,76451.90963,CE,2007
2006-12-18,BUM,20.558,44415,76090.2975,CE,2007
2006-12-19,BUM,19.0034,44415,70336.33425,CE,2007
2006-12-20,BUM,18.9353,44415,70084.27913,CE,2007
2006-12-21,BUM,18.9347,44415,70082.05838,CE,2007
2006-12-22,BUM,19.2512,44415,71253.504,CE,2007
2006-12-23,BUM,19.2877,44415,71388.59963,CE,2007
2006-12-24,BUM,19.8046,44415,73301.77575,CE,2007
2006-12-25,BUM,20.3397,44415,75282.31463,CE,2007
2006-12-26,BUM,20.8278,44415,77088.89475,CE,2007
2006-12-27,BUM,21.8321,44415,80806.06013,CE,2007
2006-12-28,BUM,23.5013,44415,86984.18663,CE,2007
2006-12-29,BUM,23.4921,44415,86950.13513,CE,2007
2006-12-30,BUM,23.4848,44415,86923.116,CE,2007
2006-12-31,BUM,23.476,44415,86890.545,CE,2007
2007-01-01,BUM,23.4701,44415,86868.70763,CE,2007
2007-01-02,BUM,23.5824,44415,87284.358,CE,2007
2007-01-03,BUM,24.6176,44415,91115.892,CE,2007
2007-01-04,BUM,25.3811,44415,93941.79638,CE,2007
2007-01-05,BUM,26.0601,44415,96454.94513,CE,2007
2007-01-06,BUM,26.6755,44415,98732.69438,CE,2007
2007-01-07,BUM,27.7055,44415,102544.9819,CE,2007
2007-01-08,BUM,28.3798,44415,105040.7348,CE,2007
2007-01-09,BUM,29.5526,44415,109381.5608,CE,2007
2007-01-10,BUM,29.9495,44415,110850.5869,CE,2007
2007-01-11,BUM,30.3077,44415,112176.3746,CE,2007
2007-01-12,BUM,30.4648,44415,112757.841,CE,2007
2007-01-13,BUM,30.4497,44415,112701.9521,CE,2007
2007-01-14,BUM,30.4391,44415,112662.7189,CE,2007
2007-01-15,BUM,30.4252,44415,112611.2715,CE,2007
2007-01-16,BUM,30.4125,44415,112564.2656,CE,2007
2007-01-17,BUM,30.5131,44415,112936.6114,CE,2007
2007-01-18,BUM,30.5007,44415,112890.7159,CE,2007
2007-01-19,BUM,30.5457,44415,113057.2721,CE,2007
2007-01-20,BUM,30.6194,44415,113330.0543,CE,2007
2007-01-21,BUM,30.7823,44415,113932.9879,CE,2007
2007-01-22,BUM,30.794,44415,113976.2925,CE,2007
2007-01-23,BUM,31.1801,44415,115405.3451,CE,2007
2007-01-24,BUM,31.163,44415,115342.0538,CE,2007
2007-01-25,BUM,31.1165,44415,115169.9456,CE,2007
2007-01-26,BUM,31.0262,44415,114835.7228,CE,2007
2007-01-27,BUM,30.946,44415,114538.8825,CE,2007
2007-01-28,BUM,30.851,44415,114187.2638,CE,2007
2007-01-29,BUM,30.7687,44415,113882.6509,CE,2007
2007-01-30,BUM,30.6665,44415,113504.3831,CE,2007
2007-01-31,BUM,30.5772,44415,113173.8615,CE,2007
2007-02-01,BUM,30.6483,44415,113437.0204,CE,2007
2007-02-02,BUM,30.6056,44415,113278.977,CE,2007
2007-02-03,BUM,30.5473,44415,113063.1941,CE,2007
2007-02-04,BUM,30.4972,44415,112877.7615,CE,2007
2007-02-05,BUM,30.3505,44415,112334.7881,CE,2007
2007-02-06,BUM,30.0067,44415,111062.2984,CE,2007
2007-02-07,BUM,29.6312,44415,109672.479,CE,2007
2007-02-08,BUM,29.6687,44415,109811.2759,CE,2007
2007-02-09,BUM,29.5002,44415,109187.6153,CE,2007
2007-02-10,BUM,29.5792,44415,109480.014,CE,2007
2007-02-11,BUM,29.736,44415,110060.37,CE,2007
2007-02-12,BUM,30.1205,44415,111483.5006,CE,2007
2007-02-13,BUM,30.9553,44415,114573.3041,CE,2007
2007-02-15,BUM,31.1438,44415,115270.9898,CE,2007
2007-02-16,BUM,32.0275,44415,118541.7844,CE,2007
2007-02-17,BUM,31.5958,44415,116943.9548,CE,2007
2007-02-18,BUM,31.2695,44415,115736.2369,CE,2007
2007-02-19,BUM,31.5717,44415,116854.7546,CE,2007
2007-02-20,BUM,32.1139,44415,118861.5724,CE,2007
2007-02-21,BUM,33.5405,44415,124141.7756,CE,2007
2007-02-22,BUM,34.7213,44415,128512.2116,CE,2007
2007-02-23,BUM,35.0942,44415,129892.4078,CE,2007
2007-02-24,BUM,35.4249,44415,131116.4111,CE,2007
2007-02-25,BUM,36.3278,44415,134458.2698,CE,2007
2007-02-26,BUM,37.0437,44415,137107.9946,CE,2007
2007-02-27,BUM,37.5979,44415,139159.2274,CE,2007
2007-02-28,BUM,38.2222,44415,141469.9178,CE,2007
2007-03-01,BUM,37.9042,44415,140292.9203,CE,2007
2007-03-02,BUM,38.3925,44415,142100.2406,CE,2007
2007-03-03,BUM,38.6727,44415,143137.3309,CE,2007
2007-03-04,BUM,38.7663,44415,143483.7679,CE,2007
2007-03-05,BUM,38.7494,44415,143421.2168,CE,2007
2007-03-06,BUM,38.7258,44415,143333.8673,CE,2007
2007-03-07,BUM,38.6473,44415,143043.3191,CE,2007
2007-03-08,BUM,38.7183,44415,143306.1079,CE,2007
2007-03-09,BUM,38.8801,44415,143904.9701,CE,2007
2007-03-10,BUM,38.904,44415,143993.43,CE,2007
2007-03-11,BUM,39.0946,44415,144698.8883,CE,2007
2007-03-12,BUM,39.3417,44415,145613.4671,CE,2007
2007-03-13,BUM,38.3848,44415,142071.741,CE,2007
2007-03-14,BUM,37.1117,44415,137359.6796,CE,2007
2007-03-15,BUM,37.0026,44415,136955.8733,CE,2007
2007-03-16,BUM,36.7682,44415,136088.3003,CE,2007
2007-03-17,BUM,36.3113,44415,134397.1991,CE,2007
2007-03-18,BUM,35.7717,44415,132400.0046,CE,2007
2007-03-19,BUM,35.2164,44415,130344.7005,CE,2007
2007-03-20,BUM,35.3851,44415,130969.1014,CE,2007
2007-03-21,BUM,35.6711,44415,132027.6589,CE,2007
2007-03-22,BUM,35.4671,44415,131272.6039,CE,2007
2007-03-23,BUM,35.2529,44415,130479.7961,CE,2007
2007-03-24,BUM,35.0157,44415,129601.8596,CE,2007
2007-03-25,BUM,35.0142,44415,129596.3078,CE,2007
2007-03-27,BUM,34.2954,44415,126935.8493,CE,2007
2007-03-28,BUM,34.8047,44415,128820.8959,CE,2007
2007-03-29,BUM,34.6098,44415,128099.5223,CE,2007
2007-03-30,BUM,34.3278,44415,127055.7698,CE,2007
2007-03-31,BUM,33.8792,44415,125395.389,CE,2007
2007-04-01,BUM,33.571,44415,124254.6638,CE,2007
2007-04-02,BUM,33.4759,44415,123902.6749,CE,2007
2007-04-03,BUM,34.1429,44415,126371.4086,CE,2007
2007-04-04,BUM,33.9196,44415,125544.9195,CE,2007
2007-04-05,BUM,33.6696,44415,124619.607,CE,2007
2007-04-06,BUM,33.2852,44415,123196.8465,CE,2007
2007-04-07,BUM,32.7121,44415,121075.6601,CE,2007
2007-04-08,BUM,32.3757,44415,119830.5596,CE,2007
2007-04-09,BUM,31.7383,44415,117471.3829,CE,2007
2007-04-10,BUM,32.4145,44415,119974.1681,CE,2007
2007-04-11,BUM,32.3852,44415,119865.7215,CE,2007
2007-04-12,BUM,32.17,44415,119069.2125,CE,2007
2007-04-13,BUM,31.9385,44415,118212.3731,CE,2007
2007-04-14,BUM,31.6672,44415,117208.224,CE,2007
2007-04-15,BUM,31.6702,44415,117219.3278,CE,2007
2007-04-16,BUM,31.4159,44415,116278.0999,CE,2007
2007-04-17,BUM,31.2296,44415,115588.557,CE,2007
2007-04-18,BUM,31.2887,44415,115807.3009,CE,2007
2007-04-19,BUM,31.9491,44415,118251.6064,CE,2007
2007-04-20,BUM,31.7274,44415,117431.0393,CE,2007
2007-04-21,BUM,31.467,44415,116467.2338,CE,2007
2007-04-22,BUM,31.33,44415,115960.1625,CE,2007
2007-04-23,BUM,30.9075,44415,114396.3844,CE,2007
2007-04-24,BUM,30.9072,44415,114395.274,CE,2007
2007-04-25,BUM,30.4199,44415,112591.6549,CE,2007
2007-04-26,BUM,29.9569,44415,110877.9761,CE,2007
2007-04-27,BUM,29.4786,44415,109107.6683,CE,2007
2007-04-28,BUM,28.9223,44415,107048.6629,CE,2007
2007-04-29,BUM,28.3122,44415,104790.5303,CE,2007
2007-04-30,BUM,27.7563,44415,102733.0054,CE,2007
2007-05-01,BUM,27.2982,44415,101037.4628,CE,2007
2007-05-02,BUM,27.6088,44415,102187.071,CE,2007
2007-05-03,BUM,27.2638,44415,100910.1398,CE,2007
2007-05-04,BUM,27.0005,44415,99935.60063,CE,2007
2007-05-05,BUM,26.7371,44415,98960.69138,CE,2007
2007-05-06,BUM,26.4109,44415,97753.34363,CE,2007
2007-05-07,BUM,25.8867,44415,95813.14838,CE,2007
2007-05-08,BUM,25.1764,44415,93184.1505,CE,2007
2007-05-09,BUM,24.2921,44415,89911.13513,CE,2007
2007-05-10,BUM,23.5759,44415,87260.29988,CE,2007
2007-05-11,BUM,23.1636,44415,85734.2745,CE,2007
2007-05-12,BUM,22.5084,44415,83309.2155,CE,2007
2007-05-13,BUM,21.8219,44415,80768.30738,CE,2007
2007-05-14,BUM,21.3628,44415,79069.0635,CE,2007
2007-05-15,BUM,20.8117,44415,77029.30463,CE,2007
2007-05-16,BUM,20.0445,44415,74189.70563,CE,2007
2007-05-17,BUM,19.2616,44415,71291.997,CE,2007
2007-05-18,BUM,18.6351,44415,68973.16388,CE,2007
2007-05-19,BUM,18.0828,44415,66928.9635,CE,2007
2007-05-20,BUM,17.5792,44415,65065.014,CE,2007
2007-05-21,BUM,17.3004,44415,64033.1055,CE,2007
2007-05-22,BUM,16.8702,44415,62440.82775,CE,2007
2007-05-23,BUM,16.4468,44415,60873.7185,CE,2007
2007-05-24,BUM,15.9347,44415,58978.30838,CE,2007
2007-05-25,BUM,15.3773,44415,56915.23163,CE,2007
2007-05-26,BUM,14.7911,44415,54745.55888,CE,2007
2007-05-27,BUM,14.151,44415,52376.38875,CE,2007
2007-05-28,BUM,13.6206,44415,50413.24575,CE,2007
2007-05-29,BUM,13.2224,44415,48939.408,CE,2007
2007-05-30,BUM,12.6642,44415,46873.37025,CE,2007
2007-05-31,BUM,11.9586,44415,44261.76825,CE,2007
2007-06-01,BUM,11.1696,44415,41341.482,CE,2007
2007-06-02,BUM,10.3882,44415,38449.32525,CE,2007
2007-06-03,BUM,9.5264,44415,35259.588,CE,2007
2007-06-04,BUM,8.5623,44415,31691.21288,CE,2007
2007-06-05,BUM,7.8513,44415,29059.62413,CE,2007
2007-06-06,BUM,6.3984,44415,23682.078,CE,2007
2007-06-07,BUM,6.1914,44415,22915.91925,CE,2007
2007-06-08,BUM,5.9537,44415,22036.13213,CE,2007
2007-06-09,BUM,5.6241,44415,20816.20013,CE,2007
2007-06-10,BUM,5.3432,44415,19776.519,CE,2007
2007-06-11,BUM,5.0497,44415,18690.20213,CE,2007
2007-06-12,BUM,4.8272,44415,17866.674,CE,2007
2007-06-13,BUM,4.5389,44415,16799.60363,CE,2007
2007-06-14,BUM,4.2248,44415,15637.041,CE,2007
2007-06-15,BUM,3.9586,44415,14651.76825,CE,2007
2007-06-16,BUM,3.7119,44415,13738.66988,CE,2007
2007-06-17,BUM,3.5015,44415,12959.92688,CE,2007
2007-06-18,BUM,3.3177,44415,12279.63713,CE,2007
2007-06-19,BUM,2.6868,44415,9944.5185,CE,2007
2007-06-20,BUM,2.3701,44415,8772.332625,CE,2007
2007-06-21,BUM,2.0039,44415,7416.934875,CE,2007
2007-06-22,BUM,1.751,44415,6480.88875,CE,2007
2007-06-23,BUM,1.5659,44415,5795.787375,CE,2007
2007-06-24,BUM,1.4204,44415,5257.2555,CE,2007
2007-06-25,BUM,1.3047,44415,4829.020875,CE,2007
2007-06-26,BUM,1.1984,44415,4435.578,CE,2007
2007-06-27,BUM,0.994,44415,3679.0425,CE,2007
2007-06-28,BUM,0.7766,44415,2874.39075,CE,2007
2007-06-29,BUM,0.627,44415,2320.68375,CE,2007
2007-06-30,BUM,0.5131,44415,1899.111375,CE,2007
2007-07-01,BUM,0.404,44415,1495.305,CE,2007
2007-07-02,BUM,0.2788,44415,1031.9085,CE,2007
2007-07-03,BUM,0.1858,44415,687.69225,CE,2007
2007-07-04,BUM,0.095,44415,351.61875,CE,2007
2007-07-05,BUM,0.0296,44415,109.557,CE,2007
2007-07-06,BUM,0.0055,44415,20.356875,CE,2007
2007-07-07,BUM,0,44415,0,CE,2007
2007-07-08,BUM,0,44415,0,CE,2007
2007-07-09,BUM,0,44415,0,CE,2007
2007-07-10,BUM,0,44415,0,CE,2007
2007-07-11,BUM,0,44415,0,CE,2007
2007-07-12,BUM,0,44415,0,CE,2007
2007-07-13,BUM,0,44415,0,CE,2007
2007-07-14,BUM,0,44415,0,CE,2007
2007-07-15,BUM,0,44415,0,CE,2007
2007-07-16,BUM,0,44415,0,CE,2007
2007-07-17,BUM,0,44415,0,CE,2007
2007-07-18,BUM,0,44415,0,CE,2007
2007-07-19,BUM,0,44415,0,CE,2007
2007-07-20,BUM,0,44415,0,CE,2007
2007-07-21,BUM,0,44415,0,CE,2007
2007-07-22,BUM,0,44415,0,CE,2007
2007-07-23,BUM,0,44415,0,CE,2007
2007-07-24,BUM,0,44415,0,CE,2007
2007-07-25,BUM,0,44415,0,CE,2007
2007-07-26,BUM,0,44415,0,CE,2007
2007-07-27,BUM,0,44415,0,CE,2007
2007-07-28,BUM,0,44415,0,CE,2007
2007-07-29,BUM,0,44415,0,CE,2007
2007-07-30,BUM,0,44415,0,CE,2007
2007-07-31,BUM,0,44415,0,CE,2007
2007-08-01,BUM,0,44415,0,CE,2007
2007-08-02,BUM,0,44415,0,CE,2007
2007-08-03,BUM,0,44415,0,CE,2007
2007-08-04,BUM,0,44415,0,CE,2007
2007-08-05,BUM,0,44415,0,CE,2007
2007-08-06,BUM,0,44415,0,CE,2007
2007-08-07,BUM,0,44415,0,CE,2007
2007-08-08,BUM,0,44415,0,CE,2007
2007-08-09,BUM,0,44415,0,CE,2007
2007-08-10,BUM,0,44415,0,CE,2007
2007-08-11,BUM,0,44415,0,CE,2007
2007-08-12,BUM,0,44415,0,CE,2007
2007-08-13,BUM,0,44415,0,CE,2007
2007-08-14,BUM,0,44415,0,CE,2007
2007-08-15,BUM,0,44415,0,CE,2007
2007-08-16,BUM,0,44415,0,CE,2007
2007-08-17,BUM,0,44415,0,CE,2007
2007-08-18,BUM,0,44415,0,CE,2007
2007-08-19,BUM,0,44415,0,CE,2007
2007-08-20,BUM,0,44415,0,CE,2007
2007-08-21,BUM,0,44415,0,CE,2007
2007-08-22,BUM,0,44415,0,CE,2007
2007-08-23,BUM,0,44415,0,CE,2007
2007-08-24,BUM,0,44415,0,CE,2007
2007-08-25,BUM,0,44415,0,CE,2007
2007-08-26,BUM,0,44415,0,CE,2007
2007-08-27,BUM,0,44415,0,CE,2007
2007-08-28,BUM,0,44415,0,CE,2007
2007-08-29,BUM,0,44415,0,CE,2007
2007-08-30,BUM,0,44415,0,CE,2007
2007-08-31,BUM,0,44415,0,CE,2007
2007-09-01,BUM,0,44415,0,CE,2007
2007-09-02,BUM,0,44415,0,CE,2007
2007-09-03,BUM,0,44415,0,CE,2007
2007-09-04,BUM,0,44415,0,CE,2007
2007-09-05,BUM,0,44415,0,CE,2007
2007-09-06,BUM,0,44415,0,CE,2007
2007-09-07,BUM,0,44415,0,CE,2007
2007-09-08,BUM,0,44415,0,CE,2007
2007-09-09,BUM,0,44415,0,CE,2007
2007-09-10,BUM,0,44415,0,CE,2007
2007-09-11,BUM,0,44415,0,CE,2007
2007-09-12,BUM,0,44415,0,CE,2007
2007-09-13,BUM,0,44415,0,CE,2007
2007-09-14,BUM,0,44415,0,CE,2007
2007-09-15,BUM,0,44415,0,CE,2007
2007-09-16,BUM,0,44415,0,CE,2007
2007-09-17,BUM,0,44415,0,CE,2007
2007-09-18,BUM,0,44415,0,CE,2007
2007-09-19,BUM,0,44415,0,CE,2007
2007-09-20,BUM,0,44415,0,CE,2007
2007-09-21,BUM,0,44415,0,CE,2007
2007-09-22,BUM,0,44415,0,CE,2007
2007-09-23,BUM,0,44415,0,CE,2007
2007-09-24,BUM,0,44415,0,CE,2007
2007-09-25,BUM,0,44415,0,CE,2007
2007-09-26,BUM,0,44415,0,CE,2007
2007-09-27,BUM,0,44415,0,CE,2007
2007-09-28,BUM,0,44415,0,CE,2007
2007-09-29,BUM,0.0058,44415,21.46725,CE,2007
2007-09-30,BUM,0.0045,44415,16.655625,CE,2007
2007-10-01,BUM,0.0017,44415,6.292125,CE,2008
2007-10-02,BUM,0.0036,44415,13.3245,CE,2008
2007-10-03,BUM,0.0037,44415,13.694625,CE,2008
2007-10-04,BUM,0.0095,44415,35.161875,CE,2008
2007-10-05,BUM,0.0827,44415,306.093375,CE,2008
2007-10-06,BUM,0.0627,44415,232.068375,CE,2008
2007-10-07,BUM,0.0296,44415,109.557,CE,2008
2007-10-08,BUM,0.0022,44415,8.14275,CE,2008
2007-10-09,BUM,0.0019,44415,7.032375,CE,2008
2007-10-10,BUM,0,44415,0,CE,2008
2007-10-11,BUM,0,44415,0,CE,2008
2007-10-12,BUM,0,44415,0,CE,2008
2007-10-13,BUM,0,44415,0,CE,2008
2007-10-14,BUM,0,44415,0,CE,2008
2007-10-15,BUM,0,44415,0,CE,2008
2007-10-16,BUM,0,44415,0,CE,2008
2007-10-17,BUM,8e-4,44415,2.961,CE,2008
2007-10-18,BUM,0.1572,44415,581.8365,CE,2008
2007-10-19,BUM,0.5984,44415,2214.828,CE,2008
2007-10-20,BUM,0.6135,44415,2270.716875,CE,2008
2007-10-21,BUM,1.0201,44415,3775.645125,CE,2008
2007-10-22,BUM,1.0057,44415,3722.347125,CE,2008
2007-10-23,BUM,0.6348,44415,2349.5535,CE,2008
2007-10-24,BUM,0.1222,44415,452.29275,CE,2008
2007-10-25,BUM,0.0185,44415,68.473125,CE,2008
2007-10-26,BUM,0.0176,44415,65.142,CE,2008
2007-10-27,BUM,0.0121,44415,44.785125,CE,2008
2007-10-28,BUM,0.0027,44415,9.993375,CE,2008
2007-10-29,BUM,0,44415,0,CE,2008
2007-10-30,BUM,0,44415,0,CE,2008
2007-10-31,BUM,0,44415,0,CE,2008
2007-11-01,BUM,0,44415,0,CE,2008
2007-11-02,BUM,0,44415,0,CE,2008
2007-11-03,BUM,0,44415,0,CE,2008
2007-11-04,BUM,0,44415,0,CE,2008
2007-11-05,BUM,0,44415,0,CE,2008
2007-11-06,BUM,0,44415,0,CE,2008
2007-11-07,BUM,0,44415,0,CE,2008
2007-11-08,BUM,0,44415,0,CE,2008
2007-11-09,BUM,0,44415,0,CE,2008
2007-11-10,BUM,0,44415,0,CE,2008
2007-11-11,BUM,0,44415,0,CE,2008
2007-11-12,BUM,4e-4,44415,1.4805,CE,2008
2007-11-13,BUM,0.5475,44415,2026.434375,CE,2008
2007-11-14,BUM,0.6694,44415,2477.61675,CE,2008
2007-11-15,BUM,1.2715,44415,4706.139375,CE,2008
2007-11-16,BUM,1.2048,44415,4459.266,CE,2008
2007-11-17,BUM,0.9091,44415,3364.806375,CE,2008
2007-11-18,BUM,0.7421,44415,2746.697625,CE,2008
2007-11-19,BUM,1.2148,44415,4496.2785,CE,2008
2007-11-20,BUM,1.593,44415,5896.09125,CE,2008
2007-11-21,BUM,1.5908,44415,5887.9485,CE,2008
2007-11-22,BUM,1.9905,44415,7367.338125,CE,2008
2007-11-23,BUM,1.98,44415,7328.475,CE,2008
2007-11-24,BUM,1.9327,44415,7153.405875,CE,2008
2007-11-25,BUM,1.8777,44415,6949.837125,CE,2008
2007-11-26,BUM,1.8563,44415,6870.630375,CE,2008
2007-11-27,BUM,2.1558,44415,7979.15475,CE,2008
2007-11-28,BUM,2.3047,44415,8530.270875,CE,2008
2007-11-29,BUM,2.5348,44415,9381.9285,CE,2008
2007-11-30,BUM,2.9856,44415,11050.452,CE,2008
2007-12-01,BUM,3.0105,44415,11142.61313,CE,2008
2007-12-02,BUM,3.5456,44415,13123.152,CE,2008
2007-12-03,BUM,6.0688,44415,22462.146,CE,2008
2007-12-04,BUM,7.0283,44415,26013.49538,CE,2008
2007-12-05,BUM,6.1938,44415,22924.80225,CE,2008
2007-12-06,BUM,6.8319,44415,25286.56988,CE,2008
2007-12-07,BUM,7.0374,44415,26047.17675,CE,2008
2007-12-08,BUM,6.9044,44415,25554.9105,CE,2008
2007-12-09,BUM,6.7546,44415,25000.46325,CE,2008
2007-12-10,BUM,6.5634,44415,24292.78425,CE,2008
2007-12-11,BUM,6.391,44415,23654.68875,CE,2008
2007-12-12,BUM,6.2388,44415,23091.3585,CE,2008
2007-12-13,BUM,6.1201,44415,22652.02013,CE,2008
2007-12-14,BUM,6.0675,44415,22457.33438,CE,2008
2007-12-15,BUM,6.8645,44415,25407.23063,CE,2008
2007-12-16,BUM,7.4401,44415,27537.67013,CE,2008
2007-12-17,BUM,7.781,44415,28799.42625,CE,2008
2007-12-18,BUM,8.423,44415,31175.62875,CE,2008
2007-12-19,BUM,9.6101,44415,35569.38263,CE,2008
2007-12-20,BUM,11.0029,44415,40724.48363,CE,2008
2007-12-21,BUM,11.563,44415,42797.55375,CE,2008
2007-12-22,BUM,11.5607,44415,42789.04088,CE,2008
2007-12-23,BUM,12.0315,44415,44531.58938,CE,2008
2007-12-24,BUM,13.006,44415,48138.4575,CE,2008
2007-12-25,BUM,13.2269,44415,48956.06363,CE,2008
2007-12-26,BUM,13.616,44415,50396.22,CE,2008
2007-12-27,BUM,14.8475,44415,54954.30938,CE,2008
2007-12-28,BUM,15.5305,44415,57482.26313,CE,2008
2007-12-29,BUM,16.3435,44415,60491.37938,CE,2008
2007-12-30,BUM,16.9939,44415,62898.67238,CE,2008
2007-12-31,BUM,17.869,44415,66137.63625,CE,2008
2008-01-01,BUM,18.0374,44415,66760.92675,CE,2008
2008-01-02,BUM,18.0307,44415,66736.12838,CE,2008
2008-01-03,BUM,18.7631,44415,69446.92388,CE,2008
2008-01-04,BUM,19.4536,44415,72002.637,CE,2008
2008-01-05,BUM,20.1267,44415,74493.94838,CE,2008
2008-01-06,BUM,20.912,44415,77400.54,CE,2008
2008-01-07,BUM,21.4066,44415,79231.17825,CE,2008
2008-01-08,BUM,21.6478,44415,80123.91975,CE,2008
2008-01-09,BUM,22.7697,44415,84276.35213,CE,2008
2008-01-10,BUM,23.2325,44415,85989.29063,CE,2008
2008-01-11,BUM,24.8902,44415,92124.85275,CE,2008
2008-01-12,BUM,25.6036,44415,94765.3245,CE,2008
2008-01-13,BUM,25.8165,44415,95553.32063,CE,2008
2008-01-14,BUM,25.7864,44415,95441.913,CE,2008
2008-01-15,BUM,26.9432,44415,99723.519,CE,2008
2008-01-16,BUM,27.029,44415,100041.0863,CE,2008
2008-01-17,BUM,27.0268,44415,100032.9435,CE,2008
2008-01-18,BUM,27.0194,44415,100005.5543,CE,2008
2008-01-19,BUM,26.985,44415,99878.23125,CE,2008
2008-01-20,BUM,27.2286,44415,100779.8558,CE,2008
2008-01-21,BUM,27.2866,44415,100994.5283,CE,2008
2008-01-22,BUM,27.2776,44415,100961.217,CE,2008
2008-01-23,BUM,27.2694,44415,100930.8668,CE,2008
2008-01-24,BUM,27.4295,44415,101523.4369,CE,2008
2008-01-25,BUM,27.4247,44415,101505.6709,CE,2008
2008-01-26,BUM,27.4207,44415,101490.8659,CE,2008
2008-01-27,BUM,28.0808,44415,103934.061,CE,2008
2008-01-28,BUM,28.476,44415,105396.795,CE,2008
2008-01-29,BUM,28.9172,44415,107029.7865,CE,2008
2008-01-30,BUM,30.1055,44415,111427.9819,CE,2008
2008-01-31,BUM,30.8633,44415,114232.7891,CE,2008
2008-02-01,BUM,32.8273,44415,121502.0441,CE,2008
2008-02-02,BUM,33.9087,44415,125504.5759,CE,2008
2008-02-03,BUM,34.354,44415,127152.7425,CE,2008
2008-02-04,BUM,34.3864,44415,127272.663,CE,2008
2008-02-05,BUM,34.4401,44415,127471.4201,CE,2008
2008-02-06,BUM,35.1621,44415,130143.7226,CE,2008
2008-02-07,BUM,35.7539,44415,132334.1224,CE,2008
2008-02-08,BUM,37.5092,44415,138830.9265,CE,2008
2008-02-09,BUM,39.9273,44415,147780.9191,CE,2008
2008-02-10,BUM,40.0641,44415,148287.2501,CE,2008
2008-02-11,BUM,40.2698,44415,149048.5973,CE,2008
2008-02-12,BUM,40.2281,44415,148894.2551,CE,2008
2008-02-13,BUM,40.2662,44415,149035.2728,CE,2008
2008-02-14,BUM,40.3392,44415,149305.464,CE,2008
2008-02-15,BUM,40.3274,44415,149261.7893,CE,2008
2008-02-16,BUM,40.2618,44415,149018.9873,CE,2008
2008-02-17,BUM,40.2102,44415,148828.0028,CE,2008
2008-02-18,BUM,40.1569,44415,148630.7261,CE,2008
2008-02-19,BUM,40.056,44415,148257.27,CE,2008
2008-02-20,BUM,42.4364,44415,157067.7255,CE,2008
2008-02-21,BUM,42.3719,44415,156828.9949,CE,2008
2008-02-22,BUM,42.3498,44415,156747.1973,CE,2008
2008-02-23,BUM,42.3294,44415,156671.6918,CE,2008
2008-02-24,BUM,42.3259,44415,156658.7374,CE,2008
2008-02-25,BUM,42.3336,44415,156687.237,CE,2008
2008-02-26,BUM,42.3825,44415,156868.2281,CE,2008
2008-02-27,BUM,42.3344,44415,156690.198,CE,2008
2008-02-28,BUM,42.221,44415,156270.4763,CE,2008
2008-02-29,BUM,42.0396,44415,155599.0695,CE,2008
2008-03-01,BUM,42.0459,44415,155622.3874,CE,2008
2008-03-02,BUM,42.3142,44415,156615.4328,CE,2008
2008-03-03,BUM,42.31,44415,156599.8875,CE,2008
2008-03-04,BUM,44.0416,44415,163008.972,CE,2008
2008-03-05,BUM,44.1667,44415,163471.9984,CE,2008
2008-03-06,BUM,44.1254,44415,163319.1368,CE,2008
2008-03-07,BUM,44.0002,44415,162855.7403,CE,2008
2008-03-08,BUM,43.9163,44415,162545.2054,CE,2008
2008-03-09,BUM,44.002,44415,162862.4025,CE,2008
2008-03-10,BUM,43.8259,44415,162210.6124,CE,2008
2008-03-11,BUM,43.7025,44415,161753.8781,CE,2008
2008-03-12,BUM,43.9296,44415,162594.432,CE,2008
2008-03-14,BUM,44.8565,44415,166025.1206,CE,2008
2008-03-15,BUM,45.6192,44415,168848.064,CE,2008
2008-03-16,BUM,45.6633,44415,169011.2891,CE,2008
2008-03-17,BUM,45.7059,44415,169168.9624,CE,2008
2008-03-18,BUM,45.8681,44415,169769.3051,CE,2008
2008-03-19,BUM,46.0717,44415,170522.8796,CE,2008
2008-03-20,BUM,46.1939,44415,170975.1724,CE,2008
2008-03-21,BUM,47.112,44415,174373.29,CE,2008
2008-03-22,BUM,47.4042,44415,175454.7953,CE,2008
2008-03-23,BUM,47.3839,44415,175379.6599,CE,2008
2008-03-24,BUM,48.0282,44415,177764.3753,CE,2008
2008-03-25,BUM,48.031,44415,177774.7388,CE,2008
2008-03-26,BUM,48.4125,44415,179186.7656,CE,2008
2008-03-27,BUM,49.2718,44415,182367.2498,CE,2008
2008-03-28,BUM,49.0924,44415,181703.2455,CE,2008
2008-03-29,BUM,50.0192,44415,185133.564,CE,2008
2008-03-30,BUM,50.4657,44415,186786.1721,CE,2008
2008-03-31,BUM,50.4819,44415,186846.1324,CE,2008
2008-04-01,BUM,50.5147,44415,186967.5334,CE,2008
2008-04-02,BUM,50.5074,44415,186940.5143,CE,2008
2008-04-03,BUM,50.469,44415,186798.3863,CE,2008
2008-04-04,BUM,50.3603,44415,186396.0604,CE,2008
2008-04-05,BUM,50.6341,44415,187409.4626,CE,2008
2008-04-06,BUM,50.6807,44415,187581.9409,CE,2008
2008-04-07,BUM,50.9824,44415,188698.608,CE,2008
2008-04-08,BUM,51.1817,44415,189436.2671,CE,2008
2008-04-09,BUM,52.0359,44415,192597.8749,CE,2008
2008-04-10,BUM,52.0441,44415,192628.2251,CE,2008
2008-04-11,BUM,52.1202,44415,192909.8903,CE,2008
2008-04-12,BUM,51.9816,44415,192396.897,CE,2008
2008-04-13,BUM,51.7019,44415,191361.6574,CE,2008
2008-04-14,BUM,51.3083,44415,189904.8454,CE,2008
2008-04-15,BUM,51.2266,44415,189602.4533,CE,2008
2008-04-16,BUM,51.2525,44415,189698.3156,CE,2008
2008-04-17,BUM,51.1856,44415,189450.702,CE,2008
2008-04-18,BUM,51.323,44415,189959.2538,CE,2008
2008-04-19,BUM,51.6518,44415,191176.2248,CE,2008
2008-04-20,BUM,51.7401,44415,191503.0451,CE,2008
2008-04-21,BUM,51.817,44415,191787.6713,CE,2008
2008-04-22,BUM,51.8411,44415,191876.8714,CE,2008
2008-04-23,BUM,52.2262,44415,193302.2228,CE,2008
2008-04-24,BUM,52.9146,44415,195850.1633,CE,2008
2008-04-25,BUM,52.9466,44415,195968.6033,CE,2008
2008-04-26,BUM,52.8951,44415,195777.9889,CE,2008
2008-04-27,BUM,52.7509,44415,195244.2686,CE,2008
2008-04-28,BUM,52.4391,44415,194090.2189,CE,2008
2008-04-29,BUM,52.151,44415,193023.8888,CE,2008
2008-04-30,BUM,52.1578,44415,193049.0573,CE,2008
2008-05-01,BUM,52.127,44415,192935.0588,CE,2008
2008-05-02,BUM,52.1249,44415,192927.2861,CE,2008
2008-05-03,BUM,51.9059,44415,192116.7124,CE,2008
2008-05-04,BUM,51.6035,44415,190997.4544,CE,2008
2008-05-05,BUM,51.2805,44415,189801.9506,CE,2008
2008-05-06,BUM,50.8857,44415,188340.6971,CE,2008
2008-05-07,BUM,50.5999,44415,187282.8799,CE,2008
2008-05-08,BUM,49.9685,44415,184945.9106,CE,2008
2008-05-09,BUM,49.8118,44415,184365.9248,CE,2008
2008-05-10,BUM,49.6087,44415,183614.2009,CE,2008
2008-05-11,BUM,49.3224,44415,182554.533,CE,2008
2008-05-12,BUM,49.2173,44415,182165.5316,CE,2008
2008-05-13,BUM,48.9742,44415,181265.7578,CE,2008
2008-05-14,BUM,48.712,44415,180295.29,CE,2008
2008-05-15,BUM,47.343,44415,175228.2788,CE,2008
2008-05-16,BUM,46.6512,44415,172667.754,CE,2008
2008-05-17,BUM,45.6135,44415,168826.9669,CE,2008
2008-05-18,BUM,44.3154,44415,164022.3743,CE,2008
2008-05-19,BUM,42.9762,44415,159065.6603,CE,2008
2008-05-20,BUM,41.8604,44415,154935.8055,CE,2008
2008-05-21,BUM,41.1965,44415,152478.5456,CE,2008
2008-05-22,BUM,40.8227,44415,151095.0184,CE,2008
2008-05-23,BUM,39.563,44415,146432.5538,CE,2008
2008-05-24,BUM,39.1577,44415,144932.4371,CE,2008
2008-05-25,BUM,38.6664,44415,143114.013,CE,2008
2008-05-26,BUM,38.0233,44415,140733.7391,CE,2008
2008-05-27,BUM,37.4292,44415,138534.8265,CE,2008
2008-05-28,BUM,36.6147,44415,135520.1584,CE,2008
2008-05-29,BUM,35.8373,44415,132642.8066,CE,2008
2008-05-30,BUM,34.9383,44415,129315.3829,CE,2008
2008-05-31,BUM,34.3226,44415,127036.5233,CE,2008
2008-06-01,BUM,33.7272,44415,124832.799,CE,2008
2008-06-02,BUM,33.107,44415,122537.2838,CE,2008
2008-06-03,BUM,32.5696,44415,120548.232,CE,2008
2008-06-04,BUM,32.3975,44415,119911.2469,CE,2008
2008-06-05,BUM,31.7963,44415,117686.0554,CE,2008
2008-06-06,BUM,30.8292,44415,114106.5765,CE,2008
2008-06-07,BUM,30.8357,44415,114130.6346,CE,2008
2008-06-08,BUM,30.3301,44415,112259.2826,CE,2008
2008-06-09,BUM,29.7954,44415,110280.2243,CE,2008
2008-06-10,BUM,29.4039,44415,108831.1849,CE,2008
2008-06-11,BUM,30.0623,44415,111268.0879,CE,2008
2008-06-12,BUM,29.6282,44415,109661.3753,CE,2008
2008-06-14,BUM,28.1712,44415,104268.654,CE,2008
2008-06-15,BUM,27.5151,44415,101840.2639,CE,2008
2008-06-16,BUM,26.8301,44415,99304.90763,CE,2008
2008-06-17,BUM,26.0878,44415,96557.46975,CE,2008
2008-06-19,BUM,23.8636,44415,88325.1495,CE,2008
2008-06-20,BUM,23.2253,44415,85962.64163,CE,2008
2008-06-21,BUM,22.3848,44415,82851.741,CE,2008
2008-06-22,BUM,21.3679,44415,79087.93988,CE,2008
2008-06-23,BUM,20.5831,44415,76183.19888,CE,2008
2008-06-24,BUM,19.9291,44415,73762.58138,CE,2008
2008-06-25,BUM,19.2732,44415,71334.9315,CE,2008
2008-06-26,BUM,17.6218,44415,65222.68725,CE,2008
2008-06-27,BUM,16.9251,44415,62644.02638,CE,2008
2008-06-28,BUM,16.0058,44415,59241.46725,CE,2008
2008-06-29,BUM,14.7916,44415,54747.4095,CE,2008
2008-06-30,BUM,13.4507,44415,49784.40338,CE,2008
2008-07-01,BUM,12.2958,44415,45509.82975,CE,2008
2008-07-02,BUM,10.1017,44415,37388.91713,CE,2008
2008-07-03,BUM,9.1523,44415,33874.95038,CE,2008
2008-07-04,BUM,8.2565,44415,30559.37063,CE,2008
2008-07-05,BUM,7.6878,44415,28454.46975,CE,2008
2008-07-06,BUM,7.2044,44415,26665.2855,CE,2008
2008-07-07,BUM,6.7391,44415,24943.09388,CE,2008
2008-07-08,BUM,6.2235,44415,23034.72938,CE,2008
2008-07-09,BUM,5.6475,44415,20902.80938,CE,2008
2008-07-10,BUM,4.0255,44415,14899.38188,CE,2008
2008-07-11,BUM,3.6397,44415,13471.43963,CE,2008
2008-07-12,BUM,3.2794,44415,12137.87925,CE,2008
2008-07-13,BUM,2.8043,44415,10379.41538,CE,2008
2008-07-14,BUM,2.3447,44415,8678.320875,CE,2008
2008-07-15,BUM,1.9558,44415,7238.90475,CE,2008
2008-07-16,BUM,1.6513,44415,6111.874125,CE,2008
2008-07-17,BUM,1.4058,44415,5203.21725,CE,2008
2008-07-18,BUM,1.1976,44415,4432.617,CE,2008
2008-07-19,BUM,1.03,44415,3812.2875,CE,2008
2008-07-20,BUM,0.8606,44415,3185.29575,CE,2008
2008-07-21,BUM,0.6766,44415,2504.26575,CE,2008
2008-07-22,BUM,0.5015,44415,1856.176875,CE,2008
2008-07-23,BUM,0.3911,44415,1447.558875,CE,2008
2008-07-24,BUM,0.3224,44415,1193.283,CE,2008
2008-07-25,BUM,0.238,44415,880.8975,CE,2008
2008-07-26,BUM,0.1579,44415,584.427375,CE,2008
2008-07-27,BUM,0.1092,44415,404.1765,CE,2008
2008-07-28,BUM,0.0775,44415,286.846875,CE,2008
2008-07-29,BUM,0.0502,44415,185.80275,CE,2008
2008-07-30,BUM,0.0316,44415,116.9595,CE,2008
2008-07-31,BUM,0.0201,44415,74.395125,CE,2008
2008-08-01,BUM,0.0076,44415,28.1295,CE,2008
2008-08-02,BUM,0.0034,44415,12.58425,CE,2008
2008-08-03,BUM,0.0012,44415,4.4415,CE,2008
2008-08-04,BUM,0,44415,0,CE,2008
2008-08-05,BUM,0,44415,0,CE,2008
2008-08-06,BUM,0,44415,0,CE,2008
2008-08-07,BUM,0,44415,0,CE,2008
2008-08-08,BUM,0,44415,0,CE,2008
2008-08-09,BUM,0,44415,0,CE,2008
2008-08-10,BUM,0,44415,0,CE,2008
2008-08-11,BUM,0,44415,0,CE,2008
2008-08-12,BUM,0,44415,0,CE,2008
2008-08-13,BUM,0,44415,0,CE,2008
2008-08-14,BUM,0,44415,0,CE,2008
2008-08-15,BUM,0,44415,0,CE,2008
2008-08-16,BUM,0,44415,0,CE,2008
2008-08-17,BUM,0,44415,0,CE,2008
2008-08-18,BUM,0,44415,0,CE,2008
2008-08-19,BUM,0,44415,0,CE,2008
2008-08-20,BUM,0,44415,0,CE,2008
2008-08-21,BUM,0,44415,0,CE,2008
2008-08-22,BUM,0,44415,0,CE,2008
2008-08-23,BUM,0,44415,0,CE,2008
2008-08-24,BUM,0,44415,0,CE,2008
2008-08-25,BUM,0,44415,0,CE,2008
2008-08-26,BUM,0,44415,0,CE,2008
2008-08-27,BUM,0,44415,0,CE,2008
2008-08-28,BUM,0,44415,0,CE,2008
2008-08-29,BUM,0,44415,0,CE,2008
2008-08-30,BUM,0,44415,0,CE,2008
2008-08-31,BUM,0,44415,0,CE,2008
2008-09-01,BUM,0,44415,0,CE,2008
2008-09-02,BUM,0,44415,0,CE,2008
2008-09-03,BUM,0,44415,0,CE,2008
2008-09-04,BUM,0,44415,0,CE,2008
2008-09-05,BUM,0,44415,0,CE,2008
2008-09-06,BUM,0,44415,0,CE,2008
2008-09-07,BUM,0,44415,0,CE,2008
2008-09-08,BUM,0,44415,0,CE,2008
2008-09-09,BUM,0,44415,0,CE,2008
2008-09-10,BUM,0,44415,0,CE,2008
2008-09-11,BUM,0,44415,0,CE,2008
2008-09-12,BUM,0,44415,0,CE,2008
2008-09-13,BUM,0,44415,0,CE,2008
2008-09-14,BUM,0,44415,0,CE,2008
2008-09-15,BUM,0,44415,0,CE,2008
2008-09-16,BUM,0,44415,0,CE,2008
2008-09-17,BUM,0,44415,0,CE,2008
2008-09-18,BUM,0,44415,0,CE,2008
2008-09-19,BUM,0,44415,0,CE,2008
2008-09-20,BUM,0,44415,0,CE,2008
2008-09-21,BUM,0,44415,0,CE,2008
2008-09-22,BUM,0,44415,0,CE,2008
2008-09-23,BUM,0,44415,0,CE,2008
2008-09-24,BUM,0,44415,0,CE,2008
2008-09-25,BUM,0,44415,0,CE,2008
2008-09-26,BUM,0,44415,0,CE,2008
2008-09-27,BUM,0,44415,0,CE,2008
2008-09-28,BUM,0,44415,0,CE,2008
2008-09-29,BUM,0,44415,0,CE,2008
2008-09-30,BUM,0,44415,0,CE,2008
2008-10-01,BUM,0,44415,0,CE,2009
2008-10-02,BUM,0,44415,0,CE,2009
2008-10-03,BUM,0,44415,0,CE,2009
2008-10-04,BUM,0,44415,0,CE,2009
2008-10-05,BUM,0,44415,0,CE,2009
2008-10-06,BUM,0,44415,0,CE,2009
2008-10-07,BUM,0,44415,0,CE,2009
2008-10-08,BUM,0,44415,0,CE,2009
2008-10-09,BUM,0,44415,0,CE,2009
2008-10-10,BUM,0,44415,0,CE,2009
2008-10-11,BUM,5e-4,44415,1.850625,CE,2009
2008-10-12,BUM,2e-4,44415,0.74025,CE,2009
2008-10-13,BUM,0,44415,0,CE,2009
2008-10-14,BUM,0,44415,0,CE,2009
2008-10-15,BUM,0,44415,0,CE,2009
2008-10-16,BUM,0,44415,0,CE,2009
2008-10-17,BUM,0,44415,0,CE,2009
2008-10-18,BUM,0,44415,0,CE,2009
2008-10-19,BUM,0,44415,0,CE,2009
2008-10-20,BUM,0,44415,0,CE,2009
2008-10-21,BUM,0.005,44415,18.50625,CE,2009
2008-10-22,BUM,0.0038,44415,14.06475,CE,2009
2008-10-23,BUM,0,44415,0,CE,2009
2008-10-24,BUM,0,44415,0,CE,2009
2008-10-25,BUM,0,44415,0,CE,2009
2008-10-26,BUM,0,44415,0,CE,2009
2008-10-27,BUM,0,44415,0,CE,2009
2008-10-28,BUM,0,44415,0,CE,2009
2008-10-29,BUM,0,44415,0,CE,2009
2008-10-30,BUM,0,44415,0,CE,2009
2008-10-31,BUM,0,44415,0,CE,2009
2008-11-01,BUM,0,44415,0,CE,2009
2008-11-02,BUM,0,44415,0,CE,2009
2008-11-03,BUM,8e-4,44415,2.961,CE,2009
2008-11-04,BUM,0.0699,44415,258.717375,CE,2009
2008-11-05,BUM,0.4855,44415,1796.956875,CE,2009
2008-11-06,BUM,0.5151,44415,1906.513875,CE,2009
2008-11-07,BUM,0.8297,44415,3070.927125,CE,2009
2008-11-08,BUM,0.1905,44415,705.088125,CE,2009
2008-11-09,BUM,0.0128,44415,47.376,CE,2009
2008-11-10,BUM,0.001,44415,3.70125,CE,2009
2008-11-11,BUM,0.0028,44415,10.3635,CE,2009
2008-11-12,BUM,0.2306,44415,853.50825,CE,2009
2008-11-13,BUM,0.0029,44415,10.733625,CE,2009
2008-11-14,BUM,0.0039,44415,14.434875,CE,2009
2008-11-15,BUM,0,44415,0,CE,2009
2008-11-16,BUM,0,44415,0,CE,2009
2008-11-17,BUM,0,44415,0,CE,2009
2008-11-18,BUM,0,44415,0,CE,2009
2008-11-19,BUM,0,44415,0,CE,2009
2008-11-20,BUM,0.0335,44415,123.991875,CE,2009
2008-11-21,BUM,0.5109,44415,1890.968625,CE,2009
2008-11-22,BUM,0.6438,44415,2382.86475,CE,2009
2008-11-23,BUM,0.6746,44415,2496.86325,CE,2009
2008-11-24,BUM,0.6645,44415,2459.480625,CE,2009
2008-11-25,BUM,0.6102,44415,2258.50275,CE,2009
2008-11-26,BUM,0.4286,44415,1586.35575,CE,2009
2008-11-27,BUM,0.4019,44415,1487.532375,CE,2009
2008-11-28,BUM,0.3811,44415,1410.546375,CE,2009
2008-11-29,BUM,0.3131,44415,1158.861375,CE,2009
2008-11-30,BUM,0.0872,44415,322.749,CE,2009
2008-12-01,BUM,0.0214,44415,79.20675,CE,2009
2008-12-02,BUM,0.0106,44415,39.23325,CE,2009
2008-12-03,BUM,0.002,44415,7.4025,CE,2009
2008-12-04,BUM,0.0016,44415,5.922,CE,2009
2008-12-05,BUM,0.0016,44415,5.922,CE,2009
2008-12-06,BUM,6e-4,44415,2.22075,CE,2009
2008-12-07,BUM,0,44415,0,CE,2009
2008-12-08,BUM,0.2017,44415,746.542125,CE,2009
2008-12-09,BUM,0.2027,44415,750.243375,CE,2009
2008-12-10,BUM,0.2157,44415,798.359625,CE,2009
2008-12-11,BUM,0.6295,44415,2329.936875,CE,2009
2008-12-12,BUM,0.5256,44415,1945.377,CE,2009
2008-12-13,BUM,1.3917,44415,5151.029625,CE,2009
2008-12-14,BUM,1.9749,44415,7309.598625,CE,2009
2008-12-15,BUM,2.1425,44415,7929.928125,CE,2009
2008-12-16,BUM,3.0621,44415,11333.59763,CE,2009
2008-12-17,BUM,3.0547,44415,11306.20838,CE,2009
2008-12-18,BUM,3.9456,44415,14603.652,CE,2009
2008-12-19,BUM,4.7802,44415,17692.71525,CE,2009
2008-12-20,BUM,4.7835,44415,17704.92938,CE,2009
2008-12-21,BUM,5.1427,44415,19034.41838,CE,2009
2008-12-22,BUM,5.9135,44415,21887.34188,CE,2009
2008-12-23,BUM,5.9502,44415,22023.17775,CE,2009
2008-12-24,BUM,6.8796,44415,25463.1195,CE,2009
2008-12-25,BUM,7.9428,44415,29398.2885,CE,2009
2008-12-26,BUM,8.1785,44415,30270.67313,CE,2009
2008-12-27,BUM,8.4621,44415,31320.34763,CE,2009
2008-12-28,BUM,9.466,44415,35036.0325,CE,2009
2008-12-29,BUM,10.4337,44415,38617.73213,CE,2009
2008-12-30,BUM,11.5548,44415,42767.2035,CE,2009
2008-12-31,BUM,12.8139,44415,47427.44738,CE,2009
2009-01-01,BUM,13.4308,44415,49710.7485,CE,2009
2009-01-02,BUM,15.3771,44415,56914.49138,CE,2009
2009-01-03,BUM,16.1259,44415,59685.98738,CE,2009
2009-01-04,BUM,16.1327,44415,59711.15588,CE,2009
2009-01-05,BUM,16.4846,44415,61013.62575,CE,2009
2009-01-06,BUM,19.5843,44415,72486.39038,CE,2009
2009-01-07,BUM,20.1357,44415,74527.25963,CE,2009
2009-01-08,BUM,21.9177,44415,81122.88713,CE,2009
2009-01-09,BUM,22.3346,44415,82665.93825,CE,2009
2009-01-10,BUM,21.6695,44415,80204.23688,CE,2009
2009-01-11,BUM,21.6984,44415,80311.203,CE,2009
2009-01-12,BUM,21.6311,44415,80062.10888,CE,2009
2009-01-13,BUM,21.3582,44415,79052.03775,CE,2009
2009-01-14,BUM,21.9047,44415,81074.77088,CE,2009
2009-01-15,BUM,21.6303,44415,80059.14788,CE,2009
2009-01-16,BUM,21.9002,44415,81058.11525,CE,2009
2009-01-17,BUM,21.6245,44415,80037.68063,CE,2009
2009-01-18,BUM,21.3555,44415,79042.04438,CE,2009
2009-01-19,BUM,21.1355,44415,78227.76938,CE,2009
2009-01-20,BUM,20.9439,44415,77518.60988,CE,2009
2009-01-21,BUM,23.2473,44415,86044.06913,CE,2009
2009-01-22,BUM,23.1017,44415,85505.16713,CE,2009
2009-01-23,BUM,22.9532,44415,84955.5315,CE,2009
2009-01-24,BUM,22.8799,44415,84684.22988,CE,2009
2009-01-25,BUM,22.8527,44415,84583.55588,CE,2009
2009-01-26,BUM,22.9412,44415,84911.1165,CE,2009
2009-01-27,BUM,23.6454,44415,87517.53675,CE,2009
2009-01-28,BUM,23.8539,44415,88289.24738,CE,2009
2009-01-29,BUM,23.8664,44415,88335.513,CE,2009
2009-01-30,BUM,23.8403,44415,88238.91038,CE,2009
2009-01-31,BUM,23.6928,44415,87692.976,CE,2009
2009-02-01,BUM,23.6677,44415,87600.07463,CE,2009
2009-02-02,BUM,23.6621,44415,87579.34763,CE,2009
2009-02-03,BUM,24.5489,44415,90861.61613,CE,2009
2009-02-04,BUM,24.3958,44415,90294.95475,CE,2009
2009-02-05,BUM,24.1955,44415,89553.59438,CE,2009
2009-02-06,BUM,24.6622,44415,91280.96775,CE,2009
2009-02-07,BUM,24.5202,44415,90755.39025,CE,2009
2009-02-08,BUM,24.409300000000002,44415,90344.92163,CE,2009
2009-02-09,BUM,24.3787,44415,90231.66338,CE,2009
2009-02-10,BUM,24.5685,44415,90934.16063,CE,2009
2009-02-11,BUM,24.9478,44415,92338.04475,CE,2009
2009-02-12,BUM,24.9454,44415,92329.16175,CE,2009
2009-02-13,BUM,25.1852,44415,93216.7215,CE,2009
2009-02-14,BUM,25.1763,44415,93183.78038,CE,2009
2009-02-15,BUM,25.1876,44415,93225.6045,CE,2009
2009-02-16,BUM,25.3012,44415,93646.0665,CE,2009
2009-02-17,BUM,25.32,44415,93715.65,CE,2009
2009-02-18,BUM,25.3758,44415,93922.17975,CE,2009
2009-02-19,BUM,25.4621,44415,94241.59763,CE,2009
2009-02-20,BUM,25.3994,44415,94009.52925,CE,2009
2009-02-21,BUM,25.2909,44415,93607.94363,CE,2009
2009-02-22,BUM,25.2266,44415,93369.95325,CE,2009
2009-02-23,BUM,25.535,44415,94511.41875,CE,2009
2009-02-24,BUM,26.0356,44415,96364.2645,CE,2009
2009-02-25,BUM,27.0643,44415,100171.7404,CE,2009
2009-02-26,BUM,27.9023,44415,103273.3879,CE,2009
2009-02-27,BUM,28.1736,44415,104277.537,CE,2009
2009-02-28,BUM,29.1981,44415,108069.4676,CE,2009
2009-03-01,BUM,29.3021,44415,108454.3976,CE,2009
2009-03-02,BUM,29.7639,44415,110163.6349,CE,2009
2009-03-03,BUM,29.8868,44415,110618.5185,CE,2009
2009-03-04,BUM,31.0946,44415,115088.8883,CE,2009
2009-03-05,BUM,31.2838,44415,115789.1648,CE,2009
2009-03-06,BUM,31.8843,44415,118011.7654,CE,2009
2009-03-07,BUM,31.9849,44415,118384.1111,CE,2009
2009-03-08,BUM,32.4066,44415,119944.9283,CE,2009
2009-03-09,BUM,32.7655,44415,121273.3069,CE,2009
2009-03-10,BUM,32.9258,44415,121866.6173,CE,2009
2009-03-11,BUM,32.9338,44415,121896.2273,CE,2009
2009-03-12,BUM,33.4949,44415,123972.9986,CE,2009
2009-03-13,BUM,33.4844,44415,123934.1355,CE,2009
2009-03-14,BUM,33.4299,44415,123732.4174,CE,2009
2009-03-15,BUM,34.2985,44415,126947.3231,CE,2009
2009-03-16,BUM,36.0595,44415,133465.2244,CE,2009
2009-03-17,BUM,37.2607,44415,137911.1659,CE,2009
2009-03-18,BUM,37.88,44415,140203.35,CE,2009
2009-03-19,BUM,37.8619,44415,140136.3574,CE,2009
2009-03-20,BUM,37.8929,44415,140251.0961,CE,2009
2009-03-21,BUM,38.4184,44415,142196.103,CE,2009
2009-03-22,BUM,38.3679,44415,142009.1899,CE,2009
2009-03-23,BUM,38.3699,44415,142016.5924,CE,2009
2009-03-24,BUM,38.5191,44415,142568.8189,CE,2009
2009-03-25,BUM,38.6726,44415,143136.9608,CE,2009
2009-03-26,BUM,39.1968,44415,145077.156,CE,2009
2009-03-27,BUM,40.5076,44415,149928.7545,CE,2009
2009-03-28,BUM,40.4679,44415,149781.8149,CE,2009
2009-03-29,BUM,41.2172,44415,152555.1615,CE,2009
2009-03-30,BUM,41.3938,44415,153208.8023,CE,2009
2009-03-31,BUM,41.3863,44415,153181.0429,CE,2009
2009-04-01,BUM,42.0982,44415,155815.9628,CE,2009
2009-04-02,BUM,42.7972,44415,158403.1365,CE,2009
2009-04-03,BUM,43.5772,44415,161290.1115,CE,2009
2009-04-04,BUM,44.359,44415,164183.7488,CE,2009
2009-04-05,BUM,44.3111,44415,164006.4589,CE,2009
2009-04-06,BUM,44.2039,44415,163609.6849,CE,2009
2009-04-07,BUM,44.274,44415,163869.1425,CE,2009
2009-04-08,BUM,43.9901,44415,162818.3576,CE,2009
2009-04-09,BUM,43.6986,44415,161739.4433,CE,2009
2009-04-10,BUM,43.9536,44415,162683.262,CE,2009
2009-04-11,BUM,43.8491,44415,162296.4814,CE,2009
2009-04-12,BUM,43.7262,44415,161841.5978,CE,2009
2009-04-13,BUM,44.4989,44415,164701.5536,CE,2009
2009-04-14,BUM,45.116,44415,166985.595,CE,2009
2009-04-15,BUM,45.2468,44415,167469.7185,CE,2009
2009-04-16,BUM,44.9238,44415,166274.2148,CE,2009
2009-04-17,BUM,44.7373,44415,165583.9316,CE,2009
2009-04-18,BUM,44.6162,44415,165135.7103,CE,2009
2009-04-19,BUM,44.3128,44415,164012.751,CE,2009
2009-04-20,BUM,43.9145,44415,162538.5431,CE,2009
2009-04-21,BUM,43.9668,44415,162732.1185,CE,2009
2009-04-22,BUM,43.33,44415,160375.1625,CE,2009
2009-04-23,BUM,42.717,44415,158106.2963,CE,2009
2009-04-24,BUM,42.5802,44415,157599.9653,CE,2009
2009-04-25,BUM,42.3373,44415,156700.9316,CE,2009
2009-04-26,BUM,42.1217,44415,155902.9421,CE,2009
2009-04-27,BUM,41.8628,44415,154944.6885,CE,2009
2009-04-28,BUM,41.7609,44415,154567.5311,CE,2009
2009-04-29,BUM,41.4422,44415,153387.9428,CE,2009
2009-04-30,BUM,41.1762,44415,152403.4103,CE,2009
2009-05-01,BUM,41.901,44415,155086.0763,CE,2009
2009-05-02,BUM,41.4738,44415,153504.9023,CE,2009
2009-05-03,BUM,41.3963,44415,153218.0554,CE,2009
2009-05-04,BUM,40.8163,44415,151071.3304,CE,2009
2009-05-05,BUM,41.0393,44415,151896.7091,CE,2009
2009-05-06,BUM,41.0512,44415,151940.754,CE,2009
2009-05-07,BUM,41.3492,44415,153043.7265,CE,2009
2009-05-08,BUM,41.2166,44415,152552.9408,CE,2009
2009-05-09,BUM,40.8594,44415,151230.8543,CE,2009
2009-05-10,BUM,40.3942,44415,149509.0328,CE,2009
2009-05-11,BUM,39.842,44415,147465.2025,CE,2009
2009-05-12,BUM,41.3562,44415,153069.6353,CE,2009
2009-05-13,BUM,41.5917,44415,153941.2796,CE,2009
2009-05-14,BUM,42.0167,44415,155514.3109,CE,2009
2009-05-15,BUM,41.7606,44415,154566.4208,CE,2009
2009-05-16,BUM,41.9949,44415,155433.6236,CE,2009
2009-05-17,BUM,41.3624,44415,153092.583,CE,2009
2009-05-18,BUM,40.5451,44415,150067.5514,CE,2009
2009-05-19,BUM,39.6754,44415,146848.5743,CE,2009
2009-05-20,BUM,39.111,44415,144759.5888,CE,2009
2009-05-21,BUM,38.6635,44415,143103.2794,CE,2009
2009-05-22,BUM,38.1773,44415,141303.7316,CE,2009
2009-05-23,BUM,37.5841,44415,139108.1501,CE,2009
2009-05-24,BUM,36.8333,44415,136329.2516,CE,2009
2009-05-25,BUM,36.0398,44415,133392.3098,CE,2009
2009-05-26,BUM,35.2752,44415,130562.334,CE,2009
2009-05-27,BUM,34.5659,44415,127937.0374,CE,2009
2009-05-28,BUM,33.9124,44415,125518.2705,CE,2009
2009-05-29,BUM,33.0783,44415,122431.0579,CE,2009
2009-05-30,BUM,31.9272,44415,118170.549,CE,2009
2009-05-31,BUM,30.705,44415,113646.8813,CE,2009
2009-06-01,BUM,29.5303,44415,109299.0229,CE,2009
2009-06-02,BUM,27.7503,44415,102710.7979,CE,2009
2009-06-03,BUM,26.6661,44415,98697.90263,CE,2009
2009-06-04,BUM,25.6436,44415,94913.3745,CE,2009
2009-06-05,BUM,24.7499,44415,91605.56738,CE,2009
2009-06-06,BUM,23.4631,44415,86842.79888,CE,2009
2009-06-07,BUM,22.6335,44415,83772.24188,CE,2009
2009-06-08,BUM,21.9662,44415,81302.39775,CE,2009
2009-06-09,BUM,21.2929,44415,78810.34613,CE,2009
2009-06-10,BUM,18.9468,44415,70126.8435,CE,2009
2009-06-11,BUM,18.0141,44415,66674.68763,CE,2009
2009-06-12,BUM,17.1528,44415,63486.801,CE,2009
2009-06-13,BUM,16.3291,44415,60438.08138,CE,2009
2009-06-14,BUM,15.4867,44415,57320.14838,CE,2009
2009-06-15,BUM,14.5214,44415,53747.33175,CE,2009
2009-06-16,BUM,13.691,44415,50673.81375,CE,2009
2009-06-17,BUM,12.894,44415,47723.9175,CE,2009
2009-06-18,BUM,12.1458,44415,44954.64225,CE,2009
2009-06-19,BUM,10.2655,44415,37995.18188,CE,2009
2009-06-20,BUM,9.6817,44415,35834.39213,CE,2009
2009-06-21,BUM,9.1846,44415,33994.50075,CE,2009
2009-06-22,BUM,8.7803,44415,32498.08538,CE,2009
2009-06-23,BUM,8.4283,44415,31195.24538,CE,2009
2009-06-24,BUM,7.9109,44415,29280.21863,CE,2009
2009-06-25,BUM,7.2023,44415,26657.51288,CE,2009
2009-06-26,BUM,6.5783,44415,24347.93288,CE,2009
2009-06-27,BUM,6.1136,44415,22627.962,CE,2009
2009-06-28,BUM,5.5056,44415,20377.602,CE,2009
2009-06-29,BUM,4.9484,44415,18315.2655,CE,2009
2009-06-30,BUM,4.4079,44415,16314.73988,CE,2009
2009-07-01,BUM,3.9601,44415,14657.32013,CE,2009
2009-07-02,BUM,3.4528,44415,12779.676,CE,2009
2009-07-03,BUM,2.8505,44415,10550.41313,CE,2009
2009-07-04,BUM,2.2848,44415,8456.616,CE,2009
2009-07-05,BUM,1.8469,44415,6835.838625,CE,2009
2009-07-06,BUM,1.4869,44415,5503.388625,CE,2009
2009-07-07,BUM,1.316,44415,4870.845,CE,2009
2009-07-08,BUM,1.1802,44415,4368.21525,CE,2009
2009-07-09,BUM,1.0607,44415,3925.915875,CE,2009
2009-07-10,BUM,0.9043,44415,3347.040375,CE,2009
2009-07-11,BUM,0.6992,44415,2587.914,CE,2009
2009-07-12,BUM,0.4593,44415,1699.984125,CE,2009
2009-07-13,BUM,0.3313,44415,1226.224125,CE,2009
2009-07-14,BUM,0.2655,44415,982.681875,CE,2009
2009-07-15,BUM,0.1814,44415,671.40675,CE,2009
2009-07-16,BUM,0.0978,44415,361.98225,CE,2009
2009-07-17,BUM,0.048,44415,177.66,CE,2009
2009-07-18,BUM,0.0176,44415,65.142,CE,2009
2009-07-19,BUM,0.0067,44415,24.798375,CE,2009
2009-07-20,BUM,0.0018,44415,6.66225,CE,2009
2009-07-21,BUM,0,44415,0,CE,2009
2009-07-22,BUM,0,44415,0,CE,2009
2009-07-23,BUM,0,44415,0,CE,2009
2009-07-24,BUM,0,44415,0,CE,2009
2009-07-25,BUM,0,44415,0,CE,2009
2009-07-26,BUM,0,44415,0,CE,2009
2009-07-27,BUM,0,44415,0,CE,2009
2009-07-28,BUM,0,44415,0,CE,2009
2009-07-29,BUM,0,44415,0,CE,2009
2009-07-30,BUM,0,44415,0,CE,2009
2009-07-31,BUM,0,44415,0,CE,2009
2009-08-01,BUM,0,44415,0,CE,2009
2009-08-02,BUM,0,44415,0,CE,2009
2009-08-03,BUM,0,44415,0,CE,2009
2009-08-04,BUM,0,44415,0,CE,2009
2009-08-05,BUM,0,44415,0,CE,2009
2009-08-06,BUM,0,44415,0,CE,2009
2009-08-07,BUM,0,44415,0,CE,2009
2009-08-08,BUM,0,44415,0,CE,2009
2009-08-09,BUM,0,44415,0,CE,2009
2009-08-10,BUM,0,44415,0,CE,2009
2009-08-11,BUM,0,44415,0,CE,2009
2009-08-12,BUM,0,44415,0,CE,2009
2009-08-13,BUM,0,44415,0,CE,2009
2009-08-14,BUM,0,44415,0,CE,2009
2009-08-15,BUM,0,44415,0,CE,2009
2009-08-16,BUM,0,44415,0,CE,2009
2009-08-17,BUM,0,44415,0,CE,2009
2009-08-18,BUM,0,44415,0,CE,2009
2009-08-19,BUM,0,44415,0,CE,2009
2009-08-21,BUM,0,44415,0,CE,2009
2009-08-22,BUM,0,44415,0,CE,2009
2009-08-23,BUM,0,44415,0,CE,2009
2009-08-24,BUM,0,44415,0,CE,2009
2009-08-25,BUM,0,44415,0,CE,2009
2009-08-26,BUM,0,44415,0,CE,2009
2009-08-27,BUM,0,44415,0,CE,2009
2009-08-28,BUM,0,44415,0,CE,2009
2009-08-29,BUM,0,44415,0,CE,2009
2009-08-30,BUM,0,44415,0,CE,2009
2009-08-31,BUM,0,44415,0,CE,2009
2009-09-01,BUM,0,44415,0,CE,2009
2009-09-02,BUM,0,44415,0,CE,2009
2009-09-03,BUM,0,44415,0,CE,2009
2009-09-04,BUM,0,44415,0,CE,2009
2009-09-05,BUM,0,44415,0,CE,2009
2009-09-06,BUM,0,44415,0,CE,2009
2009-09-07,BUM,0,44415,0,CE,2009
2009-09-08,BUM,0,44415,0,CE,2009
2009-09-09,BUM,0,44415,0,CE,2009
2009-09-10,BUM,0,44415,0,CE,2009
2009-09-11,BUM,0,44415,0,CE,2009
2009-09-12,BUM,0,44415,0,CE,2009
2009-09-13,BUM,0,44415,0,CE,2009
2009-09-14,BUM,0,44415,0,CE,2009
2009-09-15,BUM,0,44415,0,CE,2009
2009-09-16,BUM,0,44415,0,CE,2009
2009-09-17,BUM,0,44415,0,CE,2009
2009-09-18,BUM,0,44415,0,CE,2009
2009-09-19,BUM,0,44415,0,CE,2009
2009-09-20,BUM,0,44415,0,CE,2009
2009-09-21,BUM,0,44415,0,CE,2009
2009-09-22,BUM,0,44415,0,CE,2009
2009-09-23,BUM,0,44415,0,CE,2009
2009-09-24,BUM,0,44415,0,CE,2009
2009-09-25,BUM,0,44415,0,CE,2009
2009-09-26,BUM,0,44415,0,CE,2009
2009-09-27,BUM,0,44415,0,CE,2009
2009-09-28,BUM,0,44415,0,CE,2009
2009-09-29,BUM,0,44415,0,CE,2009
2009-09-30,BUM,0,44415,0,CE,2009
2009-10-01,BUM,0,44415,0,CE,2010
2009-10-02,BUM,0,44415,0,CE,2010
2009-10-03,BUM,0,44415,0,CE,2010
2009-10-04,BUM,0.2522,44415,933.45525,CE,2010
2009-10-05,BUM,0.2271,44415,840.553875,CE,2010
2009-10-06,BUM,0.142,44415,525.5775,CE,2010
2009-10-07,BUM,0.0176,44415,65.142,CE,2010
2009-10-08,BUM,0.0039,44415,14.434875,CE,2010
2009-10-09,BUM,0.0028,44415,10.3635,CE,2010
2009-10-10,BUM,0.0027,44415,9.993375,CE,2010
2009-10-11,BUM,0.0025,44415,9.253125,CE,2010
2009-10-12,BUM,0.0021,44415,7.772625,CE,2010
2009-10-13,BUM,0.0016,44415,5.922,CE,2010
2009-10-14,BUM,0.2789,44415,1032.278625,CE,2010
2009-10-15,BUM,0.1705,44415,631.063125,CE,2010
2009-10-16,BUM,0.0065,44415,24.058125,CE,2010
2009-10-17,BUM,0,44415,0,CE,2010
2009-10-18,BUM,0,44415,0,CE,2010
2009-10-19,BUM,0,44415,0,CE,2010
2009-10-20,BUM,0,44415,0,CE,2010
2009-10-21,BUM,0,44415,0,CE,2010
2009-10-22,BUM,0,44415,0,CE,2010
2009-10-23,BUM,0,44415,0,CE,2010
2009-10-24,BUM,0,44415,0,CE,2010
2009-10-25,BUM,0,44415,0,CE,2010
2009-10-26,BUM,0,44415,0,CE,2010
2009-10-27,BUM,0.2316,44415,857.2095,CE,2010
2009-10-28,BUM,0.2296,44415,849.807,CE,2010
2009-10-29,BUM,0.2261,44415,836.852625,CE,2010
2009-10-30,BUM,0.3215,44415,1189.951875,CE,2010
2009-10-31,BUM,0.0083,44415,30.720375,CE,2010
2009-11-01,BUM,0,44415,0,CE,2010
2009-11-02,BUM,0,44415,0,CE,2010
2009-11-03,BUM,0,44415,0,CE,2010
2009-11-04,BUM,0,44415,0,CE,2010
2009-11-05,BUM,0,44415,0,CE,2010
2009-11-06,BUM,0.0026,44415,9.62325,CE,2010
2009-11-07,BUM,0.4581,44415,1695.542625,CE,2010
2009-11-08,BUM,1.0485,44415,3880.760625,CE,2010
2009-11-09,BUM,1.2575,44415,4654.321875,CE,2010
2009-11-10,BUM,3.0154,44415,11160.74925,CE,2010
2009-11-11,BUM,3.1823,44415,11778.48788,CE,2010
2009-11-12,BUM,3.2633,44415,12078.28913,CE,2010
2009-11-13,BUM,3.2385,44415,11986.49813,CE,2010
2009-11-14,BUM,3.6773,44415,13610.60663,CE,2010
2009-11-15,BUM,3.7219,44415,13775.68238,CE,2010
2009-11-16,BUM,4.113,44415,15223.24125,CE,2010
2009-11-17,BUM,4.7282,44415,17500.25025,CE,2010
2009-11-18,BUM,5.1531,44415,19072.91138,CE,2010
2009-11-19,BUM,5.1858,44415,19193.94225,CE,2010
2009-11-20,BUM,5.9441,44415,22000.60013,CE,2010
2009-11-21,BUM,6.1033,44415,22589.83913,CE,2010
2009-11-22,BUM,6.2884,44415,23274.9405,CE,2010
2009-11-23,BUM,7.5586,44415,27976.26825,CE,2010
2009-11-24,BUM,9.7339,44415,36027.59738,CE,2010
2009-11-25,BUM,9.664,44415,35768.88,CE,2010
2009-11-26,BUM,9.3896,44415,34753.257,CE,2010
2009-11-27,BUM,9.3259,44415,34517.48738,CE,2010
2009-11-28,BUM,9.4357,44415,34923.88463,CE,2010
2009-11-29,BUM,9.2209,44415,34128.85613,CE,2010
2009-11-30,BUM,8.8755,44415,32850.44438,CE,2010
2009-12-01,BUM,9.5716,44415,35426.8845,CE,2010
2009-12-02,BUM,9.3497,44415,34605.57713,CE,2010
2009-12-03,BUM,9.1759,44415,33962.29988,CE,2010
2009-12-04,BUM,9.1825,44415,33986.72813,CE,2010
2009-12-05,BUM,9.0286,44415,33417.10575,CE,2010
2009-12-06,BUM,8.9646,44415,33180.22575,CE,2010
2009-12-07,BUM,9.0352,44415,33441.534,CE,2010
2009-12-08,BUM,8.9881,44415,33267.20513,CE,2010
2009-12-09,BUM,8.9585,44415,33157.64813,CE,2010
2009-12-10,BUM,8.9465,44415,33113.23313,CE,2010
2009-12-11,BUM,8.9375,44415,33079.92188,CE,2010
2009-12-12,BUM,8.9237,44415,33028.84463,CE,2010
2009-12-13,BUM,8.921,44415,33018.85125,CE,2010
2009-12-14,BUM,9.2347,44415,34179.93338,CE,2010
2009-12-15,BUM,10.2562,44415,37960.76025,CE,2010
2009-12-16,BUM,11.7929,44415,43648.47113,CE,2010
2009-12-17,BUM,12.4863,44415,46214.91788,CE,2010
2009-12-18,BUM,12.5025,44415,46274.87813,CE,2010
2009-12-19,BUM,12.3754,44415,45804.44925,CE,2010
2009-12-20,BUM,12.6273,44415,46736.79413,CE,2010
2009-12-21,BUM,12.5741,44415,46539.88763,CE,2010
2009-12-22,BUM,12.66,44415,46857.825,CE,2010
2009-12-23,BUM,14.3945,44415,53277.64313,CE,2010
2009-12-24,BUM,14.2858,44415,52875.31725,CE,2010
2009-12-25,BUM,14.1578,44415,52401.55725,CE,2010
2009-12-26,BUM,14.0271,44415,51917.80388,CE,2010
2009-12-27,BUM,13.9029,44415,51458.10863,CE,2010
2009-12-28,BUM,13.7897,44415,51039.12713,CE,2010
2009-12-29,BUM,13.7133,44415,50756.35163,CE,2010
2009-12-30,BUM,13.7881,44415,51033.20513,CE,2010
2009-12-31,BUM,14.0308,44415,51931.4985,CE,2010
2010-01-01,BUM,14.918,44415,55215.2475,CE,2010
2010-01-02,BUM,15.8206,44415,58555.99575,CE,2010
2010-01-03,BUM,16.1413,44415,59742.98663,CE,2010
2010-01-04,BUM,16.3418,44415,60485.08725,CE,2010
2010-01-05,BUM,17.5238,44415,64859.96475,CE,2010
2010-01-06,BUM,17.3547,44415,64234.08338,CE,2010
2010-01-07,BUM,18.4387,44415,68246.23838,CE,2010
2010-01-08,BUM,18.3252,44415,67826.1465,CE,2010
2010-01-09,BUM,18.9693,44415,70210.12163,CE,2010
2010-01-10,BUM,19.0265,44415,70421.83313,CE,2010
2010-01-11,BUM,18.9193,44415,70025.05913,CE,2010
2010-01-12,BUM,18.8469,44415,69757.08863,CE,2010
2010-01-13,BUM,19.1442,44415,70857.47025,CE,2010
2010-01-14,BUM,19.8547,44415,73487.20838,CE,2010
2010-01-15,BUM,19.6118,44415,72588.17475,CE,2010
2010-01-16,BUM,19.9653,44415,73896.56663,CE,2010
2010-01-17,BUM,19.8835,44415,73593.80438,CE,2010
2010-01-18,BUM,20.48,44415,75801.6,CE,2010
2010-01-19,BUM,20.2899,44415,75097.99238,CE,2010
2010-01-20,BUM,22.4201,44415,82982.39513,CE,2010
2010-01-21,BUM,22.4088,44415,82940.571,CE,2010
2010-01-22,BUM,22.2921,44415,82508.63513,CE,2010
2010-01-23,BUM,22.6442,44415,83811.84525,CE,2010
2010-01-24,BUM,22.5097,44415,83314.02713,CE,2010
2010-01-25,BUM,23.2466,44415,86041.47825,CE,2010
2010-01-26,BUM,23.5202,44415,87054.14025,CE,2010
2010-01-27,BUM,23.5405,44415,87129.27563,CE,2010
2010-01-28,BUM,24.1098,44415,89236.39725,CE,2010
2010-01-29,BUM,24.0397,44415,88976.93963,CE,2010
2010-01-30,BUM,23.9556,44415,88665.6645,CE,2010
2010-01-31,BUM,24.2833,44415,89878.56413,CE,2010
2010-02-01,BUM,24.2667,44415,89817.12338,CE,2010
2010-02-02,BUM,24.2869,44415,89891.88863,CE,2010
2010-02-03,BUM,24.3774,44415,90226.85175,CE,2010
2010-02-04,BUM,24.6232,44415,91136.619,CE,2010
2010-02-05,BUM,25.0306,44415,92644.50825,CE,2010
2010-02-06,BUM,25.1966,44415,93258.91575,CE,2010
2010-02-07,BUM,25.1275,44415,93003.15938,CE,2010
2010-02-08,BUM,25.2436,44415,93432.8745,CE,2010
2010-02-09,BUM,25.1645,44415,93140.10563,CE,2010
2010-02-10,BUM,25.0869,44415,92852.88863,CE,2010
2010-02-11,BUM,25.7676,44415,95372.3295,CE,2010
2010-02-12,BUM,26.1244,44415,96692.9355,CE,2010
2010-02-13,BUM,26.7789,44415,99115.40363,CE,2010
2010-02-14,BUM,26.6375,44415,98592.04688,CE,2010
2010-02-15,BUM,26.7708,44415,99085.4235,CE,2010
2010-02-16,BUM,26.5054,44415,98103.11175,CE,2010
2010-02-17,BUM,26.4852,44415,98028.3465,CE,2010
2010-02-18,BUM,28.1757,44415,104285.3096,CE,2010
2010-02-19,BUM,27.9065,44415,103288.9331,CE,2010
2010-02-20,BUM,27.6803,44415,102451.7104,CE,2010
2010-02-21,BUM,27.4509,44415,101602.6436,CE,2010
2010-02-22,BUM,27.2382,44415,100815.3878,CE,2010
2010-02-23,BUM,27.8489,44415,103075.7411,CE,2010
2010-02-24,BUM,28.0416,44415,103788.972,CE,2010
2010-02-25,BUM,28.376,44415,105026.67,CE,2010
2010-02-26,BUM,28.3882,44415,105071.8253,CE,2010
2010-02-27,BUM,29.4347,44415,108945.1834,CE,2010
2010-02-28,BUM,29.1715,44415,107971.0144,CE,2010
2010-03-01,BUM,28.8378,44415,106735.9073,CE,2010
2010-03-02,BUM,28.8983,44415,106959.8329,CE,2010
2010-03-03,BUM,28.661,44415,106081.5263,CE,2010
2010-03-04,BUM,28.4834,44415,105424.1843,CE,2010
2010-03-05,BUM,28.154,44415,104204.9925,CE,2010
2010-03-06,BUM,28.938,44415,107106.7725,CE,2010
2010-03-07,BUM,28.5929,44415,105829.4711,CE,2010
2010-03-08,BUM,28.2639,44415,104611.7599,CE,2010
2010-03-09,BUM,28.3163,44415,104805.7054,CE,2010
2010-03-10,BUM,28.2101,44415,104412.6326,CE,2010
2010-03-11,BUM,29.0513,44415,107526.1241,CE,2010
2010-03-12,BUM,29.808,44415,110326.86,CE,2010
2010-03-13,BUM,30.3449,44415,112314.0611,CE,2010
2010-03-14,BUM,30.4134,44415,112567.5968,CE,2010
2010-03-15,BUM,30.255,44415,111981.3188,CE,2010
2010-03-16,BUM,30.8413,44415,114151.3616,CE,2010
2010-03-17,BUM,30.536,44415,113021.37,CE,2010
2010-03-18,BUM,30.4556,44415,112723.7895,CE,2010
2010-03-19,BUM,30.2168,44415,111839.931,CE,2010
2010-03-20,BUM,31.0355,44415,114870.1444,CE,2010
2010-03-21,BUM,30.7189,44415,113698.3286,CE,2010
2010-03-22,BUM,30.4686,44415,112771.9058,CE,2010
2010-03-23,BUM,30.2761,44415,112059.4151,CE,2010
2010-03-24,BUM,31.1257,44415,115203.9971,CE,2010
2010-03-25,BUM,30.777,44415,113913.3713,CE,2010
2010-03-26,BUM,30.8222,44415,114080.6678,CE,2010
2010-03-27,BUM,31.05,44415,114923.8125,CE,2010
2010-03-28,BUM,30.8044,44415,114014.7855,CE,2010
2010-03-29,BUM,31.2099,44415,115515.6424,CE,2010
2010-03-30,BUM,32.9668,44415,122018.3685,CE,2010
2010-03-31,BUM,33.3094,44415,123286.4168,CE,2010
2010-04-01,BUM,33.2192,44415,122952.564,CE,2010
2010-04-02,BUM,33.1338,44415,122636.4773,CE,2010
2010-04-03,BUM,34.2924,44415,126924.7455,CE,2010
2010-04-04,BUM,34.8642,44415,129041.1203,CE,2010
2010-04-05,BUM,35.3162,44415,130714.0853,CE,2010
2010-04-06,BUM,35.4267,44415,131123.0734,CE,2010
2010-04-07,BUM,35.9622,44415,133105.0928,CE,2010
2010-04-08,BUM,36.0947,44415,133595.5084,CE,2010
2010-04-09,BUM,36.9399,44415,136723.8049,CE,2010
2010-04-10,BUM,37.1434,44415,137477.0093,CE,2010
2010-04-11,BUM,37.0552,44415,137150.559,CE,2010
2010-04-12,BUM,36.9885,44415,136903.6856,CE,2010
2010-04-13,BUM,41.2542,44415,152692.1078,CE,2010
2010-04-14,BUM,41.1175,44415,152186.1469,CE,2010
2010-04-15,BUM,40.841,44415,151162.7513,CE,2010
2010-04-16,BUM,41.2036,44415,152504.8245,CE,2010
2010-04-17,BUM,40.7597,44415,150861.8396,CE,2010
2010-04-18,BUM,40.1649,44415,148660.3361,CE,2010
2010-04-19,BUM,39.5746,44415,146475.4883,CE,2010
2010-04-20,BUM,39.6477,44415,146746.0496,CE,2010
2010-04-21,BUM,39.0847,44415,144662.2459,CE,2010
2010-04-22,BUM,39.2862,44415,145408.0478,CE,2010
2010-04-23,BUM,38.6452,44415,143035.5465,CE,2010
2010-04-24,BUM,38.1798,44415,141312.9848,CE,2010
2010-04-25,BUM,37.8761,44415,140188.9151,CE,2010
2010-04-26,BUM,37.5009,44415,138800.2061,CE,2010
2010-04-27,BUM,37.3951,44415,138408.6139,CE,2010
2010-04-28,BUM,36.9379,44415,136716.4024,CE,2010
2010-04-29,BUM,36.7813,44415,136136.7866,CE,2010
2010-04-30,BUM,36.6842,44415,135777.3953,CE,2010
2010-05-01,BUM,37.7056,44415,139557.852,CE,2010
2010-05-02,BUM,37.598,44415,139159.5975,CE,2010
2010-05-03,BUM,37.3431,44415,138216.1489,CE,2010
2010-05-04,BUM,38.0084,44415,140678.5905,CE,2010
2010-05-05,BUM,37.9144,44415,140330.673,CE,2010
2010-05-06,BUM,37.7406,44415,139687.3958,CE,2010
2010-05-07,BUM,39.0648,44415,144588.591,CE,2010
2010-05-08,BUM,38.7383,44415,143380.1329,CE,2010
2010-05-09,BUM,38.2935,44415,141733.8169,CE,2010
2010-05-10,BUM,37.8109,44415,139947.5936,CE,2010
2010-05-11,BUM,37.747,44415,139711.0838,CE,2010
2010-05-12,BUM,37.2519,44415,137878.5949,CE,2010
2010-05-13,BUM,37.9236,44415,140364.7245,CE,2010
2010-05-14,BUM,37.3381,44415,138197.6426,CE,2010
2010-05-15,BUM,36.6163,44415,135526.0804,CE,2010
2010-05-16,BUM,35.8136,44415,132555.087,CE,2010
2010-05-17,BUM,35.0508,44415,129731.7735,CE,2010
2010-05-18,BUM,34.1973,44415,126572.7566,CE,2010
2010-05-19,BUM,33.0741,44415,122415.5126,CE,2010
2010-05-20,BUM,32.7402,44415,121179.6653,CE,2010
2010-05-21,BUM,32.7002,44415,121031.6153,CE,2010
2010-05-22,BUM,32.5204,44415,120366.1305,CE,2010
2010-05-23,BUM,32.2219,44415,119261.3074,CE,2010
2010-05-24,BUM,31.9251,44415,118162.7764,CE,2010
2010-05-25,BUM,31.9079,44415,118099.1149,CE,2010
2010-05-26,BUM,31.4414,44415,116372.4818,CE,2010
2010-05-27,BUM,31.0449,44415,114904.9361,CE,2010
2010-05-28,BUM,30.5366,44415,113023.5908,CE,2010
2010-05-29,BUM,30.159,44415,111625.9988,CE,2010
2010-05-30,BUM,29.6702,44415,109816.8278,CE,2010
2010-05-31,BUM,29.1616,44415,107934.372,CE,2010
2010-06-01,BUM,28.7325,44415,106346.1656,CE,2010
2010-06-02,BUM,28.4565,44415,105324.6206,CE,2010
2010-06-03,BUM,28.0205,44415,103710.8756,CE,2010
2010-06-04,BUM,27.331,44415,101158.8638,CE,2010
2010-06-05,BUM,26.9852,44415,99878.9715,CE,2010
2010-06-06,BUM,26.3465,44415,97514.98313,CE,2010
2010-06-07,BUM,25.8765,44415,95775.39563,CE,2010
2010-06-08,BUM,24.014,44415,88881.8175,CE,2010
2010-06-09,BUM,23.4782,44415,86898.68775,CE,2010
2010-06-10,BUM,22.8507,44415,84576.15338,CE,2010
2010-06-11,BUM,22.3246,44415,82628.92575,CE,2010
2010-06-12,BUM,21.3029,44415,78847.35863,CE,2010
2010-06-13,BUM,20.5999,44415,76245.37988,CE,2010
2010-06-14,BUM,19.7007,44415,72917.21588,CE,2010
2010-06-15,BUM,17.8826,44415,66187.97325,CE,2010
2010-06-16,BUM,17.4595,44415,64621.97438,CE,2010
2010-06-17,BUM,17.0909,44415,63257.69363,CE,2010
2010-06-18,BUM,16.6066,44415,61465.17825,CE,2010
2010-06-19,BUM,16.0506,44415,59407.28325,CE,2010
2010-06-20,BUM,15.5354,44415,57500.39925,CE,2010
2010-06-21,BUM,14.9751,44415,55426.58888,CE,2010
2010-06-22,BUM,14.4223,44415,53380.53788,CE,2010
2010-06-23,BUM,12.9307,44415,47859.75338,CE,2010
2010-06-24,BUM,12.0143,44415,44467.92788,CE,2010
2010-06-25,BUM,11.1024,44415,41092.758,CE,2010
2010-06-26,BUM,10.255,44415,37956.31875,CE,2010
2010-06-27,BUM,9.5164,44415,35222.5755,CE,2010
2010-06-28,BUM,8.7707,44415,32462.55338,CE,2010
2010-06-29,BUM,6.3233,44415,23404.11413,CE,2010
2010-06-30,BUM,5.8404,44415,21616.7805,CE,2010
2010-07-01,BUM,5.4519,44415,20178.84488,CE,2010
2010-07-02,BUM,5.0937,44415,18853.05713,CE,2010
2010-07-03,BUM,4.8063,44415,17789.31788,CE,2010
2010-07-04,BUM,4.4983,44415,16649.33288,CE,2010
2010-07-05,BUM,4.2041,44415,15560.42513,CE,2010
2010-07-06,BUM,3.9095,44415,14470.03688,CE,2010
2010-07-07,BUM,3.1932,44415,11818.8315,CE,2010
2010-07-08,BUM,2.7359,44415,10126.24988,CE,2010
2010-07-09,BUM,2.2959,44415,8497.699875,CE,2010
2010-07-10,BUM,1.8925,44415,7004.615625,CE,2010
2010-07-11,BUM,1.586,44415,5870.1825,CE,2010
2010-07-12,BUM,1.3492,44415,4993.7265,CE,2010
2010-07-13,BUM,1.2204,44415,4517.0055,CE,2010
2010-07-14,BUM,0.9449,44415,3497.311125,CE,2010
2010-07-15,BUM,0.8158,44415,3019.47975,CE,2010
2010-07-16,BUM,0.6435,44415,2381.754375,CE,2010
2010-07-17,BUM,0.508,44415,1880.235,CE,2010
2010-07-18,BUM,0.4024,44415,1489.383,CE,2010
2010-07-19,BUM,0.3216,44415,1190.322,CE,2010
2010-07-20,BUM,0.2479,44415,917.539875,CE,2010
2010-07-21,BUM,0.1723,44415,637.725375,CE,2010
2010-07-22,BUM,0.1174,44415,434.52675,CE,2010
2010-07-23,BUM,0.0878,44415,324.96975,CE,2010
2010-07-24,BUM,0.0607,44415,224.665875,CE,2010
2010-07-25,BUM,0.0312,44415,115.479,CE,2010
2010-07-26,BUM,0.009,44415,33.31125,CE,2010
2010-07-27,BUM,0.0022,44415,8.14275,CE,2010
2010-07-28,BUM,0,44415,0,CE,2010
2010-07-29,BUM,0,44415,0,CE,2010
2010-07-30,BUM,0,44415,0,CE,2010
2010-07-31,BUM,0,44415,0,CE,2010
2010-08-01,BUM,0,44415,0,CE,2010
2010-08-02,BUM,0,44415,0,CE,2010
2010-08-03,BUM,0,44415,0,CE,2010
2010-08-04,BUM,0,44415,0,CE,2010
2010-08-05,BUM,0,44415,0,CE,2010
2010-08-06,BUM,0,44415,0,CE,2010
2010-08-07,BUM,0,44415,0,CE,2010
2010-08-08,BUM,0,44415,0,CE,2010
2010-08-09,BUM,0,44415,0,CE,2010
2010-08-10,BUM,0,44415,0,CE,2010
2010-08-11,BUM,0,44415,0,CE,2010
2010-08-12,BUM,0,44415,0,CE,2010
2010-08-13,BUM,0,44415,0,CE,2010
2010-08-14,BUM,0,44415,0,CE,2010
2010-08-15,BUM,0,44415,0,CE,2010
2010-08-16,BUM,0,44415,0,CE,2010
2010-08-17,BUM,0,44415,0,CE,2010
2010-08-18,BUM,0,44415,0,CE,2010
2010-08-19,BUM,0,44415,0,CE,2010
2010-08-20,BUM,0,44415,0,CE,2010
2010-08-21,BUM,0,44415,0,CE,2010
2010-08-22,BUM,0,44415,0,CE,2010
2010-08-23,BUM,0,44415,0,CE,2010
2010-08-24,BUM,0,44415,0,CE,2010
2010-08-25,BUM,0,44415,0,CE,2010
2010-08-26,BUM,0,44415,0,CE,2010
2010-08-27,BUM,0,44415,0,CE,2010
2010-08-28,BUM,0,44415,0,CE,2010
2010-08-29,BUM,0,44415,0,CE,2010
2010-08-30,BUM,0,44415,0,CE,2010
2010-08-31,BUM,0,44415,0,CE,2010
2010-09-01,BUM,0,44415,0,CE,2010
2010-09-02,BUM,0,44415,0,CE,2010
2010-09-03,BUM,0,44415,0,CE,2010
2010-09-04,BUM,0,44415,0,CE,2010
2010-09-05,BUM,0,44415,0,CE,2010
2010-09-06,BUM,0,44415,0,CE,2010
2010-09-07,BUM,0,44415,0,CE,2010
2010-09-08,BUM,0,44415,0,CE,2010
2010-09-09,BUM,0,44415,0,CE,2010
2010-09-10,BUM,0,44415,0,CE,2010
2010-09-11,BUM,0,44415,0,CE,2010
2010-09-12,BUM,0,44415,0,CE,2010
2010-09-13,BUM,0,44415,0,CE,2010
2010-09-14,BUM,0,44415,0,CE,2010
2010-09-15,BUM,0,44415,0,CE,2010
2010-09-16,BUM,0,44415,0,CE,2010
2010-09-17,BUM,0,44415,0,CE,2010
2010-09-18,BUM,0,44415,0,CE,2010
2010-09-19,BUM,0,44415,0,CE,2010
2010-09-20,BUM,0,44415,0,CE,2010
2010-09-21,BUM,0,44415,0,CE,2010
2010-09-22,BUM,0,44415,0,CE,2010
2010-09-23,BUM,0,44415,0,CE,2010
2010-09-24,BUM,0,44415,0,CE,2010
2010-09-25,BUM,0,44415,0,CE,2010
2010-09-26,BUM,0,44415,0,CE,2010
2010-09-27,BUM,0,44415,0,CE,2010
2010-09-28,BUM,0,44415,0,CE,2010
2010-09-29,BUM,0,44415,0,CE,2010
2010-09-30,BUM,0,44415,0,CE,2010
2010-10-01,BUM,0,44415,0,CE,2011
2010-10-02,BUM,0,44415,0,CE,2011
2010-10-03,BUM,0,44415,0,CE,2011
2010-10-04,BUM,0,44415,0,CE,2011
2010-10-05,BUM,0,44415,0,CE,2011
2010-10-06,BUM,0,44415,0,CE,2011
2010-10-07,BUM,0,44415,0,CE,2011
2010-10-08,BUM,0,44415,0,CE,2011
2010-10-09,BUM,0,44415,0,CE,2011
2010-10-10,BUM,0,44415,0,CE,2011
2010-10-11,BUM,0,44415,0,CE,2011
2010-10-12,BUM,1e-4,44415,0.370125,CE,2011
2010-10-13,BUM,0,44415,0,CE,2011
2010-10-14,BUM,0,44415,0,CE,2011
2010-10-15,BUM,0,44415,0,CE,2011
2010-10-16,BUM,0,44415,0,CE,2011
2010-10-17,BUM,0,44415,0,CE,2011
2010-10-18,BUM,0,44415,0,CE,2011
2010-10-19,BUM,0,44415,0,CE,2011
2010-10-20,BUM,0,44415,0,CE,2011
2010-10-21,BUM,0,44415,0,CE,2011
2010-10-22,BUM,0,44415,0,CE,2011
2010-10-23,BUM,0,44415,0,CE,2011
2010-10-24,BUM,0,44415,0,CE,2011
2010-10-25,BUM,0.6363,44415,2355.105375,CE,2011
2010-10-26,BUM,1.8256,44415,6757.002,CE,2011
2010-10-27,BUM,2.4853,44415,9198.716625,CE,2011
2010-10-28,BUM,3.3786,44415,12505.04325,CE,2011
2010-10-29,BUM,3.4244,44415,12674.5605,CE,2011
2010-10-30,BUM,3.2212,44415,11922.4665,CE,2011
2010-10-31,BUM,3.1383,44415,11615.63288,CE,2011
2010-11-01,BUM,2.8568,44415,10573.731,CE,2011
2010-11-02,BUM,2.3693,44415,8769.371625,CE,2011
2010-11-03,BUM,1.8598,44415,6883.58475,CE,2011
2010-11-04,BUM,1.5067,44415,5576.673375,CE,2011
2010-11-05,BUM,1.0866,44415,4021.77825,CE,2011
2010-11-06,BUM,0.6525,44415,2415.065625,CE,2011
2010-11-07,BUM,0.4823,44415,1785.112875,CE,2011
2010-11-08,BUM,0.3435,44415,1271.379375,CE,2011
2010-11-09,BUM,1.1787,44415,4362.663375,CE,2011
2010-11-10,BUM,1.7032,44415,6303.969,CE,2011
2010-11-11,BUM,1.7218,44415,6372.81225,CE,2011
2010-11-12,BUM,1.8068,44415,6687.4185,CE,2011
2010-11-13,BUM,1.7764,44415,6574.9005,CE,2011
2010-11-14,BUM,1.7405,44415,6442.025625,CE,2011
2010-11-15,BUM,1.3205,44415,4887.500625,CE,2011
2010-11-16,BUM,1.125,44415,4163.90625,CE,2011
2010-11-17,BUM,1.2304,44415,4554.018,CE,2011
2010-11-18,BUM,2.3279,44415,8616.139875,CE,2011
2010-11-19,BUM,3.2085,44415,11875.46063,CE,2011
2010-11-20,BUM,3.6743,44415,13599.50288,CE,2011
2010-11-21,BUM,3.777,44415,13979.62125,CE,2011
2010-11-22,BUM,4.3978,44415,16277.35725,CE,2011
2010-11-23,BUM,5.1387,44415,19019.61338,CE,2011
2010-11-24,BUM,5.8585,44415,21683.77313,CE,2011
2010-11-25,BUM,5.8593,44415,21686.73413,CE,2011
2010-11-26,BUM,5.893,44415,21811.46625,CE,2011
2010-11-27,BUM,6.3626,44415,23549.57325,CE,2011
2010-11-28,BUM,6.4699,44415,23946.71738,CE,2011
2010-11-29,BUM,6.4972,44415,24047.7615,CE,2011
2010-11-30,BUM,6.5888,44415,24386.796,CE,2011
2010-12-01,BUM,8.102,44415,29987.5275,CE,2011
2010-12-02,BUM,8.2061,44415,30372.82763,CE,2011
2010-12-03,BUM,9.0885,44415,33638.81063,CE,2011
2010-12-04,BUM,9.1105,44415,33720.23813,CE,2011
2010-12-05,BUM,9.1177,44415,33746.88713,CE,2011
2010-12-06,BUM,9.1217,44415,33761.69213,CE,2011
2010-12-07,BUM,9.091,44415,33648.06375,CE,2011
2010-12-08,BUM,9.4786,44415,35082.66825,CE,2011
2010-12-09,BUM,10.0072,44415,37039.149,CE,2011
2010-12-10,BUM,11.6096,44415,42970.032,CE,2011
2010-12-11,BUM,12.458,44415,46110.1725,CE,2011
2010-12-12,BUM,13.7358,44415,50839.62975,CE,2011
2010-12-13,BUM,14.3421,44415,53083.69763,CE,2011
2010-12-14,BUM,14.0193,44415,51888.93413,CE,2011
2010-12-15,BUM,14.883,44415,55085.70375,CE,2011
2010-12-16,BUM,15.2618,44415,56487.73725,CE,2011
2010-12-17,BUM,16.0255,44415,59314.38188,CE,2011
2010-12-18,BUM,15.9226,44415,58933.52325,CE,2011
2010-12-19,BUM,16.3092,44415,60364.4265,CE,2011
2010-12-20,BUM,16.4438,44415,60862.61475,CE,2011
2010-12-21,BUM,16.8824,44415,62485.983,CE,2011
2010-12-22,BUM,16.8741,44415,62455.26263,CE,2011
2010-12-23,BUM,17.1044,44415,63307.6605,CE,2011
2010-12-24,BUM,17.2487,44415,63841.75088,CE,2011
2010-12-25,BUM,17.8838,44415,66192.41475,CE,2011
2010-12-26,BUM,18.3011,44415,67736.94638,CE,2011
2010-12-27,BUM,19.1222,44415,70776.04275,CE,2011
2010-12-28,BUM,20.0952,44415,74377.359,CE,2011
2010-12-29,BUM,20.6594,44415,76465.60425,CE,2011
2010-12-30,BUM,20.3034,44415,75147.95925,CE,2011
2010-12-31,BUM,20.3103,44415,75173.49788,CE,2011
2011-01-01,BUM,20.3053,44415,75154.99163,CE,2011
2011-01-02,BUM,20.2996,44415,75133.8945,CE,2011
2011-01-03,BUM,20.2906,44415,75100.58325,CE,2011
2011-01-04,BUM,20.2814,44415,75066.53175,CE,2011
2011-01-05,BUM,20.5755,44415,76155.06938,CE,2011
2011-01-06,BUM,20.7634,44415,76850.53425,CE,2011
2011-01-07,BUM,20.7177,44415,76681.38713,CE,2011
2011-01-08,BUM,20.8469,44415,77159.58863,CE,2011
2011-01-09,BUM,20.8315,44415,77102.58938,CE,2011
2011-01-10,BUM,21.3861,44415,79155.30263,CE,2011
2011-01-11,BUM,22.3629,44415,82770.68363,CE,2011
2011-01-12,BUM,22.5344,44415,83405.448,CE,2011
2011-01-13,BUM,24.1266,44415,89298.57825,CE,2011
2011-01-14,BUM,26.0366,44415,96367.96575,CE,2011
2011-01-15,BUM,26.0482,44415,96410.90025,CE,2011
2011-01-16,BUM,26.265,44415,97213.33125,CE,2011
2011-01-17,BUM,25.8042,44415,95507.79525,CE,2011
2011-01-18,BUM,25.2904,44415,93606.093,CE,2011
2011-01-19,BUM,25.7047,44415,95139.52088,CE,2011
2011-01-20,BUM,25.5012,44415,94386.3165,CE,2011
2011-01-21,BUM,25.3732,44415,93912.5565,CE,2011
2011-01-22,BUM,26.2276,44415,97074.9045,CE,2011
2011-01-23,BUM,25.8631,44415,95725.79888,CE,2011
2011-01-24,BUM,25.3855,44415,93958.08188,CE,2011
2011-01-25,BUM,24.9572,44415,92372.8365,CE,2011
2011-01-26,BUM,26.068,44415,96484.185,CE,2011
2011-01-27,BUM,25.572,44415,94648.365,CE,2011
2011-01-28,BUM,24.9626,44415,92392.82325,CE,2011
2011-01-29,BUM,24.4458,44415,90480.01725,CE,2011
2011-01-30,BUM,24.2314,44415,89686.46925,CE,2011
2011-01-31,BUM,23.9735,44415,88731.91688,CE,2011
2011-02-01,BUM,26.0919,44415,96572.64488,CE,2011
2011-02-02,BUM,25.9006,44415,95864.59575,CE,2011
2011-02-03,BUM,25.6883,44415,95078.82038,CE,2011
2011-02-04,BUM,25.3474,44415,93817.06425,CE,2011
2011-02-05,BUM,24.9845,44415,92473.88063,CE,2011
2011-02-06,BUM,24.7547,44415,91623.33338,CE,2011
2011-02-07,BUM,24.5349,44415,90809.79863,CE,2011
2011-02-08,BUM,26.6188,44415,98522.8335,CE,2011
2011-02-09,BUM,26.4762,44415,97995.03525,CE,2011
2011-02-10,BUM,26.3004,44415,97344.3555,CE,2011
2011-02-11,BUM,26.0448,44415,96398.316,CE,2011
2011-02-12,BUM,25.6556,44415,94957.7895,CE,2011
2011-02-13,BUM,25.7489,44415,95303.11613,CE,2011
2011-02-14,BUM,25.7807,44415,95420.81588,CE,2011
2011-02-15,BUM,27.3774,44415,101330.6018,CE,2011
2011-02-16,BUM,28.2432,44415,104535.144,CE,2011
2011-02-17,BUM,28.3092,44415,104779.4265,CE,2011
2011-02-18,BUM,28.3273,44415,104846.4191,CE,2011
2011-02-19,BUM,28.9238,44415,107054.2148,CE,2011
2011-02-20,BUM,28.8163,44415,106656.3304,CE,2011
2011-02-21,BUM,28.6927,44415,106198.8559,CE,2011
2011-02-22,BUM,28.8206,44415,106672.2458,CE,2011
2011-02-23,BUM,29.4992,44415,109183.914,CE,2011
2011-02-24,BUM,30.3304,44415,112260.393,CE,2011
2011-02-25,BUM,30.7864,44415,113948.163,CE,2011
2011-02-26,BUM,30.784300000000002,44415,113940.3904,CE,2011
2011-02-27,BUM,30.8568,44415,114208.731,CE,2011
2011-02-28,BUM,31.9058,44415,118091.3423,CE,2011
2011-03-01,BUM,34.2245,44415,126673.4306,CE,2011
2011-03-02,BUM,35.0243,44415,129633.6904,CE,2011
2011-03-03,BUM,35.5253,44415,131488.0166,CE,2011
2011-03-04,BUM,36.1855,44415,133931.5819,CE,2011
2011-03-05,BUM,36.6292,44415,135573.8265,CE,2011
2011-03-06,BUM,36.6761,44415,135747.4151,CE,2011
2011-03-07,BUM,36.6816,44415,135767.772,CE,2011
2011-03-08,BUM,36.6879,44415,135791.0899,CE,2011
2011-03-09,BUM,37.1127,44415,137363.3809,CE,2011
2011-03-10,BUM,38.7367,44415,143374.2109,CE,2011
2011-03-11,BUM,40.0435,44415,148211.0044,CE,2011
2011-03-12,BUM,40.0698,44415,148308.3473,CE,2011
2011-03-13,BUM,40.246,44415,148960.5075,CE,2011
2011-03-14,BUM,40.868,44415,151262.685,CE,2011
2011-03-15,BUM,41.4319,44415,153349.8199,CE,2011
2011-03-16,BUM,43.3691,44415,160519.8814,CE,2011
2011-03-17,BUM,43.8953,44415,162467.4791,CE,2011
2011-03-18,BUM,43.9765,44415,162768.0206,CE,2011
2011-03-19,BUM,45.0309,44415,166670.6186,CE,2011
2011-03-20,BUM,44.9765,44415,166469.2706,CE,2011
2011-03-21,BUM,45.3294,44415,167775.4418,CE,2011
2011-03-22,BUM,45.4976,44415,168397.992,CE,2011
2011-03-23,BUM,45.7799,44415,169442.8549,CE,2011
2011-03-24,BUM,45.7119,44415,169191.1699,CE,2011
2011-03-25,BUM,45.8375,44415,169656.0469,CE,2011
2011-03-26,BUM,45.9392,44415,170032.464,CE,2011
2011-03-27,BUM,46.2505,44415,171184.6631,CE,2011
2011-03-28,BUM,46.5997,44415,172477.1396,CE,2011
2011-03-29,BUM,46.5778,44415,172396.0823,CE,2011
2011-03-30,BUM,47.1016,44415,174334.797,CE,2011
2011-03-31,BUM,49.3425,44415,182628.9281,CE,2011
2011-04-01,BUM,49.2964,44415,182458.3005,CE,2011
2011-04-02,BUM,48.8769,44415,180905.6261,CE,2011
2011-04-03,BUM,49.2153,44415,182158.1291,CE,2011
2011-04-04,BUM,49.0669,44415,181608.8636,CE,2011
2011-04-05,BUM,50.0056,44415,185083.227,CE,2011
2011-04-06,BUM,50.5985,44415,187277.6981,CE,2011
2011-04-07,BUM,50.9687,44415,188647.9009,CE,2011
2011-04-08,BUM,51.8145,44415,191778.4181,CE,2011
2011-04-09,BUM,51.7088,44415,191387.196,CE,2011
2011-04-10,BUM,51.6649,44415,191224.7111,CE,2011
2011-04-11,BUM,51.7403,44415,191503.7854,CE,2011
2011-04-12,BUM,52.1244,44415,192925.4355,CE,2011
2011-04-13,BUM,52.5573,44415,194527.7066,CE,2011
2011-04-14,BUM,52.5309,44415,194429.9936,CE,2011
2011-04-15,BUM,53.5025,44415,198026.1281,CE,2011
2011-04-16,BUM,53.8455,44415,199295.6569,CE,2011
2011-04-17,BUM,53.607,44415,198412.9088,CE,2011
2011-04-18,BUM,53.6233,44415,198473.2391,CE,2011
2011-04-19,BUM,53.5501,44415,198202.3076,CE,2011
2011-04-20,BUM,53.4451,44415,197813.6764,CE,2011
2011-04-21,BUM,54.4448,44415,201513.816,CE,2011
2011-04-22,BUM,54.4125,44415,201394.2656,CE,2011
2011-04-23,BUM,54.2617,44415,200836.1171,CE,2011
2011-04-24,BUM,53.995,44415,199848.9938,CE,2011
2011-04-25,BUM,53.7022,44415,198765.2678,CE,2011
2011-04-26,BUM,54.3627,44415,201209.9434,CE,2011
2011-04-27,BUM,55.2874,44415,204632.4893,CE,2011
2011-04-28,BUM,55.7641,44415,206396.8751,CE,2011
2011-04-29,BUM,55.9334,44415,207023.4968,CE,2011
2011-04-30,BUM,55.8152,44415,206586.009,CE,2011
2011-05-01,BUM,55.6693,44415,206045.9966,CE,2011
2011-05-02,BUM,55.4275,44415,205151.0344,CE,2011
2011-05-03,BUM,55.2609,44415,204534.4061,CE,2011
2011-05-04,BUM,55.0554,44415,203773.7993,CE,2011
2011-05-05,BUM,56.7215,44415,209940.4519,CE,2011
2011-05-06,BUM,56.3274,44415,208481.7893,CE,2011
2011-05-07,BUM,56.0915,44415,207608.6644,CE,2011
2011-05-08,BUM,55.9081,44415,206929.8551,CE,2011
2011-05-09,BUM,55.6823,44415,206094.1129,CE,2011
2011-05-10,BUM,56.9415,44415,210754.7269,CE,2011
2011-05-11,BUM,56.5027,44415,209130.6184,CE,2011
2011-05-12,BUM,56.1718,44415,207905.8748,CE,2011
2011-05-13,BUM,55.7097,44415,206195.5271,CE,2011
2011-05-14,BUM,55.2471,44415,204483.3289,CE,2011
2011-05-15,BUM,55.3326,44415,204799.7858,CE,2011
2011-05-16,BUM,54.8158,44415,202886.9798,CE,2011
2011-05-17,BUM,54.2985,44415,200972.3231,CE,2011
2011-05-18,BUM,53.8833,44415,199435.5641,CE,2011
2011-05-19,BUM,53.3741,44415,197550.8876,CE,2011
2011-05-20,BUM,53.6586,44415,198603.8933,CE,2011
2011-05-21,BUM,53.0648,44415,196406.091,CE,2011
2011-05-22,BUM,52.4928,44415,194288.976,CE,2011
2011-05-23,BUM,52.0135,44415,192514.9669,CE,2011
2011-05-24,BUM,51.5589,44415,190832.3786,CE,2011
2011-05-25,BUM,51.0528,44415,188959.176,CE,2011
2011-05-26,BUM,50.6623,44415,187513.8379,CE,2011
2011-05-27,BUM,50.3872,44415,186495.624,CE,2011
2011-05-28,BUM,50.0442,44415,185226.0953,CE,2011
2011-05-29,BUM,49.6792,44415,183875.139,CE,2011
2011-05-30,BUM,49.2607,44415,182326.1659,CE,2011
2011-05-31,BUM,48.8586,44415,180837.8933,CE,2011
2011-06-01,BUM,48.4889,44415,179469.5411,CE,2011
2011-06-02,BUM,48.0567,44415,177869.8609,CE,2011
2011-06-03,BUM,47.6611,44415,176405.6464,CE,2011
2011-06-04,BUM,47.1067,44415,174353.6734,CE,2011
2011-06-05,BUM,46.4499,44415,171922.6924,CE,2011
2011-06-06,BUM,45.645,44415,168943.5563,CE,2011
2011-06-07,BUM,44.7486,44415,165625.7558,CE,2011
2011-06-08,BUM,44.5015,44415,164711.1769,CE,2011
2011-06-09,BUM,43.9355,44415,162616.2694,CE,2011
2011-06-10,BUM,43.3062,44415,160287.0728,CE,2011
2011-06-11,BUM,42.6127,44415,157720.2559,CE,2011
2011-06-12,BUM,41.9306,44415,155195.6333,CE,2011
2011-06-13,BUM,41.2884,44415,152818.6905,CE,2011
2011-06-14,BUM,40.6854,44415,150586.8368,CE,2011
2011-06-15,BUM,39.4861,44415,146147.9276,CE,2011
2011-06-16,BUM,38.9417,44415,144132.9671,CE,2011
2011-06-17,BUM,38.3845,44415,142070.6306,CE,2011
2011-06-18,BUM,37.7343,44415,139664.0779,CE,2011
2011-06-19,BUM,37.109,44415,137349.6863,CE,2011
2011-06-20,BUM,36.4237,44415,134813.2196,CE,2011
2011-06-21,BUM,33.852,44415,125294.715,CE,2011
2011-06-22,BUM,33.0811,44415,122441.4214,CE,2011
2011-06-23,BUM,32.0754,44415,118719.0743,CE,2011
2011-06-24,BUM,31.2738,44415,115752.1523,CE,2011
2011-06-25,BUM,30.6787,44415,113549.5384,CE,2011
2011-06-26,BUM,30.0924,44415,111379.4955,CE,2011
2011-06-27,BUM,29.3941,44415,108794.9126,CE,2011
2011-06-28,BUM,27.5869,44415,102106.0136,CE,2011
2011-06-29,BUM,26.5967,44415,98441.03588,CE,2011
2011-06-30,BUM,25.7219,44415,95203.18238,CE,2011
2011-07-01,BUM,25.0344,44415,92658.573,CE,2011
2011-07-02,BUM,24.3538,44415,90139.50225,CE,2011
2011-07-03,BUM,23.4006,44415,86611.47075,CE,2011
2011-07-04,BUM,22.4647,44415,83147.47088,CE,2011
2011-07-05,BUM,21.6402,44415,80095.79025,CE,2011
2011-07-06,BUM,20.03,44415,74136.0375,CE,2011
2011-07-07,BUM,18.8652,44415,69824.8215,CE,2011
2011-07-08,BUM,17.8465,44415,66054.35813,CE,2011
2011-07-09,BUM,17.2584,44415,63877.653,CE,2011
2011-07-10,BUM,16.6731,44415,61711.31138,CE,2011
2011-07-11,BUM,16.004,44415,59234.805,CE,2011
2011-07-12,BUM,15.2985,44415,56623.57313,CE,2011
2011-07-13,BUM,14.6974,44415,54398.75175,CE,2011
2011-07-14,BUM,14.1722,44415,52454.85525,CE,2011
2011-07-15,BUM,13.6897,44415,50669.00213,CE,2011
2011-07-16,BUM,13.1091,44415,48520.05638,CE,2011
2011-07-17,BUM,12.4994,44415,46263.40425,CE,2011
2011-07-18,BUM,11.9064,44415,44068.563,CE,2011
2011-07-19,BUM,10.2473,44415,37927.81913,CE,2011
2011-07-20,BUM,9.7304,44415,36014.643,CE,2011
2011-07-21,BUM,9.2317,44415,34168.82963,CE,2011
2011-07-22,BUM,8.7712,44415,32464.404,CE,2011
2011-07-23,BUM,8.3445,44415,30885.08063,CE,2011
2011-07-24,BUM,7.7986,44415,28864.56825,CE,2011
2011-07-25,BUM,7.0439,44415,26071.23488,CE,2011
2011-07-26,BUM,5.885,44415,21781.85625,CE,2011
2011-07-27,BUM,5.4966,44415,20344.29075,CE,2011
2011-07-28,BUM,5.092,44415,18846.765,CE,2011
2011-07-29,BUM,4.6627,44415,17257.81838,CE,2011
2011-07-30,BUM,4.1621,44415,15404.97263,CE,2011
2011-07-31,BUM,3.6976,44415,13685.742,CE,2011
2011-08-01,BUM,3.2846,44415,12157.12575,CE,2011
2011-08-02,BUM,2.932,44415,10852.065,CE,2011
2011-08-03,BUM,2.5602,44415,9475.94025,CE,2011
2011-08-04,BUM,1.6735,44415,6194.041875,CE,2011
2011-08-05,BUM,1.3863,44415,5131.042875,CE,2011
2011-08-06,BUM,1.1666,44415,4317.87825,CE,2011
2011-08-07,BUM,0.9683,44415,3583.920375,CE,2011
2011-08-08,BUM,0.7837,44415,2900.669625,CE,2011
2011-08-09,BUM,0.6269,44415,2320.313625,CE,2011
2011-08-10,BUM,0.5259,44415,1946.487375,CE,2011
2011-08-11,BUM,0.446,44415,1650.7575,CE,2011
2011-08-12,BUM,0.357,44415,1321.34625,CE,2011
2011-08-13,BUM,0.2641,44415,977.500125,CE,2011
2011-08-14,BUM,0.2054,44415,760.23675,CE,2011
2011-08-15,BUM,0.1656,44415,612.927,CE,2011
2011-08-16,BUM,0.1364,44415,504.8505,CE,2011
2011-08-17,BUM,0.1024,44415,379.008,CE,2011
2011-08-18,BUM,0.0786,44415,290.91825,CE,2011
2011-08-19,BUM,0.0643,44415,237.990375,CE,2011
2011-08-20,BUM,0.0507,44415,187.653375,CE,2011
2011-08-21,BUM,0.042,44415,155.4525,CE,2011
2011-08-22,BUM,0.0368,44415,136.206,CE,2011
2011-08-23,BUM,0.0312,44415,115.479,CE,2011
2011-08-24,BUM,0.0274,44415,101.41425,CE,2011
2011-08-25,BUM,0.024,44415,88.83,CE,2011
2011-08-26,BUM,0.02,44415,74.025,CE,2011
2011-08-27,BUM,0.0157,44415,58.109625,CE,2011
2011-08-28,BUM,0.0117,44415,43.304625,CE,2011
2011-08-29,BUM,0.0074,44415,27.38925,CE,2011
2011-08-30,BUM,0.0061,44415,22.577625,CE,2011
2011-08-31,BUM,0.0054,44415,19.98675,CE,2011
2011-09-01,BUM,0.005,44415,18.50625,CE,2011
2011-09-02,BUM,0.0046,44415,17.02575,CE,2011
2011-09-03,BUM,0.0039,44415,14.434875,CE,2011
2011-09-04,BUM,0.0031,44415,11.473875,CE,2011
2011-09-05,BUM,0.0019,44415,7.032375,CE,2011
2011-09-06,BUM,4e-4,44415,1.4805,CE,2011
2011-09-07,BUM,0,44415,0,CE,2011
2011-09-08,BUM,0,44415,0,CE,2011
2011-09-09,BUM,0,44415,0,CE,2011
2011-09-10,BUM,0,44415,0,CE,2011
2011-09-11,BUM,0,44415,0,CE,2011
2011-09-12,BUM,0,44415,0,CE,2011
2011-09-13,BUM,0,44415,0,CE,2011
2011-09-14,BUM,0,44415,0,CE,2011
2011-09-15,BUM,0,44415,0,CE,2011
2011-09-16,BUM,0,44415,0,CE,2011
2011-09-17,BUM,0,44415,0,CE,2011
2011-09-18,BUM,0,44415,0,CE,2011
2011-09-19,BUM,0,44415,0,CE,2011
2011-09-20,BUM,0,44415,0,CE,2011
2011-09-21,BUM,0,44415,0,CE,2011
2011-09-22,BUM,0,44415,0,CE,2011
2011-09-23,BUM,0,44415,0,CE,2011
2011-09-24,BUM,0,44415,0,CE,2011
2011-09-25,BUM,0,44415,0,CE,2011
2011-09-26,BUM,0,44415,0,CE,2011
2011-09-27,BUM,0,44415,0,CE,2011
2011-09-28,BUM,0,44415,0,CE,2011
2011-09-29,BUM,0,44415,0,CE,2011
2011-09-30,BUM,0,44415,0,CE,2011
2011-10-01,BUM,0,44415,0,CE,2012
2011-10-02,BUM,0,44415,0,CE,2012
2011-10-03,BUM,0,44415,0,CE,2012
2011-10-04,BUM,0,44415,0,CE,2012
2011-10-05,BUM,2e-4,44415,0.74025,CE,2012
2011-10-06,BUM,0.0317,44415,117.329625,CE,2012
2011-10-07,BUM,0.0347,44415,128.433375,CE,2012
2011-10-08,BUM,0.0345,44415,127.693125,CE,2012
2011-10-09,BUM,0.0158,44415,58.47975,CE,2012
2011-10-10,BUM,0.0034,44415,12.58425,CE,2012
2011-10-11,BUM,0.001,44415,3.70125,CE,2012
2011-10-12,BUM,0.0046,44415,17.02575,CE,2012
2011-10-13,BUM,0.0066,44415,24.42825,CE,2012
2011-10-14,BUM,0.0061,44415,22.577625,CE,2012
2011-10-15,BUM,0.0036,44415,13.3245,CE,2012
2011-10-16,BUM,0.0019,44415,7.032375,CE,2012
2011-10-17,BUM,0.0011,44415,4.071375,CE,2012
2011-10-18,BUM,4e-4,44415,1.4805,CE,2012
2011-10-19,BUM,0,44415,0,CE,2012
2011-10-20,BUM,0,44415,0,CE,2012
2011-10-21,BUM,0,44415,0,CE,2012
2011-10-22,BUM,0,44415,0,CE,2012
2011-10-23,BUM,0,44415,0,CE,2012
2011-10-24,BUM,0,44415,0,CE,2012
2011-10-25,BUM,0,44415,0,CE,2012
2011-10-26,BUM,0,44415,0,CE,2012
2011-10-27,BUM,0,44415,0,CE,2012
2011-10-28,BUM,0,44415,0,CE,2012
2011-10-29,BUM,3e-4,44415,1.110375,CE,2012
2011-10-30,BUM,1e-4,44415,0.370125,CE,2012
2011-10-31,BUM,0,44415,0,CE,2012
2011-11-01,BUM,0,44415,0,CE,2012
2011-11-02,BUM,0,44415,0,CE,2012
2011-11-03,BUM,0.0304,44415,112.518,CE,2012
2011-11-04,BUM,0.1426,44415,527.79825,CE,2012
2011-11-05,BUM,0.1394,44415,515.95425,CE,2012
2011-11-06,BUM,0.1763,44415,652.530375,CE,2012
2011-11-07,BUM,0.1677,44415,620.699625,CE,2012
2011-11-08,BUM,0.1683,44415,622.920375,CE,2012
2011-11-09,BUM,0.128,44415,473.76,CE,2012
2011-11-10,BUM,0.0795,44415,294.249375,CE,2012
2011-11-11,BUM,0.0039,44415,14.434875,CE,2012
2011-11-12,BUM,0.3858,44415,1427.94225,CE,2012
2011-11-13,BUM,0.7868,44415,2912.1435,CE,2012
2011-11-14,BUM,1.002,44415,3708.6525,CE,2012
2011-11-15,BUM,1.1128,44415,4118.751,CE,2012
2011-11-16,BUM,2.8177,44415,10429.01213,CE,2012
2011-11-17,BUM,3.6154,44415,13381.49925,CE,2012
2011-11-18,BUM,4.9361,44415,18269.74013,CE,2012
2011-11-19,BUM,5.4956,44415,20340.5895,CE,2012
2011-11-20,BUM,5.9002,44415,21838.11525,CE,2012
2011-11-21,BUM,5.8987,44415,21832.56338,CE,2012
2011-11-22,BUM,6.5168,44415,24120.306,CE,2012
2011-11-23,BUM,8.539,44415,31604.97375,CE,2012
2011-11-24,BUM,9.2863,44415,34370.91788,CE,2012
2011-11-25,BUM,9.6412,44415,35684.4915,CE,2012
2011-11-26,BUM,9.8892,44415,36602.4015,CE,2012
2011-11-27,BUM,9.7355,44415,36033.51938,CE,2012
2011-11-28,BUM,9.6219,44415,35613.05738,CE,2012
2011-11-29,BUM,11.0456,44415,40882.527,CE,2012
2011-11-30,BUM,10.8098,44415,40009.77225,CE,2012
2011-12-01,BUM,10.6803,44415,39530.46038,CE,2012
2011-12-02,BUM,10.3778,44415,38410.83225,CE,2012
2011-12-03,BUM,10.8518,44415,40165.22475,CE,2012
2011-12-04,BUM,10.6047,44415,39250.64588,CE,2012
2011-12-05,BUM,10.373,44415,38393.06625,CE,2012
2011-12-06,BUM,10.0891,44415,37342.28138,CE,2012
2011-12-07,BUM,9.684,44415,35842.905,CE,2012
2011-12-08,BUM,9.3345,44415,34549.31813,CE,2012
2011-12-09,BUM,9.9203,44415,36717.51038,CE,2012
2011-12-10,BUM,9.5741,44415,35436.13763,CE,2012
2011-12-11,BUM,9.2429,44415,34210.28363,CE,2012
2011-12-12,BUM,9.1208,44415,33758.361,CE,2012
2011-12-13,BUM,9.0118,44415,33354.92475,CE,2012
2011-12-14,BUM,8.8927,44415,32914.10588,CE,2012
2011-12-15,BUM,8.7689,44415,32455.89113,CE,2012
2011-12-16,BUM,9.935,44415,36771.91875,CE,2012
2011-12-17,BUM,9.8018,44415,36278.91225,CE,2012
2011-12-18,BUM,9.4338,44415,34916.85225,CE,2012
2011-12-19,BUM,9.1536,44415,33879.762,CE,2012
2011-12-20,BUM,8.9458,44415,33110.64225,CE,2012
2011-12-21,BUM,8.7259,44415,32296.73738,CE,2012
2011-12-22,BUM,9.6714,44415,35796.26925,CE,2012
2011-12-23,BUM,9.5503,44415,35348.04788,CE,2012
2011-12-24,BUM,9.4591,44415,35010.49388,CE,2012
2011-12-25,BUM,9.2201,44415,34125.89513,CE,2012
2011-12-26,BUM,9.1864,44415,34001.163,CE,2012
2011-12-27,BUM,9.1787,44415,33972.66338,CE,2012
2011-12-28,BUM,9.9465,44415,36814.48313,CE,2012
2011-12-29,BUM,10.4257,44415,38588.12213,CE,2012
2011-12-30,BUM,12.8633,44415,47610.28913,CE,2012
2011-12-31,BUM,13.895,44415,51428.86875,CE,2012
2012-01-01,BUM,13.7542,44415,50907.73275,CE,2012
2012-01-02,BUM,13.6638,44415,50573.13975,CE,2012
2012-01-03,BUM,13.5098,44415,50003.14725,CE,2012
2012-01-04,BUM,15.18,44415,56184.975,CE,2012
2012-01-05,BUM,15.0545,44415,55720.46813,CE,2012
2012-01-06,BUM,14.8075,44415,54806.25938,CE,2012
2012-01-07,BUM,15.5958,44415,57723.95475,CE,2012
2012-01-08,BUM,15.4143,44415,57052.17788,CE,2012
2012-01-09,BUM,15.1275,44415,55990.65938,CE,2012
2012-01-10,BUM,14.9129,44415,55196.37113,CE,2012
2012-01-11,BUM,14.7579,44415,54622.67738,CE,2012
2012-01-12,BUM,15.5261,44415,57465.97763,CE,2012
2012-01-13,BUM,15.3475,44415,56804.93438,CE,2012
2012-01-14,BUM,15.0313,44415,55634.59913,CE,2012
2012-01-15,BUM,15.2436,44415,56420.3745,CE,2012
2012-01-16,BUM,15.5405,44415,57519.27563,CE,2012
2012-01-17,BUM,15.9277,44415,58952.39963,CE,2012
2012-01-18,BUM,18.8236,44415,69670.8495,CE,2012
2012-01-19,BUM,20.9488,44415,77536.746,CE,2012
2012-01-20,BUM,22.7044,44415,84034.6605,CE,2012
2012-01-21,BUM,23.3052,44415,86258.3715,CE,2012
2012-01-22,BUM,24.3892,44415,90270.5265,CE,2012
2012-01-23,BUM,25.0693,44415,92787.74663,CE,2012
2012-01-24,BUM,25.0971,44415,92890.64138,CE,2012
2012-01-25,BUM,25.0626,44415,92762.94825,CE,2012
2012-01-26,BUM,25.86,44415,95714.325,CE,2012
2012-01-27,BUM,26.2436,44415,97134.1245,CE,2012
2012-01-28,BUM,26.1967,44415,96960.53588,CE,2012
2012-01-29,BUM,26.1231,44415,96688.12388,CE,2012
2012-01-30,BUM,26.3364,44415,97477.6005,CE,2012
2012-01-31,BUM,28.1301,44415,104116.5326,CE,2012
2012-02-01,BUM,28.1031,44415,104016.5989,CE,2012
2012-02-02,BUM,28.3822,44415,105049.61780000001,CE,2012
2012-02-03,BUM,28.3095,44415,104780.5369,CE,2012
2012-02-04,BUM,28.2412,44415,104527.7415,CE,2012
2012-02-05,BUM,28.1681,44415,104257.1801,CE,2012
2012-02-06,BUM,28.0853,44415,103950.7166,CE,2012
2012-02-07,BUM,28.8873,44415,106919.1191,CE,2012
2012-02-08,BUM,28.8239,44415,106684.4599,CE,2012
2012-02-09,BUM,28.9173,44415,107030.1566,CE,2012
2012-02-10,BUM,28.945,44415,107132.6813,CE,2012
2012-02-11,BUM,28.862,44415,106825.4775,CE,2012
2012-02-12,BUM,28.6935,44415,106201.8169,CE,2012
2012-02-13,BUM,28.5865,44415,105805.7831,CE,2012
2012-02-14,BUM,30.2596,44415,111998.3445,CE,2012
2012-02-15,BUM,30.2998,44415,112147.1348,CE,2012
2012-02-16,BUM,30.2328,44415,111899.151,CE,2012
2012-02-17,BUM,30.1952,44415,111759.984,CE,2012
2012-02-18,BUM,30.5221,44415,112969.9226,CE,2012
2012-02-19,BUM,31.844,44415,117862.605,CE,2012
2012-02-20,BUM,31.9418,44415,118224.5873,CE,2012
2012-02-21,BUM,32.1126,44415,118856.7608,CE,2012
2012-02-22,BUM,35.1596,44415,130134.4695,CE,2012
2012-02-23,BUM,36.6536,44415,135664.137,CE,2012
2012-02-24,BUM,35.975,44415,133152.4688,CE,2012
2012-02-25,BUM,36.2362,44415,134119.2353,CE,2012
2012-02-26,BUM,37.1298,44415,137426.6723,CE,2012
2012-02-27,BUM,37.5131,44415,138845.3614,CE,2012
2012-02-28,BUM,37.7981,44415,139900.2176,CE,2012
2012-02-29,BUM,37.9819,44415,140580.5074,CE,2012
2012-03-01,BUM,39.1409,44415,144870.2561,CE,2012
2012-03-02,BUM,39.2267,44415,145187.8234,CE,2012
2012-03-03,BUM,39.2609,44415,145314.4061,CE,2012
2012-03-04,BUM,39.3362,44415,145593.1103,CE,2012
2012-03-05,BUM,39.1598,44415,144940.2098,CE,2012
2012-03-06,BUM,39.7702,44415,147199.4528,CE,2012
2012-03-07,BUM,41.3117,44415,152904.9296,CE,2012
2012-03-08,BUM,41.2428,44415,152649.9135,CE,2012
2012-03-09,BUM,41.0383,44415,151893.0079,CE,2012
2012-03-10,BUM,40.7182,44415,150708.2378,CE,2012
2012-03-11,BUM,40.7356,44415,150772.6395,CE,2012
2012-03-12,BUM,41.4699,44415,153490.4674,CE,2012
2012-03-13,BUM,43.876,44415,162396.045,CE,2012
2012-03-14,BUM,44.57,44415,164964.7125,CE,2012
2012-03-15,BUM,45.4001,44415,168037.1201,CE,2012
2012-03-16,BUM,46.56,44415,172330.2,CE,2012
2012-03-17,BUM,46.9432,44415,173748.519,CE,2012
2012-03-18,BUM,47.2144,44415,174752.298,CE,2012
2012-03-19,BUM,47.3415,44415,175222.7269,CE,2012
2012-03-20,BUM,47.186,44415,174647.1825,CE,2012
2012-03-21,BUM,48.6012,44415,179885.1915,CE,2012
2012-03-22,BUM,49.0334,44415,181484.8718,CE,2012
2012-03-23,BUM,49.636,44415,183715.245,CE,2012
2012-03-24,BUM,49.6063,44415,183605.3179,CE,2012
2012-03-25,BUM,49.5362,44415,183345.8603,CE,2012
2012-03-26,BUM,49.4521,44415,183034.5851,CE,2012
2012-03-27,BUM,49.6714,44415,183846.2693,CE,2012
2012-03-28,BUM,50.3171,44415,186236.1664,CE,2012
2012-03-29,BUM,50.9247,44415,188485.0459,CE,2012
2012-03-30,BUM,52.3503,44415,193761.5479,CE,2012
2012-03-31,BUM,55.1533,44415,204136.1516,CE,2012
2012-04-01,BUM,55.766,44415,206403.9075,CE,2012
2012-04-02,BUM,56.2978,44415,208372.2323,CE,2012
2012-04-03,BUM,55.1635,44415,204173.9044,CE,2012
2012-04-04,BUM,55.1316,44415,204055.8345,CE,2012
2012-04-05,BUM,55.1211,44415,204016.9714,CE,2012
2012-04-06,BUM,55.4016,44415,205055.172,CE,2012
2012-04-07,BUM,55.5565,44415,205628.4956,CE,2012
2012-04-08,BUM,55.4483,44415,205228.0204,CE,2012
2012-04-09,BUM,55.2806,44415,204607.3208,CE,2012
2012-04-10,BUM,55.5927,44415,205762.4809,CE,2012
2012-04-11,BUM,55.176,44415,204220.17,CE,2012
2012-04-12,BUM,55.5209,44415,205496.7311,CE,2012
2012-04-13,BUM,55.3151,44415,204735.0139,CE,2012
2012-04-14,BUM,55.0217,44415,203649.0671,CE,2012
2012-04-15,BUM,54.7099,44415,202495.0174,CE,2012
2012-04-16,BUM,54.364,44415,201214.755,CE,2012
2012-04-17,BUM,55.2702,44415,204568.8278,CE,2012
2012-04-18,BUM,55.1481,44415,204116.9051,CE,2012
2012-04-19,BUM,55.0581,44415,203783.7926,CE,2012
2012-04-20,BUM,55.866,44415,206774.0325,CE,2012
2012-04-21,BUM,55.1658,44415,204182.4173,CE,2012
2012-04-22,BUM,54.4486,44415,201527.8808,CE,2012
2012-04-23,BUM,53.6575,44415,198599.8219,CE,2012
2012-04-24,BUM,52.61,44415,194722.7625,CE,2012
2012-04-25,BUM,51.726,44415,191450.8575,CE,2012
2012-04-26,BUM,51.1414,44415,189287.1068,CE,2012
2012-04-27,BUM,50.6709,44415,187545.6686,CE,2012
2012-04-28,BUM,50.7622,44415,187883.5928,CE,2012
2012-04-29,BUM,50.3994,44415,186540.7793,CE,2012
2012-04-30,BUM,49.8605,44415,184546.1756,CE,2012
2012-05-01,BUM,49.7247,44415,184043.5459,CE,2012
2012-05-02,BUM,49.8776,44415,184609.467,CE,2012
2012-05-03,BUM,49.6344,44415,183709.323,CE,2012
2012-05-04,BUM,50.1757,44415,185712.8096,CE,2012
2012-05-05,BUM,49.7695,44415,184209.3619,CE,2012
2012-05-06,BUM,49.461,44415,183067.5263,CE,2012
2012-05-07,BUM,49.106,44415,181753.5825,CE,2012
2012-05-08,BUM,49.3951,44415,182823.6139,CE,2012
2012-05-09,BUM,48.7577,44415,180464.4371,CE,2012
2012-05-10,BUM,48.2308,44415,178514.2485,CE,2012
2012-05-11,BUM,47.9151,44415,177345.7639,CE,2012
2012-05-12,BUM,47.3618,44415,175297.8623,CE,2012
2012-05-13,BUM,46.7852,44415,173163.7215,CE,2012
2012-05-14,BUM,46.0845,44415,170570.2556,CE,2012
2012-05-15,BUM,45.0393,44415,166701.7091,CE,2012
2012-05-16,BUM,44.0522,44415,163048.2053,CE,2012
2012-05-17,BUM,43.1751,44415,159801.8389,CE,2012
2012-05-18,BUM,42.4737,44415,157205.7821,CE,2012
2012-05-19,BUM,41.9597,44415,155303.3396,CE,2012
2012-05-20,BUM,41.444,44415,153394.605,CE,2012
2012-05-21,BUM,40.9822,44415,151685.3678,CE,2012
2012-05-22,BUM,40.5538,44415,150099.7523,CE,2012
2012-05-23,BUM,39.7288,44415,147046.221,CE,2012
2012-05-24,BUM,39.3696,44415,145716.732,CE,2012
2012-05-25,BUM,39.0836,44415,144658.1745,CE,2012
2012-05-26,BUM,38.5186,44415,142566.9683,CE,2012
2012-05-27,BUM,37.9292,44415,140385.4515,CE,2012
2012-05-28,BUM,37.3296,44415,138166.182,CE,2012
2012-05-29,BUM,36.7452,44415,136003.1715,CE,2012
2012-05-30,BUM,35.9293,44415,132983.3216,CE,2012
2012-05-31,BUM,35.3238,44415,130742.2148,CE,2012
2012-06-01,BUM,34.649,44415,128244.6113,CE,2012
2012-06-02,BUM,33.883,44415,125409.4538,CE,2012
2012-06-03,BUM,33.1446,44415,122676.4508,CE,2012
2012-06-04,BUM,32.5449,44415,120456.8111,CE,2012
2012-06-05,BUM,32.4052,44415,119939.7465,CE,2012
2012-06-06,BUM,31.8966,44415,118057.2908,CE,2012
2012-06-07,BUM,31.019,44415,114809.0738,CE,2012
2012-06-08,BUM,30.9332,44415,114491.5065,CE,2012
2012-06-09,BUM,30.4552,44415,112722.309,CE,2012
2012-06-10,BUM,29.9987,44415,111032.6884,CE,2012
2012-06-11,BUM,29.4267,44415,108915.5734,CE,2012
2012-06-12,BUM,28.5769,44415,105770.2511,CE,2012
2012-06-13,BUM,27.8478,44415,103071.6698,CE,2012
2012-06-14,BUM,27.1059,44415,100325.7124,CE,2012
2012-06-15,BUM,25.8502,44415,95678.05275,CE,2012
2012-06-16,BUM,25.1705,44415,93162.31313,CE,2012
2012-06-17,BUM,24.2609,44415,89795.65613,CE,2012
2012-06-18,BUM,23.296,44415,86224.32,CE,2012
2012-06-19,BUM,22.6736,44415,83920.662,CE,2012
2012-06-20,BUM,21.8689,44415,80942.26613,CE,2012
2012-06-21,BUM,21.226,44415,78562.7325,CE,2012
2012-06-22,BUM,20.3894,44415,75466.26675,CE,2012
2012-06-23,BUM,19.661,44415,72770.27625,CE,2012
2012-06-24,BUM,19.0621,44415,70553.59763,CE,2012
2012-06-25,BUM,18.5216,44415,68553.072,CE,2012
2012-06-26,BUM,17.727,44415,65612.05875,CE,2012
2012-06-27,BUM,17.1804,44415,63588.9555,CE,2012
2012-06-28,BUM,16.5723,44415,61338.22538,CE,2012
2012-06-29,BUM,15.8122,44415,58524.90525,CE,2012
2012-06-30,BUM,14.9991,44415,55515.41888,CE,2012
2012-07-01,BUM,14.1657,44415,52430.79713,CE,2012
2012-07-02,BUM,13.3557,44415,49432.78463,CE,2012
2012-07-03,BUM,11.6795,44415,43228.74938,CE,2012
2012-07-04,BUM,11.1847,44415,41397.37088,CE,2012
2012-07-05,BUM,10.6653,44415,39474.94163,CE,2012
2012-07-06,BUM,9.7043,44415,35918.04038,CE,2012
2012-07-07,BUM,8.8676,44415,32821.2045,CE,2012
2012-07-08,BUM,7.8921,44415,29210.63513,CE,2012
2012-07-09,BUM,6.8376,44415,25307.667,CE,2012
2012-07-10,BUM,5.8374,44415,21605.67675,CE,2012
2012-07-11,BUM,4.5481,44415,16833.65513,CE,2012
2012-07-12,BUM,3.8504,44415,14251.293,CE,2012
2012-07-13,BUM,3.1894,44415,11804.76675,CE,2012
2012-07-14,BUM,2.643,44415,9782.40375,CE,2012
2012-07-15,BUM,2.146,44415,7942.8825,CE,2012
2012-07-16,BUM,1.794,44415,6640.0425,CE,2012
2012-07-17,BUM,1.1507,44415,4259.028375,CE,2012
2012-07-18,BUM,0.8187,44415,3030.213375,CE,2012
2012-07-19,BUM,0.5711,44415,2113.783875,CE,2012
2012-07-20,BUM,0.3788,44415,1402.0335,CE,2012
2012-07-21,BUM,0.2747,44415,1016.733375,CE,2012
2012-07-22,BUM,0.2017,44415,746.542125,CE,2012
2012-07-23,BUM,0.1616,44415,598.122,CE,2012
2012-07-24,BUM,0.1354,44415,501.14925,CE,2012
2012-07-25,BUM,0.0912,44415,337.554,CE,2012
2012-07-26,BUM,0.0597,44415,220.964625,CE,2012
2012-07-27,BUM,0.0363,44415,134.355375,CE,2012
2012-07-28,BUM,0.0258,44415,95.49225,CE,2012
2012-07-29,BUM,0.0194,44415,71.80425,CE,2012
2012-07-30,BUM,0.0117,44415,43.304625,CE,2012
2012-07-31,BUM,0.0048,44415,17.766,CE,2012
2012-08-01,BUM,0.0025,44415,9.253125,CE,2012
2012-08-02,BUM,0.0012,44415,4.4415,CE,2012
2012-08-03,BUM,0,44415,0,CE,2012
2012-08-04,BUM,0,44415,0,CE,2012
2012-08-05,BUM,0,44415,0,CE,2012
2012-08-06,BUM,0,44415,0,CE,2012
2012-08-07,BUM,0,44415,0,CE,2012
2012-08-08,BUM,0,44415,0,CE,2012
2012-08-09,BUM,0,44415,0,CE,2012
2012-08-10,BUM,0,44415,0,CE,2012
2012-08-11,BUM,0,44415,0,CE,2012
2012-08-12,BUM,0,44415,0,CE,2012
2012-08-13,BUM,0,44415,0,CE,2012
2012-08-14,BUM,0,44415,0,CE,2012
2012-08-15,BUM,0,44415,0,CE,2012
2012-08-16,BUM,0,44415,0,CE,2012
2012-08-17,BUM,0,44415,0,CE,2012
2012-08-18,BUM,0,44415,0,CE,2012
2012-08-19,BUM,0,44415,0,CE,2012
2012-08-20,BUM,0,44415,0,CE,2012
2012-08-21,BUM,0,44415,0,CE,2012
2012-08-22,BUM,0,44415,0,CE,2012
2012-08-23,BUM,0,44415,0,CE,2012
2012-08-24,BUM,0,44415,0,CE,2012
2012-08-25,BUM,0,44415,0,CE,2012
2012-08-26,BUM,0,44415,0,CE,2012
2012-08-27,BUM,0,44415,0,CE,2012
2012-08-28,BUM,0,44415,0,CE,2012
2012-08-29,BUM,0,44415,0,CE,2012
2012-08-30,BUM,0,44415,0,CE,2012
2012-08-31,BUM,0,44415,0,CE,2012
2012-09-01,BUM,0,44415,0,CE,2012
2012-09-02,BUM,0,44415,0,CE,2012
2012-09-03,BUM,0,44415,0,CE,2012
2012-09-04,BUM,0,44415,0,CE,2012
2012-09-05,BUM,0,44415,0,CE,2012
2012-09-06,BUM,0,44415,0,CE,2012
2012-09-07,BUM,0,44415,0,CE,2012
2012-09-08,BUM,0,44415,0,CE,2012
2012-09-09,BUM,0,44415,0,CE,2012
2012-09-10,BUM,0,44415,0,CE,2012
2012-09-11,BUM,0,44415,0,CE,2012
2012-09-12,BUM,0,44415,0,CE,2012
2012-09-13,BUM,0,44415,0,CE,2012
2012-09-14,BUM,0,44415,0,CE,2012
2012-09-15,BUM,0,44415,0,CE,2012
2012-09-16,BUM,0,44415,0,CE,2012
2012-09-17,BUM,0,44415,0,CE,2012
2012-09-18,BUM,0,44415,0,CE,2012
2012-09-19,BUM,0,44415,0,CE,2012
2012-09-20,BUM,0,44415,0,CE,2012
2012-09-21,BUM,0,44415,0,CE,2012
2012-09-22,BUM,0,44415,0,CE,2012
2012-09-23,BUM,0,44415,0,CE,2012
2012-09-24,BUM,0,44415,0,CE,2012
2012-09-25,BUM,0,44415,0,CE,2012
2012-09-26,BUM,0,44415,0,CE,2012
2012-09-27,BUM,0,44415,0,CE,2012
2012-09-28,BUM,0,44415,0,CE,2012
2012-09-29,BUM,0,44415,0,CE,2012
2012-09-30,BUM,0,44415,0,CE,2012
2003-10-01,CLE,0,129466,0,CE,2004
2003-10-02,CLE,0,129466,0,CE,2004
2003-10-03,CLE,0,129466,0,CE,2004
2003-10-04,CLE,0,129466,0,CE,2004
2003-10-05,CLE,0,129466,0,CE,2004
2003-10-06,CLE,0,129466,0,CE,2004
2003-10-07,CLE,0,129466,0,CE,2004
2003-10-08,CLE,0,129466,0,CE,2004
2003-10-09,CLE,0,129466,0,CE,2004
2003-10-10,CLE,0,129466,0,CE,2004
2003-10-11,CLE,0,129466,0,CE,2004
2003-10-12,CLE,0.0096,129466,103.5728,CE,2004
2003-10-13,CLE,0.0114,129466,122.9927,CE,2004
2003-10-14,CLE,0.0091,129466,98.17838333,CE,2004
2003-10-15,CLE,0.0097,129466,104.6516833,CE,2004
2003-10-16,CLE,0.0103,129466,111.1249833,CE,2004
2003-10-17,CLE,1e-4,129466,1.078883333,CE,2004
2003-10-18,CLE,0,129466,0,CE,2004
2003-10-19,CLE,0,129466,0,CE,2004
2003-10-20,CLE,0,129466,0,CE,2004
2003-10-21,CLE,0,129466,0,CE,2004
2003-10-22,CLE,0,129466,0,CE,2004
2003-10-23,CLE,0,129466,0,CE,2004
2003-10-24,CLE,0,129466,0,CE,2004
2003-10-25,CLE,0,129466,0,CE,2004
2003-10-26,CLE,0,129466,0,CE,2004
2003-10-27,CLE,0,129466,0,CE,2004
2003-10-28,CLE,0,129466,0,CE,2004
2003-10-29,CLE,0.0072,129466,77.6796,CE,2004
2003-10-31,CLE,0.0231,129466,249.22205,CE,2004
2003-11-01,CLE,0.0156,129466,168.3058,CE,2004
2003-11-02,CLE,0.0171,129466,184.48905,CE,2004
2003-11-03,CLE,0.0484,129466,522.1795333,CE,2004
2003-11-04,CLE,0.0424,129466,457.4465333,CE,2004
2003-11-05,CLE,0.0371,129466,400.2657167,CE,2004
2003-11-06,CLE,0.0307,129466,331.2171833,CE,2004
2003-11-07,CLE,0.024,129466,258.932,CE,2004
2003-11-08,CLE,0.0181,129466,195.2778833,CE,2004
2003-11-09,CLE,0.0128,129466,138.0970667,CE,2004
2003-11-10,CLE,0.0041,129466,44.23421667,CE,2004
2003-11-11,CLE,0.2054,129466,2216.026367,CE,2004
2003-11-12,CLE,0.5376,129466,5800.0768,CE,2004
2003-11-13,CLE,1.5372,129466,16584.5946,CE,2004
2003-11-14,CLE,1.5174,129466,16370.9757,CE,2004
2003-11-15,CLE,1.4946,129466,16124.9903,CE,2004
2003-11-16,CLE,1.4935,129466,16113.12258,CE,2004
2003-11-17,CLE,1.9296,129466,20818.1328,CE,2004
2003-11-18,CLE,2.429,129466,26206.07617,CE,2004
2003-11-19,CLE,2.473,129466,26680.78483,CE,2004
2003-11-20,CLE,3.393,129466,36606.5115,CE,2004
2003-11-21,CLE,3.5619,129466,38428.74545,CE,2004
2003-11-22,CLE,3.5574,129466,38380.1957,CE,2004
2003-11-23,CLE,3.5491,129466,38290.64838,CE,2004
2003-11-24,CLE,3.648,129466,39357.664,CE,2004
2003-11-25,CLE,4.1109,129466,44351.81495,CE,2004
2003-11-26,CLE,4.4313,129466,47808.55715,CE,2004
2003-11-27,CLE,4.4828,129466,48364.18207,CE,2004
2003-11-28,CLE,4.477,129466,48301.60683,CE,2004
2003-11-29,CLE,5.2455,129466,56592.82525,CE,2004
2003-11-30,CLE,5.3202,129466,57398.7511,CE,2004
2003-12-01,CLE,5.2978,129466,57157.08123,CE,2004
2003-12-02,CLE,5.3313,129466,57518.50715,CE,2004
2003-12-03,CLE,6.3907,129466,68948.19718,CE,2004
2003-12-04,CLE,6.4063,129466,69116.50298,CE,2004
2003-12-05,CLE,6.4137,129466,69196.34035,CE,2004
2003-12-06,CLE,6.6188,129466,71409.13007,CE,2004
2003-12-07,CLE,6.602,129466,71227.87767,CE,2004
2003-12-08,CLE,6.6398,129466,71635.69557,CE,2004
2003-12-09,CLE,7.1745,129466,77404.48475,CE,2004
2003-12-10,CLE,7.3153,129466,78923.55248,CE,2004
2003-12-11,CLE,7.5795,129466,81773.96225,CE,2004
2003-12-12,CLE,7.5839,129466,81821.43312,CE,2004
2003-12-13,CLE,7.7076,129466,83156.0118,CE,2004
2003-12-14,CLE,8.0238,129466,86567.4409,CE,2004
2003-12-15,CLE,8.0635,129466,86995.75758,CE,2004
2003-12-16,CLE,8.0607,129466,86965.54885,CE,2004
2003-12-17,CLE,10.1961,129466,110004.0236,CE,2004
2003-12-18,CLE,10.1959,129466,110001.8658,CE,2004
2003-12-19,CLE,10.1845,129466,109878.8731,CE,2004
2003-12-20,CLE,10.2185,129466,110245.6934,CE,2004
2003-12-21,CLE,10.2472,129466,110555.3329,CE,2004
2003-12-22,CLE,10.2782,129466,110889.7868,CE,2004
2003-12-23,CLE,11.7195,129466,126439.7323,CE,2004
2003-12-24,CLE,11.8524,129466,127873.5682,CE,2004
2003-12-25,CLE,12.0881,129466,130416.4962,CE,2004
2003-12-26,CLE,12.1324,129466,130894.4415,CE,2004
2003-12-27,CLE,12.1546,129466,131133.9536,CE,2004
2003-12-28,CLE,12.2902,129466,132596.9194,CE,2004
2003-12-29,CLE,12.4334,129466,134141.8804,CE,2004
2003-12-30,CLE,15.7716,129466,170157.1638,CE,2004
2003-12-31,CLE,15.764,129466,170075.1687,CE,2004
2004-01-01,CLE,15.8043,129466,170509.9587,CE,2004
2004-01-02,CLE,16.008,129466,172707.644,CE,2004
2004-01-03,CLE,16.1233,129466,173951.5965,CE,2004
2004-01-04,CLE,16.4306,129466,177267.005,CE,2004
2004-01-05,CLE,16.4283,129466,177242.1907,CE,2004
2004-01-06,CLE,17.8516,129466,192597.9371,CE,2004
2004-01-07,CLE,18.3684,129466,198173.6062,CE,2004
2004-01-08,CLE,18.9924,129466,204905.8382,CE,2004
2004-01-09,CLE,19.1079,129466,206151.9485,CE,2004
2004-01-10,CLE,19.2558,129466,207747.6169,CE,2004
2004-01-11,CLE,19.2956,129466,208177.0125,CE,2004
2004-01-12,CLE,19.2875,129466,208089.6229,CE,2004
2004-01-13,CLE,19.72,129466,212755.7933,CE,2004
2004-01-14,CLE,19.7099,129466,212646.8261,CE,2004
2004-01-15,CLE,19.885,129466,214535.9508,CE,2004
2004-01-16,CLE,20.083,129466,216672.1398,CE,2004
2004-01-17,CLE,20.0719,129466,216552.3838,CE,2004
2004-01-18,CLE,20.0681,129466,216511.3862,CE,2004
2004-01-19,CLE,20.08,129466,216639.7733,CE,2004
2004-01-20,CLE,20.1034,129466,216892.232,CE,2004
2004-01-21,CLE,20.0978,129466,216831.8146,CE,2004
2004-01-22,CLE,20.091,129466,216758.4505,CE,2004
2004-01-23,CLE,20.0981,129466,216835.0512,CE,2004
2004-01-24,CLE,20.6684,129466,222987.9229,CE,2004
2004-01-25,CLE,20.8706,129466,225169.425,CE,2004
2004-01-26,CLE,20.9611,129466,226145.8144,CE,2004
2004-01-27,CLE,21.1344,129466,228015.5192,CE,2004
2004-01-28,CLE,24.4371,129466,263647.7991,CE,2004
2004-01-29,CLE,24.8762,129466,268385.1758,CE,2004
2004-01-30,CLE,25.3633,129466,273640.4165,CE,2004
2004-01-31,CLE,25.4888,129466,274994.4151,CE,2004
2004-02-01,CLE,25.5326,129466,275466.966,CE,2004
2004-02-02,CLE,25.5168,129466,275296.5024,CE,2004
2004-02-03,CLE,25.7684,129466,278010.9729,CE,2004
2004-02-04,CLE,25.7588,129466,277907.4001,CE,2004
2004-02-05,CLE,27.7765,129466,299676.0291,CE,2004
2004-02-06,CLE,27.7599,129466,299496.9345,CE,2004
2004-02-07,CLE,27.8285,129466,300237.0484,CE,2004
2004-02-08,CLE,27.8609,129466,300586.6066,CE,2004
2004-02-09,CLE,27.8489,129466,300457.1406,CE,2004
2004-02-10,CLE,27.8374,129466,300333.069,CE,2004
2004-02-11,CLE,28.6403,129466,308995.4233,CE,2004
2004-02-12,CLE,28.6277,129466,308859.484,CE,2004
2004-02-13,CLE,28.6119,129466,308689.0205,CE,2004
2004-02-14,CLE,28.5956,129466,308513.1625,CE,2004
2004-02-15,CLE,28.6256,129466,308836.8275,CE,2004
2004-02-16,CLE,28.671,129466,309326.6405,CE,2004
2004-02-17,CLE,28.7742,129466,310440.0481,CE,2004
2004-02-18,CLE,28.719,129466,309844.5045,CE,2004
2004-02-19,CLE,28.7092,129466,309738.7739,CE,2004
2004-02-20,CLE,29.4502,129466,317733.2994,CE,2004
2004-02-21,CLE,29.4411,129466,317635.1211,CE,2004
2004-02-22,CLE,29.4294,129466,317508.8917,CE,2004
2004-02-23,CLE,29.417,129466,317375.1102,CE,2004
2004-02-24,CLE,28.9358,129466,312183.5236,CE,2004
2004-02-26,CLE,29.161,129466,314613.1688,CE,2004
2004-02-27,CLE,28.9675,129466,312525.5296,CE,2004
2004-02-28,CLE,28.9644,129466,312492.0842,CE,2004
2004-02-29,CLE,28.95,129466,312336.725,CE,2004
2004-03-01,CLE,28.954,129466,312379.8803,CE,2004
2004-03-02,CLE,29.2362,129466,315424.4891,CE,2004
2004-03-03,CLE,29.2131,129466,315175.2671,CE,2004
2004-03-04,CLE,29.3098,129466,316218.5472,CE,2004
2004-03-05,CLE,30.2846,129466,326735.502,CE,2004
2004-03-06,CLE,30.5802,129466,329924.6811,CE,2004
2004-03-07,CLE,30.7284,129466,331523.5862,CE,2004
2004-03-08,CLE,30.8258,129466,332574.4186,CE,2004
2004-03-09,CLE,32.44,129466,349989.7533,CE,2004
2004-03-10,CLE,32.2201,129466,347617.2889,CE,2004
2004-03-11,CLE,32.0852,129466,346161.8753,CE,2004
2004-03-12,CLE,31.8397,129466,343513.2167,CE,2004
2004-03-13,CLE,31.7176,129466,342195.9001,CE,2004
2004-03-14,CLE,31.6335,129466,341288.5593,CE,2004
2004-03-15,CLE,31.5442,129466,340325.1164,CE,2004
2004-03-16,CLE,31.4462,129466,339267.8108,CE,2004
2004-03-17,CLE,31.3686,129466,338430.5973,CE,2004
2004-03-18,CLE,31.3553,129466,338287.1058,CE,2004
2004-03-19,CLE,31.394,129466,338704.6337,CE,2004
2004-03-20,CLE,31.4226,129466,339013.1943,CE,2004
2004-03-21,CLE,31.3779,129466,338530.9335,CE,2004
2004-03-22,CLE,31.3136,129466,337837.2115,CE,2004
2004-03-23,CLE,31.1504,129466,336076.4739,CE,2004
2004-03-24,CLE,31.6314,129466,341265.9027,CE,2004
2004-03-25,CLE,31.5257,129466,340125.523,CE,2004
2004-03-26,CLE,31.6481,129466,341446.0762,CE,2004
2004-03-27,CLE,31.6141,129466,341079.2559,CE,2004
2004-03-28,CLE,31.6008,129466,340935.7644,CE,2004
2004-03-29,CLE,31.501,129466,339859.0388,CE,2004
2004-03-30,CLE,32.6118,129466,351843.2749,CE,2004
2004-03-31,CLE,32.3797,129466,349339.1867,CE,2004
2004-04-01,CLE,32.2583,129466,348029.4223,CE,2004
2004-04-02,CLE,32.1793,129466,347177.1045,CE,2004
2004-04-03,CLE,32.0696,129466,345993.5695,CE,2004
2004-04-04,CLE,31.8128,129466,343222.9971,CE,2004
2004-04-05,CLE,31.4628,129466,339446.9054,CE,2004
2004-04-06,CLE,30.9867,129466,334310.3419,CE,2004
2004-04-07,CLE,30.7888,129466,332175.2317,CE,2004
2004-04-08,CLE,30.2782,129466,326666.4534,CE,2004
2004-04-09,CLE,30.0173,129466,323851.6468,CE,2004
2004-04-10,CLE,29.9489,129466,323113.6906,CE,2004
2004-04-11,CLE,29.4874,129466,318134.644,CE,2004
2004-04-12,CLE,28.828,129466,311020.4873,CE,2004
2004-04-13,CLE,28.3755,129466,306138.5403,CE,2004
2004-04-14,CLE,28.0192,129466,302294.4789,CE,2004
2004-04-15,CLE,27.8324,129466,300279.1249,CE,2004
2004-04-16,CLE,27.6497,129466,298308.005,CE,2004
2004-04-17,CLE,27.5015,129466,296709.0999,CE,2004
2004-04-18,CLE,27.3807,129466,295405.8089,CE,2004
2004-04-19,CLE,27.2821,129466,294342.0299,CE,2004
2004-04-20,CLE,27.3583,129466,295164.139,CE,2004
2004-04-21,CLE,27.2277,129466,293755.1174,CE,2004
2004-04-22,CLE,26.9333,129466,290578.8848,CE,2004
2004-04-23,CLE,26.6877,129466,287929.1474,CE,2004
2004-04-24,CLE,26.371,129466,284512.3238,CE,2004
2004-04-25,CLE,26.166,129466,282300.613,CE,2004
2004-04-26,CLE,25.8496,129466,278887.0261,CE,2004
2004-04-27,CLE,25.1121,129466,270930.2616,CE,2004
2004-04-28,CLE,24.5561,129466,264931.6702,CE,2004
2004-04-29,CLE,24.2559,129466,261692.8625,CE,2004
2004-04-30,CLE,23.8235,129466,257027.7709,CE,2004
2004-05-01,CLE,23.0497,129466,248679.3717,CE,2004
2004-05-02,CLE,22.0375,129466,237758.9146,CE,2004
2004-05-03,CLE,21.0409,129466,227006.7633,CE,2004
2004-05-04,CLE,20.3248,129466,219280.8797,CE,2004
2004-05-05,CLE,21.458,129466,231506.7857,CE,2004
2004-05-06,CLE,21.177,129466,228475.1235,CE,2004
2004-05-07,CLE,21.0329,129466,226920.4526,CE,2004
2004-05-08,CLE,20.4882,129466,221043.7751,CE,2004
2004-05-09,CLE,20.0603,129466,216427.2333,CE,2004
2004-05-10,CLE,19.7816,129466,213420.3855,CE,2004
2004-05-11,CLE,19.6449,129466,211945.552,CE,2004
2004-05-12,CLE,19.4382,129466,209715.5001,CE,2004
2004-05-13,CLE,19.2141,129466,207297.7226,CE,2004
2004-05-14,CLE,18.9484,129466,204431.1295,CE,2004
2004-05-15,CLE,18.5481,129466,200112.3596,CE,2004
2004-05-16,CLE,18.1005,129466,195283.2778,CE,2004
2004-05-17,CLE,17.8081,129466,192128.6229,CE,2004
2004-05-18,CLE,17.4774,129466,188560.7557,CE,2004
2004-05-19,CLE,16.7846,129466,181086.252,CE,2004
2004-05-20,CLE,16.1604,129466,174351.8622,CE,2004
2004-05-21,CLE,15.6336,129466,168668.3048,CE,2004
2004-05-22,CLE,15.1014,129466,162926.4877,CE,2004
2004-05-23,CLE,14.8369,129466,160072.8413,CE,2004
2004-05-24,CLE,14.5872,129466,157378.8696,CE,2004
2004-05-25,CLE,14.2416,129466,153650.2488,CE,2004
2004-05-26,CLE,13.7012,129466,147819.9633,CE,2004
2004-05-27,CLE,13.1097,129466,141438.3684,CE,2004
2004-05-28,CLE,12.7577,129466,137640.699,CE,2004
2004-05-29,CLE,12.5507,129466,135407.4105,CE,2004
2004-05-30,CLE,12.4291,129466,134095.4884,CE,2004
2004-05-31,CLE,12.2294,129466,131940.9584,CE,2004
2004-06-01,CLE,12.0455,129466,129956.8919,CE,2004
2004-06-02,CLE,11.8058,129466,127370.8086,CE,2004
2004-06-03,CLE,11.4282,129466,123296.9451,CE,2004
2004-06-04,CLE,10.7133,129466,115584.0082,CE,2004
2004-06-05,CLE,9.9014,129466,106824.5544,CE,2004
2004-06-06,CLE,9.3295,129466,100654.4206,CE,2004
2004-06-07,CLE,9.1148,129466,98338.05807,CE,2004
2004-06-08,CLE,8.9109,129466,96138.21495,CE,2004
2004-06-09,CLE,8.5098,129466,91810.8139,CE,2004
2004-06-10,CLE,8.143,129466,87853.46983,CE,2004
2004-06-11,CLE,7.9115,129466,85355.85492,CE,2004
2004-06-12,CLE,7.7998,129466,84150.74223,CE,2004
2004-06-13,CLE,7.6537,129466,82574.49368,CE,2004
2004-06-14,CLE,7.4569,129466,80451.25128,CE,2004
2004-06-15,CLE,7.3399,129466,79188.95778,CE,2004
2004-06-16,CLE,7.1692,129466,77347.30393,CE,2004
2004-06-17,CLE,6.807,129466,73439.5885,CE,2004
2004-06-18,CLE,6.2679,129466,67623.32845,CE,2004
2004-06-19,CLE,5.754,129466,62078.947,CE,2004
2004-06-20,CLE,5.3205,129466,57401.98775,CE,2004
2004-06-21,CLE,4.8572,129466,52403.52127,CE,2004
2004-06-22,CLE,4.3798,129466,47252.93223,CE,2004
2004-06-23,CLE,3.9159,129466,42247.99245,CE,2004
2004-06-24,CLE,3.4968,129466,37726.3924,CE,2004
2004-06-25,CLE,3.1487,129466,33970.79952,CE,2004
2004-06-26,CLE,2.8555,129466,30807.51358,CE,2004
2004-06-27,CLE,2.6137,129466,28198.77368,CE,2004
2004-06-28,CLE,2.4197,129466,26105.74002,CE,2004
2004-06-29,CLE,2.1786,129466,23504.5523,CE,2004
2004-06-30,CLE,1.9251,129466,20769.58305,CE,2004
2004-07-01,CLE,1.7058,129466,18403.5919,CE,2004
2004-07-02,CLE,1.5075,129466,16264.16625,CE,2004
2004-07-03,CLE,1.3465,129466,14527.16408,CE,2004
2004-07-04,CLE,1.2187,129466,13148.35118,CE,2004
2004-07-05,CLE,1.0971,129466,11836.42905,CE,2004
2004-07-06,CLE,0.9543,129466,10295.78365,CE,2004
2004-07-07,CLE,0.8266,129466,8918.049633,CE,2004
2004-07-08,CLE,0.7769,129466,8381.844617,CE,2004
2004-07-09,CLE,0.7105,129466,7665.466083,CE,2004
2004-07-10,CLE,0.6432,129466,6939.3776,CE,2004
2004-07-11,CLE,0.5895,129466,6360.01725,CE,2004
2004-07-12,CLE,0.5195,129466,5604.798917,CE,2004
2004-07-13,CLE,0.4127,129466,4452.551517,CE,2004
2004-07-14,CLE,0.2949,129466,3181.62695,CE,2004
2004-07-15,CLE,0.1933,129466,2085.481483,CE,2004
2004-07-16,CLE,0.1327,129466,1431.678183,CE,2004
2004-07-17,CLE,0.0879,129466,948.33845,CE,2004
2004-07-18,CLE,0.0599,129466,646.2511167,CE,2004
2004-07-19,CLE,0.0452,129466,487.6552667,CE,2004
2004-07-20,CLE,0.0366,129466,394.8713,CE,2004
2004-07-21,CLE,0.0315,129466,339.84825,CE,2004
2004-07-22,CLE,0.0256,129466,276.1941333,CE,2004
2004-07-23,CLE,0.0182,129466,196.3567667,CE,2004
2004-07-24,CLE,0.0112,129466,120.8349333,CE,2004
2004-07-25,CLE,0.0072,129466,77.6796,CE,2004
2004-07-26,CLE,0.0053,129466,57.18081667,CE,2004
2004-07-27,CLE,0.0037,129466,39.91868333,CE,2004
2004-07-28,CLE,0.003,129466,32.3665,CE,2004
2004-07-29,CLE,0.0023,129466,24.81431667,CE,2004
2004-07-30,CLE,0.0014,129466,15.10436667,CE,2004
2004-07-31,CLE,7e-4,129466,7.552183333,CE,2004
2004-08-01,CLE,0,129466,0,CE,2004
2004-08-02,CLE,0,129466,0,CE,2004
2004-08-03,CLE,0,129466,0,CE,2004
2004-08-04,CLE,0,129466,0,CE,2004
2004-08-05,CLE,0,129466,0,CE,2004
2004-08-06,CLE,0,129466,0,CE,2004
2004-08-07,CLE,0,129466,0,CE,2004
2004-08-08,CLE,0,129466,0,CE,2004
2004-08-09,CLE,0,129466,0,CE,2004
2004-08-10,CLE,0,129466,0,CE,2004
2004-08-11,CLE,0,129466,0,CE,2004
2004-08-12,CLE,0,129466,0,CE,2004
2004-08-13,CLE,0,129466,0,CE,2004
2004-08-14,CLE,0,129466,0,CE,2004
2004-08-15,CLE,0,129466,0,CE,2004
2004-08-16,CLE,0,129466,0,CE,2004
2004-08-17,CLE,0,129466,0,CE,2004
2004-08-18,CLE,0,129466,0,CE,2004
2004-08-19,CLE,0,129466,0,CE,2004
2004-08-20,CLE,0,129466,0,CE,2004
2004-08-21,CLE,0,129466,0,CE,2004
2004-08-22,CLE,0,129466,0,CE,2004
2004-08-23,CLE,0,129466,0,CE,2004
2004-08-24,CLE,0,129466,0,CE,2004
2004-08-25,CLE,0,129466,0,CE,2004
2004-08-26,CLE,0,129466,0,CE,2004
2004-08-27,CLE,0,129466,0,CE,2004
2004-08-28,CLE,0,129466,0,CE,2004
2004-08-29,CLE,0,129466,0,CE,2004
2004-08-30,CLE,0,129466,0,CE,2004
2004-09-01,CLE,0,129466,0,CE,2004
2004-09-02,CLE,0,129466,0,CE,2004
2004-09-03,CLE,0,129466,0,CE,2004
2004-09-04,CLE,0,129466,0,CE,2004
2004-09-05,CLE,0,129466,0,CE,2004
2004-09-06,CLE,0,129466,0,CE,2004
2004-09-07,CLE,0,129466,0,CE,2004
2004-09-08,CLE,0,129466,0,CE,2004
2004-09-09,CLE,0,129466,0,CE,2004
2004-09-10,CLE,0,129466,0,CE,2004
2004-09-11,CLE,0,129466,0,CE,2004
2004-09-12,CLE,0,129466,0,CE,2004
2004-09-13,CLE,0,129466,0,CE,2004
2004-09-14,CLE,0,129466,0,CE,2004
2004-09-15,CLE,0,129466,0,CE,2004
2004-09-16,CLE,0,129466,0,CE,2004
2004-09-17,CLE,0,129466,0,CE,2004
2004-09-18,CLE,0,129466,0,CE,2004
2004-09-19,CLE,2e-4,129466,2.157766667,CE,2004
2004-09-20,CLE,8e-4,129466,8.631066667,CE,2004
2004-09-21,CLE,7e-4,129466,7.552183333,CE,2004
2004-09-22,CLE,0,129466,0,CE,2004
2004-09-23,CLE,0,129466,0,CE,2004
2004-09-24,CLE,0,129466,0,CE,2004
2004-09-25,CLE,0,129466,0,CE,2004
2004-09-26,CLE,0,129466,0,CE,2004
2004-09-28,CLE,0,129466,0,CE,2004
2004-09-29,CLE,0,129466,0,CE,2004
2004-09-30,CLE,0,129466,0,CE,2004
2004-10-01,CLE,0,129466,0,CE,2005
2004-10-02,CLE,0,129466,0,CE,2005
2004-10-03,CLE,0,129466,0,CE,2005
2004-10-04,CLE,0,129466,0,CE,2005
2004-10-05,CLE,0,129466,0,CE,2005
2004-10-06,CLE,0,129466,0,CE,2005
2004-10-07,CLE,0,129466,0,CE,2005
2004-10-08,CLE,0,129466,0,CE,2005
2004-10-09,CLE,0,129466,0,CE,2005
2004-10-10,CLE,1e-4,129466,1.078883333,CE,2005
2004-10-11,CLE,1e-4,129466,1.078883333,CE,2005
2004-10-12,CLE,0,129466,0,CE,2005
2004-10-13,CLE,0,129466,0,CE,2005
2004-10-14,CLE,0,129466,0,CE,2005
2004-10-15,CLE,0,129466,0,CE,2005
2004-10-16,CLE,0,129466,0,CE,2005
2004-10-17,CLE,0,129466,0,CE,2005
2004-10-18,CLE,0,129466,0,CE,2005
2004-10-19,CLE,0.0128,129466,138.0970667,CE,2005
2004-10-20,CLE,0.0573,129466,618.20015,CE,2005
2004-10-21,CLE,0.053,129466,571.8081667,CE,2005
2004-10-22,CLE,0.0556,129466,599.8591333,CE,2005
2004-10-23,CLE,0.0929,129466,1002.282617,CE,2005
2004-10-24,CLE,0.0874,129466,942.9440333,CE,2005
2004-10-25,CLE,0.0843,129466,909.49865,CE,2005
2004-10-26,CLE,0.08,129466,863.1066667,CE,2005
2004-10-27,CLE,0.0721,129466,777.8748833,CE,2005
2004-10-28,CLE,0.0604,129466,651.6455333,CE,2005
2004-10-29,CLE,0.0527,129466,568.5715167,CE,2005
2004-10-30,CLE,0.0486,129466,524.3373,CE,2005
2004-10-31,CLE,0.0832,129466,897.6309333,CE,2005
2004-11-01,CLE,0.0807,129466,870.65885,CE,2005
2004-11-02,CLE,0.7042,129466,7597.496433,CE,2005
2004-11-03,CLE,0.3763,129466,4059.837983,CE,2005
2004-11-04,CLE,0.335,129466,3614.259167,CE,2005
2004-11-05,CLE,0.3048,129466,3288.4364,CE,2005
2004-11-06,CLE,0.4585,129466,4946.680083,CE,2005
2004-11-07,CLE,0.3285,129466,3544.13175,CE,2005
2004-11-08,CLE,0.193,129466,2082.244833,CE,2005
2004-11-09,CLE,0.1314,129466,1417.6527,CE,2005
2004-11-10,CLE,0.0862,129466,929.9974333,CE,2005
2004-11-11,CLE,0.0531,129466,572.88705,CE,2005
2004-11-12,CLE,0.0417,129466,449.89435,CE,2005
2004-11-13,CLE,0.0384,129466,414.2912,CE,2005
2004-11-14,CLE,0.0312,129466,336.6116,CE,2005
2004-11-15,CLE,0.0426,129466,459.6043,CE,2005
2004-11-16,CLE,0.5523,129466,5958.67265,CE,2005
2004-11-17,CLE,0.4975,129466,5367.444583,CE,2005
2004-11-18,CLE,0.4756,129466,5131.169133,CE,2005
2004-11-19,CLE,0.515,129466,5556.249167,CE,2005
2004-11-20,CLE,0.5062,129466,5461.307433,CE,2005
2004-11-21,CLE,0.4949,129466,5339.393617,CE,2005
2004-11-22,CLE,0.4846,129466,5228.268633,CE,2005
2004-11-23,CLE,0.4758,129466,5133.3269,CE,2005
2004-11-24,CLE,0.4613,129466,4976.888817,CE,2005
2004-11-25,CLE,0.2681,129466,2892.486217,CE,2005
2004-11-26,CLE,0.2155,129466,2324.993583,CE,2005
2004-11-27,CLE,0.2149,129466,2318.520283,CE,2005
2004-11-28,CLE,0.2248,129466,2425.329733,CE,2005
2004-11-29,CLE,0.2232,129466,2408.0676,CE,2005
2004-11-30,CLE,0.2243,129466,2419.935317,CE,2005
2004-12-01,CLE,1.5096,129466,16286.8228,CE,2005
2004-12-02,CLE,1.504,129466,16226.40533,CE,2005
2004-12-03,CLE,1.4891,129466,16065.65172,CE,2005
2004-12-04,CLE,1.4715,129466,15875.76825,CE,2005
2004-12-05,CLE,1.8514,129466,19974.44603,CE,2005
2004-12-06,CLE,2.0362,129466,21968.22243,CE,2005
2004-12-07,CLE,2.07,129466,22332.885,CE,2005
2004-12-08,CLE,2.356,129466,25418.49133,CE,2005
2004-12-09,CLE,2.855,129466,30802.11917,CE,2005
2004-12-10,CLE,3.0513,129466,32919.96715,CE,2005
2004-12-11,CLE,4.6636,129466,50314.80313,CE,2005
2004-12-12,CLE,4.3005,129466,46397.37775,CE,2005
2004-12-13,CLE,4.2158,129466,45483.56357,CE,2005
2004-12-14,CLE,3.9358,129466,42462.69023,CE,2005
2004-12-15,CLE,3.9645,129466,42772.32975,CE,2005
2004-12-16,CLE,3.8759,129466,41816.43912,CE,2005
2004-12-17,CLE,3.8263,129466,41281.31298,CE,2005
2004-12-18,CLE,3.7613,129466,40580.03882,CE,2005
2004-12-19,CLE,3.5672,129466,38485.92627,CE,2005
2004-12-20,CLE,3.3399,129466,36033.62445,CE,2005
2004-12-21,CLE,4.1432,129466,44700.29427,CE,2005
2004-12-22,CLE,4.1207,129466,44457.54552,CE,2005
2004-12-23,CLE,4.085,129466,44072.38417,CE,2005
2004-12-24,CLE,3.9757,129466,42893.16468,CE,2005
2004-12-25,CLE,3.9501,129466,42616.97055,CE,2005
2004-12-26,CLE,4.1855,129466,45156.66192,CE,2005
2004-12-27,CLE,4.1726,129466,45017.48597,CE,2005
2004-12-28,CLE,4.2006,129466,45319.5733,CE,2005
2004-12-29,CLE,4.1814,129466,45112.4277,CE,2005
2004-12-30,CLE,4.4686,129466,48210.98063,CE,2005
2004-12-31,CLE,4.5241,129466,48809.76088,CE,2005
2005-01-01,CLE,4.5209,129466,48775.23662,CE,2005
2005-01-02,CLE,4.6212,129466,49857.3566,CE,2005
2005-01-03,CLE,4.6128,129466,49766.7304,CE,2005
2005-01-04,CLE,4.6051,129466,49683.65638,CE,2005
2005-01-05,CLE,4.5941,129466,49564.97922,CE,2005
2005-01-06,CLE,4.5805,129466,49418.25108,CE,2005
2005-01-07,CLE,4.6394,129466,50053.71337,CE,2005
2005-01-08,CLE,5.0044,129466,53991.63753,CE,2005
2005-01-09,CLE,5.1472,129466,55532.28293,CE,2005
2005-01-10,CLE,5.2168,129466,56283.18573,CE,2005
2005-01-11,CLE,5.139,129466,55443.8145,CE,2005
2005-01-12,CLE,5.1364,129466,55415.76353,CE,2005
2005-01-13,CLE,5.4705,129466,59020.31275,CE,2005
2005-01-14,CLE,5.469,129466,59004.1295,CE,2005
2005-01-15,CLE,5.4605,129466,58912.42442,CE,2005
2005-01-16,CLE,5.5994,129466,60410.99337,CE,2005
2005-01-17,CLE,5.731,129466,61830.80383,CE,2005
2005-01-18,CLE,6.5776,129466,70964.63013,CE,2005
2005-01-19,CLE,6.3221,129466,68208.08322,CE,2005
2005-01-20,CLE,5.9976,129466,64707.1068,CE,2005
2005-01-21,CLE,5.6883,129466,61370.12065,CE,2005
2005-01-22,CLE,5.4122,129466,58391.32377,CE,2005
2005-01-23,CLE,5.167,129466,55745.90183,CE,2005
2005-01-24,CLE,4.878,129466,52627.929,CE,2005
2005-01-25,CLE,4.8389,129466,52206.08562,CE,2005
2005-01-26,CLE,4.5209,129466,48775.23662,CE,2005
2005-01-27,CLE,4.4271,129466,47763.24405,CE,2005
2005-01-28,CLE,4.3615,129466,47055.49658,CE,2005
2005-01-29,CLE,5.2855,129466,57024.37858,CE,2005
2005-01-30,CLE,5.2367,129466,56497.88352,CE,2005
2005-01-31,CLE,5.0649,129466,54644.36195,CE,2005
2005-02-01,CLE,4.8709,129466,52551.32828,CE,2005
2005-02-02,CLE,4.6666,129466,50347.16963,CE,2005
2005-02-03,CLE,4.3766,129466,47218.40797,CE,2005
2005-02-04,CLE,3.9784,129466,42922.29453,CE,2005
2005-02-05,CLE,4.4988,129466,48536.8034,CE,2005
2005-02-06,CLE,4.5034,129466,48586.43203,CE,2005
2005-02-07,CLE,4.7412,129466,51152.0166,CE,2005
2005-02-08,CLE,4.7443,129466,51185.46198,CE,2005
2005-02-09,CLE,4.7365,129466,51101.30908,CE,2005
2005-02-10,CLE,4.7263,129466,50991.26298,CE,2005
2005-02-11,CLE,6.4658,129466,69758.43857,CE,2005
2005-02-12,CLE,6.4462,129466,69546.97743,CE,2005
2005-02-13,CLE,6.4872,129466,69989.3196,CE,2005
2005-02-14,CLE,6.5379,129466,70536.31345,CE,2005
2005-02-15,CLE,6.601,129466,71217.08883,CE,2005
2005-02-16,CLE,6.5933,129466,71134.01482,CE,2005
2005-02-17,CLE,7.2637,129466,78366.84868,CE,2005
2005-02-18,CLE,7.2469,129466,78185.59628,CE,2005
2005-02-19,CLE,7.2265,129466,77965.50408,CE,2005
2005-02-20,CLE,7.2076,129466,77761.59513,CE,2005
2005-02-21,CLE,7.1891,129466,77562.00172,CE,2005
2005-02-22,CLE,7.1711,129466,77367.80272,CE,2005
2005-02-23,CLE,7.8751,129466,84963.14138,CE,2005
2005-02-24,CLE,7.8405,129466,84589.84775,CE,2005
2005-02-25,CLE,7.7988,129466,84139.9534,CE,2005
2005-02-26,CLE,7.762,129466,83742.92433,CE,2005
2005-02-27,CLE,7.7016,129466,83091.2788,CE,2005
2005-02-28,CLE,7.6083,129466,82084.68065,CE,2005
2005-03-01,CLE,7.7832,129466,83971.6476,CE,2005
2005-03-02,CLE,7.6795,129466,82852.84558,CE,2005
2005-03-03,CLE,7.5436,129466,81386.64313,CE,2005
2005-03-04,CLE,7.4264,129466,80122.19187,CE,2005
2005-03-05,CLE,7.2457,129466,78172.64968,CE,2005
2005-03-06,CLE,7.0057,129466,75583.32968,CE,2005
2005-03-07,CLE,6.6197,129466,71418.84002,CE,2005
2005-03-08,CLE,6.6867,129466,72141.69185,CE,2005
2005-03-09,CLE,6.0967,129466,65776.28018,CE,2005
2005-03-10,CLE,5.4056,129466,58320.11747,CE,2005
2005-03-11,CLE,4.9718,129466,53639.92157,CE,2005
2005-03-12,CLE,4.3249,129466,46660.62528,CE,2005
2005-03-13,CLE,4.0041,129466,43199.56755,CE,2005
2005-03-14,CLE,3.7702,129466,40676.05943,CE,2005
2005-03-15,CLE,3.5825,129466,38650.99542,CE,2005
2005-03-16,CLE,4.3903,129466,47366.21498,CE,2005
2005-03-17,CLE,4.5968,129466,49594.10907,CE,2005
2005-03-18,CLE,4.6943,129466,50646.02032,CE,2005
2005-03-19,CLE,4.6647,129466,50326.67085,CE,2005
2005-03-20,CLE,5.4594,129466,58900.5567,CE,2005
2005-03-21,CLE,5.5813,129466,60215.71548,CE,2005
2005-03-22,CLE,5.5564,129466,59947.07353,CE,2005
2005-03-23,CLE,5.5199,129466,59553.28112,CE,2005
2005-03-24,CLE,5.4715,129466,59031.10158,CE,2005
2005-03-25,CLE,5.4481,129466,58778.64288,CE,2005
2005-03-26,CLE,5.4247,129466,58526.18418,CE,2005
2005-03-27,CLE,6.691,129466,72188.08383,CE,2005
2005-03-28,CLE,7.1076,129466,76682.7118,CE,2005
2005-03-29,CLE,7.0967,129466,76565.11352,CE,2005
2005-03-30,CLE,8.8631,129466,95622.50872,CE,2005
2005-03-31,CLE,10.7422,129466,115895.8054,CE,2005
2005-04-01,CLE,10.803,129466,116551.7665,CE,2005
2005-04-02,CLE,10.9905,129466,118574.6728,CE,2005
2005-04-03,CLE,11.0319,129466,119021.3305,CE,2005
2005-04-04,CLE,11.2428,129466,121296.6954,CE,2005
2005-04-05,CLE,11.2171,129466,121019.4224,CE,2005
2005-04-06,CLE,11.2174,129466,121022.659,CE,2005
2005-04-07,CLE,11.0976,129466,119730.1568,CE,2005
2005-04-08,CLE,11.5165,129466,124249.5991,CE,2005
2005-04-09,CLE,11.3631,129466,122594.5921,CE,2005
2005-04-10,CLE,11.2422,129466,121290.2221,CE,2005
2005-04-11,CLE,11.2027,129466,120864.0632,CE,2005
2005-04-12,CLE,11.317,129466,122097.2268,CE,2005
2005-04-13,CLE,11.3474,129466,122425.2074,CE,2005
2005-04-14,CLE,11.5472,129466,124580.8163,CE,2005
2005-04-15,CLE,11.4846,129466,123905.4353,CE,2005
2005-04-16,CLE,11.7264,129466,126514.1752,CE,2005
2005-04-17,CLE,11.7431,129466,126694.3487,CE,2005
2005-04-18,CLE,11.6281,129466,125453.6329,CE,2005
2005-04-19,CLE,11.5227,129466,124316.4899,CE,2005
2005-04-20,CLE,11.444,129466,123467.4087,CE,2005
2005-04-21,CLE,11.0515,129466,119232.7916,CE,2005
2005-04-22,CLE,10.5088,129466,113377.6917,CE,2005
2005-04-23,CLE,9.8181,129466,105925.8446,CE,2005
2005-04-24,CLE,9.1189,129466,98382.29228,CE,2005
2005-04-25,CLE,8.4494,129466,91159.16837,CE,2005
2005-04-26,CLE,7.583,129466,81811.72317,CE,2005
2005-04-27,CLE,6.8495,129466,73898.11392,CE,2005
2005-04-28,CLE,6.2269,129466,67180.98628,CE,2005
2005-04-29,CLE,6.42,129466,69264.31,CE,2005
2005-04-30,CLE,6.2739,129466,67688.06145,CE,2005
2005-05-01,CLE,6.1285,129466,66119.36508,CE,2005
2005-05-02,CLE,5.8215,129466,62807.19325,CE,2005
2005-05-03,CLE,5.4731,129466,59048.36372,CE,2005
2005-05-04,CLE,5.169,129466,55767.4795,CE,2005
2005-05-05,CLE,4.9059,129466,52928.93745,CE,2005
2005-05-06,CLE,4.5874,129466,49492.69403,CE,2005
2005-05-07,CLE,4.2599,129466,45959.35112,CE,2005
2005-05-08,CLE,4.0719,129466,43931.05045,CE,2005
2005-05-09,CLE,3.8796,129466,41856.3578,CE,2005
2005-05-10,CLE,3.691,129466,39821.58383,CE,2005
2005-05-11,CLE,3.457,129466,37296.99683,CE,2005
2005-05-12,CLE,3.2142,129466,34677.4681,CE,2005
2005-05-13,CLE,2.7842,129466,30038.26977,CE,2005
2005-05-14,CLE,2.5084,129466,27062.70953,CE,2005
2005-05-15,CLE,2.2139,129466,23885.39812,CE,2005
2005-05-16,CLE,1.9791,129466,21352.18005,CE,2005
2005-05-17,CLE,1.87,129466,20175.11833,CE,2005
2005-05-18,CLE,1.8254,129466,19693.93637,CE,2005
2005-05-19,CLE,1.7483,129466,18862.11732,CE,2005
2005-05-20,CLE,1.6882,129466,18213.70843,CE,2005
2005-05-21,CLE,1.6308,129466,17594.4294,CE,2005
2005-05-22,CLE,1.594,129466,17197.40033,CE,2005
2005-05-23,CLE,1.5638,129466,16871.57757,CE,2005
2005-05-24,CLE,1.5225,129466,16425.99875,CE,2005
2005-05-25,CLE,1.452,129466,15665.386,CE,2005
2005-05-26,CLE,1.276,129466,13766.55133,CE,2005
2005-05-27,CLE,1.0191,129466,10994.90005,CE,2005
2005-05-28,CLE,0.7599,129466,8198.43445,CE,2005
2005-05-29,CLE,0.5205,129466,5615.58775,CE,2005
2005-05-30,CLE,0.3476,129466,3750.198467,CE,2005
2005-05-31,CLE,0.2535,129466,2734.96925,CE,2005
2005-06-01,CLE,0.2204,129466,2377.858867,CE,2005
2005-06-02,CLE,0.208,129466,2244.077333,CE,2005
2005-06-03,CLE,0.192,129466,2071.456,CE,2005
2005-06-04,CLE,0.1739,129466,1876.178117,CE,2005
2005-06-05,CLE,0.1593,129466,1718.66115,CE,2005
2005-06-06,CLE,0.1562,129466,1685.215767,CE,2005
2005-06-07,CLE,0.1467,129466,1582.72185,CE,2005
2005-06-08,CLE,0.1428,129466,1540.6454,CE,2005
2005-06-09,CLE,0.1342,129466,1447.861433,CE,2005
2005-06-10,CLE,0.1166,129466,1257.977967,CE,2005
2005-06-11,CLE,0.1022,129466,1102.618767,CE,2005
2005-06-12,CLE,0.0958,129466,1033.570233,CE,2005
2005-06-13,CLE,0.0939,129466,1013.07145,CE,2005
2005-06-14,CLE,0.0898,129466,968.8372333,CE,2005
2005-06-15,CLE,0.0838,129466,904.1042333,CE,2005
2005-06-16,CLE,0.0784,129466,845.8445333,CE,2005
2005-06-17,CLE,0.063,129466,679.6965,CE,2005
2005-06-18,CLE,0.0552,129466,595.5436,CE,2005
2005-06-19,CLE,0.0505,129466,544.8360833,CE,2005
2005-06-20,CLE,0.0424,129466,457.4465333,CE,2005
2005-06-21,CLE,0.0313,129466,337.6904833,CE,2005
2005-06-22,CLE,0.0201,129466,216.85555,CE,2005
2005-06-23,CLE,0.0179,129466,193.1201167,CE,2005
2005-06-24,CLE,0.0164,129466,176.9368667,CE,2005
2005-06-26,CLE,0.013,129466,140.2548333,CE,2005
2005-06-27,CLE,0.0116,129466,125.1504667,CE,2005
2005-06-28,CLE,0.0109,129466,117.5982833,CE,2005
2005-06-29,CLE,0.0097,129466,104.6516833,CE,2005
2005-06-30,CLE,0.008,129466,86.31066667,CE,2005
2005-07-01,CLE,0.0061,129466,65.81188333,CE,2005
2005-07-02,CLE,0.0051,129466,55.02305,CE,2005
2005-07-03,CLE,0.0045,129466,48.54975,CE,2005
2005-07-04,CLE,0.0034,129466,36.68203333,CE,2005
2005-07-05,CLE,0.0023,129466,24.81431667,CE,2005
2005-07-06,CLE,0.0016,129466,17.26213333,CE,2005
2005-07-07,CLE,0.0012,129466,12.9466,CE,2005
2005-07-08,CLE,9e-4,129466,9.70995,CE,2005
2005-07-09,CLE,5e-4,129466,5.394416667,CE,2005
2005-07-10,CLE,3e-4,129466,3.23665,CE,2005
2005-07-11,CLE,0,129466,0,CE,2005
2005-07-12,CLE,0,129466,0,CE,2005
2005-07-13,CLE,0,129466,0,CE,2005
2005-07-14,CLE,0,129466,0,CE,2005
2005-07-15,CLE,0,129466,0,CE,2005
2005-07-16,CLE,0,129466,0,CE,2005
2005-07-17,CLE,0,129466,0,CE,2005
2005-07-18,CLE,0,129466,0,CE,2005
2005-07-19,CLE,0,129466,0,CE,2005
2005-07-20,CLE,0,129466,0,CE,2005
2005-07-21,CLE,0,129466,0,CE,2005
2005-07-22,CLE,0,129466,0,CE,2005
2005-07-23,CLE,0,129466,0,CE,2005
2005-07-24,CLE,0,129466,0,CE,2005
2005-07-25,CLE,0,129466,0,CE,2005
2005-07-26,CLE,0,129466,0,CE,2005
2005-07-27,CLE,0,129466,0,CE,2005
2005-07-28,CLE,0,129466,0,CE,2005
2005-07-29,CLE,0,129466,0,CE,2005
2005-07-30,CLE,0,129466,0,CE,2005
2005-07-31,CLE,0,129466,0,CE,2005
2005-08-03,CLE,0,129466,0,CE,2005
2005-08-04,CLE,0,129466,0,CE,2005
2005-08-05,CLE,0,129466,0,CE,2005
2005-08-06,CLE,0,129466,0,CE,2005
2005-08-07,CLE,0,129466,0,CE,2005
2005-08-08,CLE,0,129466,0,CE,2005
2005-08-09,CLE,0,129466,0,CE,2005
2005-08-10,CLE,0,129466,0,CE,2005
2005-08-11,CLE,0,129466,0,CE,2005
2005-08-12,CLE,0,129466,0,CE,2005
2005-08-13,CLE,0,129466,0,CE,2005
2005-08-14,CLE,0,129466,0,CE,2005
2005-08-15,CLE,0,129466,0,CE,2005
2005-08-16,CLE,0,129466,0,CE,2005
2005-08-17,CLE,0,129466,0,CE,2005
2005-08-18,CLE,0,129466,0,CE,2005
2005-08-19,CLE,0,129466,0,CE,2005
2005-08-20,CLE,0,129466,0,CE,2005
2005-08-21,CLE,0,129466,0,CE,2005
2005-08-22,CLE,0,129466,0,CE,2005
2005-08-23,CLE,0,129466,0,CE,2005
2005-08-24,CLE,0,129466,0,CE,2005
2005-08-25,CLE,0,129466,0,CE,2005
2005-08-26,CLE,0,129466,0,CE,2005
2005-08-27,CLE,0,129466,0,CE,2005
2005-08-28,CLE,0,129466,0,CE,2005
2005-08-29,CLE,0,129466,0,CE,2005
2005-08-30,CLE,0,129466,0,CE,2005
2005-08-31,CLE,0,129466,0,CE,2005
2005-09-01,CLE,0,129466,0,CE,2005
2005-09-02,CLE,0,129466,0,CE,2005
2005-09-03,CLE,0,129466,0,CE,2005
2005-09-04,CLE,0,129466,0,CE,2005
2005-09-05,CLE,0,129466,0,CE,2005
2005-09-06,CLE,0,129466,0,CE,2005
2005-09-07,CLE,0,129466,0,CE,2005
2005-09-08,CLE,0,129466,0,CE,2005
2005-09-09,CLE,0,129466,0,CE,2005
2005-09-10,CLE,5e-4,129466,5.394416667,CE,2005
2005-09-11,CLE,4e-4,129466,4.315533333,CE,2005
2005-09-12,CLE,1e-4,129466,1.078883333,CE,2005
2005-09-13,CLE,1e-4,129466,1.078883333,CE,2005
2005-09-14,CLE,0,129466,0,CE,2005
2005-09-15,CLE,0,129466,0,CE,2005
2005-09-16,CLE,0,129466,0,CE,2005
2005-09-17,CLE,0,129466,0,CE,2005
2005-09-18,CLE,0,129466,0,CE,2005
2005-09-19,CLE,0,129466,0,CE,2005
2005-09-20,CLE,0,129466,0,CE,2005
2005-09-21,CLE,0,129466,0,CE,2005
2005-09-22,CLE,0,129466,0,CE,2005
2005-09-23,CLE,0,129466,0,CE,2005
2005-09-24,CLE,0,129466,0,CE,2005
2005-09-25,CLE,0,129466,0,CE,2005
2005-09-26,CLE,0,129466,0,CE,2005
2005-09-27,CLE,0,129466,0,CE,2005
2005-09-28,CLE,0,129466,0,CE,2005
2005-09-29,CLE,0,129466,0,CE,2005
2005-09-30,CLE,0,129466,0,CE,2005
2005-10-01,CLE,2e-4,129466,2.157766667,CE,2006
2005-10-02,CLE,0.0017,129466,18.34101667,CE,2006
2005-10-03,CLE,0.0053,129466,57.18081667,CE,2006
2005-10-04,CLE,0.0056,129466,60.41746667,CE,2006
2005-10-05,CLE,0.0103,129466,111.1249833,CE,2006
2005-10-06,CLE,0.0075,129466,80.91625,CE,2006
2005-10-07,CLE,0.0014,129466,15.10436667,CE,2006
2005-10-08,CLE,0.0045,129466,48.54975,CE,2006
2005-10-09,CLE,0.0098,129466,105.7305667,CE,2006
2005-10-10,CLE,0.0054,129466,58.2597,CE,2006
2005-10-11,CLE,0.0023,129466,24.81431667,CE,2006
2005-10-12,CLE,0.0035,129466,37.76091667,CE,2006
2005-10-13,CLE,0.0024,129466,25.8932,CE,2006
2005-10-14,CLE,0.0018,129466,19.4199,CE,2006
2005-10-15,CLE,0,129466,0,CE,2006
2005-10-16,CLE,0,129466,0,CE,2006
2005-10-17,CLE,0,129466,0,CE,2006
2005-10-18,CLE,0,129466,0,CE,2006
2005-10-19,CLE,0,129466,0,CE,2006
2005-10-20,CLE,0,129466,0,CE,2006
2005-10-21,CLE,0,129466,0,CE,2006
2005-10-22,CLE,0,129466,0,CE,2006
2005-10-23,CLE,0,129466,0,CE,2006
2005-10-24,CLE,0,129466,0,CE,2006
2005-10-25,CLE,0,129466,0,CE,2006
2005-10-26,CLE,0,129466,0,CE,2006
2005-10-27,CLE,7e-4,129466,7.552183333,CE,2006
2005-10-28,CLE,0,129466,0,CE,2006
2005-10-29,CLE,0.0903,129466,974.23165,CE,2006
2005-10-30,CLE,0.0851,129466,918.1297167,CE,2006
2005-10-31,CLE,0.0756,129466,815.6358,CE,2006
2005-11-01,CLE,0.4444,129466,4794.557533,CE,2006
2005-11-02,CLE,0.9645,129466,10405.82975,CE,2006
2005-11-03,CLE,1.0303,129466,11115.73498,CE,2006
2005-11-04,CLE,2.4513,129466,26446.66715,CE,2006
2005-11-05,CLE,3.2235,129466,34777.80425,CE,2006
2005-11-06,CLE,4.7302,129466,51033.33943,CE,2006
2005-11-07,CLE,5.4998,129466,59336.42557,CE,2006
2005-11-08,CLE,5.7132,129466,61638.7626,CE,2006
2005-11-09,CLE,5.7184,129466,61694.86453,CE,2006
2005-11-10,CLE,4.6276,129466,49926.40513,CE,2006
2005-11-11,CLE,4.6658,129466,50338.53857,CE,2006
2005-11-12,CLE,5.0031,129466,53977.61205,CE,2006
2005-11-13,CLE,5.1307,129466,55354.26718,CE,2006
2005-11-14,CLE,6.2302,129466,67216.589430000007,CE,2006
2005-11-15,CLE,6.3135,129466,68115.29925,CE,2006
2005-11-16,CLE,6.2743,129466,67692.37698,CE,2006
2005-11-17,CLE,6.2179,129466,67083.88678,CE,2006
2005-11-18,CLE,6.0571,129466,65349.04238,CE,2006
2005-11-19,CLE,5.6032,129466,60451.99093,CE,2006
2005-11-20,CLE,5.2524,129466,56667.2682,CE,2006
2005-11-21,CLE,5.0327,129466,54296.96152,CE,2006
2005-11-22,CLE,4.8866,129466,52720.71297,CE,2006
2005-11-23,CLE,4.7071,129466,50784.11738,CE,2006
2005-11-24,CLE,4.5238,129466,48806.52423,CE,2006
2005-11-25,CLE,4.5512,129466,49102.13827,CE,2006
2005-11-26,CLE,5.6513,129466,60970.93382,CE,2006
2005-11-27,CLE,6.1231,129466,66061.10538,CE,2006
2005-11-28,CLE,6.1765,129466,66637.22908,CE,2006
2005-11-29,CLE,6.3826,129466,68860.80763,CE,2006
2005-11-30,CLE,6.9041,129466,74487.18422,CE,2006
2005-12-01,CLE,7.284,129466,78585.862,CE,2006
2005-12-02,CLE,7.7433,129466,83541.17315,CE,2006
2005-12-03,CLE,8.0614,129466,86973.10103,CE,2006
2005-12-04,CLE,8.3311,129466,89882.84938,CE,2006
2005-12-05,CLE,8.3304,129466,89875.2972,CE,2006
2005-12-06,CLE,8.4417,129466,91076.09435,CE,2006
2005-12-07,CLE,8.4725,129466,91408.39042,CE,2006
2005-12-08,CLE,8.466,129466,91338.263,CE,2006
2005-12-09,CLE,8.3376,129466,89952.9768,CE,2006
2005-12-10,CLE,8.3198,129466,89760.93557,CE,2006
2005-12-11,CLE,8.2967,129466,89511.71352,CE,2006
2005-12-12,CLE,8.2692,129466,89215.0206,CE,2006
2005-12-13,CLE,8.2808,129466,89340.17107,CE,2006
2005-12-14,CLE,8.279,129466,89320.75117,CE,2006
2005-12-15,CLE,8.2606,129466,89122.23663,CE,2006
2005-12-16,CLE,8.2733,129466,89259.25482,CE,2006
2005-12-17,CLE,8.2651,129466,89170.78638,CE,2006
2005-12-18,CLE,8.2488,129466,88994.9284,CE,2006
2005-12-19,CLE,8.3186,129466,89747.98897,CE,2006
2005-12-20,CLE,8.9071,129466,96097.21738,CE,2006
2005-12-21,CLE,9.0606,129466,97753.3033,CE,2006
2005-12-22,CLE,9.4839,129466,102320.2165,CE,2006
2005-12-23,CLE,10.0963,129466,108927.298,CE,2006
2005-12-24,CLE,10.5242,129466,113543.8398,CE,2006
2005-12-25,CLE,10.2727,129466,110830.4482,CE,2006
2005-12-26,CLE,10.1915,129466,109954.3949,CE,2006
2005-12-27,CLE,10.4452,129466,112691.5219,CE,2006
2005-12-28,CLE,11.0465,129466,119178.8474,CE,2006
2005-12-29,CLE,12.0519,129466,130025.9405,CE,2006
2005-12-30,CLE,11.4884,129466,123946.4329,CE,2006
2005-12-31,CLE,12.8079,129466,138182.2985,CE,2006
2006-01-01,CLE,13.6503,129466,147270.8117,CE,2006
2006-01-02,CLE,14.0655,129466,151750.3353,CE,2006
2006-01-03,CLE,14.4417,129466,155809.0944,CE,2006
2006-01-04,CLE,14.8782,129466,160518.4201,CE,2006
2006-01-05,CLE,14.8824,129466,160563.7332,CE,2006
2006-01-06,CLE,15.044,129466,162307.2087,CE,2006
2006-01-07,CLE,15.2417,129466,164440.161,CE,2006
2006-01-08,CLE,15.6906,129466,169283.2683,CE,2006
2006-01-09,CLE,15.8201,129466,170680.4222,CE,2006
2006-01-10,CLE,17.2334,129466,185928.2804,CE,2006
2006-01-11,CLE,18.496,129466,199550.2613,CE,2006
2006-01-12,CLE,19.492,129466,210295.9393,CE,2006
2006-01-13,CLE,22.0936,129466,238364.1681,CE,2006
2006-01-14,CLE,23.0217,129466,248377.2844,CE,2006
2006-01-15,CLE,23.2373,129466,250703.3568,CE,2006
2006-01-16,CLE,23.4598,129466,253103.8722,CE,2006
2006-01-17,CLE,24.8372,129466,267964.4113,CE,2006
2006-01-18,CLE,25.7115,129466,277397.0883,CE,2006
2006-01-19,CLE,25.7528,129466,277842.6671,CE,2006
2006-01-20,CLE,26.1823,129466,282476.471,CE,2006
2006-01-21,CLE,27.3042,129466,294580.4631,CE,2006
2006-01-22,CLE,27.3754,129466,295348.628,CE,2006
2006-01-23,CLE,27.3982,129466,295594.6134,CE,2006
2006-01-24,CLE,27.5231,129466,296942.1387,CE,2006
2006-01-25,CLE,27.7215,129466,299082.6433,CE,2006
2006-01-26,CLE,27.7005,129466,298856.0778,CE,2006
2006-01-27,CLE,27.981,129466,301882.3455,CE,2006
2006-01-28,CLE,28.5789,129466,308332.989,CE,2006
2006-01-29,CLE,29.8717,129466,322280.7927,CE,2006
2006-01-30,CLE,30.7631,129466,331897.9587,CE,2006
2006-01-31,CLE,31.6395,129466,341353.2923,CE,2006
2006-02-01,CLE,32.4455,129466,350049.0919,CE,2006
2006-02-02,CLE,33.2632,129466,358871.1209,CE,2006
2006-02-03,CLE,33.7999,129466,364661.4878,CE,2006
2006-02-04,CLE,34.1066,129466,367970.423,CE,2006
2006-02-05,CLE,34.8125,129466,375586.2604,CE,2006
2006-02-06,CLE,34.9094,129466,376631.6984,CE,2006
2006-02-07,CLE,34.8866,129466,376385.713,CE,2006
2006-02-08,CLE,34.862,129466,376120.3077,CE,2006
2006-02-09,CLE,34.8676,129466,376180.7251,CE,2006
2006-02-10,CLE,38.4697,129466,415043.1817,CE,2006
2006-02-11,CLE,38.4174,129466,414478.9257,CE,2006
2006-02-12,CLE,38.3886,129466,414168.2073,CE,2006
2006-02-13,CLE,38.3656,129466,413920.0641,CE,2006
2006-02-14,CLE,38.4336,129466,414653.7048,CE,2006
2006-02-15,CLE,38.587,129466,416308.7118,CE,2006
2006-02-16,CLE,38.5723,129466,416150.116,CE,2006
2006-02-17,CLE,38.9861,129466,420614.5352,CE,2006
2006-02-18,CLE,38.9738,129466,420481.8326,CE,2006
2006-02-19,CLE,38.939,129466,420106.3812,CE,2006
2006-02-20,CLE,38.9197,129466,419898.1567,CE,2006
2006-02-21,CLE,38.9273,129466,419980.1518,CE,2006
2006-02-22,CLE,39.0508,129466,421312.5727,CE,2006
2006-02-23,CLE,39.3423,129466,424457.5177,CE,2006
2006-02-24,CLE,41.1248,129466,443688.6131,CE,2006
2006-02-25,CLE,41.138,129466,443831.0257,CE,2006
2006-02-26,CLE,41.1623,129466,444093.1943,CE,2006
2006-02-27,CLE,41.2779,129466,445340.3835,CE,2006
2006-02-28,CLE,42.0758,129466,453948.7936,CE,2006
2006-03-01,CLE,43.173,129466,465786.3015,CE,2006
2006-03-02,CLE,43.1481,129466,465517.6596,CE,2006
2006-03-03,CLE,43.1519,129466,465558.6571,CE,2006
2006-03-04,CLE,43.119,129466,465203.7045,CE,2006
2006-03-05,CLE,43.1286,129466,465307.2773,CE,2006
2006-03-06,CLE,43.2352,129466,466457.3669,CE,2006
2006-03-07,CLE,43.2471,129466,466585.7541,CE,2006
2006-03-08,CLE,43.443600000000004,129466,468705.7598,CE,2006
2006-03-09,CLE,44.397,129466,478991.8335,CE,2006
2006-03-10,CLE,46.3535,129466,500100.1859,CE,2006
2006-03-11,CLE,46.4209,129466,500827.3533,CE,2006
2006-03-12,CLE,46.4023,129466,500626.681,CE,2006
2006-03-13,CLE,46.3841,129466,500430.3242,CE,2006
2006-03-14,CLE,46.3863,129466,500454.0597,CE,2006
2006-03-15,CLE,46.4162,129466,500776.6458,CE,2006
2006-03-16,CLE,46.5955,129466,502711.0836,CE,2006
2006-03-17,CLE,47.718,129466,514821.549,CE,2006
2006-03-18,CLE,47.8604,129466,516357.8789,CE,2006
2006-03-19,CLE,47.9075,129466,516866.0329,CE,2006
2006-03-20,CLE,47.8914,129466,516692.3327,CE,2006
2006-03-21,CLE,47.8627,129466,516382.6932,CE,2006
2006-03-22,CLE,47.0693,129466,507822.8328,CE,2006
2006-03-23,CLE,47.268,129466,509966.574,CE,2006
2006-03-24,CLE,47.2275,129466,509529.6263,CE,2006
2006-03-25,CLE,47.1669,129466,508875.823,CE,2006
2006-03-26,CLE,47.1162,129466,508328.8291,CE,2006
2006-03-27,CLE,47.2533,129466,509807.9782,CE,2006
2006-03-28,CLE,47.1911,129466,509136.9127,CE,2006
2006-03-29,CLE,47.1348,129466,508529.5014,CE,2006
2006-03-30,CLE,47.7934,129466,515635.027,CE,2006
2006-03-31,CLE,47.7141,129466,514779.4726,CE,2006
2006-04-01,CLE,48.1041,129466,518987.1176,CE,2006
2006-04-02,CLE,48.4497,129466,522715.7384,CE,2006
2006-04-03,CLE,48.4163,129466,522355.3913,CE,2006
2006-04-04,CLE,48.4234,129466,522431.992,CE,2006
2006-04-05,CLE,48.2503,129466,520564.445,CE,2006
2006-04-06,CLE,48.0878,129466,518811.2596,CE,2006
2006-04-07,CLE,47.9124,129466,516918.8982,CE,2006
2006-04-08,CLE,47.695,129466,514573.4058,CE,2006
2006-04-09,CLE,47.5824,129466,513358.5832,CE,2006
2006-04-10,CLE,47.5353,129466,512850.4292,CE,2006
2006-04-11,CLE,47.3042,129466,510357.1298,CE,2006
2006-04-12,CLE,47.3422,129466,510767.1054,CE,2006
2006-04-13,CLE,47.0218,129466,507310.3632,CE,2006
2006-04-14,CLE,47.445,129466,511876.1975,CE,2006
2006-04-15,CLE,47.8269,129466,515996.453,CE,2006
2006-04-16,CLE,48.3242,129466,521361.7398,CE,2006
2006-04-17,CLE,48.2068,129466,520095.1307,CE,2006
2006-04-18,CLE,47.7015,129466,514643.5333,CE,2006
2006-04-19,CLE,47.5876,129466,513414.6851,CE,2006
2006-04-20,CLE,47.3844,129466,511222.3942,CE,2006
2006-04-21,CLE,47.0272,129466,507368.6229,CE,2006
2006-04-22,CLE,47.2488,129466,509759.4284,CE,2006
2006-04-23,CLE,46.957,129466,506611.2468,CE,2006
2006-04-24,CLE,46.6161,129466,502933.3336,CE,2006
2006-04-25,CLE,46.1507,129466,497912.2105,CE,2006
2006-04-26,CLE,45.6344,129466,492341.9359,CE,2006
2006-04-27,CLE,45.0829,129466,486391.8943,CE,2006
2006-04-28,CLE,44.522,129466,480340.4377,CE,2006
2006-04-29,CLE,43.6945,129466,471412.6781,CE,2006
2006-04-30,CLE,42.7735,129466,461476.1626,CE,2006
2006-05-01,CLE,42.2664,129466,456005.1452,CE,2006
2006-05-02,CLE,41.9581,129466,452678.9479,CE,2006
2006-05-03,CLE,41.735,129466,450271.9592,CE,2006
2006-05-04,CLE,41.4581,129466,447284.5312,CE,2006
2006-05-05,CLE,41.082,129466,443226.851,CE,2006
2006-05-06,CLE,40.5694,129466,437696.495,CE,2006
2006-05-07,CLE,40.011,129466,431672.0105,CE,2006
2006-05-08,CLE,39.858,129466,430021.319,CE,2006
2006-05-09,CLE,39.6624,129466,427911.0232,CE,2006
2006-05-10,CLE,39.434,129466,425446.8537,CE,2006
2006-05-11,CLE,39.0499,129466,421302.8628,CE,2006
2006-05-12,CLE,38.4927,129466,415291.3249,CE,2006
2006-05-13,CLE,38.0865,129466,410908.9008,CE,2006
2006-05-14,CLE,37.7991,129466,407808.1901,CE,2006
2006-05-15,CLE,37.2766,129466,402171.0246,CE,2006
2006-05-16,CLE,36.1544,129466,390063.7959,CE,2006
2006-05-17,CLE,34.8147,129466,375609.9959,CE,2006
2006-05-18,CLE,33.2204,129466,358409.3589,CE,2006
2006-05-19,CLE,31.6259,129466,341206.5641,CE,2006
2006-05-20,CLE,30.4342,129466,328349.5114,CE,2006
2006-05-21,CLE,29.5888,129466,319228.6317,CE,2006
2006-05-22,CLE,28.8459,129466,311213.6075,CE,2006
2006-05-23,CLE,28.3361,129466,305713.4602,CE,2006
2006-05-24,CLE,27.848,129466,300447.4307,CE,2006
2006-05-25,CLE,27.3285,129466,294842.6318,CE,2006
2006-05-26,CLE,26.9694,129466,290968.3617,CE,2006
2006-05-27,CLE,26.6806,129466,287852.5466,CE,2006
2006-05-28,CLE,26.6349,129466,287359.497,CE,2006
2006-05-29,CLE,26.3027,129466,283775.4465,CE,2006
2006-05-30,CLE,25.8178,129466,278543.9412,CE,2006
2006-05-31,CLE,25.3763,129466,273780.6713,CE,2006
2006-06-01,CLE,24.445,129466,263733.0308,CE,2006
2006-06-02,CLE,23.6145,129466,254772.9048,CE,2006
2006-06-03,CLE,22.8178,129466,246177.4412,CE,2006
2006-06-04,CLE,22.1929,129466,239435.4993,CE,2006
2006-06-05,CLE,21.4348,129466,231256.4847,CE,2006
2006-06-06,CLE,20.6706,129466,223011.6583,CE,2006
2006-06-07,CLE,19.9698,129466,215450.8439,CE,2006
2006-06-08,CLE,19.258,129466,207771.3523,CE,2006
2006-06-09,CLE,18.7799,129466,202613.2111,CE,2006
2006-06-10,CLE,18.2985,129466,197419.4668,CE,2006
2006-06-11,CLE,17.8138,129466,192190.1192,CE,2006
2006-06-12,CLE,17.1684,129466,185227.0062,CE,2006
2006-06-13,CLE,16.1704,129466,174459.7505,CE,2006
2006-06-14,CLE,15.4003,129466,166151.27,CE,2006
2006-06-15,CLE,14.8312,129466,160011.3449,CE,2006
2006-06-16,CLE,14.2912,129466,154185.3749,CE,2006
2006-06-17,CLE,13.717,129466,147990.4268,CE,2006
2006-06-18,CLE,13.2424,129466,142870.0465,CE,2006
2006-06-19,CLE,12.801,129466,138107.8555,CE,2006
2006-06-20,CLE,12.4103,129466,133892.6583,CE,2006
2006-06-21,CLE,12.0402,129466,129899.7111,CE,2006
2006-06-22,CLE,11.67,129466,125905.685,CE,2006
2006-06-23,CLE,11.2138,129466,120983.8192,CE,2006
2006-06-24,CLE,10.6637,129466,115048.882,CE,2006
2006-06-25,CLE,9.9015,129466,106825.6333,CE,2006
2006-06-26,CLE,8.9079,129466,96105.84845,CE,2006
2006-06-27,CLE,7.8256,129466,84429.09413,CE,2006
2006-06-28,CLE,6.8698,129466,74117.12723,CE,2006
2006-06-29,CLE,6.3019,129466,67990.14878,CE,2006
2006-06-30,CLE,5.782,129466,62381.03433,CE,2006
2006-07-01,CLE,5.1785,129466,55869.97342,CE,2006
2006-07-02,CLE,4.6614,129466,50291.0677,CE,2006
2006-07-03,CLE,4.1344,129466,44605.35253,CE,2006
2006-07-04,CLE,3.65,129466,39379.24167,CE,2006
2006-07-05,CLE,3.1626,129466,34120.7643,CE,2006
2006-07-06,CLE,2.8222,129466,30448.24543,CE,2006
2006-07-07,CLE,2.5905,129466,27948.47275,CE,2006
2006-07-08,CLE,2.3485,129466,25337.57508,CE,2006
2006-07-09,CLE,2.0012,129466,21590.61327,CE,2006
2006-07-10,CLE,1.653,129466,17833.9415,CE,2006
2006-07-11,CLE,1.4352,129466,15484.1336,CE,2006
2006-07-12,CLE,1.2659,129466,13657.58412,CE,2006
2006-07-13,CLE,1.1207,129466,12091.04552,CE,2006
2006-07-14,CLE,0.9982,129466,10769.41343,CE,2006
2006-07-15,CLE,0.8513,129466,9184.533817,CE,2006
2006-07-16,CLE,0.7547,129466,8142.332517,CE,2006
2006-07-17,CLE,0.6346,129466,6846.593633,CE,2006
2006-07-18,CLE,0.54990000000000006,129466,5932.77945,CE,2006
2006-07-19,CLE,0.4871,129466,5255.240717,CE,2006
2006-07-20,CLE,0.4133,129466,4459.024817,CE,2006
2006-07-21,CLE,0.324,129466,3495.582,CE,2006
2006-07-22,CLE,0.2234,129466,2410.225367,CE,2006
2006-07-23,CLE,0.1468,129466,1583.800733,CE,2006
2006-07-24,CLE,0.0898,129466,968.8372333,CE,2006
2006-07-25,CLE,0.0534,129466,576.1237,CE,2006
2006-07-26,CLE,0.0355,129466,383.0035833,CE,2006
2006-07-27,CLE,0.0243,129466,262.16865,CE,2006
2006-07-28,CLE,0.0157,129466,169.3846833,CE,2006
2006-07-29,CLE,0.0119,129466,128.3871167,CE,2006
2006-07-30,CLE,0.0105,129466,113.28275,CE,2006
2006-07-31,CLE,0.0097,129466,104.6516833,CE,2006
2006-08-01,CLE,0.0094,129466,101.4150333,CE,2006
2006-08-02,CLE,0.009,129466,97.0995,CE,2006
2006-08-03,CLE,0.0086,129466,92.78396667,CE,2006
2006-08-04,CLE,0.0079,129466,85.23178333,CE,2006
2006-08-05,CLE,0.0074,129466,79.83736667,CE,2006
2006-08-06,CLE,0.0068,129466,73.36406667,CE,2006
2006-08-07,CLE,0.0058,129466,62.57523333,CE,2006
2006-08-08,CLE,0.0049,129466,52.86528333,CE,2006
2006-08-09,CLE,0.0043,129466,46.39198333,CE,2006
2006-08-10,CLE,0.0038,129466,40.99756667,CE,2006
2006-08-11,CLE,0.0034,129466,36.68203333,CE,2006
2006-08-12,CLE,0.0031,129466,33.44538333,CE,2006
2006-08-13,CLE,0.0027,129466,29.12985,CE,2006
2006-08-14,CLE,0.0021,129466,22.65655,CE,2006
2006-08-15,CLE,0.0013,129466,14.02548333,CE,2006
2006-08-16,CLE,8e-4,129466,8.631066667,CE,2006
2006-08-17,CLE,3e-4,129466,3.23665,CE,2006
2006-08-18,CLE,0,129466,0,CE,2006
2006-08-19,CLE,0,129466,0,CE,2006
2006-08-20,CLE,0,129466,0,CE,2006
2006-08-21,CLE,0,129466,0,CE,2006
2006-08-22,CLE,0,129466,0,CE,2006
2006-08-23,CLE,0,129466,0,CE,2006
2006-08-24,CLE,0,129466,0,CE,2006
2006-08-25,CLE,0,129466,0,CE,2006
2006-08-28,CLE,0,129466,0,CE,2006
2006-08-29,CLE,0,129466,0,CE,2006
2006-08-30,CLE,1e-4,129466,1.078883333,CE,2006
2006-08-31,CLE,6e-4,129466,6.4733,CE,2006
2006-09-01,CLE,0,129466,0,CE,2006
2006-09-02,CLE,0,129466,0,CE,2006
2006-09-03,CLE,0,129466,0,CE,2006
2006-09-04,CLE,0,129466,0,CE,2006
2006-09-05,CLE,0,129466,0,CE,2006
2006-09-06,CLE,0,129466,0,CE,2006
2006-09-07,CLE,0,129466,0,CE,2006
2006-09-09,CLE,0,129466,0,CE,2006
2006-09-10,CLE,0,129466,0,CE,2006
2006-09-11,CLE,0,129466,0,CE,2006
2006-09-12,CLE,0,129466,0,CE,2006
2006-09-13,CLE,0,129466,0,CE,2006
2006-09-14,CLE,0,129466,0,CE,2006
2006-09-15,CLE,0.0043,129466,46.39198333,CE,2006
2006-09-16,CLE,0.0059,129466,63.65411667,CE,2006
2006-09-17,CLE,0.0068,129466,73.36406667,CE,2006
2006-09-18,CLE,0,129466,0,CE,2006
2006-09-19,CLE,0,129466,0,CE,2006
2006-09-20,CLE,0,129466,0,CE,2006
2006-09-21,CLE,0,129466,0,CE,2006
2006-09-22,CLE,0.0166,129466,179.0946333,CE,2006
2006-09-23,CLE,0.0102,129466,110.0461,CE,2006
2006-09-24,CLE,0,129466,0,CE,2006
2006-09-25,CLE,0,129466,0,CE,2006
2006-09-26,CLE,0,129466,0,CE,2006
2006-09-27,CLE,0,129466,0,CE,2006
2006-09-28,CLE,0,129466,0,CE,2006
2006-09-29,CLE,0,129466,0,CE,2006
2006-10-02,CLE,0,129466,0,CE,2007
2006-10-03,CLE,0,129466,0,CE,2007
2006-10-04,CLE,0,129466,0,CE,2007
2006-10-05,CLE,0,129466,0,CE,2007
2006-10-06,CLE,0,129466,0,CE,2007
2006-10-07,CLE,0,129466,0,CE,2007
2006-10-08,CLE,0,129466,0,CE,2007
2006-10-09,CLE,0,129466,0,CE,2007
2006-10-10,CLE,0,129466,0,CE,2007
2006-10-11,CLE,0,129466,0,CE,2007
2006-10-12,CLE,0,129466,0,CE,2007
2006-10-13,CLE,0,129466,0,CE,2007
2006-10-14,CLE,0,129466,0,CE,2007
2006-10-15,CLE,0,129466,0,CE,2007
2006-10-16,CLE,1e-4,129466,1.078883333,CE,2007
2006-10-17,CLE,0.0224,129466,241.6698667,CE,2007
2006-10-18,CLE,0.0201,129466,216.85555,CE,2007
2006-10-19,CLE,0.0018,129466,19.4199,CE,2007
2006-10-20,CLE,5e-4,129466,5.394416667,CE,2007
2006-10-21,CLE,0.0018,129466,19.4199,CE,2007
2006-10-22,CLE,4e-4,129466,4.315533333,CE,2007
2006-10-23,CLE,0,129466,0,CE,2007
2006-10-24,CLE,0,129466,0,CE,2007
2006-10-25,CLE,0.4666,129466,5034.069633,CE,2007
2006-10-26,CLE,0.5762,129466,6216.525767,CE,2007
2006-10-27,CLE,0.5518,129466,5953.278233,CE,2007
2006-10-28,CLE,0.3849,129466,4152.62195,CE,2007
2006-10-29,CLE,0.2522,129466,2720.943767,CE,2007
2006-10-30,CLE,0.7682,129466,8287.981767,CE,2007
2006-10-31,CLE,0.7639,129466,8241.589783,CE,2007
2006-11-01,CLE,0.7514,129466,8106.729367,CE,2007
2006-11-02,CLE,0.7239,129466,7810.03645,CE,2007
2006-11-03,CLE,1.5086,129466,16276.03397,CE,2007
2006-11-04,CLE,1.4588,129466,15738.75007,CE,2007
2006-11-05,CLE,1.1439,129466,12341.34645,CE,2007
2006-11-06,CLE,0.5328,129466,5748.2904,CE,2007
2006-11-07,CLE,0,129466,0,CE,2007
2006-11-08,CLE,0.0475,129466,512.4695833,CE,2007
2006-11-09,CLE,0.4963,129466,5354.497983,CE,2007
2006-11-10,CLE,1.0559,129466,11391.92912,CE,2007
2006-11-11,CLE,5.392,129466,58173.38933,CE,2007
2006-11-12,CLE,6.5421,129466,70581.62655,CE,2007
2006-11-13,CLE,9.8603,129466,106381.1333,CE,2007
2006-11-14,CLE,9.2541,129466,99840.94255,CE,2007
2006-11-15,CLE,9.3046,129466,100385.7786,CE,2007
2006-11-16,CLE,10.4958,129466,113237.4369,CE,2007
2006-11-17,CLE,9.6712,129466,104340.9649,CE,2007
2006-11-18,CLE,9.6562,129466,104179.1324,CE,2007
2006-11-19,CLE,9.6386,129466,103989.249,CE,2007
2006-11-20,CLE,9.8637,129466,106417.8154,CE,2007
2006-11-21,CLE,9.9789,129466,107660.689,CE,2007
2006-11-22,CLE,10.1901,129466,109939.2906,CE,2007
2006-11-23,CLE,10.3978,129466,112180.1312,CE,2007
2006-11-24,CLE,11.6521,129466,125712.5649,CE,2007
2006-11-25,CLE,11.9497,129466,128923.3217,CE,2007
2006-11-26,CLE,12.1126,129466,130680.8226,CE,2007
2006-11-27,CLE,13.0537,129466,140834.1937,CE,2007
2006-11-28,CLE,13.5835,129466,146550.1176,CE,2007
2006-11-29,CLE,13.6637,129466,147415.382,CE,2007
2006-11-30,CLE,13.7297,129466,148127.445,CE,2007
2006-12-01,CLE,14.3287,129466,154589.9562,CE,2007
2006-12-02,CLE,14.4275,129466,155655.8929,CE,2007
2006-12-03,CLE,14.4186,129466,155559.8723,CE,2007
2006-12-04,CLE,14.408,129466,155445.5107,CE,2007
2006-12-05,CLE,14.5007,129466,156445.6355,CE,2007
2006-12-06,CLE,14.5086,129466,156530.8673,CE,2007
2006-12-07,CLE,14.4931,129466,156363.6404,CE,2007
2006-12-08,CLE,14.4646,129466,156056.1586,CE,2007
2006-12-09,CLE,14.4254,129466,155633.2364,CE,2007
2006-12-10,CLE,14.591,129466,157419.8672,CE,2007
2006-12-11,CLE,14.7048,129466,158647.6364,CE,2007
2006-12-12,CLE,15.3573,129466,165687.3502,CE,2007
2006-12-13,CLE,15.9202,129466,171760.3844,CE,2007
2006-12-14,CLE,18.6682,129466,201408.0984,CE,2007
2006-12-15,CLE,19.9645,129466,215393.6631,CE,2007
2006-12-16,CLE,21.2857,129466,229647.8697,CE,2007
2006-12-17,CLE,21.2891,129466,229684.5517,CE,2007
2006-12-18,CLE,21.2759,129466,229542.1391,CE,2007
2006-12-19,CLE,21.5995,129466,233033.4056,CE,2007
2006-12-20,CLE,21.5927,129466,232960.0415,CE,2007
2006-12-21,CLE,21.7022,129466,234141.4188,CE,2007
2006-12-22,CLE,21.8942,129466,236212.8748,CE,2007
2006-12-23,CLE,21.9281,129466,236578.6162,CE,2007
2006-12-24,CLE,22.3774,129466,241426.039,CE,2007
2006-12-25,CLE,22.807,129466,246060.9218,CE,2007
2006-12-26,CLE,23.1959,129466,250256.6991,CE,2007
2006-12-27,CLE,24.0426,129466,259391.6043,CE,2007
2006-12-28,CLE,25.7075,129466,277353.9329,CE,2007
2006-12-29,CLE,25.6863,129466,277125.2097,CE,2007
2006-12-30,CLE,25.6609,129466,276851.1733,CE,2007
2006-12-31,CLE,25.6495,129466,276728.1806,CE,2007
2007-01-01,CLE,25.6411,129466,276637.5544,CE,2007
2007-01-02,CLE,25.7703,129466,278031.4717,CE,2007
2007-01-03,CLE,26.4045,129466,284873.7498,CE,2007
2007-01-04,CLE,27.7549,129466,299442.9903,CE,2007
2007-01-05,CLE,28.157,129466,303781.1802,CE,2007
2007-01-06,CLE,28.9841,129466,312704.6242,CE,2007
2007-01-07,CLE,30.0288,129466,323975.7184,CE,2007
2007-01-08,CLE,31.2094,129466,336713.015,CE,2007
2007-01-09,CLE,32.1281,129466,346624.7162,CE,2007
2007-01-10,CLE,32.5451,129466,351123.6597,CE,2007
2007-01-11,CLE,32.976,129466,355772.568,CE,2007
2007-01-12,CLE,33.0077,129466,356114.574,CE,2007
2007-01-13,CLE,32.9951,129466,355978.6347,CE,2007
2007-01-14,CLE,32.9857,129466,355877.2197,CE,2007
2007-01-15,CLE,32.9765,129466,355777.9624,CE,2007
2007-01-16,CLE,32.966,129466,355664.6797,CE,2007
2007-01-17,CLE,33.1314,129466,357449.1527,CE,2007
2007-01-18,CLE,33.1258,129466,357388.7352,CE,2007
2007-01-19,CLE,33.2659,129466,358900.2508,CE,2007
2007-01-20,CLE,33.3646,129466,359965.1086,CE,2007
2007-01-21,CLE,33.6788,129466,363354.9601,CE,2007
2007-01-22,CLE,33.6842,129466,363413.2198,CE,2007
2007-01-23,CLE,34.4397,129466,371564.1834,CE,2007
2007-01-24,CLE,34.5843,129466,373124.2487,CE,2007
2007-01-25,CLE,34.5377,129466,372621.489,CE,2007
2007-01-26,CLE,34.4727,129466,371920.2149,CE,2007
2007-01-27,CLE,34.4135,129466,371281.5159,CE,2007
2007-01-28,CLE,34.3475,129466,370569.4529,CE,2007
2007-01-29,CLE,34.2946,129466,369998.7236,CE,2007
2007-01-30,CLE,34.244,129466,369452.8087,CE,2007
2007-01-31,CLE,34.2113,129466,369100.0138,CE,2007
2007-02-01,CLE,34.4396,129466,371563.1045,CE,2007
2007-02-02,CLE,34.4144,129466,371291.2259,CE,2007
2007-02-03,CLE,34.3782,129466,370900.6701,CE,2007
2007-02-04,CLE,34.3531,129466,370629.8704,CE,2007
2007-02-05,CLE,34.3155,129466,370224.2103,CE,2007
2007-02-06,CLE,34.1119,129466,368027.6038,CE,2007
2007-02-07,CLE,33.8975,129466,365714.4779,CE,2007
2007-02-08,CLE,34.0018,129466,366839.7532,CE,2007
2007-02-09,CLE,34.2259,129466,369257.5308,CE,2007
2007-02-10,CLE,34.1946,129466,368919.8403,CE,2007
2007-02-11,CLE,34.3103,129466,370168.1083,CE,2007
2007-02-12,CLE,34.5816,129466,373095.1188,CE,2007
2007-02-13,CLE,34.816,129466,375624.0213,CE,2007
2007-02-15,CLE,35.114,129466,378839.0937,CE,2007
2007-02-16,CLE,36.0165,129466,388576.0158,CE,2007
2007-02-17,CLE,35.8523,129466,386804.4893,CE,2007
2007-02-18,CLE,35.7359,129466,385548.6691,CE,2007
2007-02-19,CLE,36.2175,129466,390744.5713,CE,2007
2007-02-20,CLE,36.9746,129466,398912.797,CE,2007
2007-02-21,CLE,38.2602,129466,412782.9211,CE,2007
2007-02-22,CLE,38.0232,129466,410225.9676,CE,2007
2007-02-23,CLE,38.1577,129466,411677.0657,CE,2007
2007-02-24,CLE,38.3605,129466,413865.0411,CE,2007
2007-02-25,CLE,39.0346,129466,421137.7936,CE,2007
2007-02-26,CLE,39.5718,129466,426933.5549,CE,2007
2007-02-27,CLE,39.8251,129466,429666.3664,CE,2007
2007-02-28,CLE,40.3187,129466,434991.7345,CE,2007
2007-03-01,CLE,40.5613,129466,437609.1055,CE,2007
2007-03-02,CLE,40.8529,129466,440755.1293,CE,2007
2007-03-03,CLE,40.9994,129466,442335.6934,CE,2007
2007-03-04,CLE,41.08,129466,443205.2733,CE,2007
2007-03-05,CLE,41.0567,129466,442953.8935,CE,2007
2007-03-06,CLE,41.0701,129466,443098.4639,CE,2007
2007-03-07,CLE,41.0008,129466,442350.7977,CE,2007
2007-03-08,CLE,41.027,129466,442633.4652,CE,2007
2007-03-09,CLE,41.113,129466,443561.3048,CE,2007
2007-03-10,CLE,41.0721,129466,443120.0416,CE,2007
2007-03-11,CLE,41.2815,129466,445379.2233,CE,2007
2007-03-12,CLE,41.3563,129466,446186.228,CE,2007
2007-03-13,CLE,40.3421,129466,435244.1932,CE,2007
2007-03-14,CLE,39.6265,129466,427523.7041,CE,2007
2007-03-15,CLE,39.6835,129466,428138.6676,CE,2007
2007-03-16,CLE,39.5645,129466,426854.7964,CE,2007
2007-03-17,CLE,39.2058,129466,422984.8419,CE,2007
2007-03-18,CLE,38.5536,129466,415948.3648,CE,2007
2007-03-19,CLE,37.8691,129466,408563.4084,CE,2007
2007-03-20,CLE,38.5636,129466,416056.2531,CE,2007
2007-03-21,CLE,38.9251,129466,419956.4164,CE,2007
2007-03-22,CLE,38.7149,129466,417688.6036,CE,2007
2007-03-23,CLE,38.5196,129466,415581.5445,CE,2007
2007-03-24,CLE,38.3711,129466,413979.4027,CE,2007
2007-03-25,CLE,38.079,129466,410827.9845,CE,2007
2007-03-27,CLE,37.0757,129466,400003.548,CE,2007
2007-03-28,CLE,37.9809,129466,409769.6,CE,2007
2007-03-29,CLE,37.75,129466,407278.4583,CE,2007
2007-03-30,CLE,37.3881,129466,403373.9796,CE,2007
2007-03-31,CLE,36.8474,129466,397540.4574,CE,2007
2007-04-01,CLE,36.515,129466,393954.2492,CE,2007
2007-04-02,CLE,36.3275,129466,391931.3429,CE,2007
2007-04-03,CLE,36.8514,129466,397583.6127,CE,2007
2007-04-04,CLE,36.619,129466,395076.2878,CE,2007
2007-04-05,CLE,36.3591,129466,392272.2701,CE,2007
2007-04-06,CLE,35.8688,129466,386982.5051,CE,2007
2007-04-07,CLE,35.0696,129466,378360.0695,CE,2007
2007-04-08,CLE,34.1405,129466,368336.1644,CE,2007
2007-04-09,CLE,33.4999,129466,361424.8378,CE,2007
2007-04-10,CLE,34.503,129466,372247.1165,CE,2007
2007-04-11,CLE,34.4809,129466,372008.6833,CE,2007
2007-04-12,CLE,34.2028,129466,369008.3087,CE,2007
2007-04-13,CLE,33.8864,129466,365594.7219,CE,2007
2007-04-14,CLE,33.5912,129466,362409.8583,CE,2007
2007-04-15,CLE,33.3821,129466,360153.9132,CE,2007
2007-04-16,CLE,33.2835,129466,359090.1343,CE,2007
2007-04-17,CLE,33.132,129466,357455.626,CE,2007
2007-04-18,CLE,32.9198,129466,355166.2356,CE,2007
2007-04-19,CLE,33.563,129466,362105.6132,CE,2007
2007-04-20,CLE,33.3081,129466,359355.5396,CE,2007
2007-04-21,CLE,33.0396,129466,356458.7378,CE,2007
2007-04-22,CLE,32.7841,129466,353702.1909,CE,2007
2007-04-23,CLE,32.3815,129466,349358.6066,CE,2007
2007-04-24,CLE,32.119,129466,346526.5378,CE,2007
2007-04-25,CLE,31.5911,129466,340831.1127,CE,2007
2007-04-26,CLE,31.1037,129466,335572.6354,CE,2007
2007-04-27,CLE,30.7254,129466,331491.2197,CE,2007
2007-04-28,CLE,30.1799,129466,325605.9111,CE,2007
2007-04-29,CLE,29.4597,129466,317835.7934,CE,2007
2007-04-30,CLE,28.901,129466,311808.0722,CE,2007
2007-05-01,CLE,28.4416,129466,306851.6821,CE,2007
2007-05-02,CLE,28.3296,129466,305643.3328,CE,2007
2007-05-03,CLE,27.96,129466,301655.78,CE,2007
2007-05-04,CLE,27.6302,129466,298097.6228,CE,2007
2007-05-05,CLE,27.5344,129466,297064.0525,CE,2007
2007-05-06,CLE,27.205,129466,293510.2108,CE,2007
2007-05-07,CLE,26.5942,129466,286920.3914,CE,2007
2007-05-08,CLE,25.5874,129466,276058.194,CE,2007
2007-05-09,CLE,24.4567,129466,263859.2602,CE,2007
2007-05-10,CLE,23.6849,129466,255532.4386,CE,2007
2007-05-11,CLE,23.4095,129466,252561.1939,CE,2007
2007-05-12,CLE,22.7179,129466,245099.6368,CE,2007
2007-05-13,CLE,21.9843,129466,237184.9487,CE,2007
2007-05-14,CLE,21.536,129466,232348.3147,CE,2007
2007-05-15,CLE,20.9434,129466,225954.852,CE,2007
2007-05-16,CLE,19.9804,129466,215565.2055,CE,2007
2007-05-17,CLE,19.0422,129466,205443.1221,CE,2007
2007-05-18,CLE,18.3775,129466,198271.7846,CE,2007
2007-05-19,CLE,17.8328,129466,192395.1071,CE,2007
2007-05-20,CLE,17.3283,129466,186952.1407,CE,2007
2007-05-21,CLE,17.2412,129466,186012.4333,CE,2007
2007-05-22,CLE,16.0123,129466,172754.036,CE,2007
2007-05-23,CLE,15.6,129466,168305.8,CE,2007
2007-05-24,CLE,15.0866,129466,162766.813,CE,2007
2007-05-25,CLE,14.4923,129466,156355.0093,CE,2007
2007-05-26,CLE,13.8864,129466,149818.0552,CE,2007
2007-05-27,CLE,13.2107,129466,142528.0405,CE,2007
2007-05-28,CLE,12.7023,129466,137042.9977,CE,2007
2007-05-29,CLE,12.2936,129466,132633.6015,CE,2007
2007-05-30,CLE,11.6751,129466,125960.7081,CE,2007
2007-05-31,CLE,10.8464,129466,117020.0019,CE,2007
2007-06-01,CLE,9.912,129466,106938.916,CE,2007
2007-06-02,CLE,8.9915,129466,97007.79492,CE,2007
2007-06-03,CLE,8.0086,129466,86403.45063,CE,2007
2007-06-04,CLE,6.8354,129466,73745.99137,CE,2007
2007-06-05,CLE,6.0441,129466,65208.78755,CE,2007
2007-06-06,CLE,5.3822,129466,58067.65877,CE,2007
2007-06-07,CLE,5.1918,129466,56013.4649,CE,2007
2007-06-08,CLE,4.9382,129466,53277.41677,CE,2007
2007-06-09,CLE,4.5788,129466,49399.91007,CE,2007
2007-06-10,CLE,4.2679,129466,46045.66178,CE,2007
2007-06-11,CLE,3.9096,129466,42180.0228,CE,2007
2007-06-12,CLE,3.6995,129466,39913.28892,CE,2007
2007-06-13,CLE,3.4423,129466,37138.40098,CE,2007
2007-06-14,CLE,3.1509,129466,33994.53495,CE,2007
2007-06-15,CLE,2.9213,129466,31517.41882,CE,2007
2007-06-16,CLE,2.6815,129466,28930.25658,CE,2007
2007-06-17,CLE,2.4749,129466,26701.28362,CE,2007
2007-06-18,CLE,2.345,129466,25299.81417,CE,2007
2007-06-19,CLE,2.0124,129466,21711.4482,CE,2007
2007-06-20,CLE,1.7012,129466,18353.96327,CE,2007
2007-06-21,CLE,1.334,129466,14392.30367,CE,2007
2007-06-22,CLE,1.1153,129466,12032.78582,CE,2007
2007-06-23,CLE,0.9762,129466,10532.0591,CE,2007
2007-06-24,CLE,0.8729,129466,9417.572617,CE,2007
2007-06-25,CLE,0.7977,129466,8606.25235,CE,2007
2007-06-26,CLE,0.733,129466,7908.214833,CE,2007
2007-06-27,CLE,0.5972,129466,6443.091267,CE,2007
2007-06-28,CLE,0.4623,129466,4987.67765,CE,2007
2007-06-29,CLE,0.364,129466,3927.135333,CE,2007
2007-06-30,CLE,0.3129,129466,3375.82595,CE,2007
2007-07-01,CLE,0.2762,129466,2979.875767,CE,2007
2007-07-02,CLE,0.2237,129466,2413.462017,CE,2007
2007-07-03,CLE,0.1847,129466,1992.697517,CE,2007
2007-07-04,CLE,0.1475,129466,1591.352917,CE,2007
2007-07-05,CLE,0.1066,129466,1150.089633,CE,2007
2007-07-06,CLE,0.0713,129466,769.2438167,CE,2007
2007-07-07,CLE,0.0564,129466,608.4902,CE,2007
2007-07-08,CLE,0.0463,129466,499.5229833,CE,2007
2007-07-09,CLE,0.0383,129466,413.2123167,CE,2007
2007-07-10,CLE,0.0292,129466,315.0339333,CE,2007
2007-07-11,CLE,0.021,129466,226.5655,CE,2007
2007-07-12,CLE,0.015,129466,161.8325,CE,2007
2007-07-13,CLE,0.0104,129466,112.2038667,CE,2007
2007-07-14,CLE,0.0075,129466,80.91625,CE,2007
2007-07-15,CLE,0.0066,129466,71.2063,CE,2007
2007-07-16,CLE,0.0058,129466,62.57523333,CE,2007
2007-07-17,CLE,0.005,129466,53.94416667,CE,2007
2007-07-18,CLE,0.0042,129466,45.3131,CE,2007
2007-07-19,CLE,0.0033,129466,35.60315,CE,2007
2007-07-20,CLE,0.0029,129466,31.28761667,CE,2007
2007-07-21,CLE,0.0025,129466,26.97208333,CE,2007
2007-07-22,CLE,0.002,129466,21.57766667,CE,2007
2007-07-23,CLE,0.0013,129466,14.02548333,CE,2007
2007-07-24,CLE,6e-4,129466,6.4733,CE,2007
2007-07-25,CLE,2e-4,129466,2.157766667,CE,2007
2007-07-26,CLE,0,129466,0,CE,2007
2007-07-27,CLE,0,129466,0,CE,2007
2007-07-28,CLE,0,129466,0,CE,2007
2007-07-29,CLE,0,129466,0,CE,2007
2007-07-30,CLE,0,129466,0,CE,2007
2007-07-31,CLE,0,129466,0,CE,2007
2007-08-01,CLE,0,129466,0,CE,2007
2007-08-02,CLE,0,129466,0,CE,2007
2007-08-03,CLE,0,129466,0,CE,2007
2007-08-04,CLE,0,129466,0,CE,2007
2007-08-05,CLE,0,129466,0,CE,2007
2007-08-06,CLE,0,129466,0,CE,2007
2007-08-07,CLE,0,129466,0,CE,2007
2007-08-08,CLE,0,129466,0,CE,2007
2007-08-09,CLE,0,129466,0,CE,2007
2007-08-10,CLE,0,129466,0,CE,2007
2007-08-11,CLE,0,129466,0,CE,2007
2007-08-12,CLE,0,129466,0,CE,2007
2007-08-13,CLE,0,129466,0,CE,2007
2007-08-14,CLE,0,129466,0,CE,2007
2007-08-15,CLE,0,129466,0,CE,2007
2007-08-16,CLE,0,129466,0,CE,2007
2007-08-17,CLE,0,129466,0,CE,2007
2007-08-18,CLE,0,129466,0,CE,2007
2007-08-19,CLE,0,129466,0,CE,2007
2007-08-20,CLE,0,129466,0,CE,2007
2007-08-21,CLE,0,129466,0,CE,2007
2007-08-22,CLE,0,129466,0,CE,2007
2007-08-23,CLE,0,129466,0,CE,2007
2007-08-24,CLE,0,129466,0,CE,2007
2007-08-25,CLE,0,129466,0,CE,2007
2007-08-26,CLE,0,129466,0,CE,2007
2007-08-27,CLE,0,129466,0,CE,2007
2007-08-28,CLE,0,129466,0,CE,2007
2007-08-29,CLE,0,129466,0,CE,2007
2007-08-30,CLE,0,129466,0,CE,2007
2007-08-31,CLE,0,129466,0,CE,2007
2007-09-01,CLE,0,129466,0,CE,2007
2007-09-02,CLE,0,129466,0,CE,2007
2007-09-03,CLE,0,129466,0,CE,2007
2007-09-04,CLE,0,129466,0,CE,2007
2007-09-05,CLE,0,129466,0,CE,2007
2007-09-06,CLE,0,129466,0,CE,2007
2007-09-07,CLE,0,129466,0,CE,2007
2007-09-08,CLE,0,129466,0,CE,2007
2007-09-09,CLE,0,129466,0,CE,2007
2007-09-10,CLE,0,129466,0,CE,2007
2007-09-11,CLE,0,129466,0,CE,2007
2007-09-12,CLE,0,129466,0,CE,2007
2007-09-13,CLE,0,129466,0,CE,2007
2007-09-14,CLE,0,129466,0,CE,2007
2007-09-15,CLE,0,129466,0,CE,2007
2007-09-16,CLE,0,129466,0,CE,2007
2007-09-17,CLE,0,129466,0,CE,2007
2007-09-18,CLE,1e-4,129466,1.078883333,CE,2007
2007-09-19,CLE,1e-4,129466,1.078883333,CE,2007
2007-09-20,CLE,0,129466,0,CE,2007
2007-09-21,CLE,0,129466,0,CE,2007
2007-09-22,CLE,0,129466,0,CE,2007
2007-09-23,CLE,7e-4,129466,7.552183333,CE,2007
2007-09-24,CLE,1e-4,129466,1.078883333,CE,2007
2007-09-25,CLE,0,129466,0,CE,2007
2007-09-26,CLE,0,129466,0,CE,2007
2007-09-27,CLE,0,129466,0,CE,2007
2007-09-28,CLE,0,129466,0,CE,2007
2007-09-29,CLE,0.0393,129466,424.00115,CE,2007
2007-09-30,CLE,0.0405,129466,436.94775,CE,2007
2007-10-01,CLE,0.0328,129466,353.8737333,CE,2008
2007-10-02,CLE,0.0516,129466,556.7038,CE,2008
2007-10-03,CLE,0.0509,129466,549.1516167,CE,2008
2007-10-04,CLE,0.1984,129466,2140.504533,CE,2008
2007-10-05,CLE,0.3223,129466,3477.240983,CE,2008
2007-10-06,CLE,0.3019,129466,3257.148783,CE,2008
2007-10-07,CLE,0.2663,129466,2873.066317,CE,2008
2007-10-08,CLE,0.063,129466,679.6965,CE,2008
2007-10-09,CLE,0.0561,129466,605.25355,CE,2008
2007-10-10,CLE,0.0088,129466,94.94173333,CE,2008
2007-10-11,CLE,0.0112,129466,120.8349333,CE,2008
2007-10-12,CLE,0.0109,129466,117.5982833,CE,2008
2007-10-13,CLE,0.0104,129466,112.2038667,CE,2008
2007-10-14,CLE,0.0085,129466,91.70508333,CE,2008
2007-10-15,CLE,0.0046,129466,49.62863333,CE,2008
2007-10-16,CLE,0.0031,129466,33.44538333,CE,2008
2007-10-17,CLE,0.0329,129466,354.9526167,CE,2008
2007-10-18,CLE,0.1107,129466,1194.32385,CE,2008
2007-10-19,CLE,0.7543,129466,8138.016983,CE,2008
2007-10-20,CLE,0.8303,129466,8957.968317,CE,2008
2007-10-21,CLE,1.1081,129466,11955.10622,CE,2008
2007-10-22,CLE,1.1405,129466,12304.66442,CE,2008
2007-10-23,CLE,0.7352,129466,7931.950267,CE,2008
2007-10-24,CLE,0.1594,129466,1719.740033,CE,2008
2007-10-25,CLE,0.0898,129466,968.8372333,CE,2008
2007-10-26,CLE,0.08,129466,863.1066667,CE,2008
2007-10-27,CLE,0.0501,129466,540.52055,CE,2008
2007-10-28,CLE,0.0237,129466,255.69535,CE,2008
2007-10-29,CLE,0.009,129466,97.0995,CE,2008
2007-10-30,CLE,0.0052,129466,56.10193333,CE,2008
2007-10-31,CLE,0.0048,129466,51.7864,CE,2008
2007-11-01,CLE,0.0044,129466,47.47086667,CE,2008
2007-11-02,CLE,0.0048,129466,51.7864,CE,2008
2007-11-03,CLE,0.004,129466,43.15533333,CE,2008
2007-11-04,CLE,0.0028,129466,30.20873333,CE,2008
2007-11-05,CLE,0.0026,129466,28.05096667,CE,2008
2007-11-06,CLE,0.0021,129466,22.65655,CE,2008
2007-11-07,CLE,0.0015,129466,16.18325,CE,2008
2007-11-08,CLE,5e-4,129466,5.394416667,CE,2008
2007-11-09,CLE,2e-4,129466,2.157766667,CE,2008
2007-11-10,CLE,1e-4,129466,1.078883333,CE,2008
2007-11-11,CLE,3e-4,129466,3.23665,CE,2008
2007-11-12,CLE,8e-4,129466,8.631066667,CE,2008
2007-11-13,CLE,0.6459,129466,6968.50745,CE,2008
2007-11-14,CLE,0.7203,129466,7771.19665,CE,2008
2007-11-15,CLE,0.9296,129466,10029.29947,CE,2008
2007-11-16,CLE,0.9799,129466,10571.97778,CE,2008
2007-11-17,CLE,0.88,129466,9494.173333,CE,2008
2007-11-18,CLE,0.8209,129466,8856.553283,CE,2008
2007-11-19,CLE,1.199,129466,12935.81117,CE,2008
2007-11-20,CLE,1.4673,129466,15830.45515,CE,2008
2007-11-21,CLE,1.465,129466,15805.64083,CE,2008
2007-11-22,CLE,1.4292,129466,15419.4006,CE,2008
2007-11-23,CLE,1.4138,129466,15253.25257,CE,2008
2007-11-24,CLE,1.3988,129466,15091.42007,CE,2008
2007-11-25,CLE,1.3923,129466,15021.29265,CE,2008
2007-11-26,CLE,1.3846,129466,14938.21863,CE,2008
2007-11-27,CLE,1.6635,129466,17947.22425,CE,2008
2007-11-28,CLE,1.8508,129466,19967.97273,CE,2008
2007-11-29,CLE,2.151,129466,23206.7805,CE,2008
2007-11-30,CLE,2.357,129466,25429.280170000002,CE,2008
2007-12-01,CLE,2.3548,129466,25405.54473,CE,2008
2007-12-02,CLE,2.6906,129466,29028.43497,CE,2008
2007-12-03,CLE,4.5557,129466,49150.68802,CE,2008
2007-12-04,CLE,5.885,129466,63492.28417,CE,2008
2007-12-05,CLE,5.2917,129466,57091.26935,CE,2008
2007-12-06,CLE,5.2571,129466,56717.97572,CE,2008
2007-12-07,CLE,5.1809,129466,55895.86662,CE,2008
2007-12-08,CLE,5.0467,129466,54448.00518,CE,2008
2007-12-09,CLE,4.9109,129466,52982.88162,CE,2008
2007-12-10,CLE,4.795,129466,51732.45583,CE,2008
2007-12-11,CLE,4.7124,129466,50841.2982,CE,2008
2007-12-12,CLE,4.6523,129466,50192.88932,CE,2008
2007-12-13,CLE,4.6642,129466,50321.27643,CE,2008
2007-12-14,CLE,4.7408,129466,51147.70107,CE,2008
2007-12-15,CLE,5.5746,129466,60143.4303,CE,2008
2007-12-16,CLE,6.1621,129466,66481.86988,CE,2008
2007-12-17,CLE,6.5178,129466,70319.4579,CE,2008
2007-12-18,CLE,6.9357,129466,74828.11135,CE,2008
2007-12-19,CLE,7.8552,129466,84748.4436,CE,2008
2007-12-20,CLE,8.7933,129466,94869.44815,CE,2008
2007-12-21,CLE,9.4604,129466,102066.6789,CE,2008
2007-12-22,CLE,9.4575,129466,102035.3913,CE,2008
2007-12-23,CLE,9.9961,129466,107846.2569,CE,2008
2007-12-24,CLE,11.1841,129466,120663.3909,CE,2008
2007-12-25,CLE,11.4826,129466,123883.8576,CE,2008
2007-12-26,CLE,11.9463,129466,128886.6397,CE,2008
2007-12-27,CLE,13.9812,129466,150840.8366,CE,2008
2007-12-28,CLE,14.4686,129466,156099.314,CE,2008
2007-12-29,CLE,15.0268,129466,162121.6407,CE,2008
2007-12-30,CLE,15.5219,129466,167463.1921,CE,2008
2007-12-31,CLE,16.4717,129466,177710.426,CE,2008
2008-01-01,CLE,16.558,129466,178641.5023,CE,2008
2008-01-02,CLE,16.5323,129466,178364.2293,CE,2008
2008-01-03,CLE,18.0545,129466,194786.9914,CE,2008
2008-01-04,CLE,18.5445,129466,200073.5198,CE,2008
2008-01-05,CLE,18.8055,129466,202889.4053,CE,2008
2008-01-06,CLE,19.1801,129466,206930.9022,CE,2008
2008-01-07,CLE,19.3879,129466,209172.8218,CE,2008
2008-01-08,CLE,19.5589,129466,211017.7123,CE,2008
2008-01-09,CLE,20.3902,129466,219986.4694,CE,2008
2008-01-10,CLE,20.505,129466,221225.0275,CE,2008
2008-01-11,CLE,22.0253,129466,237627.2908,CE,2008
2008-01-12,CLE,22.7315,129466,245246.3649,CE,2008
2008-01-13,CLE,22.9332,129466,247422.4726,CE,2008
2008-01-14,CLE,22.9259,129466,247343.7141,CE,2008
2008-01-15,CLE,23.8916,129466,257762.4905,CE,2008
2008-01-16,CLE,23.9875,129466,258797.1396,CE,2008
2008-01-17,CLE,23.9828,129466,258746.4321,CE,2008
2008-01-18,CLE,23.9775,129466,258689.2513,CE,2008
2008-01-19,CLE,23.9651,129466,258555.4697,CE,2008
2008-01-20,CLE,24.209,129466,261186.8662,CE,2008
2008-01-21,CLE,24.289,129466,262049.9728,CE,2008
2008-01-22,CLE,24.2584,129466,261719.8345,CE,2008
2008-01-23,CLE,24.2468,129466,261594.6841,CE,2008
2008-01-24,CLE,24.9235,129466,268895.4876,CE,2008
2008-01-25,CLE,24.9115,129466,268766.0216,CE,2008
2008-01-26,CLE,24.9041,129466,268686.1842,CE,2008
2008-01-27,CLE,25.3426,129466,273417.0876,CE,2008
2008-01-28,CLE,25.7035,129466,277310.7776,CE,2008
2008-01-29,CLE,26.0048,129466,280561.4531,CE,2008
2008-01-30,CLE,27.2531,129466,294029.1537,CE,2008
2008-01-31,CLE,27.8308,129466,300261.8627,CE,2008
2008-02-01,CLE,30.3967,129466,327944.9302,CE,2008
2008-02-02,CLE,31.4175,129466,338958.1713,CE,2008
2008-02-03,CLE,31.7167,129466,342186.1902,CE,2008
2008-02-04,CLE,31.7413,129466,342451.5955,CE,2008
2008-02-05,CLE,31.8205,129466,343306.0711,CE,2008
2008-02-06,CLE,32.608,129466,351802.2773,CE,2008
2008-02-07,CLE,33.1497,129466,357646.5884,CE,2008
2008-02-08,CLE,34.925,129466,376800.0042,CE,2008
2008-02-09,CLE,37.3562,129466,403029.8158,CE,2008
2008-02-10,CLE,37.5966,129466,405623.4513,CE,2008
2008-02-11,CLE,37.9787,129466,409745.8645,CE,2008
2008-02-12,CLE,38.0277,129466,410274.5174,CE,2008
2008-02-13,CLE,38.2604,129466,412785.0789,CE,2008
2008-02-14,CLE,38.4531,129466,414864.0871,CE,2008
2008-02-15,CLE,38.4382,129466,414703.3334,CE,2008
2008-02-16,CLE,38.5806,129466,416239.6633,CE,2008
2008-02-17,CLE,38.5383,129466,415783.2957,CE,2008
2008-02-18,CLE,38.4898,129466,415260.0372,CE,2008
2008-02-19,CLE,38.397,129466,414258.8335,CE,2008
2008-02-20,CLE,39.8388,129466,429814.1734,CE,2008
2008-02-21,CLE,39.8012,129466,429408.5133,CE,2008
2008-02-22,CLE,39.8123,129466,429528.2693,CE,2008
2008-02-23,CLE,39.8725,129466,430177.7571,CE,2008
2008-02-24,CLE,39.8566,129466,430006.2146,CE,2008
2008-02-25,CLE,39.8615,129466,430059.0799,CE,2008
2008-02-26,CLE,39.8578,129466,430019.1612,CE,2008
2008-02-27,CLE,39.8254,129466,429669.603,CE,2008
2008-02-28,CLE,39.7554,129466,428914.3847,CE,2008
2008-02-29,CLE,39.6739,129466,428035.0948,CE,2008
2008-03-01,CLE,39.6483,129466,427758.9007,CE,2008
2008-03-02,CLE,39.9827,129466,431366.6865,CE,2008
2008-03-03,CLE,39.959,129466,431110.9912,CE,2008
2008-03-04,CLE,41.5355,129466,448119.5869,CE,2008
2008-03-05,CLE,41.8381,129466,451384.2879,CE,2008
2008-03-06,CLE,41.7949,129466,450918.2103,CE,2008
2008-03-07,CLE,41.6979,129466,449871.6935,CE,2008
2008-03-08,CLE,41.6385,129466,449230.8368,CE,2008
2008-03-09,CLE,41.7132,129466,450036.7626,CE,2008
2008-03-10,CLE,41.6014,129466,448830.571,CE,2008
2008-03-11,CLE,41.5196,129466,447948.0445,CE,2008
2008-03-12,CLE,41.7682,129466,450630.1484,CE,2008
2008-03-14,CLE,42.7692,129466,461429.7706,CE,2008
2008-03-15,CLE,43.1036,129466,465037.5565,CE,2008
2008-03-16,CLE,43.1327,129466,465351.5115,CE,2008
2008-03-17,CLE,43.3074,129466,467236.3207,CE,2008
2008-03-18,CLE,43.5287,129466,469623.8895,CE,2008
2008-03-19,CLE,43.6501,129466,470933.6539,CE,2008
2008-03-20,CLE,43.9426,129466,474089.3876,CE,2008
2008-03-21,CLE,43.2577,129466,466700.1157,CE,2008
2008-03-22,CLE,43.4358,129466,468621.6069,CE,2008
2008-03-23,CLE,43.397,129466,468203.0002,CE,2008
2008-03-24,CLE,44.1321,129466,476133.8716,CE,2008
2008-03-25,CLE,44.1118,129466,475914.8582,CE,2008
2008-03-26,CLE,44.3364,129466,478338.0302,CE,2008
2008-03-27,CLE,44.9988,129466,485484.5534,CE,2008
2008-03-28,CLE,44.6742,129466,481982.4981,CE,2008
2008-03-29,CLE,45.3375,129466,489138.7313,CE,2008
2008-03-30,CLE,45.5192,129466,491099.0623,CE,2008
2008-03-31,CLE,45.5967,129466,491935.1969,CE,2008
2008-04-01,CLE,45.743,129466,493513.6032,CE,2008
2008-04-02,CLE,45.7249,129466,493318.3253,CE,2008
2008-04-03,CLE,45.6953,129466,492998.9758,CE,2008
2008-04-04,CLE,45.6174,129466,492158.5257,CE,2008
2008-04-05,CLE,45.9625,129466,495881.7521,CE,2008
2008-04-06,CLE,45.9337,129466,495571.03370000003,CE,2008
2008-04-07,CLE,45.9956,129466,496238.8625,CE,2008
2008-04-08,CLE,46.1128,129466,497503.3137,CE,2008
2008-04-09,CLE,46.0982,129466,497345.7968,CE,2008
2008-04-10,CLE,46.0551,129466,496880.7981,CE,2008
2008-04-11,CLE,46.0777,129466,497124.6257,CE,2008
2008-04-12,CLE,45.9224,129466,495449.1199,CE,2008
2008-04-13,CLE,45.6636,129466,492656.9698,CE,2008
2008-04-14,CLE,45.2281,129466,487958.4329,CE,2008
2008-04-15,CLE,45.0935,129466,486506.2559,CE,2008
2008-04-16,CLE,45.1995,129466,487649.8723,CE,2008
2008-04-17,CLE,45.1138,129466,486725.2692,CE,2008
2008-04-18,CLE,45.2685,129466,488394.3018,CE,2008
2008-04-19,CLE,45.4906,129466,490790.5016,CE,2008
2008-04-20,CLE,45.5509,129466,491441.0683,CE,2008
2008-04-21,CLE,45.8598,129466,494773.7389,CE,2008
2008-04-22,CLE,45.8951,129466,495154.5847,CE,2008
2008-04-23,CLE,45.9376,129466,495613.1101,CE,2008
2008-04-24,CLE,46.5913,129466,502665.7705,CE,2008
2008-04-25,CLE,46.5767,129466,502508.2535,CE,2008
2008-04-26,CLE,46.5267,129466,501968.8119,CE,2008
2008-04-27,CLE,46.3185,129466,499722.5768,CE,2008
2008-04-28,CLE,45.8751,129466,494938.8081,CE,2008
2008-04-29,CLE,45.3589,129466,489369.6123,CE,2008
2008-04-30,CLE,45.1875,129466,487520.4063,CE,2008
2008-05-01,CLE,45.3056,129466,488794.5675,CE,2008
2008-05-02,CLE,45.2937,129466,488666.1804,CE,2008
2008-05-03,CLE,45.0195,129466,485707.8823,CE,2008
2008-05-04,CLE,44.6183,129466,481379.4023,CE,2008
2008-05-05,CLE,44.1298,129466,476109.0572,CE,2008
2008-05-06,CLE,43.4868,129466,469171.8374,CE,2008
2008-05-07,CLE,42.9965,129466,463882.0724,CE,2008
2008-05-08,CLE,43.0017,129466,463938.1744,CE,2008
2008-05-09,CLE,42.702,129466,460704.761,CE,2008
2008-05-10,CLE,42.4049,129466,457499.3986,CE,2008
2008-05-11,CLE,41.9558,129466,452654.1336,CE,2008
2008-05-12,CLE,41.819,129466,451178.22120000003,CE,2008
2008-05-13,CLE,41.4814,129466,447535.911,CE,2008
2008-05-14,CLE,41.1616,129466,444085.6421,CE,2008
2008-05-15,CLE,40.2912,129466,434695.0416,CE,2008
2008-05-16,CLE,39.1879,129466,422791.7218,CE,2008
2008-05-17,CLE,37.7367,129466,407134.9669,CE,2008
2008-05-18,CLE,35.9785,129466,388166.0401,CE,2008
2008-05-19,CLE,34.1287,129466,368208.8562,CE,2008
2008-05-20,CLE,32.8164,129466,354050.6702,CE,2008
2008-05-21,CLE,31.877,129466,343915.6402,CE,2008
2008-05-22,CLE,31.3998,129466,338767.2089,CE,2008
2008-05-23,CLE,31.9467,129466,344667.6219,CE,2008
2008-05-24,CLE,31.3046,129466,337740.112,CE,2008
2008-05-25,CLE,30.6176,129466,330328.1835,CE,2008
2008-05-26,CLE,29.8543,129466,322093.067,CE,2008
2008-05-27,CLE,29.1002,129466,313957.2078,CE,2008
2008-05-28,CLE,28.3511,129466,305875.2927,CE,2008
2008-05-29,CLE,27.4514,129466,296168.5794,CE,2008
2008-05-30,CLE,26.2432,129466,283133.5109,CE,2008
2008-05-31,CLE,25.6492,129466,276724.9439,CE,2008
2008-06-01,CLE,24.9817,129466,269523.3977,CE,2008
2008-06-02,CLE,24.3164,129466,262345.5869,CE,2008
2008-06-03,CLE,23.8261,129466,257055.8219,CE,2008
2008-06-04,CLE,23.7078,129466,255779.5029,CE,2008
2008-06-05,CLE,23.1784,129466,250067.8945,CE,2008
2008-06-06,CLE,22.8431,129466,246450.3987,CE,2008
2008-06-07,CLE,22.7742,129466,245707.04810000001,CE,2008
2008-06-08,CLE,22.3716,129466,241363.4638,CE,2008
2008-06-09,CLE,21.913,129466,236415.7048,CE,2008
2008-06-10,CLE,21.536,129466,232348.3147,CE,2008
2008-06-11,CLE,21.7317,129466,234459.6894,CE,2008
2008-06-12,CLE,21.3922,129466,230796.8804,CE,2008
2008-06-14,CLE,20.233,129466,218290.4648,CE,2008
2008-06-15,CLE,19.6349,129466,211837.6636,CE,2008
2008-06-16,CLE,19.0562,129466,205594.1658,CE,2008
2008-06-17,CLE,18.3942,129466,198451.9581,CE,2008
2008-06-19,CLE,16.9048,129466,182383.0697,CE,2008
2008-06-20,CLE,16.3883,129466,176810.6373,CE,2008
2008-06-21,CLE,15.5873,129466,168168.7818,CE,2008
2008-06-22,CLE,14.6294,129466,157834.1584,CE,2008
2008-06-23,CLE,13.9176,129466,150154.6668,CE,2008
2008-06-24,CLE,13.3749,129466,144299.567,CE,2008
2008-06-25,CLE,12.8444,129466,138576.0909,CE,2008
2008-06-26,CLE,11.4498,129466,123529.9839,CE,2008
2008-06-27,CLE,10.884,129466,117425.662,CE,2008
2008-06-28,CLE,10.1359,129466,109354.5358,CE,2008
2008-06-29,CLE,9.0742,129466,97900.03143,CE,2008
2008-06-30,CLE,7.9402,129466,85665.49443,CE,2008
2008-07-01,CLE,6.9613,129466,75104.30548,CE,2008
2008-07-02,CLE,5.3417,129466,57630.71102,CE,2008
2008-07-03,CLE,4.6054,129466,49686.89303,CE,2008
2008-07-04,CLE,3.9556,129466,42676.30913,CE,2008
2008-07-05,CLE,3.5207,129466,37984.24552,CE,2008
2008-07-06,CLE,3.1878,129466,34392.6429,CE,2008
2008-07-07,CLE,2.8936,129466,31218.56813,CE,2008
2008-07-08,CLE,2.568,129466,27705.724,CE,2008
2008-07-09,CLE,2.2196,129466,23946.89447,CE,2008
2008-07-10,CLE,1.7541,129466,18924.69255,CE,2008
2008-07-11,CLE,1.5408,129466,16623.4344,CE,2008
2008-07-12,CLE,1.3589,129466,14660.94562,CE,2008
2008-07-13,CLE,1.124,129466,12126.64867,CE,2008
2008-07-14,CLE,0.9058,129466,9772.525233,CE,2008
2008-07-15,CLE,0.7332,129466,7910.3726,CE,2008
2008-07-16,CLE,0.5983,129466,6454.958983,CE,2008
2008-07-17,CLE,0.5006,129466,5400.889967,CE,2008
2008-07-18,CLE,0.4244,129466,4578.780867,CE,2008
2008-07-19,CLE,0.3733,129466,4027.471483,CE,2008
2008-07-20,CLE,0.323,129466,3484.793167,CE,2008
2008-07-21,CLE,0.2708,129466,2921.616067,CE,2008
2008-07-22,CLE,0.2225,129466,2400.515417,CE,2008
2008-07-23,CLE,0.1897,129466,2046.641683,CE,2008
2008-07-24,CLE,0.1697,129466,1830.865017,CE,2008
2008-07-25,CLE,0.142,129466,1532.014333,CE,2008
2008-07-26,CLE,0.1124,129466,1212.664867,CE,2008
2008-07-27,CLE,0.0925,129466,997.9670833,CE,2008
2008-07-28,CLE,0.0792,129466,854.4756,CE,2008
2008-07-29,CLE,0.0669,129466,721.77295,CE,2008
2008-07-30,CLE,0.0581,129466,626.8312167,CE,2008
2008-07-31,CLE,0.054,129466,582.597,CE,2008
2008-08-01,CLE,0.0465,129466,501.68075,CE,2008
2008-08-02,CLE,0.041,129466,442.3421667,CE,2008
2008-08-03,CLE,0.0373,129466,402.4234833,CE,2008
2008-08-04,CLE,0.0334,129466,360.3470333,CE,2008
2008-08-05,CLE,0.0279,129466,301.00845,CE,2008
2008-08-06,CLE,0.0218,129466,235.1965667,CE,2008
2008-08-07,CLE,0.0174,129466,187.7257,CE,2008
2008-08-08,CLE,0.0147,129466,158.59585,CE,2008
2008-08-09,CLE,0.012,129466,129.466,CE,2008
2008-08-10,CLE,0.0104,129466,112.2038667,CE,2008
2008-08-11,CLE,0.0096,129466,103.5728,CE,2008
2008-08-12,CLE,0.0088,129466,94.94173333,CE,2008
2008-08-13,CLE,0.0082,129466,88.46843333,CE,2008
2008-08-14,CLE,0.0075,129466,80.91625,CE,2008
2008-08-15,CLE,0.0064,129466,69.04853333,CE,2008
2008-08-16,CLE,0.0053,129466,57.18081667,CE,2008
2008-08-17,CLE,0.004,129466,43.15533333,CE,2008
2008-08-18,CLE,0.0026,129466,28.05096667,CE,2008
2008-08-19,CLE,0.0017,129466,18.34101667,CE,2008
2008-08-20,CLE,0.0012,129466,12.9466,CE,2008
2008-08-21,CLE,8e-4,129466,8.631066667,CE,2008
2008-08-22,CLE,8e-4,129466,8.631066667,CE,2008
2008-08-23,CLE,4e-4,129466,4.315533333,CE,2008
2008-08-24,CLE,0,129466,0,CE,2008
2008-08-25,CLE,0,129466,0,CE,2008
2008-08-26,CLE,0,129466,0,CE,2008
2008-08-27,CLE,0,129466,0,CE,2008
2008-08-28,CLE,0,129466,0,CE,2008
2008-08-29,CLE,0,129466,0,CE,2008
2008-08-30,CLE,0,129466,0,CE,2008
2008-08-31,CLE,0,129466,0,CE,2008
2008-09-01,CLE,0,129466,0,CE,2008
2008-09-02,CLE,0,129466,0,CE,2008
2008-09-03,CLE,0,129466,0,CE,2008
2008-09-04,CLE,0,129466,0,CE,2008
2008-09-05,CLE,0,129466,0,CE,2008
2008-09-06,CLE,0,129466,0,CE,2008
2008-09-07,CLE,0,129466,0,CE,2008
2008-09-08,CLE,0,129466,0,CE,2008
2008-09-09,CLE,0,129466,0,CE,2008
2008-09-10,CLE,0,129466,0,CE,2008
2008-09-11,CLE,0,129466,0,CE,2008
2008-09-12,CLE,0,129466,0,CE,2008
2008-09-13,CLE,0,129466,0,CE,2008
2008-09-14,CLE,0,129466,0,CE,2008
2008-09-15,CLE,0,129466,0,CE,2008
2008-09-16,CLE,0,129466,0,CE,2008
2008-09-17,CLE,0,129466,0,CE,2008
2008-09-18,CLE,0,129466,0,CE,2008
2008-09-19,CLE,0,129466,0,CE,2008
2008-09-20,CLE,0,129466,0,CE,2008
2008-09-21,CLE,0,129466,0,CE,2008
2008-09-22,CLE,0,129466,0,CE,2008
2008-09-23,CLE,0.0073,129466,78.75848333,CE,2008
2008-09-24,CLE,4e-4,129466,4.315533333,CE,2008
2008-09-25,CLE,0,129466,0,CE,2008
2008-09-26,CLE,0,129466,0,CE,2008
2008-09-27,CLE,0,129466,0,CE,2008
2008-09-28,CLE,0,129466,0,CE,2008
2008-09-29,CLE,0,129466,0,CE,2008
2008-09-30,CLE,0,129466,0,CE,2008
2008-10-01,CLE,0,129466,0,CE,2009
2008-10-02,CLE,0,129466,0,CE,2009
2008-10-03,CLE,0,129466,0,CE,2009
2008-10-04,CLE,0,129466,0,CE,2009
2008-10-05,CLE,3e-4,129466,3.23665,CE,2009
2008-10-06,CLE,3e-4,129466,3.23665,CE,2009
2008-10-07,CLE,0,129466,0,CE,2009
2008-10-08,CLE,0.0048,129466,51.7864,CE,2009
2008-10-09,CLE,0.0101,129466,108.9672167,CE,2009
2008-10-10,CLE,0.0109,129466,117.5982833,CE,2009
2008-10-11,CLE,0.0112,129466,120.8349333,CE,2009
2008-10-12,CLE,0.0054,129466,58.2597,CE,2009
2008-10-13,CLE,0,129466,0,CE,2009
2008-10-14,CLE,5e-4,129466,5.394416667,CE,2009
2008-10-15,CLE,0.0054,129466,58.2597,CE,2009
2008-10-16,CLE,0.0068,129466,73.36406667,CE,2009
2008-10-17,CLE,0.0056,129466,60.41746667,CE,2009
2008-10-18,CLE,0,129466,0,CE,2009
2008-10-19,CLE,0,129466,0,CE,2009
2008-10-20,CLE,0,129466,0,CE,2009
2008-10-21,CLE,0.0458,129466,494.1285667,CE,2009
2008-10-22,CLE,0.047,129466,507.0751667,CE,2009
2008-10-23,CLE,1e-4,129466,1.078883333,CE,2009
2008-10-24,CLE,0,129466,0,CE,2009
2008-10-25,CLE,0,129466,0,CE,2009
2008-10-26,CLE,0,129466,0,CE,2009
2008-10-27,CLE,0,129466,0,CE,2009
2008-10-28,CLE,0,129466,0,CE,2009
2008-10-29,CLE,0,129466,0,CE,2009
2008-10-30,CLE,0,129466,0,CE,2009
2008-10-31,CLE,0,129466,0,CE,2009
2008-11-01,CLE,0,129466,0,CE,2009
2008-11-02,CLE,0,129466,0,CE,2009
2008-11-03,CLE,2e-4,129466,2.157766667,CE,2009
2008-11-04,CLE,0.076,129466,819.9513333,CE,2009
2008-11-05,CLE,0.5556,129466,5994.2758,CE,2009
2008-11-06,CLE,0.5843,129466,6303.915317,CE,2009
2008-11-07,CLE,1.2746,129466,13751.44697,CE,2009
2008-11-08,CLE,0.8791,129466,9484.463383,CE,2009
2008-11-09,CLE,0.6596,129466,7116.314467,CE,2009
2008-11-10,CLE,0.521,129466,5620.982167,CE,2009
2008-11-11,CLE,0.4522,129466,4878.710433,CE,2009
2008-11-12,CLE,0.9689,129466,10453.30062,CE,2009
2008-11-13,CLE,0.66,129466,7120.63,CE,2009
2008-11-14,CLE,0.7434,129466,8020.4187,CE,2009
2008-11-15,CLE,0.7228,129466,7798.168733,CE,2009
2008-11-16,CLE,0.5041,129466,5438.650883,CE,2009
2008-11-17,CLE,0.268,129466,2891.407333,CE,2009
2008-11-18,CLE,0.1567,129466,1690.610183,CE,2009
2008-11-19,CLE,0.1013,129466,1092.908817,CE,2009
2008-11-20,CLE,0.1012,129466,1091.829933,CE,2009
2008-11-21,CLE,0.5511,129466,5945.72605,CE,2009
2008-11-22,CLE,0.6896,129466,7439.979467,CE,2009
2008-11-23,CLE,0.7961,129466,8588.990217,CE,2009
2008-11-24,CLE,0.778,129466,8393.712333,CE,2009
2008-11-25,CLE,0.7523,129466,8116.439317,CE,2009
2008-11-26,CLE,0.7314,129466,7890.9527,CE,2009
2008-11-27,CLE,0.7075,129466,7633.099583,CE,2009
2008-11-28,CLE,0.6941,129466,7488.529217,CE,2009
2008-11-29,CLE,0.7452,129466,8039.8386,CE,2009
2008-11-30,CLE,0.385,129466,4153.700833,CE,2009
2008-12-01,CLE,0.1974,129466,2129.7157,CE,2009
2008-12-02,CLE,0.1362,129466,1469.4391,CE,2009
2008-12-03,CLE,0.1171,129466,1263.372383,CE,2009
2008-12-04,CLE,0.1141,129466,1231.005883,CE,2009
2008-12-05,CLE,0.1086,129466,1171.6673,CE,2009
2008-12-06,CLE,0.0927,129466,1000.12485,CE,2009
2008-12-07,CLE,0.0825,129466,890.07875,CE,2009
2008-12-08,CLE,0.4033,129466,4351.136483,CE,2009
2008-12-09,CLE,0.4031,129466,4348.978717,CE,2009
2008-12-10,CLE,0.605,129466,6527.244167,CE,2009
2008-12-11,CLE,0.6799,129466,7335.327783,CE,2009
2008-12-12,CLE,0.6338,129466,6837.962567,CE,2009
2008-12-13,CLE,1.596,129466,17218.978,CE,2009
2008-12-14,CLE,2.1513,129466,23210.01715,CE,2009
2008-12-15,CLE,2.3286,129466,25122.8773,CE,2009
2008-12-16,CLE,1.8398,129466,19849.29557,CE,2009
2008-12-17,CLE,1.8295,129466,19738.17058,CE,2009
2008-12-18,CLE,2.9243,129466,31549.78532,CE,2009
2008-12-19,CLE,3.6097,129466,38944.45168,CE,2009
2008-12-20,CLE,3.6205,129466,39060.97108,CE,2009
2008-12-21,CLE,3.8212,129466,41226.28993,CE,2009
2008-12-22,CLE,4.5954,129466,49579.0047,CE,2009
2008-12-23,CLE,4.732,129466,51052.75933,CE,2009
2008-12-24,CLE,5.3055,129466,57240.15525,CE,2009
2008-12-25,CLE,6.1756,129466,66627.51913,CE,2009
2008-12-26,CLE,6.57,129466,70882.635,CE,2009
2008-12-27,CLE,6.879,129466,74216.3845,CE,2009
2008-12-28,CLE,8.1409,129466,87830.81328,CE,2009
2008-12-29,CLE,9.2835,129466,100158.1343,CE,2009
2008-12-30,CLE,10.3281,129466,111428.1496,CE,2009
2008-12-31,CLE,10.9708,129466,118362.1327,CE,2009
2009-01-01,CLE,11.9679,129466,129119.6785,CE,2009
2009-01-02,CLE,13.4162,129466,144745.1458,CE,2009
2009-01-03,CLE,13.9362,129466,150355.3391,CE,2009
2009-01-04,CLE,13.9583,129466,150593.7723,CE,2009
2009-01-05,CLE,14.324,129466,154539.2487,CE,2009
2009-01-06,CLE,15.7181,129466,169579.9612,CE,2009
2009-01-07,CLE,17.0902,129466,184383.3194,CE,2009
2009-01-08,CLE,19.3187,129466,208426.2345,CE,2009
2009-01-09,CLE,19.8324,129466,213968.4582,CE,2009
2009-01-10,CLE,18.6835,129466,201573.1676,CE,2009
2009-01-11,CLE,18.8854,129466,203751.433,CE,2009
2009-01-12,CLE,19.0537,129466,205567.1937,CE,2009
2009-01-13,CLE,18.8623,129466,203502.211,CE,2009
2009-01-14,CLE,19.6707,129466,212223.9039,CE,2009
2009-01-15,CLE,19.4081,129466,209390.7562,CE,2009
2009-01-16,CLE,19.7891,129466,213501.3017,CE,2009
2009-01-17,CLE,19.5686,129466,211122.364,CE,2009
2009-01-18,CLE,19.3713,129466,208993.7272,CE,2009
2009-01-19,CLE,19.1922,129466,207061.4471,CE,2009
2009-01-20,CLE,19.0113,129466,205109.7472,CE,2009
2009-01-21,CLE,20.0982,129466,216836.1301,CE,2009
2009-01-22,CLE,20.0256,129466,216052.8608,CE,2009
2009-01-23,CLE,19.9561,129466,215303.0369,CE,2009
2009-01-24,CLE,19.8977,129466,214672.969,CE,2009
2009-01-25,CLE,19.8768,129466,214447.4824,CE,2009
2009-01-26,CLE,19.9229,129466,214944.8476,CE,2009
2009-01-27,CLE,20.7305,129466,223657.9094,CE,2009
2009-01-28,CLE,21.1043,129466,227690.7753,CE,2009
2009-01-29,CLE,21.1907,129466,228622.9305,CE,2009
2009-01-30,CLE,21.1818,129466,228526.9099,CE,2009
2009-01-31,CLE,21.1415,129466,228092.1199,CE,2009
2009-02-01,CLE,21.2003,129466,228726.5033,CE,2009
2009-02-02,CLE,21.1955,129466,228674.7169,CE,2009
2009-02-03,CLE,22.6361,129466,244217.1102,CE,2009
2009-02-04,CLE,22.5647,129466,243446.7875,CE,2009
2009-02-05,CLE,22.4714,129466,242440.1894,CE,2009
2009-02-06,CLE,22.9939,129466,248077.3548,CE,2009
2009-02-07,CLE,23.008,129466,248229.4773,CE,2009
2009-02-08,CLE,22.9704,129466,247823.8172,CE,2009
2009-02-09,CLE,22.9535,129466,247641.4859,CE,2009
2009-02-10,CLE,23.0383,129466,248556.379,CE,2009
2009-02-11,CLE,23.2623,129466,250973.0777,CE,2009
2009-02-12,CLE,23.302,129466,251401.3943,CE,2009
2009-02-13,CLE,23.4001,129466,252459.7789,CE,2009
2009-02-14,CLE,23.3944,129466,252398.2825,CE,2009
2009-02-15,CLE,23.4204,129466,252678.7922,CE,2009
2009-02-16,CLE,23.5102,129466,253647.6294,CE,2009
2009-02-17,CLE,23.571,129466,254303.5905,CE,2009
2009-02-18,CLE,23.6489,129466,255144.0406,CE,2009
2009-02-19,CLE,23.5544,129466,254124.4959,CE,2009
2009-02-20,CLE,23.5101,129466,253646.5506,CE,2009
2009-02-21,CLE,23.4621,129466,253128.6866,CE,2009
2009-02-22,CLE,23.4403,129466,252893.49,CE,2009
2009-02-23,CLE,23.5885,129466,254492.3951,CE,2009
2009-02-24,CLE,24.0234,129466,259184.4587,CE,2009
2009-02-25,CLE,25.0616,129466,270385.4255,CE,2009
2009-02-26,CLE,25.7916,129466,278261.2738,CE,2009
2009-02-27,CLE,25.8929,129466,279354.1826,CE,2009
2009-02-28,CLE,25.3211,129466,273185.1277,CE,2009
2009-03-01,CLE,25.285,129466,272795.6508,CE,2009
2009-03-02,CLE,25.6847,129466,277107.9475,CE,2009
2009-03-03,CLE,25.6696,129466,276945.0361,CE,2009
2009-03-04,CLE,26.5732,129466,286693.8259,CE,2009
2009-03-05,CLE,26.6858,129466,287908.6486,CE,2009
2009-03-06,CLE,27.7928,129466,299851.8871,CE,2009
2009-03-07,CLE,28.4477,129466,306917.494,CE,2009
2009-03-08,CLE,29.0836,129466,313778.1131,CE,2009
2009-03-09,CLE,29.3482,129466,316632.8384,CE,2009
2009-03-10,CLE,29.6402,129466,319783.1778,CE,2009
2009-03-11,CLE,29.639,129466,319770.2312,CE,2009
2009-03-12,CLE,30.1886,129466,325699.774,CE,2009
2009-03-13,CLE,30.1734,129466,325535.78370000003,CE,2009
2009-03-14,CLE,30.1436,129466,325214.2765,CE,2009
2009-03-15,CLE,30.8146,129466,332453.5836,CE,2009
2009-03-16,CLE,31.9289,129466,344475.5806,CE,2009
2009-03-17,CLE,32.802,129466,353895.311,CE,2009
2009-03-18,CLE,33.8018,129466,364681.9866,CE,2009
2009-03-19,CLE,33.7996,129466,364658.2511,CE,2009
2009-03-20,CLE,33.9444,129466,366220.4742,CE,2009
2009-03-21,CLE,34.245,129466,369463.5975,CE,2009
2009-03-22,CLE,34.1716,129466,368671.6971,CE,2009
2009-03-23,CLE,34.2175,129466,369166.9046,CE,2009
2009-03-24,CLE,34.2724,129466,369759.2115,CE,2009
2009-03-25,CLE,34.5698,129466,372967.8106,CE,2009
2009-03-26,CLE,35.4672,129466,382649.7096,CE,2009
2009-03-27,CLE,36.0384,129466,388812.2912,CE,2009
2009-03-28,CLE,36.03,129466,388721.665,CE,2009
2009-03-29,CLE,36.4794,129466,393570.1667,CE,2009
2009-03-30,CLE,36.6141,129466,395023.4226,CE,2009
2009-03-31,CLE,36.5719,129466,394568.1338,CE,2009
2009-04-01,CLE,38.2061,129466,412199.2452,CE,2009
2009-04-02,CLE,39.19,129466,422814.3783,CE,2009
2009-04-03,CLE,40.3798,129466,435650.9322,CE,2009
2009-04-04,CLE,41.0873,129466,443284.0318,CE,2009
2009-04-05,CLE,40.9986,129466,442327.0623,CE,2009
2009-04-06,CLE,40.8266,129466,440471.383,CE,2009
2009-04-07,CLE,40.5714,129466,437718.0727,CE,2009
2009-04-08,CLE,40.2199,129466,433925.7978,CE,2009
2009-04-09,CLE,39.8366,129466,429790.438,CE,2009
2009-04-10,CLE,40.181,129466,433506.1122,CE,2009
2009-04-11,CLE,39.9177,129466,430665.4124,CE,2009
2009-04-12,CLE,39.6996,129466,428312.3678,CE,2009
2009-04-13,CLE,40.7577,129466,439728.0324,CE,2009
2009-04-14,CLE,41.5349,129466,448113.1136,CE,2009
2009-04-15,CLE,41.5216,129466,447969.6221,CE,2009
2009-04-16,CLE,41.3677,129466,446309.2207,CE,2009
2009-04-17,CLE,41.1211,129466,443648.6944,CE,2009
2009-04-18,CLE,41.0326,129466,442693.8826,CE,2009
2009-04-19,CLE,40.6871,129466,438966.3407,CE,2009
2009-04-20,CLE,40.2317,129466,434053.106,CE,2009
2009-04-21,CLE,40.2663,129466,434426.3997,CE,2009
2009-04-22,CLE,39.515,129466,426320.7492,CE,2009
2009-04-23,CLE,38.8821,129466,419492.4966,CE,2009
2009-04-24,CLE,38.7687,129466,418269.0429,CE,2009
2009-04-25,CLE,38.5013,129466,415384.1088,CE,2009
2009-04-26,CLE,38.2376,129466,412539.0935,CE,2009
2009-04-27,CLE,37.9406,129466,409334.81,CE,2009
2009-04-28,CLE,37.6047,129466,405710.8409,CE,2009
2009-04-29,CLE,37.5555,129466,405180.0303,CE,2009
2009-04-30,CLE,37.6258,129466,405938.4852,CE,2009
2009-05-01,CLE,38.4996,129466,415365.7678,CE,2009
2009-05-02,CLE,38.0505,129466,410520.5028,CE,2009
2009-05-03,CLE,37.6131,129466,405801.4671,CE,2009
2009-05-04,CLE,37.1232,129466,400516.0176,CE,2009
2009-05-05,CLE,37.3568,129466,403036.2891,CE,2009
2009-05-06,CLE,36.9856,129466,399031.4741,CE,2009
2009-05-07,CLE,37.4075,129466,403583.2829,CE,2009
2009-05-08,CLE,37.0114,129466,399309.826,CE,2009
2009-05-09,CLE,36.6246,129466,395136.7053,CE,2009
2009-05-10,CLE,36.1658,129466,390186.7886,CE,2009
2009-05-11,CLE,35.6489,129466,384610.0406,CE,2009
2009-05-12,CLE,38.0339,129466,410341.4081,CE,2009
2009-05-13,CLE,37.7711,129466,407506.1027,CE,2009
2009-05-14,CLE,37.9398,129466,409326.1789,CE,2009
2009-05-15,CLE,37.978,129466,409738.3123,CE,2009
2009-05-16,CLE,37.995,129466,409921.7225,CE,2009
2009-05-17,CLE,37.3888,129466,403381.5317,CE,2009
2009-05-18,CLE,36.3921,129466,392628.3016,CE,2009
2009-05-19,CLE,35.8412,129466,386684.7333,CE,2009
2009-05-20,CLE,35.3195,129466,381056.1989,CE,2009
2009-05-21,CLE,34.9648,129466,377229.3997,CE,2009
2009-05-22,CLE,34.5846,129466,373127.4853,CE,2009
2009-05-23,CLE,33.9373,129466,366143.8735,CE,2009
2009-05-24,CLE,33.1129,129466,357249.5593,CE,2009
2009-05-25,CLE,32.2017,129466,347418.7744,CE,2009
2009-05-26,CLE,31.2428,129466,337073.3621,CE,2009
2009-05-27,CLE,30.4151,129466,328143.4447,CE,2009
2009-05-28,CLE,29.3578,129466,316736.4112,CE,2009
2009-05-29,CLE,28.4334,129466,306763.2137,CE,2009
2009-05-30,CLE,27.0312,129466,291635.1116,CE,2009
2009-05-31,CLE,25.591,129466,276097.0338,CE,2009
2009-06-01,CLE,24.3187,129466,262370.4012,CE,2009
2009-06-02,CLE,22.5525,129466,243315.1638,CE,2009
2009-06-03,CLE,21.165,129466,228345.6575,CE,2009
2009-06-04,CLE,20.0011,129466,215788.5344,CE,2009
2009-06-05,CLE,18.8338,129466,203194.7292,CE,2009
2009-06-06,CLE,17.5921,129466,189798.2349,CE,2009
2009-06-07,CLE,16.7115,129466,180297.5883,CE,2009
2009-06-08,CLE,16.1369,129466,174098.3246,CE,2009
2009-06-09,CLE,15.5496,129466,167762.0428,CE,2009
2009-06-10,CLE,13.841,129466,149328.2422,CE,2009
2009-06-11,CLE,12.9462,129466,139674.3941,CE,2009
2009-06-12,CLE,12.2709,129466,132388.695,CE,2009
2009-06-13,CLE,11.5385,129466,124486.9534,CE,2009
2009-06-14,CLE,10.8357,129466,116904.5614,CE,2009
2009-06-15,CLE,10.1041,129466,109011.4509,CE,2009
2009-06-16,CLE,9.4386,129466,101831.4823,CE,2009
2009-06-17,CLE,8.837,129466,95340.92017,CE,2009
2009-06-18,CLE,8.2447,129466,88950.69418,CE,2009
2009-06-19,CLE,7.6,129466,81995.13333,CE,2009
2009-06-20,CLE,7.1485,129466,77123.97508,CE,2009
2009-06-21,CLE,6.797,129466,73331.70017,CE,2009
2009-06-22,CLE,6.5765,129466,70952.76242,CE,2009
2009-06-23,CLE,6.409,129466,69145.63283,CE,2009
2009-06-24,CLE,6.1027,129466,65841.01318,CE,2009
2009-06-25,CLE,5.6155,129466,60584.69358,CE,2009
2009-06-26,CLE,5.2276,129466,56399.70513,CE,2009
2009-06-27,CLE,4.9519,129466,53425.22378,CE,2009
2009-06-28,CLE,4.6056,129466,49689.0508,CE,2009
2009-06-29,CLE,4.2698,129466,46066.16057,CE,2009
2009-06-30,CLE,4.0023,129466,43180.14765,CE,2009
2009-07-01,CLE,3.7257,129466,40195.95635,CE,2009
2009-07-02,CLE,3.4278,129466,36981.9629,CE,2009
2009-07-03,CLE,3.05,129466,32905.94167,CE,2009
2009-07-04,CLE,2.6555,129466,28649.74692,CE,2009
2009-07-05,CLE,2.3164,129466,24991.25353,CE,2009
2009-07-06,CLE,2.0254,129466,21851.70303,CE,2009
2009-07-07,CLE,1.8527,129466,19988.47152,CE,2009
2009-07-08,CLE,1.7278,129466,18640.94623,CE,2009
2009-07-09,CLE,1.618,129466,17456.33233,CE,2009
2009-07-10,CLE,1.4783,129466,15949.13232,CE,2009
2009-07-11,CLE,1.3038,129466,14066.4809,CE,2009
2009-07-12,CLE,1.0688,129466,11531.10507,CE,2009
2009-07-13,CLE,0.9133,129466,9853.441483,CE,2009
2009-07-14,CLE,0.8229,129466,8878.13095,CE,2009
2009-07-15,CLE,0.7229,129466,7799.247617,CE,2009
2009-07-16,CLE,0.6166,129466,6652.394633,CE,2009
2009-07-17,CLE,0.5077,129466,5477.490683,CE,2009
2009-07-18,CLE,0.4014,129466,4330.6377,CE,2009
2009-07-19,CLE,0.3263,129466,3520.396317,CE,2009
2009-07-20,CLE,0.2743,129466,2959.376983,CE,2009
2009-07-21,CLE,0.2271,129466,2450.14405,CE,2009
2009-07-22,CLE,0.1808,129466,1950.621067,CE,2009
2009-07-23,CLE,0.1462,129466,1577.327433,CE,2009
2009-07-24,CLE,0.1233,129466,1330.26315,CE,2009
2009-07-25,CLE,0.102,129466,1100.461,CE,2009
2009-07-26,CLE,0.08,129466,863.1066667,CE,2009
2009-07-27,CLE,0.0583,129466,628.9889833,CE,2009
2009-07-28,CLE,0.0373,129466,402.4234833,CE,2009
2009-07-29,CLE,0.0241,129466,260.0108833,CE,2009
2009-07-30,CLE,0.0173,129466,186.6468167,CE,2009
2009-07-31,CLE,0.013,129466,140.2548333,CE,2009
2009-08-01,CLE,0.009,129466,97.0995,CE,2009
2009-08-02,CLE,0.0066,129466,71.2063,CE,2009
2009-08-03,CLE,0.0052,129466,56.10193333,CE,2009
2009-08-04,CLE,0.0043,129466,46.39198333,CE,2009
2009-08-05,CLE,0.0035,129466,37.76091667,CE,2009
2009-08-06,CLE,0.0028,129466,30.20873333,CE,2009
2009-08-07,CLE,0.0022,129466,23.73543333,CE,2009
2009-08-08,CLE,0.0016,129466,17.26213333,CE,2009
2009-08-09,CLE,0.001,129466,10.78883333,CE,2009
2009-08-10,CLE,5e-4,129466,5.394416667,CE,2009
2009-08-11,CLE,0,129466,0,CE,2009
2009-08-12,CLE,0,129466,0,CE,2009
2009-08-13,CLE,0,129466,0,CE,2009
2009-08-14,CLE,0,129466,0,CE,2009
2009-08-15,CLE,0,129466,0,CE,2009
2009-08-16,CLE,0,129466,0,CE,2009
2009-08-17,CLE,0,129466,0,CE,2009
2009-08-18,CLE,0,129466,0,CE,2009
2009-08-19,CLE,0,129466,0,CE,2009
2009-08-21,CLE,0,129466,0,CE,2009
2009-08-22,CLE,0,129466,0,CE,2009
2009-08-23,CLE,0,129466,0,CE,2009
2009-08-24,CLE,0,129466,0,CE,2009
2009-08-25,CLE,0,129466,0,CE,2009
2009-08-26,CLE,0,129466,0,CE,2009
2009-08-27,CLE,0,129466,0,CE,2009
2009-08-28,CLE,0,129466,0,CE,2009
2009-08-29,CLE,0,129466,0,CE,2009
2009-08-30,CLE,0,129466,0,CE,2009
2009-08-31,CLE,0,129466,0,CE,2009
2009-09-01,CLE,0,129466,0,CE,2009
2009-09-02,CLE,0,129466,0,CE,2009
2009-09-03,CLE,0,129466,0,CE,2009
2009-09-04,CLE,0,129466,0,CE,2009
2009-09-05,CLE,0,129466,0,CE,2009
2009-09-06,CLE,0,129466,0,CE,2009
2009-09-07,CLE,0,129466,0,CE,2009
2009-09-08,CLE,2e-4,129466,2.157766667,CE,2009
2009-09-09,CLE,1e-4,129466,1.078883333,CE,2009
2009-09-10,CLE,0,129466,0,CE,2009
2009-09-11,CLE,0,129466,0,CE,2009
2009-09-12,CLE,0,129466,0,CE,2009
2009-09-13,CLE,0,129466,0,CE,2009
2009-09-14,CLE,0,129466,0,CE,2009
2009-09-15,CLE,0,129466,0,CE,2009
2009-09-16,CLE,0,129466,0,CE,2009
2009-09-17,CLE,0,129466,0,CE,2009
2009-09-18,CLE,0,129466,0,CE,2009
2009-09-19,CLE,0,129466,0,CE,2009
2009-09-20,CLE,0,129466,0,CE,2009
2009-09-21,CLE,2e-4,129466,2.157766667,CE,2009
2009-09-22,CLE,0,129466,0,CE,2009
2009-09-23,CLE,0,129466,0,CE,2009
2009-09-24,CLE,0,129466,0,CE,2009
2009-09-25,CLE,0,129466,0,CE,2009
2009-09-26,CLE,0,129466,0,CE,2009
2009-09-27,CLE,0,129466,0,CE,2009
2009-09-28,CLE,0,129466,0,CE,2009
2009-09-29,CLE,0,129466,0,CE,2009
2009-09-30,CLE,0.0072,129466,77.6796,CE,2009
2009-10-01,CLE,0.0238,129466,256.7742333,CE,2010
2009-10-02,CLE,0.0113,129466,121.9138167,CE,2010
2009-10-03,CLE,0.0228,129466,245.9854,CE,2010
2009-10-04,CLE,0.0875,129466,944.0229167,CE,2010
2009-10-05,CLE,0.0472,129466,509.2329333,CE,2010
2009-10-06,CLE,0.0353,129466,380.8458167,CE,2010
2009-10-07,CLE,0.0126,129466,135.9393,CE,2010
2009-10-08,CLE,0.008,129466,86.31066667,CE,2010
2009-10-09,CLE,0.0068,129466,73.36406667,CE,2010
2009-10-10,CLE,0.0066,129466,71.2063,CE,2010
2009-10-11,CLE,0.006,129466,64.733,CE,2010
2009-10-12,CLE,0.0051,129466,55.02305,CE,2010
2009-10-13,CLE,0.004,129466,43.15533333,CE,2010
2009-10-14,CLE,0.2686,129466,2897.880633,CE,2010
2009-10-15,CLE,0.2496,129466,2692.8928,CE,2010
2009-10-16,CLE,0.0954,129466,1029.2547,CE,2010
2009-10-17,CLE,0.001,129466,10.78883333,CE,2010
2009-10-18,CLE,0,129466,0,CE,2010
2009-10-19,CLE,0,129466,0,CE,2010
2009-10-20,CLE,0,129466,0,CE,2010
2009-10-21,CLE,0,129466,0,CE,2010
2009-10-22,CLE,0.001,129466,10.78883333,CE,2010
2009-10-23,CLE,0.0012,129466,12.9466,CE,2010
2009-10-24,CLE,8e-4,129466,8.631066667,CE,2010
2009-10-25,CLE,0.0067,129466,72.28518333,CE,2010
2009-10-26,CLE,0.0073,129466,78.75848333,CE,2010
2009-10-27,CLE,0.3208,129466,3461.057733,CE,2010
2009-10-28,CLE,0.5112,129466,5515.2516,CE,2010
2009-10-29,CLE,0.5068,129466,5467.780733,CE,2010
2009-10-30,CLE,0.7476,129466,8065.7318,CE,2010
2009-10-31,CLE,0.1678,129466,1810.366233,CE,2010
2009-11-01,CLE,0.0543,129466,585.83365,CE,2010
2009-11-02,CLE,0.0497,129466,536.2050167,CE,2010
2009-11-03,CLE,0.0427,129466,460.6831833,CE,2010
2009-11-04,CLE,0.0311,129466,335.5327167,CE,2010
2009-11-05,CLE,0.0187,129466,201.7511833,CE,2010
2009-11-06,CLE,0.0275,129466,296.6929167,CE,2010
2009-11-07,CLE,0.2871,129466,3097.47405,CE,2010
2009-11-08,CLE,0.7675,129466,8280.429583,CE,2010
2009-11-09,CLE,0.8394,129466,9056.1467,CE,2010
2009-11-10,CLE,1.796,129466,19376.74467,CE,2010
2009-11-11,CLE,1.9287,129466,20808.42285,CE,2010
2009-11-12,CLE,2.0452,129466,22065.32193,CE,2010
2009-11-13,CLE,2.0389,129466,21997.35228,CE,2010
2009-11-14,CLE,2.6605,129466,28703.69108,CE,2010
2009-11-15,CLE,2.6876,129466,28996.06847,CE,2010
2009-11-16,CLE,3.1548,129466,34036.6114,CE,2010
2009-11-17,CLE,4.0066,129466,43226.53963,CE,2010
2009-11-18,CLE,4.3499,129466,46930.34612,CE,2010
2009-11-19,CLE,4.4002,129466,47473.02443,CE,2010
2009-11-20,CLE,5.2693,129466,56849.59948,CE,2010
2009-11-21,CLE,5.4761,129466,59080.73022,CE,2010
2009-11-22,CLE,5.5922,129466,60333.31377,CE,2010
2009-11-23,CLE,6.8062,129466,73430.95743,CE,2010
2009-11-24,CLE,7.8894,129466,85117.4217,CE,2010
2009-11-25,CLE,7.8997,129466,85228.54668,CE,2010
2009-11-26,CLE,7.6596,129466,82638.1478,CE,2010
2009-11-27,CLE,7.6265,129466,82281.03742,CE,2010
2009-11-28,CLE,7.8098,129466,84258.63057,CE,2010
2009-11-29,CLE,7.6971,129466,83042.72905,CE,2010
2009-11-30,CLE,7.4925,129466,80835.33375,CE,2010
2009-12-01,CLE,8.1128,129466,87527.64707,CE,2010
2009-12-02,CLE,8.001,129466,86321.4555,CE,2010
2009-12-03,CLE,7.9216,129466,85464.82213,CE,2010
2009-12-04,CLE,8.2124,129466,88602.21487,CE,2010
2009-12-05,CLE,8.1853,129466,88309.83748,CE,2010
2009-12-06,CLE,8.1842,129466,88297.96977,CE,2010
2009-12-07,CLE,8.2887,129466,89425.40285,CE,2010
2009-12-08,CLE,8.2683,129466,89205.31065,CE,2010
2009-12-09,CLE,8.2586,129466,89100.65897,CE,2010
2009-12-10,CLE,8.2506,129466,89014.3483,CE,2010
2009-12-11,CLE,8.2438,129466,88940.98423,CE,2010
2009-12-12,CLE,8.2334,129466,88828.78037,CE,2010
2009-12-13,CLE,8.2285,129466,88775.91508,CE,2010
2009-12-14,CLE,8.4765,129466,91451.54575,CE,2010
2009-12-15,CLE,9.2132,129466,99399.67927,CE,2010
2009-12-16,CLE,10.4994,129466,113276.2767,CE,2010
2009-12-17,CLE,10.9018,129466,117617.7032,CE,2010
2009-12-18,CLE,10.905,129466,117652.2275,CE,2010
2009-12-19,CLE,10.9065,129466,117668.4108,CE,2010
2009-12-20,CLE,11.4185,129466,123192.2934,CE,2010
2009-12-21,CLE,11.7464,129466,126729.9519,CE,2010
2009-12-22,CLE,11.9769,129466,129216.778,CE,2010
2009-12-23,CLE,12.3673,129466,133428.7385,CE,2010
2009-12-24,CLE,12.3223,129466,132943.241,CE,2010
2009-12-25,CLE,12.277,129466,132454.5068,CE,2010
2009-12-26,CLE,12.2358,129466,132010.0069,CE,2010
2009-12-27,CLE,12.171,129466,131310.8905,CE,2010
2009-12-28,CLE,12.1226,129466,130788.711,CE,2010
2009-12-29,CLE,12.1302,129466,130870.7061,CE,2010
2009-12-30,CLE,12.1599,129466,131191.1345,CE,2010
2009-12-31,CLE,12.4879,129466,134729.8718,CE,2010
2010-01-01,CLE,13.2362,129466,142803.1558,CE,2010
2010-01-02,CLE,13.9048,129466,150016.5697,CE,2010
2010-01-03,CLE,14.3592,129466,154919.0156,CE,2010
2010-01-04,CLE,14.4123,129466,155491.9027,CE,2010
2010-01-05,CLE,15.7835,129466,170285.5509,CE,2010
2010-01-06,CLE,15.9571,129466,172158.4924,CE,2010
2010-01-07,CLE,16.3529,129466,176428.7126,CE,2010
2010-01-08,CLE,16.3111,129466,175977.7394,CE,2010
2010-01-09,CLE,16.9908,129466,183310.9094,CE,2010
2010-01-10,CLE,17.331,129466,186981.2705,CE,2010
2010-01-11,CLE,17.313,129466,186787.0715,CE,2010
2010-01-12,CLE,17.8372,129466,192442.5779,CE,2010
2010-01-13,CLE,18.5164,129466,199770.3535,CE,2010
2010-01-14,CLE,19.0869,129466,205925.383,CE,2010
2010-01-15,CLE,19.3411,129466,208667.9044,CE,2010
2010-01-16,CLE,19.8589,129466,214254.3623,CE,2010
2010-01-17,CLE,19.7896,129466,213506.6961,CE,2010
2010-01-18,CLE,20.499,129466,221160.2945,CE,2010
2010-01-19,CLE,20.3729,129466,219799.8226,CE,2010
2010-01-20,CLE,20.5459,129466,221666.2908,CE,2010
2010-01-21,CLE,20.4965,129466,221133.3224,CE,2010
2010-01-22,CLE,20.4417,129466,220542.0944,CE,2010
2010-01-23,CLE,20.7139,129466,223478.8148,CE,2010
2010-01-24,CLE,20.6782,129466,223093.6534,CE,2010
2010-01-25,CLE,21.3392,129466,230225.0723,CE,2010
2010-01-26,CLE,21.7575,129466,234738.0413,CE,2010
2010-01-27,CLE,21.7833,129466,235016.3932,CE,2010
2010-01-28,CLE,21.1476,129466,228157.9318,CE,2010
2010-01-29,CLE,21.1217,129466,227878.501,CE,2010
2010-01-30,CLE,21.0933,129466,227572.0982,CE,2010
2010-01-31,CLE,21.3296,129466,230121.4995,CE,2010
2010-02-01,CLE,21.2908,129466,229702.8927,CE,2010
2010-02-02,CLE,21.2634,129466,229407.2787,CE,2010
2010-02-03,CLE,21.2809,129466,229596.0833,CE,2010
2010-02-04,CLE,21.3176,129466,229992.0335,CE,2010
2010-02-05,CLE,22.0955,129466,238384.6669,CE,2010
2010-02-06,CLE,22.5246,129466,243014.1553,CE,2010
2010-02-07,CLE,22.4532,129466,242243.8326,CE,2010
2010-02-08,CLE,22.5328,129466,243102.6237,CE,2010
2010-02-09,CLE,22.48,129466,242532.9733,CE,2010
2010-02-10,CLE,22.451,129466,242220.0972,CE,2010
2010-02-11,CLE,22.6516,129466,244384.3371,CE,2010
2010-02-12,CLE,23.235,129466,250678.5425,CE,2010
2010-02-13,CLE,23.9844,129466,258763.6942,CE,2010
2010-02-14,CLE,24.176,129466,260830.8347,CE,2010
2010-02-15,CLE,24.37,129466,262923.8683,CE,2010
2010-02-16,CLE,24.2861,129466,262018.6852,CE,2010
2010-02-17,CLE,24.5392,129466,264749.3389,CE,2010
2010-02-18,CLE,25.0292,129466,270035.8673,CE,2010
2010-02-19,CLE,24.9198,129466,268855.5689,CE,2010
2010-02-20,CLE,24.835,129466,267940.6758,CE,2010
2010-02-21,CLE,24.7551,129466,267078.6481,CE,2010
2010-02-22,CLE,24.6822,129466,266292.1421,CE,2010
2010-02-23,CLE,25.0356,129466,270104.9158,CE,2010
2010-02-24,CLE,25.2098,129466,271984.3306,CE,2010
2010-02-25,CLE,25.4598,129466,274681.5389,CE,2010
2010-02-26,CLE,25.4572,129466,274653.4879,CE,2010
2010-02-27,CLE,26.4168,129466,285006.4524,CE,2010
2010-02-28,CLE,26.1623,129466,282260.6943,CE,2010
2010-03-01,CLE,25.9572,129466,280047.9046,CE,2010
2010-03-02,CLE,25.821,129466,278578.4655,CE,2010
2010-03-03,CLE,25.8135,129466,278497.5493,CE,2010
2010-03-04,CLE,25.9173,129466,279617.4302,CE,2010
2010-03-05,CLE,25.7391,129466,277694.8601,CE,2010
2010-03-06,CLE,25.9413,129466,279876.3622,CE,2010
2010-03-07,CLE,25.7254,129466,277547.053,CE,2010
2010-03-08,CLE,25.5134,129466,275259.8204,CE,2010
2010-03-09,CLE,25.5754,129466,275928.728,CE,2010
2010-03-10,CLE,25.4886,129466,274992.2573,CE,2010
2010-03-11,CLE,26.0583,129466,281138.6557,CE,2010
2010-03-12,CLE,26.7753,129466,288874.2492,CE,2010
2010-03-13,CLE,27.0487,129466,291823.9162,CE,2010
2010-03-14,CLE,27.0429,129466,291761.341,CE,2010
2010-03-15,CLE,26.9689,129466,290962.9673,CE,2010
2010-03-16,CLE,27.1856,129466,293300.9075,CE,2010
2010-03-17,CLE,26.9185,129466,290419.2101,CE,2010
2010-03-18,CLE,27.0021,129466,291321.1566,CE,2010
2010-03-19,CLE,26.8704,129466,289900.2672,CE,2010
2010-03-20,CLE,26.8224,129466,289382.4032,CE,2010
2010-03-21,CLE,26.5726,129466,286687.3526,CE,2010
2010-03-22,CLE,26.4574,129466,285444.479,CE,2010
2010-03-23,CLE,26.3356,129466,284130.3991,CE,2010
2010-03-24,CLE,26.4674,129466,285552.3674,CE,2010
2010-03-25,CLE,26.1613,129466,282249.9055,CE,2010
2010-03-26,CLE,26.2052,129466,282723.5353,CE,2010
2010-03-27,CLE,26.6165,129466,287160.9824,CE,2010
2010-03-28,CLE,26.4261,129466,285106.7886,CE,2010
2010-03-29,CLE,26.4524,129466,285390.5349,CE,2010
2010-03-30,CLE,27.5046,129466,296742.5453,CE,2010
2010-03-31,CLE,27.5969,129466,297738.3546,CE,2010
2010-04-01,CLE,27.4876,129466,296559.1351,CE,2010
2010-04-02,CLE,27.3944,129466,295553.6159,CE,2010
2010-04-03,CLE,28.2802,129466,305110.3644,CE,2010
2010-04-04,CLE,29.0261,129466,313157.7552,CE,2010
2010-04-05,CLE,29.0468,129466,313381.0841,CE,2010
2010-04-06,CLE,29.5481,129466,318789.5262,CE,2010
2010-04-07,CLE,29.7264,129466,320713.1752,CE,2010
2010-04-08,CLE,29.7954,129466,321457.6047,CE,2010
2010-04-09,CLE,30.5429,129466,329522.2576,CE,2010
2010-04-10,CLE,31.0197,129466,334666.3734,CE,2010
2010-04-11,CLE,30.9286,129466,333683.5106,CE,2010
2010-04-12,CLE,30.7786,129466,332065.1856,CE,2010
2010-04-13,CLE,32.3285,129466,348786.7984,CE,2010
2010-04-14,CLE,32.305,129466,348533.2608,CE,2010
2010-04-15,CLE,32.043,129466,345706.5865,CE,2010
2010-04-16,CLE,31.8969,129466,344130.338,CE,2010
2010-04-17,CLE,31.4152,129466,338933.3569,CE,2010
2010-04-18,CLE,30.885,129466,333213.1175,CE,2010
2010-04-19,CLE,30.3676,129466,327630.9751,CE,2010
2010-04-20,CLE,30.1892,129466,325706.2473,CE,2010
2010-04-21,CLE,29.5545,129466,318858.5748,CE,2010
2010-04-22,CLE,29.6137,129466,319497.2737,CE,2010
2010-04-23,CLE,29.2606,129466,315687.7366,CE,2010
2010-04-24,CLE,28.9148,129466,311956.9581,CE,2010
2010-04-25,CLE,28.812,129466,310847.866,CE,2010
2010-04-26,CLE,28.5432,129466,307947.8276,CE,2010
2010-04-27,CLE,28.2179,129466,304438.2201,CE,2010
2010-04-28,CLE,27.8173,129466,300116.2135,CE,2010
2010-04-29,CLE,27.7975,129466,299902.5946,CE,2010
2010-04-30,CLE,27.924,129466,301267.382,CE,2010
2010-05-01,CLE,28.0575,129466,302707.6913,CE,2010
2010-05-02,CLE,28.0861,129466,303016.2519,CE,2010
2010-05-03,CLE,28.0458,129466,302581.4619,CE,2010
2010-05-04,CLE,28.9996,129466,312871.8511,CE,2010
2010-05-05,CLE,29.2296,129466,315353.2828,CE,2010
2010-05-06,CLE,29.1229,129466,314202.1143,CE,2010
2010-05-07,CLE,29.8336,129466,321869.7381,CE,2010
2010-05-08,CLE,29.6391,129466,319771.3101,CE,2010
2010-05-09,CLE,29.3458,129466,316606.9452,CE,2010
2010-05-10,CLE,29.0217,129466,313110.2844,CE,2010
2010-05-11,CLE,28.665,129466,309261.9075,CE,2010
2010-05-12,CLE,28.3191,129466,305530.0501,CE,2010
2010-05-13,CLE,28.2296,129466,304564.4495,CE,2010
2010-05-14,CLE,27.7425,129466,299309.2088,CE,2010
2010-05-15,CLE,27.0983,129466,292359.0423,CE,2010
2010-05-16,CLE,26.3326,129466,284098.0326,CE,2010
2010-05-17,CLE,25.5905,129466,276091.6394,CE,2010
2010-05-18,CLE,24.8791,129466,268416.4634,CE,2010
2010-05-19,CLE,23.1316,129466,249562.9771,CE,2010
2010-05-20,CLE,22.7025,129466,244933.4888,CE,2010
2010-05-21,CLE,22.3897,129466,241558.7417,CE,2010
2010-05-22,CLE,22.2776,129466,240349.3135,CE,2010
2010-05-23,CLE,22.0463,129466,237853.8563,CE,2010
2010-05-24,CLE,21.8865,129466,236129.8008,CE,2010
2010-05-25,CLE,21.4208,129466,231105.4411,CE,2010
2010-05-26,CLE,21.0179,129466,226758.6201,CE,2010
2010-05-27,CLE,20.7605,129466,223981.5744,CE,2010
2010-05-28,CLE,20.2449,129466,218418.852,CE,2010
2010-05-29,CLE,19.9719,129466,215473.5005,CE,2010
2010-05-30,CLE,19.5706,129466,211143.9416,CE,2010
2010-05-31,CLE,19.1882,129466,207018.2918,CE,2010
2010-06-01,CLE,18.7462,129466,202249.6274,CE,2010
2010-06-02,CLE,18.1033,129466,195313.4865,CE,2010
2010-06-03,CLE,17.6928,129466,190884.6704,CE,2010
2010-06-04,CLE,17.1335,129466,184850.4759,CE,2010
2010-06-05,CLE,16.8747,129466,182058.3259,CE,2010
2010-06-06,CLE,16.4604,129466,177588.5122,CE,2010
2010-06-07,CLE,16.0014,129466,172636.4377,CE,2010
2010-06-08,CLE,14.9951,129466,161779.6347,CE,2010
2010-06-09,CLE,14.5894,129466,157402.605,CE,2010
2010-06-10,CLE,13.9739,129466,150762.0781,CE,2010
2010-06-11,CLE,13.6122,129466,146859.7571,CE,2010
2010-06-12,CLE,12.5959,129466,135895.0658,CE,2010
2010-06-13,CLE,11.9877,129466,129333.2974,CE,2010
2010-06-14,CLE,11.2392,129466,121257.8556,CE,2010
2010-06-15,CLE,10.4286,129466,112512.4273,CE,2010
2010-06-16,CLE,10.1622,129466,109638.2821,CE,2010
2010-06-17,CLE,9.9248,129466,107077.0131,CE,2010
2010-06-18,CLE,9.6475,129466,104085.2696,CE,2010
2010-06-19,CLE,9.2382,129466,99669.4001,CE,2010
2010-06-20,CLE,8.7489,129466,94390.42395,CE,2010
2010-06-21,CLE,8.3713,129466,90316.56048,CE,2010
2010-06-22,CLE,7.871,129466,84918.90717,CE,2010
2010-06-23,CLE,7.34,129466,79190.03667,CE,2010
2010-06-24,CLE,6.6847,129466,72120.11418,CE,2010
2010-06-25,CLE,6.0274,129466,65028.61403,CE,2010
2010-06-26,CLE,5.497,129466,59306.21683,CE,2010
2010-06-27,CLE,5.0717,129466,54717.72602,CE,2010
2010-06-28,CLE,4.6281,129466,49931.79955,CE,2010
2010-06-29,CLE,4.1644,129466,44929.01753,CE,2010
2010-06-30,CLE,3.8759,129466,41816.43912,CE,2010
2010-07-01,CLE,3.6731,129466,39628.46372,CE,2010
2010-07-02,CLE,3.4747,129466,37487.95918,CE,2010
2010-07-03,CLE,3.2877,129466,35470.44735,CE,2010
2010-07-04,CLE,3.1004,129466,33449.69887,CE,2010
2010-07-05,CLE,2.9347,129466,31661.98918,CE,2010
2010-07-06,CLE,2.7022,129466,29153.58543,CE,2010
2010-07-07,CLE,2.4066,129466,25964.4063,CE,2010
2010-07-08,CLE,2.0084,129466,21668.29287,CE,2010
2010-07-09,CLE,1.647,129466,17769.2085,CE,2010
2010-07-10,CLE,1.3308,129466,14357.7794,CE,2010
2010-07-11,CLE,1.0608,129466,11444.7944,CE,2010
2010-07-12,CLE,0.8551,129466,9225.531383,CE,2010
2010-07-13,CLE,0.765,129466,8253.4575,CE,2010
2010-07-14,CLE,0.7045,129466,7600.733083,CE,2010
2010-07-15,CLE,0.6055,129466,6532.638583,CE,2010
2010-07-16,CLE,0.4876,129466,5260.635133,CE,2010
2010-07-17,CLE,0.3937,129466,4247.563683,CE,2010
2010-07-18,CLE,0.3188,129466,3439.480067,CE,2010
2010-07-19,CLE,0.2596,129466,2800.781133,CE,2010
2010-07-20,CLE,0.2069,129466,2232.209617,CE,2010
2010-07-21,CLE,0.1528,129466,1648.533733,CE,2010
2010-07-22,CLE,0.1097,129466,1183.535017,CE,2010
2010-07-23,CLE,0.0895,129466,965.6005833,CE,2010
2010-07-24,CLE,0.0724,129466,781.1115333,CE,2010
2010-07-25,CLE,0.0546,129466,589.0703,CE,2010
2010-07-26,CLE,0.0396,129466,427.2378,CE,2010
2010-07-27,CLE,0.0294,129466,317.1917,CE,2010
2010-07-28,CLE,0.0215,129466,231.9599167,CE,2010
2010-07-29,CLE,0.0143,129466,154.2803167,CE,2010
2010-07-30,CLE,0.0097,129466,104.6516833,CE,2010
2010-07-31,CLE,0.0081,129466,87.38955,CE,2010
2010-08-01,CLE,0.0075,129466,80.91625,CE,2010
2010-08-02,CLE,0.0068,129466,73.36406667,CE,2010
2010-08-03,CLE,0.006,129466,64.733,CE,2010
2010-08-04,CLE,0.0051,129466,55.02305,CE,2010
2010-08-05,CLE,0.0043,129466,46.39198333,CE,2010
2010-08-06,CLE,0.0035,129466,37.76091667,CE,2010
2010-08-07,CLE,0.0028,129466,30.20873333,CE,2010
2010-08-08,CLE,0.0023,129466,24.81431667,CE,2010
2010-08-09,CLE,0.0017,129466,18.34101667,CE,2010
2010-08-10,CLE,0.0013,129466,14.02548333,CE,2010
2010-08-11,CLE,0.001,129466,10.78883333,CE,2010
2010-08-12,CLE,5e-4,129466,5.394416667,CE,2010
2010-08-13,CLE,0,129466,0,CE,2010
2010-08-14,CLE,0,129466,0,CE,2010
2010-08-15,CLE,0,129466,0,CE,2010
2010-08-16,CLE,0,129466,0,CE,2010
2010-08-17,CLE,0,129466,0,CE,2010
2010-08-18,CLE,0,129466,0,CE,2010
2010-08-19,CLE,0,129466,0,CE,2010
2010-08-20,CLE,0,129466,0,CE,2010
2010-08-21,CLE,0,129466,0,CE,2010
2010-08-22,CLE,0,129466,0,CE,2010
2010-08-23,CLE,0,129466,0,CE,2010
2010-08-24,CLE,0,129466,0,CE,2010
2010-08-25,CLE,0,129466,0,CE,2010
2010-08-26,CLE,0,129466,0,CE,2010
2010-08-27,CLE,0,129466,0,CE,2010
2010-08-28,CLE,0.0019,129466,20.49878333,CE,2010
2010-08-29,CLE,6e-4,129466,6.4733,CE,2010
2010-08-30,CLE,5e-4,129466,5.394416667,CE,2010
2010-08-31,CLE,3e-4,129466,3.23665,CE,2010
2010-09-01,CLE,0,129466,0,CE,2010
2010-09-02,CLE,0,129466,0,CE,2010
2010-09-03,CLE,0,129466,0,CE,2010
2010-09-04,CLE,0,129466,0,CE,2010
2010-09-05,CLE,0,129466,0,CE,2010
2010-09-06,CLE,0.0012,129466,12.9466,CE,2010
2010-09-07,CLE,0,129466,0,CE,2010
2010-09-08,CLE,0,129466,0,CE,2010
2010-09-09,CLE,0,129466,0,CE,2010
2010-09-10,CLE,0,129466,0,CE,2010
2010-09-11,CLE,0,129466,0,CE,2010
2010-09-12,CLE,0,129466,0,CE,2010
2010-09-13,CLE,0,129466,0,CE,2010
2010-09-14,CLE,0,129466,0,CE,2010
2010-09-15,CLE,0,129466,0,CE,2010
2010-09-16,CLE,0,129466,0,CE,2010
2010-09-17,CLE,0,129466,0,CE,2010
2010-09-18,CLE,0,129466,0,CE,2010
2010-09-19,CLE,0,129466,0,CE,2010
2010-09-20,CLE,0,129466,0,CE,2010
2010-09-21,CLE,0,129466,0,CE,2010
2010-09-22,CLE,0,129466,0,CE,2010
2010-09-23,CLE,0,129466,0,CE,2010
2010-09-24,CLE,0,129466,0,CE,2010
2010-09-25,CLE,0,129466,0,CE,2010
2010-09-26,CLE,0,129466,0,CE,2010
2010-09-27,CLE,0,129466,0,CE,2010
2010-09-28,CLE,0,129466,0,CE,2010
2010-09-29,CLE,0,129466,0,CE,2010
2010-09-30,CLE,0,129466,0,CE,2010
2010-10-01,CLE,0,129466,0,CE,2011
2010-10-02,CLE,0,129466,0,CE,2011
2010-10-03,CLE,0,129466,0,CE,2011
2010-10-04,CLE,0,129466,0,CE,2011
2010-10-05,CLE,0,129466,0,CE,2011
2010-10-06,CLE,0,129466,0,CE,2011
2010-10-07,CLE,0,129466,0,CE,2011
2010-10-08,CLE,0,129466,0,CE,2011
2010-10-09,CLE,0,129466,0,CE,2011
2010-10-10,CLE,0,129466,0,CE,2011
2010-10-11,CLE,0,129466,0,CE,2011
2010-10-12,CLE,0,129466,0,CE,2011
2010-10-13,CLE,0,129466,0,CE,2011
2010-10-14,CLE,0,129466,0,CE,2011
2010-10-15,CLE,0,129466,0,CE,2011
2010-10-16,CLE,0.0055,129466,59.33858333,CE,2011
2010-10-17,CLE,0.0029,129466,31.28761667,CE,2011
2010-10-18,CLE,0.0015,129466,16.18325,CE,2011
2010-10-19,CLE,1e-4,129466,1.078883333,CE,2011
2010-10-20,CLE,0,129466,0,CE,2011
2010-10-21,CLE,0,129466,0,CE,2011
2010-10-22,CLE,0,129466,0,CE,2011
2010-10-23,CLE,0,129466,0,CE,2011
2010-10-24,CLE,3e-4,129466,3.23665,CE,2011
2010-10-25,CLE,0.6544,129466,7060.212533,CE,2011
2010-10-26,CLE,1.5176,129466,16373.13347,CE,2011
2010-10-27,CLE,1.6629,129466,17940.75095,CE,2011
2010-10-28,CLE,1.6318,129466,17605.21823,CE,2011
2010-10-29,CLE,1.6285,129466,17569.61508,CE,2011
2010-10-30,CLE,1.4924,129466,16101.25487,CE,2011
2010-10-31,CLE,1.4909,129466,16085.07162,CE,2011
2010-11-01,CLE,1.3816,129466,14905.85213,CE,2011
2010-11-02,CLE,0.9984,129466,10771.5712,CE,2011
2010-11-03,CLE,0.7514,129466,8106.729367,CE,2011
2010-11-04,CLE,0.4271,129466,4607.910717,CE,2011
2010-11-05,CLE,0.2277,129466,2456.61735,CE,2011
2010-11-06,CLE,0.1082,129466,1167.351767,CE,2011
2010-11-07,CLE,0.0548,129466,591.2280667,CE,2011
2010-11-08,CLE,0.1247,129466,1345.367517,CE,2011
2010-11-09,CLE,0.14,129466,1510.436667,CE,2011
2010-11-10,CLE,0.6158,129466,6643.763567,CE,2011
2010-11-11,CLE,0.6172,129466,6658.867933,CE,2011
2010-11-12,CLE,0.733,129466,7908.214833,CE,2011
2010-11-13,CLE,0.8604,129466,9282.7122,CE,2011
2010-11-14,CLE,0.9513,129466,10263.41715,CE,2011
2010-11-15,CLE,0.3407,129466,3675.755517,CE,2011
2010-11-16,CLE,0.1467,129466,1582.72185,CE,2011
2010-11-17,CLE,0.6451,129466,6959.876383,CE,2011
2010-11-18,CLE,1.519,129466,16388.23783,CE,2011
2010-11-19,CLE,1.7593,129466,18980.79448,CE,2011
2010-11-20,CLE,2.07,129466,22332.885,CE,2011
2010-11-21,CLE,2.2348,129466,24110.88473,CE,2011
2010-11-22,CLE,2.6241,129466,28310.97755,CE,2011
2010-11-23,CLE,3.2744,129466,35326.95587,CE,2011
2010-11-24,CLE,3.3258,129466,35881.5019,CE,2011
2010-11-25,CLE,3.3233,129466,35854.52982,CE,2011
2010-11-26,CLE,3.5067,129466,37833.20185,CE,2011
2010-11-27,CLE,4.0394,129466,43580.41337,CE,2011
2010-11-28,CLE,4.1348,129466,44609.66807,CE,2011
2010-11-29,CLE,4.2016,129466,45330.36213,CE,2011
2010-11-30,CLE,4.2854,129466,46234.46637,CE,2011
2010-12-01,CLE,5.9447,129466,64136.37752,CE,2011
2010-12-02,CLE,6.0676,129466,65462.32513,CE,2011
2010-12-03,CLE,6.308,129466,68055.96067,CE,2011
2010-12-04,CLE,6.4555,129466,69647.31358,CE,2011
2010-12-05,CLE,6.4435,129466,69517.84758,CE,2011
2010-12-06,CLE,6.4351,129466,69427.22138,CE,2011
2010-12-07,CLE,6.3214,129466,68200.53103,CE,2011
2010-12-08,CLE,6.6597,129466,71850.39335,CE,2011
2010-12-09,CLE,6.9655,129466,75149.61858,CE,2011
2010-12-10,CLE,8.3008,129466,89555.94773,CE,2011
2010-12-11,CLE,9.4189,129466,101618.9423,CE,2011
2010-12-12,CLE,10.4568,129466,112816.6724,CE,2011
2010-12-13,CLE,11.3004,129466,121918.1322,CE,2011
2010-12-14,CLE,11.1803,129466,120622.3933,CE,2011
2010-12-15,CLE,11.9263,129466,128670.863,CE,2011
2010-12-16,CLE,12.0796,129466,130324.7911,CE,2011
2010-12-17,CLE,13.3681,129466,144226.2029,CE,2011
2010-12-18,CLE,13.2878,129466,143359.8596,CE,2011
2010-12-19,CLE,13.4219,129466,144806.6421,CE,2011
2010-12-20,CLE,13.5711,129466,146416.3361,CE,2011
2010-12-21,CLE,13.8754,129466,149699.378,CE,2011
2010-12-22,CLE,13.4644,129466,145265.1675,CE,2011
2010-12-23,CLE,13.7706,129466,148568.7083,CE,2011
2010-12-24,CLE,13.9676,129466,150694.1085,CE,2011
2010-12-25,CLE,14.6018,129466,157536.3866,CE,2011
2010-12-26,CLE,15.1124,129466,163045.1649,CE,2011
2010-12-27,CLE,15.5048,129466,167278.7031,CE,2011
2010-12-28,CLE,16.0811,129466,173496.3077,CE,2011
2010-12-29,CLE,16.5056,129466,178076.1675,CE,2011
2010-12-30,CLE,16.8812,129466,182128.4533,CE,2011
2010-12-31,CLE,16.8884,129466,182206.1329,CE,2011
2011-01-01,CLE,16.876,129466,182072.3513,CE,2011
2011-01-02,CLE,16.8644,129466,181947.2009,CE,2011
2011-01-03,CLE,16.8568,129466,181865.2057,CE,2011
2011-01-04,CLE,16.8475,129466,181764.8696,CE,2011
2011-01-05,CLE,17.1702,129466,185246.4261,CE,2011
2011-01-06,CLE,17.5008,129466,188813.2144,CE,2011
2011-01-07,CLE,17.6375,129466,190288.0479,CE,2011
2011-01-08,CLE,18.2966,129466,197398.968,CE,2011
2011-01-09,CLE,18.5593,129466,200233.1945,CE,2011
2011-01-10,CLE,18.7527,129466,202319.7549,CE,2011
2011-01-11,CLE,19.0999,129466,206065.6378,CE,2011
2011-01-12,CLE,19.2522,129466,207708.7771,CE,2011
2011-01-13,CLE,20.6204,129466,222470.0589,CE,2011
2011-01-14,CLE,21.8662,129466,235910.7874,CE,2011
2011-01-15,CLE,21.9225,129466,236518.1988,CE,2011
2011-01-16,CLE,22.2617,129466,240177.771,CE,2011
2011-01-17,CLE,21.9248,129466,236543.0131,CE,2011
2011-01-18,CLE,21.7039,129466,234159.7598,CE,2011
2011-01-19,CLE,22.3997,129466,241666.63,CE,2011
2011-01-20,CLE,22.1914,129466,239419.316,CE,2011
2011-01-21,CLE,22.1469,129466,238939.213,CE,2011
2011-01-22,CLE,23.1624,129466,249895.2732,CE,2011
2011-01-23,CLE,22.7136,129466,245053.2448,CE,2011
2011-01-24,CLE,22.3921,129466,241584.6349,CE,2011
2011-01-25,CLE,22.2647,129466,240210.1375,CE,2011
2011-01-26,CLE,22.6311,129466,244163.1661,CE,2011
2011-01-27,CLE,22.1659,129466,239144.2008,CE,2011
2011-01-28,CLE,21.6183,129466,233236.2357,CE,2011
2011-01-29,CLE,21.1995,129466,228717.8723,CE,2011
2011-01-30,CLE,21.1804,129466,228511.8055,CE,2011
2011-01-31,CLE,20.9717,129466,226260.176,CE,2011
2011-02-01,CLE,22.5548,129466,243339.9781,CE,2011
2011-02-02,CLE,22.3648,129466,241290.0997,CE,2011
2011-02-03,CLE,22.1773,129466,239267.1935,CE,2011
2011-02-04,CLE,22.0516,129466,237911.0371,CE,2011
2011-02-05,CLE,21.9477,129466,236790.0774,CE,2011
2011-02-06,CLE,21.6086,129466,233131.584,CE,2011
2011-02-07,CLE,21.8614,129466,235859.001,CE,2011
2011-02-08,CLE,23.7554,129466,256293.0514,CE,2011
2011-02-09,CLE,23.5933,129466,254544.1815,CE,2011
2011-02-10,CLE,23.4458,129466,252952.8286,CE,2011
2011-02-11,CLE,23.2702,129466,251058.3094,CE,2011
2011-02-12,CLE,23.0284,129466,248449.5695,CE,2011
2011-02-13,CLE,23.1003,129466,249225.2867,CE,2011
2011-02-14,CLE,23.0276,129466,248440.9385,CE,2011
2011-02-15,CLE,24.597,129466,265372.9335,CE,2011
2011-02-16,CLE,24.943,129466,269105.8698,CE,2011
2011-02-17,CLE,24.9208,129466,268866.3577,CE,2011
2011-02-18,CLE,24.9865,129466,269575.1841,CE,2011
2011-02-19,CLE,25.1794,129466,271656.35,CE,2011
2011-02-20,CLE,25.0429,129466,270183.6743,CE,2011
2011-02-21,CLE,24.9039,129466,268684.0265,CE,2011
2011-02-22,CLE,25.1337,129466,271163.3004,CE,2011
2011-02-23,CLE,26.1215,129466,281820.5099,CE,2011
2011-02-24,CLE,26.9668,129466,290940.3107,CE,2011
2011-02-25,CLE,28.1483,129466,303687.3173,CE,2011
2011-02-26,CLE,28.1416,129466,303615.0321,CE,2011
2011-02-27,CLE,28.2253,129466,304518.0575,CE,2011
2011-02-28,CLE,29.3187,129466,316314.5679,CE,2011
2011-03-01,CLE,31.202,129466,336633.1777,CE,2011
2011-03-02,CLE,31.8779,129466,343925.3501,CE,2011
2011-03-03,CLE,32.2638,129466,348088.7609,CE,2011
2011-03-04,CLE,32.3187,129466,348681.0679,CE,2011
2011-03-05,CLE,32.64,129466,352147.52,CE,2011
2011-03-06,CLE,32.7371,129466,353195.1157,CE,2011
2011-03-07,CLE,32.7315,129466,353134.6983,CE,2011
2011-03-08,CLE,32.7243,129466,353057.0187,CE,2011
2011-03-09,CLE,33.2708,129466,358953.1161,CE,2011
2011-03-10,CLE,35.0099,129466,377715.9761,CE,2011
2011-03-11,CLE,36.195,129466,390501.8225,CE,2011
2011-03-12,CLE,36.2855,129466,391478.2119,CE,2011
2011-03-13,CLE,36.3778,129466,392474.0212,CE,2011
2011-03-14,CLE,36.7732,129466,396739.9259,CE,2011
2011-03-15,CLE,37.2678,129466,402076.0829,CE,2011
2011-03-16,CLE,38.6698,129466,417202.0272,CE,2011
2011-03-17,CLE,38.9298,129466,420007.1239,CE,2011
2011-03-18,CLE,38.9071,129466,419762.2174,CE,2011
2011-03-19,CLE,39.7466,129466,428819.443,CE,2011
2011-03-20,CLE,39.8896,129466,430362.2461,CE,2011
2011-03-21,CLE,39.8738,129466,430191.7826,CE,2011
2011-03-22,CLE,39.965,129466,431175.7242,CE,2011
2011-03-23,CLE,40.0443,129466,432031.2787,CE,2011
2011-03-24,CLE,39.9407,129466,430913.5555,CE,2011
2011-03-25,CLE,39.8336,129466,429758.0715,CE,2011
2011-03-26,CLE,39.9088,129466,430569.3917,CE,2011
2011-03-27,CLE,39.8932,129466,430401.0859,CE,2011
2011-03-28,CLE,40.256,129466,434315.2747,CE,2011
2011-03-29,CLE,40.1342,129466,433001.1948,CE,2011
2011-03-30,CLE,40.5217,129466,437181.8677,CE,2011
2011-03-31,CLE,44.2007,129466,476873.9855,CE,2011
2011-04-01,CLE,44.3398,129466,478374.7122,CE,2011
2011-04-02,CLE,44.0127,129466,474845.6849,CE,2011
2011-04-03,CLE,44.6609,129466,481839.0066,CE,2011
2011-04-04,CLE,44.4741,129466,479823.6526,CE,2011
2011-04-05,CLE,45.452,129466,490374.0527,CE,2011
2011-04-06,CLE,46.0418,129466,496737.3066,CE,2011
2011-04-07,CLE,46.4496,129466,501136.9928,CE,2011
2011-04-08,CLE,47.2142,129466,509386.1348,CE,2011
2011-04-09,CLE,47.072,129466,507851.9627,CE,2011
2011-04-10,CLE,46.9335,129466,506357.7093,CE,2011
2011-04-11,CLE,46.9009,129466,506005.9933,CE,2011
2011-04-12,CLE,46.9969,129466,507041.7213,CE,2011
2011-04-13,CLE,47.6641,129466,514240.0309,CE,2011
2011-04-14,CLE,47.6427,129466,514009.1499,CE,2011
2011-04-15,CLE,48.3297,129466,521421.0784,CE,2011
2011-04-16,CLE,48.6477,129466,524851.9274,CE,2011
2011-04-17,CLE,48.4736,129466,522973.5915,CE,2011
2011-04-18,CLE,48.3855,129466,522023.0953,CE,2011
2011-04-19,CLE,48.2636,129466,520707.9365,CE,2011
2011-04-20,CLE,48.1826,129466,519834.041,CE,2011
2011-04-21,CLE,49.3324,129466,532239.0415,CE,2011
2011-04-22,CLE,49.5001,129466,534048.3289,CE,2011
2011-04-23,CLE,49.3409,129466,532330.7466,CE,2011
2011-04-24,CLE,49.0879,129466,529601.1718,CE,2011
2011-04-25,CLE,48.8202,129466,526713.0011,CE,2011
2011-04-26,CLE,49.0575,129466,529273.1913,CE,2011
2011-04-27,CLE,49.3219,129466,532125.7588,CE,2011
2011-04-28,CLE,49.4296,129466,533287.7161,CE,2011
2011-04-29,CLE,49.5413,129466,534492.8288,CE,2011
2011-04-30,CLE,49.4003,129466,532971.6033,CE,2011
2011-05-01,CLE,49.1913,129466,530716.7372,CE,2011
2011-05-02,CLE,48.8939,129466,527508.1381,CE,2011
2011-05-03,CLE,48.7139,129466,525566.1481,CE,2011
2011-05-04,CLE,48.5491,129466,523788.1484,CE,2011
2011-05-05,CLE,49.5666,129466,534765.7863,CE,2011
2011-05-06,CLE,49.1721,129466,530509.5916,CE,2011
2011-05-07,CLE,49.013,129466,528793.0882,CE,2011
2011-05-08,CLE,48.7811,129466,526291.1577,CE,2011
2011-05-09,CLE,48.5177,129466,523449.379,CE,2011
2011-05-10,CLE,49.0122,129466,528784.4571,CE,2011
2011-05-11,CLE,48.5179,129466,523451.5368,CE,2011
2011-05-12,CLE,48.1273,129466,519237.4185,CE,2011
2011-05-13,CLE,47.683,129466,514443.9398,CE,2011
2011-05-14,CLE,47.1989,129466,509221.0656,CE,2011
2011-05-15,CLE,46.5037,129466,501720.6687,CE,2011
2011-05-16,CLE,46.0352,129466,496666.1003,CE,2011
2011-05-17,CLE,45.6981,129466,493029.1846,CE,2011
2011-05-18,CLE,45.2954,129466,488684.5214,CE,2011
2011-05-19,CLE,44.774,129466,483059.2237,CE,2011
2011-05-20,CLE,44.4317,129466,479366.206,CE,2011
2011-05-21,CLE,43.6872,129466,471333.9196,CE,2011
2011-05-22,CLE,43.0276,129466,464217.6051,CE,2011
2011-05-23,CLE,42.4953,129466,458474.7092,CE,2011
2011-05-24,CLE,42.0677,129466,453861.404,CE,2011
2011-05-25,CLE,41.589,129466,448696.7895,CE,2011
2011-05-26,CLE,41.2134,129466,444644.5037,CE,2011
2011-05-27,CLE,40.8593,129466,440824.1778,CE,2011
2011-05-28,CLE,40.5555,129466,437546.5303,CE,2011
2011-05-29,CLE,40.1874,129466,433575.1607,CE,2011
2011-05-30,CLE,39.6962,129466,428275.6858,CE,2011
2011-05-31,CLE,39.1671,129466,422567.3141,CE,2011
2011-06-01,CLE,38.6996,129466,417523.5345,CE,2011
2011-06-02,CLE,38.2814,129466,413011.6444,CE,2011
2011-06-03,CLE,37.8202,129466,408035.8344,CE,2011
2011-06-04,CLE,37.2544,129466,401931.5125,CE,2011
2011-06-05,CLE,36.5243,129466,394054.5853,CE,2011
2011-06-06,CLE,35.6098,129466,384188.1972,CE,2011
2011-06-07,CLE,34.4913,129466,372120.8872,CE,2011
2011-06-08,CLE,33.8252,129466,364934.4453,CE,2011
2011-06-09,CLE,33.2619,129466,358857.0955,CE,2011
2011-06-10,CLE,32.5226,129466,350880.911,CE,2011
2011-06-11,CLE,31.763,129466,342685.7132,CE,2011
2011-06-12,CLE,31.0715,129466,335225.2349,CE,2011
2011-06-13,CLE,30.4415,129466,328428.2699,CE,2011
2011-06-14,CLE,29.7768,129466,321256.9324,CE,2011
2011-06-15,CLE,28.6258,129466,308838.9852,CE,2011
2011-06-16,CLE,28.1966,129466,304208.418,CE,2011
2011-06-17,CLE,27.6609,129466,298428.84,CE,2011
2011-06-18,CLE,26.9969,129466,291265.0546,CE,2011
2011-06-19,CLE,26.3605,129466,284399.0411,CE,2011
2011-06-20,CLE,25.6245,129466,276458.4598,CE,2011
2011-06-21,CLE,24.5858,129466,265252.0986,CE,2011
2011-06-22,CLE,23.7663,129466,256410.6497,CE,2011
2011-06-23,CLE,22.6313,129466,244165.3238,CE,2011
2011-06-24,CLE,21.8652,129466,235899.9986,CE,2011
2011-06-25,CLE,21.3629,129466,230480.7676,CE,2011
2011-06-26,CLE,20.8759,129466,225226.6058,CE,2011
2011-06-27,CLE,20.2836,129466,218836.3798,CE,2011
2011-06-28,CLE,18.7673,129466,202477.2718,CE,2011
2011-06-29,CLE,17.7392,129466,191385.2723,CE,2011
2011-06-30,CLE,16.8272,129466,181545.8563,CE,2011
2011-07-01,CLE,16.2556,129466,175378.9591,CE,2011
2011-07-02,CLE,15.7161,129466,169558.3836,CE,2011
2011-07-03,CLE,14.8219,129466,159911.0088,CE,2011
2011-07-04,CLE,13.9564,129466,150573.2735,CE,2011
2011-07-05,CLE,13.2668,129466,143133.2941,CE,2011
2011-07-06,CLE,12.2549,129466,132216.0736,CE,2011
2011-07-07,CLE,11.3425,129466,122372.3421,CE,2011
2011-07-08,CLE,10.5097,129466,113387.4017,CE,2011
2011-07-09,CLE,10.1043,129466,109013.6087,CE,2011
2011-07-10,CLE,9.6966,129466,104615.0013,CE,2011
2011-07-11,CLE,9.2446,129466,99738.44863,CE,2011
2011-07-12,CLE,8.7215,129466,94094.80992,CE,2011
2011-07-13,CLE,8.275,129466,89277.59583,CE,2011
2011-07-14,CLE,7.8864,129466,85085.0552,CE,2011
2011-07-15,CLE,7.5358,129466,81302.49023,CE,2011
2011-07-16,CLE,7.1404,129466,77036.58553,CE,2011
2011-07-17,CLE,6.6879,129466,72154.63845,CE,2011
2011-07-18,CLE,6.274,129466,67689.14033,CE,2011
2011-07-19,CLE,5.8559,129466,63178.32912,CE,2011
2011-07-20,CLE,5.4937,129466,59270.61368,CE,2011
2011-07-21,CLE,5.1735,129466,55816.02925,CE,2011
2011-07-22,CLE,4.8439,129466,52260.02978,CE,2011
2011-07-23,CLE,4.5781,129466,49392.35788,CE,2011
2011-07-24,CLE,4.23,129466,45636.765,CE,2011
2011-07-25,CLE,3.7246,129466,40184.08863,CE,2011
2011-07-26,CLE,3.2067,129466,34596.55185,CE,2011
2011-07-27,CLE,2.9371,129466,31687.88238,CE,2011
2011-07-28,CLE,2.7189,129466,29333.75895,CE,2011
2011-07-29,CLE,2.484,129466,26799.462,CE,2011
2011-07-30,CLE,2.2365,129466,24129.22575,CE,2011
2011-07-31,CLE,2.0076,129466,21659.6618,CE,2011
2011-08-01,CLE,1.8103,129466,19531.02498,CE,2011
2011-08-02,CLE,1.6296,129466,17581.4828,CE,2011
2011-08-03,CLE,1.4347,129466,15478.73918,CE,2011
2011-08-04,CLE,1.2647,129466,13644.63752,CE,2011
2011-08-05,CLE,1.0966,129466,11831.03463,CE,2011
2011-08-06,CLE,0.9684,129466,10447.9062,CE,2011
2011-08-07,CLE,0.8642,129466,9323.709767,CE,2011
2011-08-08,CLE,0.7717,129466,8325.742683,CE,2011
2011-08-09,CLE,0.6807,129466,7343.95885,CE,2011
2011-08-10,CLE,0.6146,129466,6630.816967,CE,2011
2011-08-11,CLE,0.5562,129466,6000.7491,CE,2011
2011-08-12,CLE,0.4967,129466,5358.813517,CE,2011
2011-08-13,CLE,0.4349,129466,4692.063617,CE,2011
2011-08-14,CLE,0.3859,129466,4163.410783,CE,2011
2011-08-15,CLE,0.3506,129466,3782.564967,CE,2011
2011-08-16,CLE,0.3224,129466,3478.319867,CE,2011
2011-08-17,CLE,0.2888,129466,3115.815067,CE,2011
2011-08-18,CLE,0.2548,129466,2748.994733,CE,2011
2011-08-19,CLE,0.2265,129466,2443.67075,CE,2011
2011-08-20,CLE,0.1985,129466,2141.583417,CE,2011
2011-08-21,CLE,0.1719,129466,1854.60045,CE,2011
2011-08-22,CLE,0.1448,129466,1562.223067,CE,2011
2011-08-23,CLE,0.1242,129466,1339.9731,CE,2011
2011-08-24,CLE,0.1104,129466,1191.0872,CE,2011
2011-08-25,CLE,0.0982,129466,1059.463433,CE,2011
2011-08-26,CLE,0.086,129466,927.8396667,CE,2011
2011-08-27,CLE,0.0735,129466,792.97925,CE,2011
2011-08-28,CLE,0.0626,129466,675.3809667,CE,2011
2011-08-29,CLE,0.0513,129466,553.46715,CE,2011
2011-08-30,CLE,0.0437,129466,471.4720167,CE,2011
2011-08-31,CLE,0.04,129466,431.5533333,CE,2011
2011-09-01,CLE,0.0375,129466,404.58125,CE,2011
2011-09-02,CLE,0.0347,129466,374.3725167,CE,2011
2011-09-03,CLE,0.0315,129466,339.84825,CE,2011
2011-09-04,CLE,0.0276,129466,297.7718,CE,2011
2011-09-05,CLE,0.023,129466,248.1431667,CE,2011
2011-09-06,CLE,0.0182,129466,196.3567667,CE,2011
2011-09-07,CLE,0.0142,129466,153.2014333,CE,2011
2011-09-08,CLE,0.0124,129466,133.7815333,CE,2011
2011-09-09,CLE,0.0111,129466,119.75605,CE,2011
2011-09-10,CLE,0.0101,129466,108.9672167,CE,2011
2011-09-11,CLE,0.009,129466,97.0995,CE,2011
2011-09-12,CLE,0.0078,129466,84.1529,CE,2011
2011-09-13,CLE,0.0068,129466,73.36406667,CE,2011
2011-09-14,CLE,0.0059,129466,63.65411667,CE,2011
2011-09-15,CLE,0.0053,129466,57.18081667,CE,2011
2011-09-16,CLE,0.005,129466,53.94416667,CE,2011
2011-09-17,CLE,0.0047,129466,50.70751667,CE,2011
2011-09-18,CLE,0.0046,129466,49.62863333,CE,2011
2011-09-19,CLE,0.0043,129466,46.39198333,CE,2011
2011-09-20,CLE,0.004,129466,43.15533333,CE,2011
2011-09-21,CLE,0.0036,129466,38.8398,CE,2011
2011-09-22,CLE,0.0028,129466,30.20873333,CE,2011
2011-09-23,CLE,0.0022,129466,23.73543333,CE,2011
2011-09-24,CLE,0.0014,129466,15.10436667,CE,2011
2011-09-25,CLE,6e-4,129466,6.4733,CE,2011
2011-09-26,CLE,3e-4,129466,3.23665,CE,2011
2011-09-27,CLE,3e-4,129466,3.23665,CE,2011
2011-09-28,CLE,2e-4,129466,2.157766667,CE,2011
2011-09-29,CLE,1e-4,129466,1.078883333,CE,2011
2011-09-30,CLE,0,129466,0,CE,2011
2011-10-01,CLE,0,129466,0,CE,2012
2011-10-02,CLE,0,129466,0,CE,2012
2011-10-03,CLE,0,129466,0,CE,2012
2011-10-04,CLE,0,129466,0,CE,2012
2011-10-05,CLE,1e-4,129466,1.078883333,CE,2012
2011-10-06,CLE,0.1114,129466,1201.876033,CE,2012
2011-10-07,CLE,0.105,129466,1132.8275,CE,2012
2011-10-08,CLE,0.0966,129466,1042.2013,CE,2012
2011-10-09,CLE,0.0616,129466,664.5921333,CE,2012
2011-10-10,CLE,0.0449,129466,484.4186167,CE,2012
2011-10-11,CLE,0.0348,129466,375.4514,CE,2012
2011-10-12,CLE,0.0569,129466,613.8846167,CE,2012
2011-10-13,CLE,0.0638,129466,688.3275667,CE,2012
2011-10-14,CLE,0.0632,129466,681.8542667,CE,2012
2011-10-15,CLE,0.0688,129466,742.2717333,CE,2012
2011-10-16,CLE,0.0641,129466,691.5642167,CE,2012
2011-10-17,CLE,0.0598,129466,645.1722333,CE,2012
2011-10-18,CLE,0.053900000000000003,129466,581.5181167,CE,2012
2011-10-19,CLE,0.0244,129466,263.2475333,CE,2012
2011-10-20,CLE,0.0133,129466,143.4914833,CE,2012
2011-10-21,CLE,0.0134,129466,144.5703667,CE,2012
2011-10-22,CLE,0.006,129466,64.733,CE,2012
2011-10-23,CLE,0.0025,129466,26.97208333,CE,2012
2011-10-24,CLE,0.0026,129466,28.05096667,CE,2012
2011-10-25,CLE,0.0101,129466,108.9672167,CE,2012
2011-10-26,CLE,0.0082,129466,88.46843333,CE,2012
2011-10-27,CLE,0.0045,129466,48.54975,CE,2012
2011-10-28,CLE,0.0048,129466,51.7864,CE,2012
2011-10-29,CLE,0.0088,129466,94.94173333,CE,2012
2011-10-30,CLE,0.0226,129466,243.8276333,CE,2012
2011-10-31,CLE,0.0031,129466,33.44538333,CE,2012
2011-11-01,CLE,0.0552,129466,595.5436,CE,2012
2011-11-02,CLE,0.0443,129466,477.9453167,CE,2012
2011-11-03,CLE,0.0346,129466,373.2936333,CE,2012
2011-11-04,CLE,0.133,129466,1434.914833,CE,2012
2011-11-05,CLE,0.1313,129466,1416.573817,CE,2012
2011-11-06,CLE,0.132,129466,1424.126,CE,2012
2011-11-07,CLE,0.1305,129466,1407.94275,CE,2012
2011-11-08,CLE,0.1713,129466,1848.12715,CE,2012
2011-11-09,CLE,0.1558,129466,1680.900233,CE,2012
2011-11-10,CLE,0.1296,129466,1398.2328,CE,2012
2011-11-11,CLE,0.0741,129466,799.45255,CE,2012
2011-11-12,CLE,0.6368,129466,6870.329067,CE,2012
2011-11-13,CLE,1.0576,129466,11410.27013,CE,2012
2011-11-14,CLE,1.5298,129466,16504.75723,CE,2012
2011-11-15,CLE,1.824,129466,19678.832,CE,2012
2011-11-16,CLE,3.5079,129466,37846.14845,CE,2012
2011-11-17,CLE,4.0744,129466,43958.02253,CE,2012
2011-11-18,CLE,5.4263,129466,58543.44632,CE,2012
2011-11-19,CLE,5.714,129466,61647.39367,CE,2012
2011-11-20,CLE,5.9417,129466,64104.01102,CE,2012
2011-11-21,CLE,5.9426,129466,64113.72097,CE,2012
2011-11-22,CLE,6.4163,129466,69224.39132,CE,2012
2011-11-23,CLE,7.9851,129466,86149.91305,CE,2012
2011-11-24,CLE,9.7489,129466,105179.2573,CE,2012
2011-11-25,CLE,10.4053,129466,112261.0475,CE,2012
2011-11-26,CLE,10.8,129466,116519.4,CE,2012
2011-11-27,CLE,10.8023,129466,116544.2143,CE,2012
2011-11-28,CLE,11.0416,129466,119125.9821,CE,2012
2011-11-29,CLE,11.3716,129466,122686.2971,CE,2012
2011-11-30,CLE,11.3443,129466,122391.762,CE,2012
2011-12-01,CLE,11.4532,129466,123566.6659,CE,2012
2011-12-02,CLE,11.3777,129466,122752.109,CE,2012
2011-12-03,CLE,11.7591,129466,126866.9701,CE,2012
2011-12-04,CLE,11.7202,129466,126447.2844,CE,2012
2011-12-05,CLE,11.6804,129466,126017.8889,CE,2012
2011-12-06,CLE,11.6366,129466,125545.338,CE,2012
2011-12-07,CLE,11.5174,129466,124259.309,CE,2012
2011-12-08,CLE,11.4224,129466,123234.3699,CE,2012
2011-12-09,CLE,11.8041,129466,127352.4676,CE,2012
2011-12-10,CLE,11.6856,129466,126073.9908,CE,2012
2011-12-11,CLE,11.624,129466,125409.3987,CE,2012
2011-12-12,CLE,11.6013,129466,125164.4922,CE,2012
2011-12-13,CLE,11.5697,129466,124823.565,CE,2012
2011-12-14,CLE,11.5401,129466,124504.2156,CE,2012
2011-12-15,CLE,11.5209,129466,124297.07,CE,2012
2011-12-16,CLE,11.7363,129466,126620.9847,CE,2012
2011-12-17,CLE,11.7053,129466,126286.5308,CE,2012
2011-12-18,CLE,11.5579,129466,124696.2568,CE,2012
2011-12-19,CLE,11.5214,129466,124302.4644,CE,2012
2011-12-20,CLE,11.4583,129466,123621.689,CE,2012
2011-12-21,CLE,11.5229,129466,124318.6476,CE,2012
2011-12-22,CLE,12.225,129466,131893.4875,CE,2012
2011-12-23,CLE,12.1897,129466,131512.6417,CE,2012
2011-12-24,CLE,12.1896,129466,131511.5628,CE,2012
2011-12-25,CLE,12.2828,129466,132517.0821,CE,2012
2011-12-26,CLE,12.3316,129466,133043.5771,CE,2012
2011-12-27,CLE,12.3762,129466,133524.7591,CE,2012
2011-12-28,CLE,13.1586,129466,141965.9423,CE,2012
2011-12-29,CLE,14.0148,129466,151203.3414,CE,2012
2011-12-30,CLE,15.8987,129466,171528.4245,CE,2012
2011-12-31,CLE,16.8778,129466,182091.7712,CE,2012
2012-01-01,CLE,16.903,129466,182363.6498,CE,2012
2012-01-02,CLE,16.9475,129466,182843.7529,CE,2012
2012-01-03,CLE,16.9729,129466,183117.7893,CE,2012
2012-01-04,CLE,19.1274,129466,206362.3307,CE,2012
2012-01-05,CLE,19.2771,129466,207977.4191,CE,2012
2012-01-06,CLE,19.2539,129466,207727.1181,CE,2012
2012-01-07,CLE,19.7509,129466,213089.1683,CE,2012
2012-01-08,CLE,19.6815,129466,212340.4233,CE,2012
2012-01-09,CLE,19.5547,129466,210972.3992,CE,2012
2012-01-10,CLE,19.4815,129466,210182.6566,CE,2012
2012-01-11,CLE,19.4587,129466,209936.6712,CE,2012
2012-01-12,CLE,19.5512,129466,210934.6383,CE,2012
2012-01-13,CLE,19.4495,129466,209837.4139,CE,2012
2012-01-14,CLE,19.3271,129466,208516.8607,CE,2012
2012-01-15,CLE,19.9105,129466,214811.0661,CE,2012
2012-01-16,CLE,19.9568,129466,215310.5891,CE,2012
2012-01-17,CLE,20.333,129466,219369.3482,CE,2012
2012-01-18,CLE,23.5231,129466,253786.8054,CE,2012
2012-01-19,CLE,25.0449,129466,270205.252,CE,2012
2012-01-20,CLE,26.1293,129466,281904.6628,CE,2012
2012-01-21,CLE,26.8149,129466,289301.487,CE,2012
2012-01-22,CLE,27.7655,129466,299557.3519,CE,2012
2012-01-23,CLE,28.4,129466,306402.8667,CE,2012
2012-01-24,CLE,28.4324,129466,306752.4249,CE,2012
2012-01-25,CLE,28.1785,129466,304013.1401,CE,2012
2012-01-26,CLE,29.4831,129466,318088.2521,CE,2012
2012-01-27,CLE,30.1478,129466,325259.5896,CE,2012
2012-01-28,CLE,30.1223,129466,324984.4743,CE,2012
2012-01-29,CLE,30.0871,129466,324604.7074,CE,2012
2012-01-30,CLE,30.4543,129466,328566.367,CE,2012
2012-01-31,CLE,31.3883,129466,338643.1373,CE,2012
2012-02-01,CLE,31.3359,129466,338077.8025,CE,2012
2012-02-02,CLE,31.9358,129466,344550.0236,CE,2012
2012-02-03,CLE,31.8832,129466,343982.5309,CE,2012
2012-02-04,CLE,31.8222,129466,343324.4121,CE,2012
2012-02-05,CLE,31.7609,129466,342663.0566,CE,2012
2012-02-06,CLE,31.7029,129466,342037.3043,CE,2012
2012-02-07,CLE,31.9946,129466,345184.407,CE,2012
2012-02-08,CLE,31.9304,129466,344491.7639,CE,2012
2012-02-09,CLE,32.1378,129466,346729.3679,CE,2012
2012-02-10,CLE,32.318600000000004,129466,348679.989,CE,2012
2012-02-11,CLE,32.4136,129466,349704.9281,CE,2012
2012-02-12,CLE,32.3744,129466,349282.0059,CE,2012
2012-02-13,CLE,32.3178,129466,348671.3579,CE,2012
2012-02-14,CLE,32.7968,129466,353839.2091,CE,2012
2012-02-15,CLE,32.817,129466,354057.1435,CE,2012
2012-02-16,CLE,32.776,129466,353614.8013,CE,2012
2012-02-17,CLE,32.8515,129466,354429.3583,CE,2012
2012-02-18,CLE,33.2608,129466,358845.2277,CE,2012
2012-02-19,CLE,34.6476,129466,373807.1818,CE,2012
2012-02-20,CLE,34.8867,129466,376386.7919,CE,2012
2012-02-21,CLE,35.0932,129466,378614.6859,CE,2012
2012-02-22,CLE,37.3358,129466,402809.7236,CE,2012
2012-02-23,CLE,39.6348,129466,427613.2514,CE,2012
2012-02-24,CLE,39.2205,129466,423143.4378,CE,2012
2012-02-25,CLE,39.6175,129466,427426.6046,CE,2012
2012-02-26,CLE,40.6715,129466,438798.0349,CE,2012
2012-02-27,CLE,40.829,129466,440497.2762,CE,2012
2012-02-28,CLE,41.7155,129466,450061.5769,CE,2012
2012-02-29,CLE,41.8838,129466,451877.3376,CE,2012
2012-03-01,CLE,42.7966,129466,461725.3846,CE,2012
2012-03-02,CLE,42.9574,129466,463460.229,CE,2012
2012-03-03,CLE,43.0758,129466,464737.6269,CE,2012
2012-03-04,CLE,43.2757,129466,466894.3147,CE,2012
2012-03-05,CLE,43.0298,129466,464241.3406,CE,2012
2012-03-06,CLE,43.5238,129466,469571.0242,CE,2012
2012-03-07,CLE,44.3905,129466,478921.7061,CE,2012
2012-03-08,CLE,44.3213,129466,478175.1188,CE,2012
2012-03-09,CLE,44.1673,129466,476513.6385,CE,2012
2012-03-10,CLE,43.9422,129466,474085.0721,CE,2012
2012-03-11,CLE,43.8589,129466,473186.3623,CE,2012
2012-03-12,CLE,44.1406,129466,476225.5766,CE,2012
2012-03-13,CLE,46.5532,129466,502254.7159,CE,2012
2012-03-14,CLE,47.1568,129466,508766.8557,CE,2012
2012-03-15,CLE,47.8759,129466,516525.1058,CE,2012
2012-03-16,CLE,49.0585,129466,529283.9801,CE,2012
2012-03-17,CLE,49.3467,129466,532393.3219,CE,2012
2012-03-18,CLE,49.5813,129466,534924.3822,CE,2012
2012-03-19,CLE,49.6268,129466,535415.2741,CE,2012
2012-03-20,CLE,49.382,129466,532774.1677,CE,2012
2012-03-21,CLE,50.9219,129466,549387.8921,CE,2012
2012-03-22,CLE,51.1022,129466,551333.1188,CE,2012
2012-03-23,CLE,51.3394,129466,553892.23,CE,2012
2012-03-24,CLE,51.3172,129466,553652.7179,CE,2012
2012-03-25,CLE,51.2578,129466,553011.8612,CE,2012
2012-03-26,CLE,51.1984,129466,552371.0045,CE,2012
2012-03-27,CLE,51.3202,129466,553685.0844,CE,2012
2012-03-28,CLE,51.8177,129466,559052.529,CE,2012
2012-03-29,CLE,51.766,129466,558494.7463,CE,2012
2012-03-30,CLE,52.6521,129466,568054.7316,CE,2012
2012-03-31,CLE,55.5164,129466,598957.1869,CE,2012
2012-04-01,CLE,55.8411,129466,602460.3211,CE,2012
2012-04-02,CLE,56.4282,129466,608794.4451,CE,2012
2012-04-03,CLE,55.6599,129466,600505.3845,CE,2012
2012-04-04,CLE,55.5522,129466,599343.4271,CE,2012
2012-04-05,CLE,55.4388,129466,598119.9734,CE,2012
2012-04-06,CLE,55.6245,129466,600123.4598,CE,2012
2012-04-07,CLE,55.736,129466,601326.4147,CE,2012
2012-04-08,CLE,55.624,129466,600118.0653,CE,2012
2012-04-09,CLE,55.4149,129466,597862.1203,CE,2012
2012-04-10,CLE,55.5787,129466,599629.3312,CE,2012
2012-04-11,CLE,55.1377,129466,594871.4557,CE,2012
2012-04-12,CLE,55.4757,129466,598518.0814,CE,2012
2012-04-13,CLE,55.2649,129466,596243.7953,CE,2012
2012-04-14,CLE,54.9953,129466,593335.1258,CE,2012
2012-04-15,CLE,54.6818,129466,589952.8266,CE,2012
2012-04-16,CLE,54.3252,129466,586105.5286,CE,2012
2012-04-17,CLE,55.1166,129466,594643.8113,CE,2012
2012-04-18,CLE,54.9418,129466,592757.9232,CE,2012
2012-04-19,CLE,54.9,129466,592306.95,CE,2012
2012-04-20,CLE,55.4244,129466,597964.6142,CE,2012
2012-04-21,CLE,55.0886,129466,594341.724,CE,2012
2012-04-22,CLE,54.5224,129466,588233.0865,CE,2012
2012-04-23,CLE,53.6727,129466,579065.8149,CE,2012
2012-04-24,CLE,52.4725,129466,566117.0571,CE,2012
2012-04-25,CLE,52.2326,129466,563528.816,CE,2012
2012-04-26,CLE,51.5715,129466,556396.3183,CE,2012
2012-04-27,CLE,51.0297,129466,550550.9284,CE,2012
2012-04-28,CLE,50.8701,129466,548829.0306,CE,2012
2012-04-29,CLE,50.4496,129466,544292.3261,CE,2012
2012-04-30,CLE,49.909,129466,538459.8828,CE,2012
2012-05-01,CLE,49.9258,129466,538641.1352,CE,2012
2012-05-02,CLE,49.9416,129466,538811.5988,CE,2012
2012-05-03,CLE,49.6957,129466,536158.6247,CE,2012
2012-05-04,CLE,49.9657,129466,539071.6097,CE,2012
2012-05-05,CLE,49.7926,129466,537204.0626,CE,2012
2012-05-06,CLE,49.4928,129466,533969.5704,CE,2012
2012-05-07,CLE,49.1458,129466,530225.8452,CE,2012
2012-05-08,CLE,48.6596,129466,524980.3145,CE,2012
2012-05-09,CLE,47.9982,129466,517844.5801,CE,2012
2012-05-10,CLE,47.4277,129466,511689.5507,CE,2012
2012-05-11,CLE,47.0898,129466,508044.0039,CE,2012
2012-05-12,CLE,46.7649,129466,504538.712,CE,2012
2012-05-13,CLE,46.1808,129466,498236.9544,CE,2012
2012-05-14,CLE,45.4593,129466,490452.8112,CE,2012
2012-05-15,CLE,44.4413,129466,479469.7788,CE,2012
2012-05-16,CLE,43.3309,129466,467489.8583,CE,2012
2012-05-17,CLE,42.3332,129466,456725.8393,CE,2012
2012-05-18,CLE,41.5597,129466,448380.6767,CE,2012
2012-05-19,CLE,41.0203,129466,442561.18,CE,2012
2012-05-20,CLE,40.5024,129466,436973.6432,CE,2012
2012-05-21,CLE,40.0004,129466,431557.6489,CE,2012
2012-05-22,CLE,39.5309,129466,426492.2916,CE,2012
2012-05-23,CLE,38.4026,129466,414319.251,CE,2012
2012-05-24,CLE,38.3443,129466,413690.262,CE,2012
2012-05-25,CLE,37.947,129466,409403.8585,CE,2012
2012-05-26,CLE,37.447,129466,404009.4418,CE,2012
2012-05-27,CLE,36.8917,129466,398018.4027,CE,2012
2012-05-28,CLE,36.2749,129466,391363.8503,CE,2012
2012-05-29,CLE,35.6981,129466,385140.8512,CE,2012
2012-05-30,CLE,34.8693,129466,376199.0662,CE,2012
2012-05-31,CLE,34.2968,129466,370022.4591,CE,2012
2012-06-01,CLE,33.5981,129466,362484.3012,CE,2012
2012-06-02,CLE,32.6834,129466,352615.7554,CE,2012
2012-06-03,CLE,31.8966,129466,344127.1013,CE,2012
2012-06-04,CLE,31.3581,129466,338317.3146,CE,2012
2012-06-05,CLE,31.2858,129466,337537.2819,CE,2012
2012-06-06,CLE,31.122,129466,335770.071,CE,2012
2012-06-07,CLE,30.034,129466,324031.8203,CE,2012
2012-06-08,CLE,29.9337,129466,322949.7004,CE,2012
2012-06-09,CLE,29.5881,129466,319221.0796,CE,2012
2012-06-10,CLE,29.2038,129466,315074.9309,CE,2012
2012-06-11,CLE,28.6822,129466,309447.4754,CE,2012
2012-06-12,CLE,27.9219,129466,301244.7255,CE,2012
2012-06-13,CLE,27.2639,129466,294145.6731,CE,2012
2012-06-14,CLE,26.5408,129466,286344.2677,CE,2012
2012-06-15,CLE,25.7178,129466,277465.0579,CE,2012
2012-06-16,CLE,25.1567,129466,271411.4435,CE,2012
2012-06-17,CLE,24.3168,129466,262349.9024,CE,2012
2012-06-18,CLE,23.2857,129466,251225.5364,CE,2012
2012-06-19,CLE,22.8035,129466,246023.1609,CE,2012
2012-06-20,CLE,21.874,129466,235994.9403,CE,2012
2012-06-21,CLE,21.2888,129466,229681.3151,CE,2012
2012-06-22,CLE,20.5175,129466,221359.8879,CE,2012
2012-06-23,CLE,20.0114,129466,215899.6594,CE,2012
2012-06-24,CLE,19.2772,129466,207978.4979,CE,2012
2012-06-25,CLE,18.8138,129466,202978.9526,CE,2012
2012-06-26,CLE,18.0556,129466,194798.8591,CE,2012
2012-06-27,CLE,17.8316,129466,192382.1605,CE,2012
2012-06-28,CLE,17.2681,129466,186302.6529,CE,2012
2012-06-29,CLE,16.6249,129466,179363.2753,CE,2012
2012-06-30,CLE,15.8833,129466,171362.2765,CE,2012
2012-07-01,CLE,15.1851,129466,163829.5131,CE,2012
2012-07-02,CLE,14.4201,129466,155576.0556,CE,2012
2012-07-03,CLE,13.6018,129466,146747.5532,CE,2012
2012-07-04,CLE,13.2021,129466,142435.2566,CE,2012
2012-07-05,CLE,12.7912,129466,138002.1249,CE,2012
2012-07-06,CLE,12.228,129466,131925.854,CE,2012
2012-07-07,CLE,11.5617,129466,124737.2544,CE,2012
2012-07-08,CLE,10.7301,129466,115765.2606,CE,2012
2012-07-09,CLE,9.8606,129466,106384.37,CE,2012
2012-07-10,CLE,8.9151,129466,96183.52805,CE,2012
2012-07-11,CLE,7.9787,129466,86080.86452,CE,2012
2012-07-12,CLE,7.3271,129466,79050.86072,CE,2012
2012-07-13,CLE,6.6711,129466,71973.38605,CE,2012
2012-07-14,CLE,6.0133,129466,64876.49148,CE,2012
2012-07-15,CLE,5.3818,129466,58063.34323,CE,2012
2012-07-16,CLE,4.895,129466,52811.33917,CE,2012
2012-07-17,CLE,4.4467,129466,47974.70518,CE,2012
2012-07-18,CLE,3.9276,129466,42374.2218,CE,2012
2012-07-19,CLE,3.435,129466,37059.6425,CE,2012
2012-07-20,CLE,2.9948,129466,32310.39807,CE,2012
2012-07-21,CLE,2.611,129466,28169.64383,CE,2012
2012-07-22,CLE,2.3568,129466,25427.1224,CE,2012
2012-07-23,CLE,2.1313,129466,22994.24048,CE,2012
2012-07-24,CLE,1.9839,129466,21403.96645,CE,2012
2012-07-25,CLE,1.7661,129466,19054.15855,CE,2012
2012-07-26,CLE,1.4962,129466,16142.25243,CE,2012
2012-07-27,CLE,1.2509,129466,13495.75162,CE,2012
2012-07-28,CLE,1.0686,129466,11528.9473,CE,2012
2012-07-29,CLE,0.9227,129466,9954.856517,CE,2012
2012-07-30,CLE,0.7847,129466,8465.997517,CE,2012
2012-07-31,CLE,0.664,129466,7163.785333,CE,2012
2012-08-01,CLE,0.5735,129466,6187.395917,CE,2012
2012-08-02,CLE,0.4896,129466,5282.2128,CE,2012
2012-08-03,CLE,0.4172,129466,4501.101267,CE,2012
2012-08-04,CLE,0.35,129466,3776.091667,CE,2012
2012-08-05,CLE,0.2787,129466,3006.84785,CE,2012
2012-08-06,CLE,0.2134,129466,2302.337033,CE,2012
2012-08-07,CLE,0.1713,129466,1848.12715,CE,2012
2012-08-08,CLE,0.1415,129466,1526.619917,CE,2012
2012-08-09,CLE,0.124,129466,1337.815333,CE,2012
2012-08-10,CLE,0.1103,129466,1190.008317,CE,2012
2012-08-11,CLE,0.0968,129466,1044.359067,CE,2012
2012-08-12,CLE,0.0827,129466,892.2365167,CE,2012
2012-08-13,CLE,0.0673,129466,726.0884833,CE,2012
2012-08-14,CLE,0.0551,129466,594.4647167,CE,2012
2012-08-15,CLE,0.0448,129466,483.3397333,CE,2012
2012-08-16,CLE,0.0384,129466,414.2912,CE,2012
2012-08-17,CLE,0.034,129466,366.8203333,CE,2012
2012-08-18,CLE,0.0277,129466,298.8506833,CE,2012
2012-08-19,CLE,0.021,129466,226.5655,CE,2012
2012-08-20,CLE,0.0164,129466,176.9368667,CE,2012
2012-08-21,CLE,0.0142,129466,153.2014333,CE,2012
2012-08-22,CLE,0.0132,129466,142.4126,CE,2012
2012-08-23,CLE,0.0124,129466,133.7815333,CE,2012
2012-08-24,CLE,0.0119,129466,128.3871167,CE,2012
2012-08-25,CLE,0.0114,129466,122.9927,CE,2012
2012-08-26,CLE,0.0106,129466,114.3616333,CE,2012
2012-08-27,CLE,0.01,129466,107.8883333,CE,2012
2012-08-28,CLE,0.0096,129466,103.5728,CE,2012
2012-08-29,CLE,0.0091,129466,98.17838333,CE,2012
2012-08-30,CLE,0.0087,129466,93.86285,CE,2012
2012-08-31,CLE,0.0082,129466,88.46843333,CE,2012
2012-09-01,CLE,0.0078,129466,84.1529,CE,2012
2012-09-02,CLE,0.0074,129466,79.83736667,CE,2012
2012-09-03,CLE,0.0069,129466,74.44295,CE,2012
2012-09-04,CLE,0.0065,129466,70.12741667,CE,2012
2012-09-05,CLE,0.0059,129466,63.65411667,CE,2012
2012-09-06,CLE,0.0055,129466,59.33858333,CE,2012
2012-09-07,CLE,0.0049,129466,52.86528333,CE,2012
2012-09-08,CLE,0.0043,129466,46.39198333,CE,2012
2012-09-09,CLE,0.0036,129466,38.8398,CE,2012
2012-09-10,CLE,0.0031,129466,33.44538333,CE,2012
2012-09-11,CLE,0.003,129466,32.3665,CE,2012
2012-09-12,CLE,0.0027,129466,29.12985,CE,2012
2012-09-13,CLE,0.0025,129466,26.97208333,CE,2012
2012-09-14,CLE,0.0019,129466,20.49878333,CE,2012
2012-09-15,CLE,0.0012,129466,12.9466,CE,2012
2012-09-16,CLE,7e-4,129466,7.552183333,CE,2012
2012-09-17,CLE,2e-4,129466,2.157766667,CE,2012
2012-09-18,CLE,0,129466,0,CE,2012
2012-09-19,CLE,0,129466,0,CE,2012
2012-09-20,CLE,0,129466,0,CE,2012
2012-09-21,CLE,0,129466,0,CE,2012
2012-09-22,CLE,0,129466,0,CE,2012
2012-09-23,CLE,0,129466,0,CE,2012
2012-09-24,CLE,0,129466,0,CE,2012
2012-09-25,CLE,0,129466,0,CE,2012
2012-09-26,CLE,0,129466,0,CE,2012
2012-09-27,CLE,0,129466,0,CE,2012
2012-09-28,CLE,0,129466,0,CE,2012
2012-09-29,CLE,0,129466,0,CE,2012
2012-09-30,CLE,0,129466,0,CE,2012
2003-10-01,KAC,0,40473,0,CE,2004
2003-10-02,KAC,0,40473,0,CE,2004
2003-10-03,KAC,0,40473,0,CE,2004
2003-10-04,KAC,0,40473,0,CE,2004
2003-10-05,KAC,0,40473,0,CE,2004
2003-10-06,KAC,0,40473,0,CE,2004
2003-10-07,KAC,0,40473,0,CE,2004
2003-10-08,KAC,0,40473,0,CE,2004
2003-10-09,KAC,0,40473,0,CE,2004
2003-10-10,KAC,0,40473,0,CE,2004
2003-10-11,KAC,0,40473,0,CE,2004
2003-10-12,KAC,0,40473,0,CE,2004
2003-10-13,KAC,0,40473,0,CE,2004
2003-10-14,KAC,0,40473,0,CE,2004
2003-10-15,KAC,0,40473,0,CE,2004
2003-10-16,KAC,0,40473,0,CE,2004
2003-10-17,KAC,0,40473,0,CE,2004
2003-10-18,KAC,0,40473,0,CE,2004
2003-10-19,KAC,0,40473,0,CE,2004
2003-10-20,KAC,0,40473,0,CE,2004
2003-10-21,KAC,0,40473,0,CE,2004
2003-10-22,KAC,0,40473,0,CE,2004
2003-10-23,KAC,0,40473,0,CE,2004
2003-10-24,KAC,0,40473,0,CE,2004
2003-10-25,KAC,0,40473,0,CE,2004
2003-10-26,KAC,0,40473,0,CE,2004
2003-10-27,KAC,0,40473,0,CE,2004
2003-10-28,KAC,0,40473,0,CE,2004
2003-10-29,KAC,0,40473,2.36,CE,2004
2003-10-31,KAC,0,40473,12.48,CE,2004
2003-11-01,KAC,0,40473,5.06,CE,2004
2003-11-02,KAC,0,40473,5.73,CE,2004
2003-11-03,KAC,0.04,40473,133.9,CE,2004
2003-11-04,KAC,0.03,40473,110.96,CE,2004
2003-11-05,KAC,0.03,40473,93.76,CE,2004
2003-11-06,KAC,0.02,40473,70.49,CE,2004
2003-11-07,KAC,0.01,40473,48.9,CE,2004
2003-11-08,KAC,0.01,40473,19.56,CE,2004
2003-11-09,KAC,0,40473,5.73,CE,2004
2003-11-10,KAC,0,40473,0,CE,2004
2003-11-11,KAC,0.13,40473,443.85,CE,2004
2003-11-12,KAC,0.14,40473,478.26,CE,2004
2003-11-13,KAC,1.08,40473,3640.21,CE,2004
2003-11-14,KAC,1.05,40473,3554.88,CE,2004
2003-11-15,KAC,1,40473,3370.05,CE,2004
2003-11-16,KAC,0.98,40473,3309.68,CE,2004
2003-11-17,KAC,1.28,40473,4323.87,CE,2004
2003-11-18,KAC,1.67,40473,5625.07,CE,2004
2003-11-19,KAC,1.32,40473,4462.49,CE,2004
2003-11-20,KAC,2.06,40473,6932.69,CE,2004
2003-11-21,KAC,2.2,40473,7419.04,CE,2004
2003-11-22,KAC,2.2,40473,7405.55,CE,2004
2003-11-23,KAC,2.19,40473,7388.68,CE,2004
2003-11-24,KAC,2.26,40473,7623.76,CE,2004
2003-11-25,KAC,2.98,40473,10047.08,CE,2004
2003-11-26,KAC,3.26,40473,10982.35,CE,2004
2003-11-27,KAC,3.3,40473,11124,CE,2004
2003-11-28,KAC,3.29,40473,11098.37,CE,2004
2003-11-29,KAC,3.9,40473,13146.3,CE,2004
2003-11-30,KAC,3.9,40473,13137.2,CE,2004
2003-12-01,KAC,3.87,40473,13054.57,CE,2004
2003-12-02,KAC,3.9,40473,13167.89,CE,2004
2003-12-03,KAC,4.89,40473,16480.61,CE,2004
2003-12-04,KAC,4.9,40473,16513.66,CE,2004
2003-12-05,KAC,4.91,40473,16553.46,CE,2004
2003-12-06,KAC,5.06,40473,17058.36,CE,2004
2003-12-07,KAC,5.03,40473,16952.45,CE,2004
2003-12-08,KAC,5.08,40473,17119.4,CE,2004
2003-12-09,KAC,5.32,40473,17927.85,CE,2004
2003-12-10,KAC,5.45,40473,18371.03,CE,2004
2003-12-11,KAC,5.66,40473,19077.96,CE,2004
2003-12-12,KAC,5.66,40473,19074.25,CE,2004
2003-12-13,KAC,5.75,40473,19399.38,CE,2004
2003-12-14,KAC,6.04,40473,20356.91,CE,2004
2003-12-15,KAC,6.07,40473,20469.89,CE,2004
2003-12-16,KAC,6.06,40473,20445.61,CE,2004
2003-12-17,KAC,8.63,40473,29099.08,CE,2004
2003-12-18,KAC,8.63,40473,29103.12,CE,2004
2003-12-19,KAC,8.62,40473,29074.79,CE,2004
2003-12-20,KAC,8.65,40473,29177.66,CE,2004
2003-12-21,KAC,8.66,40473,29221.17,CE,2004
2003-12-22,KAC,8.68,40473,29265.01,CE,2004
2003-12-23,KAC,10.95,40473,36928.91,CE,2004
2003-12-24,KAC,11.02,40473,37176.81,CE,2004
2003-12-25,KAC,11.15,40473,37622.69,CE,2004
2003-12-26,KAC,11.2,40473,37767.38,CE,2004
2003-12-27,KAC,11.21,40473,37804.82,CE,2004
2003-12-28,KAC,11.31,40473,38161.32,CE,2004
2003-12-29,KAC,11.43,40473,38544.46,CE,2004
2003-12-30,KAC,17.27,40473,58232.22,CE,2004
2003-12-31,KAC,17.26,40473,58218.05,CE,2004
2004-01-01,KAC,17.28,40473,58296.63,CE,2004
2004-01-02,KAC,17.48,40473,58964.1,CE,2004
2004-01-03,KAC,17.64,40473,59503.07,CE,2004
2004-01-04,KAC,17.98,40473,60639.68,CE,2004
2004-01-05,KAC,17.98,40473,60631.25,CE,2004
2004-01-06,KAC,19.64,40473,66235.08,CE,2004
2004-01-07,KAC,20.16,40473,68004.08,CE,2004
2004-01-08,KAC,20.7,40473,69809.85,CE,2004
2004-01-09,KAC,20.75,40473,69995.69,CE,2004
2004-01-10,KAC,20.87,40473,70405.48,CE,2004
2004-01-11,KAC,20.9,40473,70489.8,CE,2004
2004-01-12,KAC,20.89,40473,70458.43,CE,2004
2004-01-13,KAC,22.16,40473,74740.48,CE,2004
2004-01-14,KAC,22.15,40473,74696.97,CE,2004
2004-01-15,KAC,22.33,40473,75316.88,CE,2004
2004-01-16,KAC,22,40473,74194.09,CE,2004
2004-01-17,KAC,21.99,40473,74150.25,CE,2004
2004-01-18,KAC,21.98,40473,74121.58,CE,2004
2004-01-19,KAC,21.99,40473,74164.07,CE,2004
2004-01-20,KAC,21.99,40473,74155.31,CE,2004
2004-01-21,KAC,21.98,40473,74139.79,CE,2004
2004-01-22,KAC,21.97,40473,74113.15,CE,2004
2004-01-23,KAC,21.98,40473,74149.23,CE,2004
2004-01-24,KAC,22.59,40473,76194.81,CE,2004
2004-01-25,KAC,22.83,40473,77006.97,CE,2004
2004-01-26,KAC,22.93,40473,77336.15,CE,2004
2004-01-27,KAC,23.09,40473,77892.65,CE,2004
2004-01-28,KAC,28.41,40473,95809.03,CE,2004
2004-01-29,KAC,28.94,40473,97611.77,CE,2004
2004-01-30,KAC,29.31,40473,98852.6,CE,2004
2004-01-31,KAC,29.4,40473,99151.43,CE,2004
2004-02-01,KAC,29.44,40473,99285.67,CE,2004
2004-02-02,KAC,29.41,40473,99196.62,CE,2004
2004-02-03,KAC,29.6,40473,99829.35,CE,2004
2004-02-04,KAC,29.58,40473,99780.45,CE,2004
2004-02-05,KAC,32.04,40473,108068.31,CE,2004
2004-02-06,KAC,32.02,40473,108003.21,CE,2004
2004-02-07,KAC,32.07,40473,108167.13,CE,2004
2004-02-08,KAC,32.1,40473,108250.77,CE,2004
2004-02-09,KAC,32.08,40473,108191.75,CE,2004
2004-02-10,KAC,32.06,40473,108125.31,CE,2004
2004-02-11,KAC,33.63,40473,113435.03,CE,2004
2004-02-12,KAC,33.62,40473,113392.19,CE,2004
2004-02-13,KAC,33.61,40473,113358.8,CE,2004
2004-02-14,KAC,33.6,40473,113323.39,CE,2004
2004-02-15,KAC,33.63,40473,113423.22,CE,2004
2004-02-16,KAC,33.65,40473,113495.06,CE,2004
2004-02-17,KAC,33.72,40473,113735.2,CE,2004
2004-02-18,KAC,32.85,40473,110801.25,CE,2004
2004-02-19,KAC,32.85,40473,110780.67,CE,2004
2004-02-20,KAC,33.9,40473,114322.73,CE,2004
2004-02-21,KAC,33.88,40473,114276.19,CE,2004
2004-02-22,KAC,33.87,40473,114239.76,CE,2004
2004-02-23,KAC,33.86,40473,114184.45,CE,2004
2004-02-24,KAC,32.88,40473,110894,CE,2004
2004-02-26,KAC,33.06,40473,111501.09,CE,2004
2004-02-27,KAC,32.15,40473,108439.31,CE,2004
2004-02-28,KAC,32.14,40473,108388.72,CE,2004
2004-02-29,KAC,32.11,40473,108314.18,CE,2004
2004-03-01,KAC,32.09,40473,108239.3,CE,2004
2004-03-02,KAC,32.53,40473,109713.87,CE,2004
2004-03-03,KAC,32.49,40473,109593.8,CE,2004
2004-03-04,KAC,32.6,40473,109954.35,CE,2004
2004-03-05,KAC,34.52,40473,116440.15,CE,2004
2004-03-06,KAC,34.75,40473,117196.65,CE,2004
2004-03-07,KAC,34.89,40473,117690.09,CE,2004
2004-03-08,KAC,34.95,40473,117884.7,CE,2004
2004-03-09,KAC,36.46,40473,122979.23,CE,2004
2004-03-10,KAC,36.21,40473,122120.87,CE,2004
2004-03-11,KAC,36.03,40473,121505.34,CE,2004
2004-03-12,KAC,35.67,40473,120304.64,CE,2004
2004-03-13,KAC,35.47,40473,119641.9,CE,2004
2004-03-14,KAC,35.34,40473,119180.84,CE,2004
2004-03-15,KAC,35.2,40473,118726.2,CE,2004
2004-03-16,KAC,35.05,40473,118222.31,CE,2004
2004-03-17,KAC,34.92,40473,117783.51,CE,2004
2004-03-18,KAC,34.86,40473,117574.4,CE,2004
2004-03-19,KAC,34.79,40473,117334.26,CE,2004
2004-03-20,KAC,34.74,40473,117184.85,CE,2004
2004-03-21,KAC,34.66,40473,116915.7,CE,2004
2004-03-22,KAC,34.54,40473,116502.88,CE,2004
2004-03-23,KAC,34.27,40473,115580.1,CE,2004
2004-03-24,KAC,35.62,40473,120125.21,CE,2004
2004-03-25,KAC,35.41,40473,119417.95,CE,2004
2004-03-26,KAC,35.6,40473,120082.04,CE,2004
2004-03-27,KAC,35.49,40473,119687.77,CE,2004
2004-03-28,KAC,35.4,40473,119378.49,CE,2004
2004-03-29,KAC,35.22,40473,118799.39,CE,2004
2004-03-30,KAC,36.62,40473,123514.83,CE,2004
2004-03-31,KAC,36.12,40473,121831.15,CE,2004
2004-04-01,KAC,35.92,40473,121132.65,CE,2004
2004-04-02,KAC,35.78,40473,120693.52,CE,2004
2004-04-03,KAC,35.74,40473,120537.7,CE,2004
2004-04-04,KAC,35.35,40473,119235.14,CE,2004
2004-04-05,KAC,34.87,40473,117610.83,CE,2004
2004-04-06,KAC,34.55,40473,116523.12,CE,2004
2004-04-07,KAC,34.27,40473,115599.99,CE,2004
2004-04-08,KAC,33.92,40473,114391.88,CE,2004
2004-04-09,KAC,33.57,40473,113237.05,CE,2004
2004-04-10,KAC,33.07,40473,111534.14,CE,2004
2004-04-11,KAC,32.48,40473,109551.3,CE,2004
2004-04-12,KAC,31.7,40473,106921.91,CE,2004
2004-04-13,KAC,31.52,40473,106292.22,CE,2004
2004-04-14,KAC,30.38,40473,102475.95,CE,2004
2004-04-15,KAC,30.14,40473,101650.97,CE,2004
2004-04-16,KAC,29.93,40473,100931.23,CE,2004
2004-04-17,KAC,29.75,40473,100345.72,CE,2004
2004-04-18,KAC,29.61,40473,99880.28,CE,2004
2004-04-19,KAC,29.49,40473,99452.62,CE,2004
2004-04-20,KAC,28.92,40473,97552.75,CE,2004
2004-04-21,KAC,28.77,40473,97023.9,CE,2004
2004-04-22,KAC,28.53,40473,96235.69,CE,2004
2004-04-23,KAC,28.25,40473,95277.15,CE,2004
2004-04-24,KAC,27.83,40473,93869.7,CE,2004
2004-04-25,KAC,27.58,40473,93030.56,CE,2004
2004-04-26,KAC,27.19,40473,91714.18,CE,2004
2004-04-27,KAC,26.35,40473,88860.83,CE,2004
2004-04-28,KAC,25.49,40473,85960.27,CE,2004
2004-04-29,KAC,25.17,40473,84886.05,CE,2004
2004-04-30,KAC,24.69,40473,83267.46,CE,2004
2004-05-01,KAC,23.91,40473,80653.58,CE,2004
2004-05-02,KAC,22.95,40473,77391.12,CE,2004
2004-05-03,KAC,22.03,40473,74305.73,CE,2004
2004-05-04,KAC,21.34,40473,71980.89,CE,2004
2004-05-05,KAC,20.77,40473,70050.67,CE,2004
2004-05-06,KAC,20.47,40473,69056.38,CE,2004
2004-05-07,KAC,20.12,40473,67865.8,CE,2004
2004-05-08,KAC,19.54,40473,65907.92,CE,2004
2004-05-09,KAC,19.1,40473,64414.13,CE,2004
2004-05-10,KAC,18.79,40473,63377.01,CE,2004
2004-05-11,KAC,17.26,40473,58218.05,CE,2004
2004-05-12,KAC,17.06,40473,57548.22,CE,2004
2004-05-13,KAC,16.84,40473,56797.45,CE,2004
2004-05-14,KAC,16.55,40473,55812.6,CE,2004
2004-05-15,KAC,16.11,40473,54343.77,CE,2004
2004-05-16,KAC,15.67,40473,52853.69,CE,2004
2004-05-17,KAC,15.38,40473,51879.3,CE,2004
2004-05-18,KAC,15.03,40473,50695.47,CE,2004
2004-05-19,KAC,14.36,40473,48446.18,CE,2004
2004-05-20,KAC,13.83,40473,46637.38,CE,2004
2004-05-21,KAC,13.36,40473,45053.87,CE,2004
2004-05-22,KAC,12.87,40473,43397.85,CE,2004
2004-05-23,KAC,12.59,40473,42469.33,CE,2004
2004-05-24,KAC,12.33,40473,41580.27,CE,2004
2004-05-25,KAC,11.96,40473,40327.3,CE,2004
2004-05-26,KAC,11.45,40473,38629.12,CE,2004
2004-05-27,KAC,10.93,40473,36874.95,CE,2004
2004-05-28,KAC,10.58,40473,35697.19,CE,2004
2004-05-29,KAC,10.37,40473,34979.46,CE,2004
2004-05-30,KAC,10.25,40473,34560.57,CE,2004
2004-05-31,KAC,10.01,40473,33776.74,CE,2004
2004-06-01,KAC,9.84,40473,33177.74,CE,2004
2004-06-02,KAC,9.62,40473,32430.68,CE,2004
2004-06-03,KAC,9.24,40473,31178.38,CE,2004
2004-06-04,KAC,8.64,40473,29141.57,CE,2004
2004-06-05,KAC,7.99,40473,26943.55,CE,2004
2004-06-06,KAC,7.53,40473,25408.95,CE,2004
2004-06-07,KAC,7.33,40473,24714.84,CE,2004
2004-06-08,KAC,7.14,40473,24075.36,CE,2004
2004-06-09,KAC,6.82,40473,23007.89,CE,2004
2004-06-10,KAC,6.48,40473,21857.78,CE,2004
2004-06-11,KAC,6.26,40473,21116.79,CE,2004
2004-06-12,KAC,6.15,40473,20755.23,CE,2004
2004-06-13,KAC,6.02,40473,20293.5,CE,2004
2004-06-14,KAC,5.81,40473,19604.11,CE,2004
2004-06-15,KAC,5.69,40473,19204.44,CE,2004
2004-06-16,KAC,5.52,40473,18618.93,CE,2004
2004-06-17,KAC,5.17,40473,17433.74,CE,2004
2004-06-18,KAC,4.71,40473,15878.57,CE,2004
2004-06-19,KAC,4.24,40473,14301.81,CE,2004
2004-06-20,KAC,3.86,40473,13021.18,CE,2004
2004-06-21,KAC,3.46,40473,11673.43,CE,2004
2004-06-22,KAC,3.05,40473,10296.33,CE,2004
2004-06-23,KAC,2.68,40473,9022.78,CE,2004
2004-06-24,KAC,2.39,40473,8063.57,CE,2004
2004-06-25,KAC,2.16,40473,7293.23,CE,2004
2004-06-26,KAC,1.96,40473,6602.5,CE,2004
2004-06-27,KAC,1.78,40473,6012.26,CE,2004
2004-06-28,KAC,1.62,40473,5477.01,CE,2004
2004-06-29,KAC,1.45,40473,4889.81,CE,2004
2004-06-30,KAC,1.26,40473,4241.23,CE,2004
2004-07-01,KAC,1.11,40473,3741.73,CE,2004
2004-07-02,KAC,0.96,40473,3244.59,CE,2004
2004-07-03,KAC,0.85,40473,2852.67,CE,2004
2004-07-04,KAC,0.75,40473,2539.01,CE,2004
2004-07-05,KAC,0.67,40473,2270.54,CE,2004
2004-07-06,KAC,0.58,40473,1949.79,CE,2004
2004-07-07,KAC,0.49,40473,1667.15,CE,2004
2004-07-08,KAC,0.46,40473,1560.23,CE,2004
2004-07-09,KAC,0.42,40473,1421.61,CE,2004
2004-07-10,KAC,0.38,40473,1284.68,CE,2004
2004-07-11,KAC,0.35,40473,1184.17,CE,2004
2004-07-12,KAC,0.31,40473,1057.69,CE,2004
2004-07-13,KAC,0.25,40473,856,CE,2004
2004-07-14,KAC,0.19,40473,639.14,CE,2004
2004-07-15,KAC,0.13,40473,439.81,CE,2004
2004-07-16,KAC,0.1,40473,322.1,CE,2004
2004-07-17,KAC,0.07,40473,229.68,CE,2004
2004-07-18,KAC,0.04,40473,146.71,CE,2004
2004-07-19,KAC,0.03,40473,85.33,CE,2004
2004-07-20,KAC,0.01,40473,49.92,CE,2004
2004-07-21,KAC,0.01,40473,36.43,CE,2004
2004-07-22,KAC,0.01,40473,27.99,CE,2004
2004-07-23,KAC,0.01,40473,19.9,CE,2004
2004-07-24,KAC,0,40473,14.5,CE,2004
2004-07-25,KAC,0,40473,7.76,CE,2004
2004-07-26,KAC,0,40473,3.04,CE,2004
2004-07-27,KAC,0,40473,0,CE,2004
2004-07-28,KAC,0,40473,0,CE,2004
2004-07-29,KAC,0,40473,0,CE,2004
2004-07-30,KAC,0,40473,0,CE,2004
2004-07-31,KAC,0,40473,0,CE,2004
2004-08-01,KAC,0,40473,0,CE,2004
2004-08-02,KAC,0,40473,0,CE,2004
2004-08-03,KAC,0,40473,0,CE,2004
2004-08-04,KAC,0,40473,0,CE,2004
2004-08-05,KAC,0,40473,0,CE,2004
2004-08-06,KAC,0,40473,0,CE,2004
2004-08-07,KAC,0,40473,0,CE,2004
2004-08-08,KAC,0,40473,0,CE,2004
2004-08-09,KAC,0,40473,0,CE,2004
2004-08-10,KAC,0,40473,0,CE,2004
2004-08-11,KAC,0,40473,0,CE,2004
2004-08-12,KAC,0,40473,0,CE,2004
2004-08-13,KAC,0,40473,0,CE,2004
2004-08-14,KAC,0,40473,0,CE,2004
2004-08-15,KAC,0,40473,0,CE,2004
2004-08-16,KAC,0,40473,0,CE,2004
2004-08-17,KAC,0,40473,0,CE,2004
2004-08-18,KAC,0,40473,0,CE,2004
2004-08-19,KAC,0,40473,0,CE,2004
2004-08-20,KAC,0,40473,0,CE,2004
2004-08-21,KAC,0,40473,0,CE,2004
2004-08-22,KAC,0,40473,0,CE,2004
2004-08-23,KAC,0,40473,0,CE,2004
2004-08-24,KAC,0,40473,0,CE,2004
2004-08-25,KAC,0,40473,0,CE,2004
2004-08-26,KAC,0,40473,0,CE,2004
2004-08-27,KAC,0,40473,0,CE,2004
2004-08-28,KAC,0,40473,0,CE,2004
2004-08-29,KAC,0,40473,0,CE,2004
2004-08-30,KAC,0,40473,0,CE,2004
2004-09-01,KAC,0,40473,0,CE,2004
2004-09-02,KAC,0,40473,0,CE,2004
2004-09-03,KAC,0,40473,0,CE,2004
2004-09-04,KAC,0,40473,0,CE,2004
2004-09-05,KAC,0,40473,0,CE,2004
2004-09-06,KAC,0,40473,0,CE,2004
2004-09-07,KAC,0,40473,0,CE,2004
2004-09-08,KAC,0,40473,0,CE,2004
2004-09-09,KAC,0,40473,0,CE,2004
2004-09-10,KAC,0,40473,0,CE,2004
2004-09-11,KAC,0,40473,0,CE,2004
2004-09-12,KAC,0,40473,0,CE,2004
2004-09-13,KAC,0,40473,0,CE,2004
2004-09-14,KAC,0,40473,0,CE,2004
2004-09-15,KAC,0,40473,0,CE,2004
2004-09-16,KAC,0,40473,0,CE,2004
2004-09-17,KAC,0,40473,0,CE,2004
2004-09-18,KAC,0,40473,0,CE,2004
2004-09-19,KAC,0,40473,0,CE,2004
2004-09-20,KAC,0,40473,0,CE,2004
2004-09-21,KAC,0,40473,0,CE,2004
2004-09-22,KAC,0,40473,0,CE,2004
2004-09-23,KAC,0,40473,0,CE,2004
2004-09-24,KAC,0,40473,0,CE,2004
2004-09-25,KAC,0,40473,0,CE,2004
2004-09-26,KAC,0,40473,0,CE,2004
2004-09-28,KAC,0,40473,0,CE,2004
2004-09-29,KAC,0,40473,0,CE,2004
2004-09-30,KAC,0,40473,0,CE,2004
2004-10-01,KAC,0,40473,0,CE,2005
2004-10-02,KAC,0,40473,0,CE,2005
2004-10-03,KAC,0,40473,0,CE,2005
2004-10-04,KAC,0,40473,0,CE,2005
2004-10-05,KAC,0,40473,0,CE,2005
2004-10-06,KAC,0,40473,0,CE,2005
2004-10-07,KAC,0,40473,0,CE,2005
2004-10-08,KAC,0,40473,0,CE,2005
2004-10-09,KAC,0,40473,0,CE,2005
2004-10-10,KAC,0,40473,0,CE,2005
2004-10-11,KAC,0,40473,0,CE,2005
2004-10-12,KAC,0,40473,0,CE,2005
2004-10-13,KAC,0,40473,0,CE,2005
2004-10-14,KAC,0,40473,0,CE,2005
2004-10-15,KAC,0,40473,0,CE,2005
2004-10-16,KAC,0,40473,0,CE,2005
2004-10-17,KAC,0,40473,0,CE,2005
2004-10-18,KAC,0,40473,0,CE,2005
2004-10-19,KAC,0,40473,4.05,CE,2005
2004-10-20,KAC,0.01,40473,17.2,CE,2005
2004-10-21,KAC,0,40473,15.51,CE,2005
2004-10-22,KAC,0.01,40473,17.88,CE,2005
2004-10-23,KAC,0.01,40473,32.72,CE,2005
2004-10-24,KAC,0.01,40473,29.68,CE,2005
2004-10-25,KAC,0.01,40473,29.34,CE,2005
2004-10-26,KAC,0.01,40473,24.62,CE,2005
2004-10-27,KAC,0.01,40473,18.55,CE,2005
2004-10-28,KAC,0,40473,15.51,CE,2005
2004-10-29,KAC,0,40473,12.14,CE,2005
2004-10-30,KAC,0,40473,9.78,CE,2005
2004-10-31,KAC,0.01,40473,30.02,CE,2005
2004-11-01,KAC,0.01,40473,31.37,CE,2005
2004-11-02,KAC,0.41,40473,1391.6,CE,2005
2004-11-03,KAC,0.09,40473,298.83,CE,2005
2004-11-04,KAC,0.06,40473,190.9,CE,2005
2004-11-05,KAC,0.03,40473,107.25,CE,2005
2004-11-06,KAC,0.12,40473,398.32,CE,2005
2004-11-07,KAC,0.1,40473,324.8,CE,2005
2004-11-08,KAC,0.07,40473,219.57,CE,2005
2004-11-09,KAC,0.04,40473,128.84,CE,2005
2004-11-10,KAC,0.02,40473,64.76,CE,2005
2004-11-11,KAC,0.01,40473,20.24,CE,2005
2004-11-12,KAC,0,40473,5.4,CE,2005
2004-11-13,KAC,0,40473,2.36,CE,2005
2004-11-14,KAC,0,40473,2.02,CE,2005
2004-11-15,KAC,0,40473,9.44,CE,2005
2004-11-16,KAC,0.42,40473,1427.69,CE,2005
2004-11-17,KAC,0.38,40473,1275.91,CE,2005
2004-11-18,KAC,0.36,40473,1210.48,CE,2005
2004-11-19,KAC,0.39,40473,1303.57,CE,2005
2004-11-20,KAC,0.38,40473,1268.83,CE,2005
2004-11-21,KAC,0.37,40473,1233.75,CE,2005
2004-11-22,KAC,0.35,40473,1181.81,CE,2005
2004-11-23,KAC,0.33,40473,1117.05,CE,2005
2004-11-24,KAC,0.31,40473,1040.83,CE,2005
2004-11-25,KAC,0.16,40473,554.48,CE,2005
2004-11-26,KAC,0.13,40473,424.63,CE,2005
2004-11-27,KAC,0.12,40473,420.92,CE,2005
2004-11-28,KAC,0.14,40473,455.66,CE,2005
2004-11-29,KAC,0.13,40473,443.85,CE,2005
2004-11-30,KAC,0.13,40473,446.89,CE,2005
2004-12-01,KAC,1.28,40473,4325.89,CE,2005
2004-12-02,KAC,1.26,40473,4251.69,CE,2005
2004-12-03,KAC,1.25,40473,4202.78,CE,2005
2004-12-04,KAC,1.21,40473,4068.55,CE,2005
2004-12-05,KAC,1.44,40473,4859.46,CE,2005
2004-12-06,KAC,1.6,40473,5400.11,CE,2005
2004-12-07,KAC,1.61,40473,5442.61,CE,2005
2004-12-08,KAC,1.82,40473,6143.8,CE,2005
2004-12-09,KAC,2.46,40473,8284.49,CE,2005
2004-12-10,KAC,2.59,40473,8740.82,CE,2005
2004-12-11,KAC,4.5,40473,15167.26,CE,2005
2004-12-12,KAC,4.03,40473,13606.01,CE,2005
2004-12-13,KAC,3.96,40473,13342.6,CE,2005
2004-12-14,KAC,3.77,40473,12713.92,CE,2005
2004-12-15,KAC,3.75,40473,12661.98,CE,2005
2004-12-16,KAC,3.62,40473,12214.75,CE,2005
2004-12-17,KAC,3.56,40473,11994.17,CE,2005
2004-12-18,KAC,3.45,40473,11643.41,CE,2005
2004-12-19,KAC,3.23,40473,10878.81,CE,2005
2004-12-20,KAC,2.96,40473,9967.83,CE,2005
2004-12-21,KAC,3.95,40473,13308.87,CE,2005
2004-12-22,KAC,3.9,40473,13143.61,CE,2005
2004-12-23,KAC,3.83,40473,12922.35,CE,2005
2004-12-24,KAC,3.93,40473,13259.63,CE,2005
2004-12-25,KAC,3.9,40473,13165.19,CE,2005
2004-12-26,KAC,3.96,40473,13364.52,CE,2005
2004-12-27,KAC,3.91,40473,13194.2,CE,2005
2004-12-28,KAC,3.98,40473,13407.02,CE,2005
2004-12-29,KAC,3.95,40473,13334.84,CE,2005
2004-12-30,KAC,4.18,40473,14103.15,CE,2005
2004-12-31,KAC,4.35,40473,14673.49,CE,2005
2005-01-01,KAC,4.34,40473,14653.25,CE,2005
2005-01-02,KAC,4.4,40473,14824.25,CE,2005
2005-01-03,KAC,4.38,40473,14781.08,CE,2005
2005-01-04,KAC,4.38,40473,14760.84,CE,2005
2005-01-05,KAC,4.36,40473,14720.7,CE,2005
2005-01-06,KAC,4.36,40473,14691.36,CE,2005
2005-01-07,KAC,4.39,40473,14795.92,CE,2005
2005-01-08,KAC,4.62,40473,15569.96,CE,2005
2005-01-09,KAC,4.68,40473,15787.17,CE,2005
2005-01-10,KAC,4.72,40473,15933.21,CE,2005
2005-01-11,KAC,4.66,40473,15710.27,CE,2005
2005-01-12,KAC,4.66,40473,15709.26,CE,2005
2005-01-13,KAC,4.96,40473,16729.85,CE,2005
2005-01-14,KAC,4.96,40473,16735.59,CE,2005
2005-01-15,KAC,4.95,40473,16701.52,CE,2005
2005-01-16,KAC,5.06,40473,17079.61,CE,2005
2005-01-17,KAC,5.18,40473,17469.5,CE,2005
2005-01-18,KAC,6.04,40473,20383.55,CE,2005
2005-01-19,KAC,5.8,40473,19559.93,CE,2005
2005-01-20,KAC,5.3,40473,17886.71,CE,2005
2005-01-21,KAC,4.99,40473,16817.21,CE,2005
2005-01-22,KAC,4.64,40473,15649.22,CE,2005
2005-01-23,KAC,4.34,40473,14646.5,CE,2005
2005-01-24,KAC,4.04,40473,13612.08,CE,2005
2005-01-25,KAC,3.78,40473,12743.26,CE,2005
2005-01-26,KAC,3.46,40473,11684.56,CE,2005
2005-01-27,KAC,3.37,40473,11358.07,CE,2005
2005-01-28,KAC,3.28,40473,11053.85,CE,2005
2005-01-29,KAC,3.99,40473,13449.85,CE,2005
2005-01-30,KAC,3.92,40473,13210.39,CE,2005
2005-01-31,KAC,3.68,40473,12397.22,CE,2005
2005-02-01,KAC,3.43,40473,11552.34,CE,2005
2005-02-02,KAC,3.19,40473,10762.45,CE,2005
2005-02-03,KAC,2.86,40473,9632.57,CE,2005
2005-02-04,KAC,2.51,40473,8479.09,CE,2005
2005-02-05,KAC,3.04,40473,10242.37,CE,2005
2005-02-06,KAC,3.06,40473,10328.71,CE,2005
2005-02-07,KAC,3.26,40473,10984.37,CE,2005
2005-02-08,KAC,3.25,40473,10973.92,CE,2005
2005-02-09,KAC,3.25,40473,10949.97,CE,2005
2005-02-10,KAC,3.23,40473,10896.34,CE,2005
2005-02-11,KAC,4.28,40473,14420.53,CE,2005
2005-02-12,KAC,4.26,40473,14379.38,CE,2005
2005-02-13,KAC,4.3,40473,14488.66,CE,2005
2005-02-14,KAC,4.35,40473,14669.44,CE,2005
2005-02-15,KAC,4.42,40473,14899.46,CE,2005
2005-02-16,KAC,4.41,40473,14872.82,CE,2005
2005-02-17,KAC,5.36,40473,18084.35,CE,2005
2005-02-18,KAC,5.35,40473,18029.37,CE,2005
2005-02-19,KAC,5.32,40473,17954.16,CE,2005
2005-02-20,KAC,5.3,40473,17888.73,CE,2005
2005-02-21,KAC,5.28,40473,17807.78,CE,2005
2005-02-22,KAC,5.26,40473,17737.29,CE,2005
2005-02-23,KAC,5.52,40473,18623.99,CE,2005
2005-02-24,KAC,5.49,40473,18513.7,CE,2005
2005-02-25,KAC,5.45,40473,18381.49,CE,2005
2005-02-26,KAC,5.37,40473,18117.4,CE,2005
2005-02-27,KAC,5.24,40473,17662.08,CE,2005
2005-02-28,KAC,5.02,40473,16928.51,CE,2005
2005-03-01,KAC,5.57,40473,18774.41,CE,2005
2005-03-02,KAC,5.38,40473,18152.14,CE,2005
2005-03-03,KAC,5.15,40473,17372.02,CE,2005
2005-03-04,KAC,4.97,40473,16747.73,CE,2005
2005-03-05,KAC,4.67,40473,15754.45,CE,2005
2005-03-06,KAC,4.36,40473,14689.34,CE,2005
2005-03-07,KAC,3.89,40473,13113.25,CE,2005
2005-03-08,KAC,3.85,40473,12986.1,CE,2005
2005-03-09,KAC,3.27,40473,11031.93,CE,2005
2005-03-10,KAC,2.73,40473,9194.12,CE,2005
2005-03-11,KAC,2.31,40473,7776.21,CE,2005
2005-03-12,KAC,1.83,40473,6182.93,CE,2005
2005-03-13,KAC,1.6,40473,5410.9,CE,2005
2005-03-14,KAC,1.41,40473,4769.07,CE,2005
2005-03-15,KAC,1.28,40473,4311.39,CE,2005
2005-03-16,KAC,1.95,40473,6562.36,CE,2005
2005-03-17,KAC,2.14,40473,7214.31,CE,2005
2005-03-18,KAC,2.26,40473,7613.65,CE,2005
2005-03-19,KAC,2.23,40473,7504.71,CE,2005
2005-03-20,KAC,2.84,40473,9572.88,CE,2005
2005-03-21,KAC,2.77,40473,9339.14,CE,2005
2005-03-22,KAC,2.74,40473,9253.14,CE,2005
2005-03-23,KAC,2.7,40473,9119.58,CE,2005
2005-03-24,KAC,2.65,40473,8943.52,CE,2005
2005-03-25,KAC,2.63,40473,8859.54,CE,2005
2005-03-26,KAC,2.6,40473,8770.84,CE,2005
2005-03-27,KAC,3.72,40473,12556.07,CE,2005
2005-03-28,KAC,3.98,40473,13436.36,CE,2005
2005-03-29,KAC,3.95,40473,13330.46,CE,2005
2005-03-30,KAC,6.23,40473,20997.39,CE,2005
2005-03-31,KAC,8.5,40473,28674.45,CE,2005
2005-04-01,KAC,8.56,40473,28855.9,CE,2005
2005-04-02,KAC,8.69,40473,29293.01,CE,2005
2005-04-03,KAC,8.71,40473,29368.56,CE,2005
2005-04-04,KAC,8.84,40473,29801.96,CE,2005
2005-04-05,KAC,8.79,40473,29640.06,CE,2005
2005-04-06,KAC,8.77,40473,29575.31,CE,2005
2005-04-07,KAC,8.55,40473,28823.86,CE,2005
2005-04-08,KAC,8.87,40473,29899.77,CE,2005
2005-04-09,KAC,8.67,40473,29256.58,CE,2005
2005-04-10,KAC,8.54,40473,28809.36,CE,2005
2005-04-11,KAC,8.49,40473,28637.01,CE,2005
2005-04-12,KAC,8.46,40473,28541.56,CE,2005
2005-04-13,KAC,8.42,40473,28388.1,CE,2005
2005-04-14,KAC,9.05,40473,30528.45,CE,2005
2005-04-15,KAC,8.99,40473,30328.78,CE,2005
2005-04-16,KAC,9.19,40473,30990.85,CE,2005
2005-04-17,KAC,9.07,40473,30594.89,CE,2005
2005-04-18,KAC,8.95,40473,30190.16,CE,2005
2005-04-19,KAC,8.84,40473,29830.96,CE,2005
2005-04-20,KAC,8.92,40473,30084.26,CE,2005
2005-04-21,KAC,8.47,40473,28563.15,CE,2005
2005-04-22,KAC,7.85,40473,26491.6,CE,2005
2005-04-23,KAC,7.11,40473,23988.35,CE,2005
2005-04-24,KAC,6.4,40473,21569.75,CE,2005
2005-04-25,KAC,5.76,40473,19438.84,CE,2005
2005-04-26,KAC,4.99,40473,16839.47,CE,2005
2005-04-27,KAC,4.38,40473,14762.86,CE,2005
2005-04-28,KAC,3.85,40473,12969.24,CE,2005
2005-04-29,KAC,3.62,40473,12205.98,CE,2005
2005-04-30,KAC,3.51,40473,11834.64,CE,2005
2005-05-01,KAC,3.4,40473,11470.05,CE,2005
2005-05-02,KAC,3.14,40473,10597.86,CE,2005
2005-05-03,KAC,2.86,40473,9645.73,CE,2005
2005-05-04,KAC,2.67,40473,8991.41,CE,2005
2005-05-05,KAC,2.47,40473,8330.69,CE,2005
2005-05-06,KAC,2.23,40473,7535.06,CE,2005
2005-05-07,KAC,2.02,40473,6827.46,CE,2005
2005-05-08,KAC,1.92,40473,6481.08,CE,2005
2005-05-09,KAC,1.79,40473,6036.89,CE,2005
2005-05-10,KAC,1.65,40473,5562.34,CE,2005
2005-05-11,KAC,1.5,40473,5052.04,CE,2005
2005-05-12,KAC,1.36,40473,4577.5,CE,2005
2005-05-13,KAC,1.16,40473,3924.53,CE,2005
2005-05-14,KAC,0.99,40473,3348.13,CE,2005
2005-05-15,KAC,0.82,40473,2767,CE,2005
2005-05-16,KAC,0.68,40473,2301.23,CE,2005
2005-05-17,KAC,0.63,40473,2127.53,CE,2005
2005-05-18,KAC,0.61,40473,2051.98,CE,2005
2005-05-19,KAC,0.55,40473,1839.16,CE,2005
2005-05-20,KAC,0.52,40473,1740,CE,2005
2005-05-21,KAC,0.49,40473,1636.46,CE,2005
2005-05-22,KAC,0.47,40473,1580.81,CE,2005
2005-05-23,KAC,0.46,40473,1554.5,CE,2005
2005-05-24,KAC,0.45,40473,1504.92,CE,2005
2005-05-25,KAC,0.42,40473,1410.82,CE,2005
2005-05-26,KAC,0.34,40473,1138.98,CE,2005
2005-05-27,KAC,0.23,40473,764.27,CE,2005
2005-05-28,KAC,0.15,40473,509.62,CE,2005
2005-05-29,KAC,0.09,40473,301.19,CE,2005
2005-05-30,KAC,0.06,40473,191.91,CE,2005
2005-05-31,KAC,0.04,40473,130.86,CE,2005
2005-06-01,KAC,0.03,40473,108.27,CE,2005
2005-06-02,KAC,0.03,40473,101.18,CE,2005
2005-06-03,KAC,0.03,40473,94.1,CE,2005
2005-06-04,KAC,0.02,40473,83.64,CE,2005
2005-06-05,KAC,0.02,40473,74.54,CE,2005
2005-06-06,KAC,0.02,40473,71.17,CE,2005
2005-06-07,KAC,0.02,40473,65.09,CE,2005
2005-06-08,KAC,0.02,40473,62.73,CE,2005
2005-06-09,KAC,0.02,40473,55.99,CE,2005
2005-06-10,KAC,0.01,40473,45.53,CE,2005
2005-06-11,KAC,0.01,40473,36.76,CE,2005
2005-06-12,KAC,0.01,40473,32.04,CE,2005
2005-06-13,KAC,0.01,40473,31.03,CE,2005
2005-06-14,KAC,0.01,40473,28.33,CE,2005
2005-06-15,KAC,0.01,40473,24.28,CE,2005
2005-06-16,KAC,0.01,40473,20.57,CE,2005
2005-06-17,KAC,0,40473,14.17,CE,2005
2005-06-18,KAC,0,40473,12.14,CE,2005
2005-06-19,KAC,0,40473,10.79,CE,2005
2005-06-20,KAC,0,40473,8.43,CE,2005
2005-06-21,KAC,0,40473,4.72,CE,2005
2005-06-22,KAC,0,40473,0,CE,2005
2005-06-23,KAC,0,40473,0,CE,2005
2005-06-24,KAC,0,40473,0,CE,2005
2005-06-26,KAC,0,40473,0,CE,2005
2005-06-27,KAC,0,40473,0,CE,2005
2005-06-28,KAC,0,40473,0,CE,2005
2005-06-29,KAC,0,40473,0,CE,2005
2005-06-30,KAC,0,40473,0,CE,2005
2005-07-01,KAC,0,40473,0,CE,2005
2005-07-02,KAC,0,40473,0,CE,2005
2005-07-03,KAC,0,40473,0,CE,2005
2005-07-04,KAC,0,40473,0,CE,2005
2005-07-05,KAC,0,40473,0,CE,2005
2005-07-06,KAC,0,40473,0,CE,2005
2005-07-07,KAC,0,40473,0,CE,2005
2005-07-08,KAC,0,40473,0,CE,2005
2005-07-09,KAC,0,40473,0,CE,2005
2005-07-10,KAC,0,40473,0,CE,2005
2005-07-11,KAC,0,40473,0,CE,2005
2005-07-12,KAC,0,40473,0,CE,2005
2005-07-13,KAC,0,40473,0,CE,2005
2005-07-14,KAC,0,40473,0,CE,2005
2005-07-15,KAC,0,40473,0,CE,2005
2005-07-16,KAC,0,40473,0,CE,2005
2005-07-17,KAC,0,40473,0,CE,2005
2005-07-18,KAC,0,40473,0,CE,2005
2005-07-19,KAC,0,40473,0,CE,2005
2005-07-20,KAC,0,40473,0,CE,2005
2005-07-21,KAC,0,40473,0,CE,2005
2005-07-22,KAC,0,40473,0,CE,2005
2005-07-23,KAC,0,40473,0,CE,2005
2005-07-24,KAC,0,40473,0,CE,2005
2005-07-25,KAC,0,40473,0,CE,2005
2005-07-26,KAC,0,40473,0,CE,2005
2005-07-27,KAC,0,40473,0,CE,2005
2005-07-28,KAC,0,40473,0,CE,2005
2005-07-29,KAC,0,40473,0,CE,2005
2005-07-30,KAC,0,40473,0,CE,2005
2005-07-31,KAC,0,40473,0,CE,2005
2005-08-03,KAC,0,40473,0,CE,2005
2005-08-04,KAC,0,40473,0,CE,2005
2005-08-05,KAC,0,40473,0,CE,2005
2005-08-06,KAC,0,40473,0,CE,2005
2005-08-07,KAC,0,40473,0,CE,2005
2005-08-08,KAC,0,40473,0,CE,2005
2005-08-09,KAC,0,40473,0,CE,2005
2005-08-10,KAC,0,40473,0,CE,2005
2005-08-11,KAC,0,40473,0,CE,2005
2005-08-12,KAC,0,40473,0,CE,2005
2005-08-13,KAC,0,40473,0,CE,2005
2005-08-14,KAC,0,40473,0,CE,2005
2005-08-15,KAC,0,40473,0,CE,2005
2005-08-16,KAC,0,40473,0,CE,2005
2005-08-17,KAC,0,40473,0,CE,2005
2005-08-18,KAC,0,40473,0,CE,2005
2005-08-19,KAC,0,40473,0,CE,2005
2005-08-20,KAC,0,40473,0,CE,2005
2005-08-21,KAC,0,40473,0,CE,2005
2005-08-22,KAC,0,40473,0,CE,2005
2005-08-23,KAC,0,40473,0,CE,2005
2005-08-24,KAC,0,40473,0,CE,2005
2005-08-25,KAC,0,40473,0,CE,2005
2005-08-26,KAC,0,40473,0,CE,2005
2005-08-27,KAC,0,40473,0,CE,2005
2005-08-28,KAC,0,40473,0,CE,2005
2005-08-29,KAC,0,40473,0,CE,2005
2005-08-30,KAC,0,40473,0,CE,2005
2005-08-31,KAC,0,40473,0,CE,2005
2005-09-01,KAC,0,40473,0,CE,2005
2005-09-02,KAC,0,40473,0,CE,2005
2005-09-03,KAC,0,40473,0,CE,2005
2005-09-04,KAC,0,40473,0,CE,2005
2005-09-05,KAC,0,40473,0,CE,2005
2005-09-06,KAC,0,40473,0,CE,2005
2005-09-07,KAC,0,40473,0,CE,2005
2005-09-08,KAC,0,40473,0,CE,2005
2005-09-09,KAC,0,40473,0,CE,2005
2005-09-10,KAC,0,40473,0,CE,2005
2005-09-11,KAC,0,40473,0,CE,2005
2005-09-12,KAC,0,40473,0,CE,2005
2005-09-13,KAC,0,40473,0,CE,2005
2005-09-14,KAC,0,40473,0,CE,2005
2005-09-15,KAC,0,40473,0,CE,2005
2005-09-16,KAC,0,40473,0,CE,2005
2005-09-17,KAC,0,40473,0,CE,2005
2005-09-18,KAC,0,40473,0,CE,2005
2005-09-19,KAC,0,40473,0,CE,2005
2005-09-20,KAC,0,40473,0,CE,2005
2005-09-21,KAC,0,40473,0,CE,2005
2005-09-22,KAC,0,40473,0,CE,2005
2005-09-23,KAC,0,40473,0,CE,2005
2005-09-24,KAC,0,40473,0,CE,2005
2005-09-25,KAC,0,40473,0,CE,2005
2005-09-26,KAC,0,40473,0,CE,2005
2005-09-27,KAC,0,40473,0,CE,2005
2005-09-28,KAC,0,40473,0,CE,2005
2005-09-29,KAC,0,40473,0,CE,2005
2005-09-30,KAC,0,40473,0,CE,2005
2005-10-01,KAC,0,40473,0,CE,2006
2005-10-02,KAC,0,40473,0,CE,2006
2005-10-03,KAC,0,40473,0,CE,2006
2005-10-04,KAC,0,40473,0,CE,2006
2005-10-05,KAC,0,40473,0,CE,2006
2005-10-06,KAC,0,40473,0,CE,2006
2005-10-07,KAC,0,40473,0,CE,2006
2005-10-08,KAC,0,40473,0,CE,2006
2005-10-09,KAC,0,40473,1.35,CE,2006
2005-10-10,KAC,0,40473,0,CE,2006
2005-10-11,KAC,0,40473,0,CE,2006
2005-10-12,KAC,0,40473,0,CE,2006
2005-10-13,KAC,0,40473,0,CE,2006
2005-10-14,KAC,0,40473,0,CE,2006
2005-10-15,KAC,0,40473,0,CE,2006
2005-10-16,KAC,0,40473,0,CE,2006
2005-10-17,KAC,0,40473,0,CE,2006
2005-10-18,KAC,0,40473,0,CE,2006
2005-10-19,KAC,0,40473,0,CE,2006
2005-10-20,KAC,0,40473,0,CE,2006
2005-10-21,KAC,0,40473,0,CE,2006
2005-10-22,KAC,0,40473,0,CE,2006
2005-10-23,KAC,0,40473,0,CE,2006
2005-10-24,KAC,0,40473,0,CE,2006
2005-10-25,KAC,0,40473,0,CE,2006
2005-10-26,KAC,0,40473,0,CE,2006
2005-10-27,KAC,0,40473,0,CE,2006
2005-10-28,KAC,0,40473,0,CE,2006
2005-10-29,KAC,0.01,40473,18.89,CE,2006
2005-10-30,KAC,0.01,40473,20.57,CE,2006
2005-10-31,KAC,0,40473,11.8,CE,2006
2005-11-01,KAC,0.02,40473,75.55,CE,2006
2005-11-02,KAC,0.33,40473,1127.17,CE,2006
2005-11-03,KAC,0.36,40473,1204.41,CE,2006
2005-11-04,KAC,1.39,40473,4689.47,CE,2006
2005-11-05,KAC,1.86,40473,6273.65,CE,2006
2005-11-06,KAC,3.19,40473,10753.34,CE,2006
2005-11-07,KAC,3.92,40473,13225.56,CE,2006
2005-11-08,KAC,4.09,40473,13795.22,CE,2006
2005-11-09,KAC,4.08,40473,13769.93,CE,2006
2005-11-10,KAC,4.23,40473,14263.7,CE,2006
2005-11-11,KAC,4.32,40473,14586.81,CE,2006
2005-11-12,KAC,4.49,40473,15131.51,CE,2006
2005-11-13,KAC,4.59,40473,15477.89,CE,2006
2005-11-14,KAC,5.41,40473,18261.42,CE,2006
2005-11-15,KAC,5.35,40473,18034.09,CE,2006
2005-11-16,KAC,5.3,40473,17876.59,CE,2006
2005-11-17,KAC,5.22,40473,17614.52,CE,2006
2005-11-18,KAC,5.03,40473,16980.78,CE,2006
2005-11-19,KAC,4.62,40473,15593.24,CE,2006
2005-11-20,KAC,4.28,40473,14421.54,CE,2006
2005-11-21,KAC,4.1,40473,13829.29,CE,2006
2005-11-22,KAC,3.97,40473,13375.65,CE,2006
2005-11-23,KAC,3.81,40473,12848.83,CE,2006
2005-11-24,KAC,3.69,40473,12455.9,CE,2006
2005-11-25,KAC,3.74,40473,12612.4,CE,2006
2005-11-26,KAC,4.85,40473,16354.46,CE,2006
2005-11-27,KAC,5.33,40473,17982.15,CE,2006
2005-11-28,KAC,5.39,40473,18191.94,CE,2006
2005-11-29,KAC,5.58,40473,18818.93,CE,2006
2005-11-30,KAC,6.7,40473,22608.22,CE,2006
2005-12-01,KAC,7.08,40473,23882.78,CE,2006
2005-12-02,KAC,7.53,40473,25404.23,CE,2006
2005-12-03,KAC,7.93,40473,26743.55,CE,2006
2005-12-04,KAC,8.21,40473,27706.8,CE,2006
2005-12-05,KAC,8.21,40473,27704.11,CE,2006
2005-12-06,KAC,8.31,40473,28041.72,CE,2006
2005-12-07,KAC,8.34,40473,28135.48,CE,2006
2005-12-08,KAC,8.34,40473,28112.21,CE,2006
2005-12-09,KAC,8.4,40473,28338.86,CE,2006
2005-12-10,KAC,8.39,40473,28290.63,CE,2006
2005-12-11,KAC,8.37,40473,28221.49,CE,2006
2005-12-12,KAC,8.35,40473,28147.29,CE,2006
2005-12-13,KAC,8.36,40473,28193.83,CE,2006
2005-12-14,KAC,8.36,40473,28200.24,CE,2006
2005-12-15,KAC,8.34,40473,28137.84,CE,2006
2005-12-16,KAC,8.41,40473,28373.6,CE,2006
2005-12-17,KAC,8.41,40473,28347.96,CE,2006
2005-12-18,KAC,8.4,40473,28314.57,CE,2006
2005-12-19,KAC,8.47,40473,28561.46,CE,2006
2005-12-20,KAC,8.98,40473,30278.86,CE,2006
2005-12-21,KAC,9.15,40473,30862.01,CE,2006
2005-12-22,KAC,9.46,40473,31915.32,CE,2006
2005-12-23,KAC,9.98,40473,33656,CE,2006
2005-12-24,KAC,10.14,40473,34184.84,CE,2006
2005-12-25,KAC,9.78,40473,32975.71,CE,2006
2005-12-26,KAC,9.6,40473,32390.2,CE,2006
2005-12-27,KAC,9.4,40473,31713.97,CE,2006
2005-12-28,KAC,9.8,40473,33052.95,CE,2006
2005-12-29,KAC,10.71,40473,36123.5,CE,2006
2005-12-30,KAC,11.21,40473,37815.27,CE,2006
2005-12-31,KAC,12.72,40473,42892.61,CE,2006
2006-01-01,KAC,13.48,40473,45480.86,CE,2006
2006-01-02,KAC,13.84,40473,46671.1,CE,2006
2006-01-03,KAC,14.27,40473,48115.31,CE,2006
2006-01-04,KAC,14.93,40473,50343.02,CE,2006
2006-01-05,KAC,14.93,40473,50343.35,CE,2006
2006-01-06,KAC,14.99,40473,50552.8,CE,2006
2006-01-07,KAC,15.14,40473,51061.41,CE,2006
2006-01-08,KAC,15.39,40473,51919.44,CE,2006
2006-01-09,KAC,15.5,40473,52267.51,CE,2006
2006-01-10,KAC,16.86,40473,56865.24,CE,2006
2006-01-11,KAC,18.02,40473,60772.91,CE,2006
2006-01-12,KAC,18.75,40473,63254.91,CE,2006
2006-01-13,KAC,21.74,40473,73338.43,CE,2006
2006-01-14,KAC,22.61,40473,76245.06,CE,2006
2006-01-15,KAC,22.81,40473,76937.15,CE,2006
2006-01-16,KAC,23.03,40473,77664.99,CE,2006
2006-01-17,KAC,24.35,40473,82140.29,CE,2006
2006-01-18,KAC,25.75,40473,86857.42,CE,2006
2006-01-19,KAC,25.81,40473,87045.96,CE,2006
2006-01-20,KAC,26.29,40473,88667.57,CE,2006
2006-01-21,KAC,27.34,40473,92222.45,CE,2006
2006-01-22,KAC,27.4,40473,92419.76,CE,2006
2006-01-23,KAC,27.43,40473,92504.41,CE,2006
2006-01-24,KAC,27.53,40473,92859.56,CE,2006
2006-01-25,KAC,28.14,40473,94905.14,CE,2006
2006-01-26,KAC,28.11,40473,94799.91,CE,2006
2006-01-27,KAC,28.33,40473,95536.18,CE,2006
2006-01-28,KAC,29.09,40473,98111.27,CE,2006
2006-01-29,KAC,30.12,40473,101574.08,CE,2006
2006-01-30,KAC,31.05,40473,104711.75,CE,2006
2006-01-31,KAC,31.86,40473,107451.77,CE,2006
2006-02-01,KAC,32.57,40473,109835.96,CE,2006
2006-02-02,KAC,33.17,40473,111889.29,CE,2006
2006-02-03,KAC,33.74,40473,113780.06,CE,2006
2006-02-04,KAC,33.98,40473,114603.35,CE,2006
2006-02-05,KAC,34.55,40473,116534.58,CE,2006
2006-02-06,KAC,34.63,40473,116798,CE,2006
2006-02-07,KAC,34.6,40473,116681.97,CE,2006
2006-02-08,KAC,34.56,40473,116565.61,CE,2006
2006-02-09,KAC,34.56,40473,116556.17,CE,2006
2006-02-10,KAC,38.52,40473,129908.55,CE,2006
2006-02-11,KAC,38.46,40473,129727.1,CE,2006
2006-02-12,KAC,38.42,40473,129576,CE,2006
2006-02-13,KAC,38.38,40473,129460.99,CE,2006
2006-02-14,KAC,38.45,40473,129689.66,CE,2006
2006-02-15,KAC,38.6,40473,130176.68,CE,2006
2006-02-16,KAC,38.57,40473,130088.99,CE,2006
2006-02-17,KAC,39.25,40473,132379.76,CE,2006
2006-02-18,KAC,39.24,40473,132333.56,CE,2006
2006-02-19,KAC,39.21,40473,132237.1,CE,2006
2006-02-20,KAC,39.19,40473,132164.24,CE,2006
2006-02-21,KAC,39.2,40473,132206.74,CE,2006
2006-02-22,KAC,39.33,40473,132645.54,CE,2006
2006-02-23,KAC,39.65,40473,133722.45,CE,2006
2006-02-24,KAC,41.67,40473,140527.65,CE,2006
2006-02-25,KAC,41.69,40473,140596.46,CE,2006
2006-02-26,KAC,41.69,40473,140610.62,CE,2006
2006-02-27,KAC,41.75,40473,140805.23,CE,2006
2006-02-28,KAC,42.6,40473,143665.32,CE,2006
2006-03-01,KAC,43.73,40473,147477.54,CE,2006
2006-03-02,KAC,43.68,40473,147318.35,CE,2006
2006-03-03,KAC,43.64,40473,147200.98,CE,2006
2006-03-04,KAC,43.59,40473,147020.87,CE,2006
2006-03-05,KAC,43.59,40473,147024.58,CE,2006
2006-03-06,KAC,43.67,40473,147296.42,CE,2006
2006-03-07,KAC,43.66,40473,147244.48,CE,2006
2006-03-08,KAC,43.74,40473,147525.43,CE,2006
2006-03-09,KAC,44.52,40473,150171.36,CE,2006
2006-03-10,KAC,47.02,40473,158603.23,CE,2006
2006-03-11,KAC,47.05,40473,158690.59,CE,2006
2006-03-12,KAC,47.03,40473,158626.84,CE,2006
2006-03-13,KAC,47.01,40473,158557.7,CE,2006
2006-03-14,KAC,47,40473,158525.32,CE,2006
2006-03-15,KAC,47.03,40473,158616.39,CE,2006
2006-03-16,KAC,47.15,40473,159033.59,CE,2006
2006-03-17,KAC,48.04,40473,162013.08,CE,2006
2006-03-18,KAC,48.21,40473,162601.63,CE,2006
2006-03-19,KAC,48.26,40473,162755.76,CE,2006
2006-03-20,KAC,48.23,40473,162659.64,CE,2006
2006-03-21,KAC,48.18,40473,162491.34,CE,2006
2006-03-22,KAC,47.38,40473,159812.36,CE,2006
2006-03-23,KAC,47.45,40473,160039.35,CE,2006
2006-03-24,KAC,47.36,40473,159746.93,CE,2006
2006-03-25,KAC,47.23,40473,159280.82,CE,2006
2006-03-26,KAC,47.1,40473,158851.13,CE,2006
2006-03-27,KAC,47.17,40473,159107.12,CE,2006
2006-03-28,KAC,47.06,40473,158722.96,CE,2006
2006-03-29,KAC,46.93,40473,158268.65,CE,2006
2006-03-30,KAC,47.63,40473,160639.36,CE,2006
2006-03-31,KAC,47.46,40473,160080.83,CE,2006
2006-04-01,KAC,47.74,40473,161019.13,CE,2006
2006-04-02,KAC,48.17,40473,162453.56,CE,2006
2006-04-03,KAC,48.01,40473,161932.14,CE,2006
2006-04-04,KAC,47.96,40473,161765.18,CE,2006
2006-04-05,KAC,47.67,40473,160773.26,CE,2006
2006-04-06,KAC,47.41,40473,159905.79,CE,2006
2006-04-07,KAC,47.19,40473,159154,CE,2006
2006-04-08,KAC,46.91,40473,158200.86,CE,2006
2006-04-09,KAC,46.8,40473,157829.19,CE,2006
2006-04-10,KAC,46.59,40473,157140.81,CE,2006
2006-04-11,KAC,46.28,40473,156083.11,CE,2006
2006-04-12,KAC,46.33,40473,156257.15,CE,2006
2006-04-13,KAC,45.85,40473,154639.91,CE,2006
2006-04-14,KAC,46.18,40473,155764.05,CE,2006
2006-04-15,KAC,46.43,40473,156609.6,CE,2006
2006-04-16,KAC,46.71,40473,157525.3,CE,2006
2006-04-17,KAC,46.53,40473,156928.32,CE,2006
2006-04-18,KAC,46.08,40473,155400.13,CE,2006
2006-04-19,KAC,45.91,40473,154845.99,CE,2006
2006-04-20,KAC,45.67,40473,154028.77,CE,2006
2006-04-21,KAC,45.28,40473,152708.34,CE,2006
2006-04-22,KAC,45.74,40473,154272.28,CE,2006
2006-04-23,KAC,45.43,40473,153237.19,CE,2006
2006-04-24,KAC,45.08,40473,152054.36,CE,2006
2006-04-25,KAC,44.59,40473,150383.84,CE,2006
2006-04-26,KAC,44.06,40473,148595.94,CE,2006
2006-04-27,KAC,43.52,40473,146766.23,CE,2006
2006-04-28,KAC,43,40473,145014.08,CE,2006
2006-04-29,KAC,42.21,40473,142369.51,CE,2006
2006-04-30,KAC,41.36,40473,139480.08,CE,2006
2006-05-01,KAC,40.89,40473,137909.05,CE,2006
2006-05-02,KAC,40.6,40473,136927.58,CE,2006
2006-05-03,KAC,40.38,40473,136183.21,CE,2006
2006-05-04,KAC,40.07,40473,135145.76,CE,2006
2006-05-05,KAC,39.61,40473,133596.65,CE,2006
2006-05-06,KAC,39.02,40473,131606.73,CE,2006
2006-05-07,KAC,38.44,40473,129660.65,CE,2006
2006-05-08,KAC,38.24,40473,128964.18,CE,2006
2006-05-09,KAC,37.99,40473,128130.44,CE,2006
2006-05-10,KAC,37.74,40473,127301.41,CE,2006
2006-05-11,KAC,37.32,40473,125869.01,CE,2006
2006-05-12,KAC,36.71,40473,123799.15,CE,2006
2006-05-13,KAC,36.29,40473,122388.33,CE,2006
2006-05-14,KAC,35.98,40473,121361.33,CE,2006
2006-05-15,KAC,35.39,40473,119373.43,CE,2006
2006-05-16,KAC,34.15,40473,115176.04,CE,2006
2006-05-17,KAC,32.65,40473,110121.97,CE,2006
2006-05-18,KAC,31.13,40473,104997.42,CE,2006
2006-05-19,KAC,29.67,40473,100061.74,CE,2006
2006-05-20,KAC,28.54,40473,96258.62,CE,2006
2006-05-21,KAC,27.65,40473,93258.56,CE,2006
2006-05-22,KAC,26.9,40473,90725.63,CE,2006
2006-05-23,KAC,26.28,40473,88650.04,CE,2006
2006-05-24,KAC,25.77,40473,86900.25,CE,2006
2006-05-25,KAC,25.23,40473,85080.99,CE,2006
2006-05-26,KAC,24.84,40473,83790.24,CE,2006
2006-05-27,KAC,24.54,40473,82754.13,CE,2006
2006-05-28,KAC,24.37,40473,82209.43,CE,2006
2006-05-29,KAC,24.03,40473,81062.36,CE,2006
2006-05-30,KAC,23.56,40473,79449.17,CE,2006
2006-05-31,KAC,23.09,40473,77874.1,CE,2006
2006-06-01,KAC,22.14,40473,74660.54,CE,2006
2006-06-02,KAC,21.28,40473,71777.85,CE,2006
2006-06-03,KAC,20.52,40473,69216.25,CE,2006
2006-06-04,KAC,19.9,40473,67103.22,CE,2006
2006-06-05,KAC,19.14,40473,64538.92,CE,2006
2006-06-06,KAC,18.38,40473,61995.53,CE,2006
2006-06-07,KAC,17.69,40473,59667.99,CE,2006
2006-06-08,KAC,17.04,40473,57474.7,CE,2006
2006-06-09,KAC,16.63,40473,56074.67,CE,2006
2006-06-10,KAC,16.14,40473,54448.66,CE,2006
2006-06-11,KAC,15.66,40473,52807.48,CE,2006
2006-06-12,KAC,15.04,40473,50718.07,CE,2006
2006-06-13,KAC,14.08,40473,47495.4,CE,2006
2006-06-14,KAC,13.39,40473,45176.97,CE,2006
2006-06-15,KAC,12.9,40473,43506.11,CE,2006
2006-06-16,KAC,12.43,40473,41909.12,CE,2006
2006-06-17,KAC,11.85,40473,39980.24,CE,2006
2006-06-18,KAC,11.43,40473,38538.39,CE,2006
2006-06-19,KAC,11.02,40473,37170.74,CE,2006
2006-06-20,KAC,10.66,40473,35947.78,CE,2006
2006-06-21,KAC,10.32,40473,34798.69,CE,2006
2006-06-22,KAC,9.97,40473,33614.51,CE,2006
2006-06-23,KAC,9.55,40473,32212.46,CE,2006
2006-06-24,KAC,9.06,40473,30558.13,CE,2006
2006-06-25,KAC,8.35,40473,28153.69,CE,2006
2006-06-26,KAC,7.43,40473,25046.04,CE,2006
2006-06-27,KAC,6.4,40473,21574.47,CE,2006
2006-06-28,KAC,5.53,40473,18652.66,CE,2006
2006-06-29,KAC,5.06,40473,17069.83,CE,2006
2006-06-30,KAC,4.59,40473,15490.37,CE,2006
2006-07-01,KAC,4.04,40473,13629.62,CE,2006
2006-07-02,KAC,3.55,40473,11989.79,CE,2006
2006-07-03,KAC,3.05,40473,10299.03,CE,2006
2006-07-04,KAC,2.65,40473,8953.64,CE,2006
2006-07-05,KAC,2.26,40473,7638.27,CE,2006
2006-07-06,KAC,2.03,40473,6834.54,CE,2006
2006-07-07,KAC,1.87,40473,6294.56,CE,2006
2006-07-08,KAC,1.68,40473,5675.66,CE,2006
2006-07-09,KAC,1.4,40473,4719.49,CE,2006
2006-07-10,KAC,1.17,40473,3959.27,CE,2006
2006-07-11,KAC,1.04,40473,3494.84,CE,2006
2006-07-12,KAC,0.92,40473,3100.23,CE,2006
2006-07-13,KAC,0.82,40473,2756.89,CE,2006
2006-07-14,KAC,0.72,40473,2432.09,CE,2006
2006-07-15,KAC,0.6,40473,2031.74,CE,2006
2006-07-16,KAC,0.52,40473,1741.01,CE,2006
2006-07-17,KAC,0.41,40473,1383.5,CE,2006
2006-07-18,KAC,0.35,40473,1178.1,CE,2006
2006-07-19,KAC,0.3,40473,1021.61,CE,2006
2006-07-20,KAC,0.24,40473,819.58,CE,2006
2006-07-21,KAC,0.17,40473,569.99,CE,2006
2006-07-22,KAC,0.1,40473,333.56,CE,2006
2006-07-23,KAC,0.04,40473,144.69,CE,2006
2006-07-24,KAC,0.01,40473,39.8,CE,2006
2006-07-25,KAC,0,40473,0,CE,2006
2006-07-26,KAC,0,40473,0,CE,2006
2006-07-27,KAC,0,40473,0,CE,2006
2006-07-28,KAC,0,40473,0,CE,2006
2006-07-29,KAC,0,40473,0,CE,2006
2006-07-30,KAC,0,40473,0,CE,2006
2006-07-31,KAC,0,40473,0,CE,2006
2006-08-01,KAC,0,40473,0,CE,2006
2006-08-02,KAC,0,40473,0,CE,2006
2006-08-03,KAC,0,40473,0,CE,2006
2006-08-04,KAC,0,40473,0,CE,2006
2006-08-05,KAC,0,40473,0,CE,2006
2006-08-06,KAC,0,40473,0,CE,2006
2006-08-07,KAC,0,40473,0,CE,2006
2006-08-08,KAC,0,40473,0,CE,2006
2006-08-09,KAC,0,40473,0,CE,2006
2006-08-10,KAC,0,40473,0,CE,2006
2006-08-11,KAC,0,40473,0,CE,2006
2006-08-12,KAC,0,40473,0,CE,2006
2006-08-13,KAC,0,40473,0,CE,2006
2006-08-14,KAC,0,40473,0,CE,2006
2006-08-15,KAC,0,40473,0,CE,2006
2006-08-16,KAC,0,40473,0,CE,2006
2006-08-17,KAC,0,40473,0,CE,2006
2006-08-18,KAC,0,40473,0,CE,2006
2006-08-19,KAC,0,40473,0,CE,2006
2006-08-20,KAC,0,40473,0,CE,2006
2006-08-21,KAC,0,40473,0,CE,2006
2006-08-22,KAC,0,40473,0,CE,2006
2006-08-23,KAC,0,40473,0,CE,2006
2006-08-24,KAC,0,40473,0,CE,2006
2006-08-25,KAC,0,40473,0,CE,2006
2006-08-28,KAC,0,40473,0,CE,2006
2006-08-29,KAC,0,40473,0,CE,2006
2006-08-30,KAC,0,40473,0,CE,2006
2006-08-31,KAC,0,40473,0,CE,2006
2006-09-01,KAC,0,40473,0,CE,2006
2006-09-02,KAC,0,40473,0,CE,2006
2006-09-03,KAC,0,40473,0,CE,2006
2006-09-04,KAC,0,40473,0,CE,2006
2006-09-05,KAC,0,40473,0,CE,2006
2006-09-06,KAC,0,40473,0,CE,2006
2006-09-07,KAC,0,40473,0,CE,2006
2006-09-09,KAC,0,40473,0,CE,2006
2006-09-10,KAC,0,40473,0,CE,2006
2006-09-11,KAC,0,40473,0,CE,2006
2006-09-12,KAC,0,40473,0,CE,2006
2006-09-13,KAC,0,40473,0,CE,2006
2006-09-14,KAC,0,40473,0,CE,2006
2006-09-15,KAC,0,40473,1.01,CE,2006
2006-09-16,KAC,0,40473,0.67,CE,2006
2006-09-17,KAC,0,40473,0.67,CE,2006
2006-09-18,KAC,0,40473,0,CE,2006
2006-09-19,KAC,0,40473,0,CE,2006
2006-09-20,KAC,0,40473,0,CE,2006
2006-09-21,KAC,0,40473,0,CE,2006
2006-09-22,KAC,0,40473,0,CE,2006
2006-09-23,KAC,0,40473,0,CE,2006
2006-09-24,KAC,0,40473,0,CE,2006
2006-09-25,KAC,0,40473,0,CE,2006
2006-09-26,KAC,0,40473,0,CE,2006
2006-09-27,KAC,0,40473,0,CE,2006
2006-09-28,KAC,0,40473,0,CE,2006
2006-09-29,KAC,0,40473,0,CE,2006
2006-10-02,KAC,0,40473,0,CE,2007
2006-10-03,KAC,0,40473,0,CE,2007
2006-10-04,KAC,0,40473,0,CE,2007
2006-10-05,KAC,0,40473,0,CE,2007
2006-10-06,KAC,0,40473,0,CE,2007
2006-10-07,KAC,0,40473,0,CE,2007
2006-10-08,KAC,0,40473,0,CE,2007
2006-10-09,KAC,0,40473,0,CE,2007
2006-10-10,KAC,0,40473,0,CE,2007
2006-10-11,KAC,0,40473,0,CE,2007
2006-10-12,KAC,0,40473,0,CE,2007
2006-10-13,KAC,0,40473,0,CE,2007
2006-10-14,KAC,0,40473,0,CE,2007
2006-10-15,KAC,0,40473,0,CE,2007
2006-10-16,KAC,0,40473,0,CE,2007
2006-10-17,KAC,0,40473,7.76,CE,2007
2006-10-18,KAC,0,40473,7.08,CE,2007
2006-10-19,KAC,0,40473,0,CE,2007
2006-10-20,KAC,0,40473,0,CE,2007
2006-10-21,KAC,0,40473,0,CE,2007
2006-10-22,KAC,0,40473,0,CE,2007
2006-10-23,KAC,0,40473,0,CE,2007
2006-10-24,KAC,0,40473,0,CE,2007
2006-10-25,KAC,0.08,40473,273.87,CE,2007
2006-10-26,KAC,0.12,40473,400.35,CE,2007
2006-10-27,KAC,0.08,40473,271.51,CE,2007
2006-10-28,KAC,0.04,40473,125.47,CE,2007
2006-10-29,KAC,0.02,40473,51.6,CE,2007
2006-10-30,KAC,0.24,40473,822.61,CE,2007
2006-10-31,KAC,0.24,40473,796.98,CE,2007
2006-11-01,KAC,0.23,40473,760.89,CE,2007
2006-11-02,KAC,0.2,40473,682.31,CE,2007
2006-11-03,KAC,0.85,40473,2869.87,CE,2007
2006-11-04,KAC,0.77,40473,2597.69,CE,2007
2006-11-05,KAC,0.33,40473,1112.33,CE,2007
2006-11-06,KAC,0.01,40473,23.61,CE,2007
2006-11-07,KAC,0,40473,0,CE,2007
2006-11-08,KAC,0,40473,3.37,CE,2007
2006-11-09,KAC,0.16,40473,542.68,CE,2007
2006-11-10,KAC,0.52,40473,1762.94,CE,2007
2006-11-11,KAC,3.98,40473,13431.3,CE,2007
2006-11-12,KAC,4.91,40473,16551.1,CE,2007
2006-11-13,KAC,7.21,40473,24316.85,CE,2007
2006-11-14,KAC,9.21,40473,31077.87,CE,2007
2006-11-15,KAC,9.22,40473,31099.12,CE,2007
2006-11-16,KAC,10.13,40473,34152.8,CE,2007
2006-11-17,KAC,10.07,40473,33958.53,CE,2007
2006-11-18,KAC,10.02,40473,33783.15,CE,2007
2006-11-19,KAC,9.97,40473,33637.45,CE,2007
2006-11-20,KAC,10.08,40473,34008.45,CE,2007
2006-11-21,KAC,10.05,40473,33910.64,CE,2007
2006-11-22,KAC,10.08,40473,34003.39,CE,2007
2006-11-23,KAC,10.37,40473,34969.35,CE,2007
2006-11-24,KAC,11.35,40473,38266.21,CE,2007
2006-11-25,KAC,11.63,40473,39233.85,CE,2007
2006-11-26,KAC,11.81,40473,39823.07,CE,2007
2006-11-27,KAC,12.69,40473,42802.22,CE,2007
2006-11-28,KAC,13.84,40473,46687.97,CE,2007
2006-11-29,KAC,13.91,40473,46925.75,CE,2007
2006-11-30,KAC,13.97,40473,47113.94,CE,2007
2006-12-01,KAC,14.55,40473,49067.78,CE,2007
2006-12-02,KAC,14.63,40473,49349.74,CE,2007
2006-12-03,KAC,14.62,40473,49321.07,CE,2007
2006-12-04,KAC,14.61,40473,49282.29,CE,2007
2006-12-05,KAC,14.68,40473,49526.47,CE,2007
2006-12-06,KAC,14.69,40473,49556.15,CE,2007
2006-12-07,KAC,14.67,40473,49492.75,CE,2007
2006-12-08,KAC,14.65,40473,49411.46,CE,2007
2006-12-09,KAC,14.62,40473,49293.42,CE,2007
2006-12-10,KAC,14.75,40473,49753.12,CE,2007
2006-12-11,KAC,14.81,40473,49938.29,CE,2007
2006-12-12,KAC,15.27,40473,51510.66,CE,2007
2006-12-13,KAC,15.72,40473,53012.55,CE,2007
2006-12-14,KAC,18.8,40473,63398.59,CE,2007
2006-12-15,KAC,19.95,40473,67284,CE,2007
2006-12-16,KAC,21.07,40473,71071.26,CE,2007
2006-12-17,KAC,21.09,40473,71117.13,CE,2007
2006-12-18,KAC,21.07,40473,71068.56,CE,2007
2006-12-19,KAC,21.92,40473,73924.95,CE,2007
2006-12-20,KAC,21.91,40473,73891.22,CE,2007
2006-12-21,KAC,21.99,40473,74150.25,CE,2007
2006-12-22,KAC,22.15,40473,74690.22,CE,2007
2006-12-23,KAC,22.18,40473,74798.49,CE,2007
2006-12-24,KAC,22.57,40473,76120.61,CE,2007
2006-12-25,KAC,22.94,40473,77381.68,CE,2007
2006-12-26,KAC,23.34,40473,78709.53,CE,2007
2006-12-27,KAC,24.14,40473,81405.37,CE,2007
2006-12-28,KAC,26.2,40473,88358.97,CE,2007
2006-12-29,KAC,26.18,40473,88312.42,CE,2007
2006-12-30,KAC,26.17,40473,88264.87,CE,2007
2006-12-31,KAC,26.16,40473,88229.12,CE,2007
2007-01-01,KAC,26.15,40473,88204.16,CE,2007
2007-01-02,KAC,26.24,40473,88494.21,CE,2007
2007-01-03,KAC,26.93,40473,90818.71,CE,2007
2007-01-04,KAC,27.97,40473,94335.48,CE,2007
2007-01-05,KAC,28.82,40473,97189.5,CE,2007
2007-01-06,KAC,29.41,40473,99204.04,CE,2007
2007-01-07,KAC,30.28,40473,102124.17,CE,2007
2007-01-08,KAC,31.38,40473,105840.61,CE,2007
2007-01-09,KAC,32.88,40473,110886.24,CE,2007
2007-01-10,KAC,33.21,40473,112019.82,CE,2007
2007-01-11,KAC,33.57,40473,113227.26,CE,2007
2007-01-12,KAC,33.6,40473,113326.76,CE,2007
2007-01-13,KAC,33.57,40473,113239.74,CE,2007
2007-01-14,KAC,33.56,40473,113176.67,CE,2007
2007-01-15,KAC,33.54,40473,113111.92,CE,2007
2007-01-16,KAC,33.52,40473,113047.83,CE,2007
2007-01-17,KAC,33.69,40473,113622.21,CE,2007
2007-01-18,KAC,33.68,40473,113582.08,CE,2007
2007-01-19,KAC,33.81,40473,114029.64,CE,2007
2007-01-20,KAC,33.9,40473,114349.38,CE,2007
2007-01-21,KAC,34.16,40473,115203.36,CE,2007
2007-01-22,KAC,34.16,40473,115196.61,CE,2007
2007-01-23,KAC,35.12,40473,118451.99,CE,2007
2007-01-24,KAC,35.21,40473,118745.76,CE,2007
2007-01-25,KAC,35.13,40473,118484.37,CE,2007
2007-01-26,KAC,35.04,40473,118183.18,CE,2007
2007-01-27,KAC,34.96,40473,117898.19,CE,2007
2007-01-28,KAC,34.86,40473,117576.09,CE,2007
2007-01-29,KAC,34.78,40473,117318.75,CE,2007
2007-01-30,KAC,34.73,40473,117122.45,CE,2007
2007-01-31,KAC,34.68,40473,116976.08,CE,2007
2007-02-01,KAC,35.13,40473,118482.01,CE,2007
2007-02-02,KAC,35.1,40473,118385.89,CE,2007
2007-02-03,KAC,35.06,40473,118260.76,CE,2007
2007-02-04,KAC,35.04,40473,118188.58,CE,2007
2007-02-05,KAC,35,40473,118058.39,CE,2007
2007-02-06,KAC,34.85,40473,117555.85,CE,2007
2007-02-07,KAC,34.66,40473,116895.13,CE,2007
2007-02-08,KAC,34.82,40473,117434.43,CE,2007
2007-02-09,KAC,34.97,40473,117941.36,CE,2007
2007-02-10,KAC,34.91,40473,117726.18,CE,2007
2007-02-11,KAC,34.99,40473,118020.95,CE,2007
2007-02-12,KAC,35.22,40473,118776.45,CE,2007
2007-02-13,KAC,35.79,40473,120721.85,CE,2007
2007-02-15,KAC,36.04,40473,121559.31,CE,2007
2007-02-16,KAC,36.9,40473,124453.46,CE,2007
2007-02-17,KAC,36.39,40473,122740.44,CE,2007
2007-02-18,KAC,36.08,40473,121704,CE,2007
2007-02-19,KAC,36.38,40473,122711.44,CE,2007
2007-02-20,KAC,37.01,40473,124830.87,CE,2007
2007-02-21,KAC,38.09,40473,128480.86,CE,2007
2007-02-22,KAC,38.99,40473,131501.5,CE,2007
2007-02-23,KAC,39.1,40473,131872.5,CE,2007
2007-02-24,KAC,39.37,40473,132800.34,CE,2007
2007-02-25,KAC,39.94,40473,134711.35,CE,2007
2007-02-26,KAC,40.34,40473,136068.88,CE,2007
2007-02-27,KAC,40.55,40473,136748.49,CE,2007
2007-02-28,KAC,40.93,40473,138034.18,CE,2007
2007-03-01,KAC,41.51,40473,139986.33,CE,2007
2007-03-02,KAC,41.8,40473,140986.01,CE,2007
2007-03-03,KAC,41.98,40473,141590.07,CE,2007
2007-03-04,KAC,42.09,40473,141959.05,CE,2007
2007-03-05,KAC,42.07,40473,141876.08,CE,2007
2007-03-06,KAC,42.04,40473,141781.3,CE,2007
2007-03-07,KAC,41.97,40473,141545.21,CE,2007
2007-03-08,KAC,41.91,40473,141356.34,CE,2007
2007-03-09,KAC,41.94,40473,141455.16,CE,2007
2007-03-10,KAC,41.86,40473,141185,CE,2007
2007-03-11,KAC,41.99,40473,141619.07,CE,2007
2007-03-12,KAC,41.93,40473,141407.27,CE,2007
2007-03-13,KAC,40.91,40473,137976.17,CE,2007
2007-03-14,KAC,40.8,40473,137613.6,CE,2007
2007-03-15,KAC,40.83,40473,137705.67,CE,2007
2007-03-16,KAC,40.67,40473,137176.49,CE,2007
2007-03-17,KAC,40.28,40473,135870.9,CE,2007
2007-03-18,KAC,39.72,40473,133981.48,CE,2007
2007-03-19,KAC,39.07,40473,131769.63,CE,2007
2007-03-20,KAC,39.79,40473,134210.49,CE,2007
2007-03-21,KAC,40.04,40473,135041.54,CE,2007
2007-03-22,KAC,39.83,40473,134320.78,CE,2007
2007-03-23,KAC,39.64,40473,133701.54,CE,2007
2007-03-24,KAC,39.38,40473,132835.42,CE,2007
2007-03-25,KAC,39.1,40473,131877.22,CE,2007
2007-03-27,KAC,37.94,40473,127957.75,CE,2007
2007-03-28,KAC,39.14,40473,132021.58,CE,2007
2007-03-29,KAC,38.93,40473,131300.15,CE,2007
2007-03-30,KAC,38.56,40473,130047.51,CE,2007
2007-03-31,KAC,38.01,40473,128196.2,CE,2007
2007-04-01,KAC,37.64,40473,126952,CE,2007
2007-04-02,KAC,37.43,40473,126249.45,CE,2007
2007-04-03,KAC,37.88,40473,127773.6,CE,2007
2007-04-04,KAC,37.63,40473,126932.43,CE,2007
2007-04-05,KAC,37.33,40473,125890.25,CE,2007
2007-04-06,KAC,36.83,40473,124227.15,CE,2007
2007-04-07,KAC,36.04,40473,121566.73,CE,2007
2007-04-08,KAC,35.26,40473,118926.54,CE,2007
2007-04-09,KAC,34.55,40473,116521.43,CE,2007
2007-04-10,KAC,35.21,40473,118770.04,CE,2007
2007-04-11,KAC,35.15,40473,118538.33,CE,2007
2007-04-12,KAC,34.86,40473,117558.89,CE,2007
2007-04-13,KAC,34.52,40473,116443.52,CE,2007
2007-04-14,KAC,34.18,40473,115284.98,CE,2007
2007-04-15,KAC,33.87,40473,114244.82,CE,2007
2007-04-16,KAC,33.65,40473,113486.63,CE,2007
2007-04-17,KAC,33.47,40473,112878.86,CE,2007
2007-04-18,KAC,33.27,40473,112198.91,CE,2007
2007-04-19,KAC,34.43,40473,116123.45,CE,2007
2007-04-20,KAC,34.16,40473,115227.98,CE,2007
2007-04-21,KAC,33.88,40473,114260,CE,2007
2007-04-22,KAC,33.58,40473,113258.63,CE,2007
2007-04-23,KAC,33.15,40473,111790.47,CE,2007
2007-04-24,KAC,33.06,40473,111494.35,CE,2007
2007-04-25,KAC,32.54,40473,109749.29,CE,2007
2007-04-26,KAC,32.07,40473,108177.92,CE,2007
2007-04-27,KAC,31.66,40473,106766.09,CE,2007
2007-04-28,KAC,31.15,40473,105046.66,CE,2007
2007-04-29,KAC,30.46,40473,102742.73,CE,2007
2007-04-30,KAC,29.9,40473,100849.27,CE,2007
2007-05-01,KAC,29.43,40473,99246.2,CE,2007
2007-05-02,KAC,29.1,40473,98138.93,CE,2007
2007-05-03,KAC,28.67,40473,96696.41,CE,2007
2007-05-04,KAC,28.34,40473,95581.71,CE,2007
2007-05-05,KAC,28.16,40473,94973.94,CE,2007
2007-05-06,KAC,27.83,40473,93851.15,CE,2007
2007-05-07,KAC,27.31,40473,92103.73,CE,2007
2007-05-08,KAC,26.41,40473,89059.49,CE,2007
2007-05-09,KAC,25.33,40473,85436.14,CE,2007
2007-05-10,KAC,24.57,40473,82873.53,CE,2007
2007-05-11,KAC,24.13,40473,81374.34,CE,2007
2007-05-12,KAC,23.48,40473,79186.44,CE,2007
2007-05-13,KAC,22.78,40473,76818.09,CE,2007
2007-05-14,KAC,22.35,40473,75366.46,CE,2007
2007-05-15,KAC,21.78,40473,73456.47,CE,2007
2007-05-16,KAC,20.8,40473,70140.05,CE,2007
2007-05-17,KAC,19.91,40473,67155.5,CE,2007
2007-05-18,KAC,19.25,40473,64936.9,CE,2007
2007-05-19,KAC,18.68,40473,63016.12,CE,2007
2007-05-20,KAC,18.18,40473,61331.77,CE,2007
2007-05-21,KAC,18.04,40473,60847.11,CE,2007
2007-05-22,KAC,16.53,40473,55766.4,CE,2007
2007-05-23,KAC,16.14,40473,54436.19,CE,2007
2007-05-24,KAC,15.63,40473,52709,CE,2007
2007-05-25,KAC,15.03,40473,50692.1,CE,2007
2007-05-26,KAC,14.41,40473,48603.69,CE,2007
2007-05-27,KAC,13.74,40473,46351.37,CE,2007
2007-05-28,KAC,13.23,40473,44633.96,CE,2007
2007-05-29,KAC,12.86,40473,43369.52,CE,2007
2007-05-30,KAC,12.24,40473,41287.18,CE,2007
2007-05-31,KAC,11.38,40473,38397.75,CE,2007
2007-06-01,KAC,10.47,40473,35316.4,CE,2007
2007-06-02,KAC,9.63,40473,32463.39,CE,2007
2007-06-03,KAC,8.78,40473,29601.28,CE,2007
2007-06-04,KAC,7.67,40473,25885.52,CE,2007
2007-06-05,KAC,6.9,40473,23257.47,CE,2007
2007-06-06,KAC,4.99,40473,16840.82,CE,2007
2007-06-07,KAC,4.77,40473,16103.53,CE,2007
2007-06-08,KAC,4.53,40473,15295.08,CE,2007
2007-06-09,KAC,4.21,40473,14194.22,CE,2007
2007-06-10,KAC,3.92,40473,13214.43,CE,2007
2007-06-11,KAC,3.59,40473,12094.01,CE,2007
2007-06-12,KAC,3.36,40473,11347.62,CE,2007
2007-06-13,KAC,3.09,40473,10422.13,CE,2007
2007-06-14,KAC,2.79,40473,9419.75,CE,2007
2007-06-15,KAC,2.54,40473,8574.54,CE,2007
2007-06-16,KAC,2.29,40473,7733.04,CE,2007
2007-06-17,KAC,2.07,40473,6996.1,CE,2007
2007-06-18,KAC,1.91,40473,6458.14,CE,2007
2007-06-19,KAC,1.39,40473,4682.39,CE,2007
2007-06-20,KAC,1.11,40473,3732.96,CE,2007
2007-06-21,KAC,0.8,40473,2689.09,CE,2007
2007-06-22,KAC,0.63,40473,2126.52,CE,2007
2007-06-23,KAC,0.53,40473,1793.29,CE,2007
2007-06-24,KAC,0.45,40473,1528.19,CE,2007
2007-06-25,KAC,0.4,40473,1335.95,CE,2007
2007-06-26,KAC,0.35,40473,1178.1,CE,2007
2007-06-27,KAC,0.25,40473,852.29,CE,2007
2007-06-28,KAC,0.18,40473,592.25,CE,2007
2007-06-29,KAC,0.13,40473,421.59,CE,2007
2007-06-30,KAC,0.1,40473,347.39,CE,2007
2007-07-01,KAC,0.09,40473,288.37,CE,2007
2007-07-02,KAC,0.06,40473,209.45,CE,2007
2007-07-03,KAC,0.05,40473,151.77,CE,2007
2007-07-04,KAC,0.03,40473,116.7,CE,2007
2007-07-05,KAC,0.02,40473,79.93,CE,2007
2007-07-06,KAC,0.01,40473,46.54,CE,2007
2007-07-07,KAC,0.01,40473,26.98,CE,2007
2007-07-08,KAC,0,40473,12.82,CE,2007
2007-07-09,KAC,0,40473,1.69,CE,2007
2007-07-10,KAC,0,40473,0,CE,2007
2007-07-11,KAC,0,40473,0,CE,2007
2007-07-12,KAC,0,40473,0,CE,2007
2007-07-13,KAC,0,40473,0,CE,2007
2007-07-14,KAC,0,40473,0,CE,2007
2007-07-15,KAC,0,40473,0,CE,2007
2007-07-16,KAC,0,40473,0,CE,2007
2007-07-17,KAC,0,40473,0,CE,2007
2007-07-18,KAC,0,40473,0,CE,2007
2007-07-19,KAC,0,40473,0,CE,2007
2007-07-20,KAC,0,40473,0,CE,2007
2007-07-21,KAC,0,40473,0,CE,2007
2007-07-22,KAC,0,40473,0,CE,2007
2007-07-23,KAC,0,40473,0,CE,2007
2007-07-24,KAC,0,40473,0,CE,2007
2007-07-25,KAC,0,40473,0,CE,2007
2007-07-26,KAC,0,40473,0,CE,2007
2007-07-27,KAC,0,40473,0,CE,2007
2007-07-28,KAC,0,40473,0,CE,2007
2007-07-29,KAC,0,40473,0,CE,2007
2007-07-30,KAC,0,40473,0,CE,2007
2007-07-31,KAC,0,40473,0,CE,2007
2007-08-01,KAC,0,40473,0,CE,2007
2007-08-02,KAC,0,40473,0,CE,2007
2007-08-03,KAC,0,40473,0,CE,2007
2007-08-04,KAC,0,40473,0,CE,2007
2007-08-05,KAC,0,40473,0,CE,2007
2007-08-06,KAC,0,40473,0,CE,2007
2007-08-07,KAC,0,40473,0,CE,2007
2007-08-08,KAC,0,40473,0,CE,2007
2007-08-09,KAC,0,40473,0,CE,2007
2007-08-10,KAC,0,40473,0,CE,2007
2007-08-11,KAC,0,40473,0,CE,2007
2007-08-12,KAC,0,40473,0,CE,2007
2007-08-13,KAC,0,40473,0,CE,2007
2007-08-14,KAC,0,40473,0,CE,2007
2007-08-15,KAC,0,40473,0,CE,2007
2007-08-16,KAC,0,40473,0,CE,2007
2007-08-17,KAC,0,40473,0,CE,2007
2007-08-18,KAC,0,40473,0,CE,2007
2007-08-19,KAC,0,40473,0,CE,2007
2007-08-20,KAC,0,40473,0,CE,2007
2007-08-21,KAC,0,40473,0,CE,2007
2007-08-22,KAC,0,40473,0,CE,2007
2007-08-23,KAC,0,40473,0,CE,2007
2007-08-24,KAC,0,40473,0,CE,2007
2007-08-25,KAC,0,40473,0,CE,2007
2007-08-26,KAC,0,40473,0,CE,2007
2007-08-27,KAC,0,40473,0,CE,2007
2007-08-28,KAC,0,40473,0,CE,2007
2007-08-29,KAC,0,40473,0,CE,2007
2007-08-30,KAC,0,40473,0,CE,2007
2007-08-31,KAC,0,40473,0,CE,2007
2007-09-01,KAC,0,40473,0,CE,2007
2007-09-02,KAC,0,40473,0,CE,2007
2007-09-03,KAC,0,40473,0,CE,2007
2007-09-04,KAC,0,40473,0,CE,2007
2007-09-05,KAC,0,40473,0,CE,2007
2007-09-06,KAC,0,40473,0,CE,2007
2007-09-07,KAC,0,40473,0,CE,2007
2007-09-08,KAC,0,40473,0,CE,2007
2007-09-09,KAC,0,40473,0,CE,2007
2007-09-10,KAC,0,40473,0,CE,2007
2007-09-11,KAC,0,40473,0,CE,2007
2007-09-12,KAC,0,40473,0,CE,2007
2007-09-13,KAC,0,40473,0,CE,2007
2007-09-14,KAC,0,40473,0,CE,2007
2007-09-15,KAC,0,40473,0,CE,2007
2007-09-16,KAC,0,40473,0,CE,2007
2007-09-17,KAC,0,40473,0,CE,2007
2007-09-18,KAC,0,40473,0,CE,2007
2007-09-19,KAC,0,40473,0,CE,2007
2007-09-20,KAC,0,40473,0,CE,2007
2007-09-21,KAC,0,40473,0,CE,2007
2007-09-22,KAC,0,40473,0,CE,2007
2007-09-23,KAC,0,40473,0,CE,2007
2007-09-24,KAC,0,40473,0,CE,2007
2007-09-25,KAC,0,40473,0,CE,2007
2007-09-26,KAC,0,40473,0,CE,2007
2007-09-27,KAC,0,40473,0,CE,2007
2007-09-28,KAC,0,40473,0,CE,2007
2007-09-29,KAC,0,40473,3.37,CE,2007
2007-09-30,KAC,0,40473,5.73,CE,2007
2007-10-01,KAC,0,40473,2.02,CE,2008
2007-10-02,KAC,0,40473,3.37,CE,2008
2007-10-03,KAC,0,40473,0,CE,2008
2007-10-04,KAC,0.02,40473,72.18,CE,2008
2007-10-05,KAC,0.05,40473,152.11,CE,2008
2007-10-06,KAC,0.04,40473,129.18,CE,2008
2007-10-07,KAC,0.03,40473,91.74,CE,2008
2007-10-08,KAC,0,40473,0,CE,2008
2007-10-09,KAC,0,40473,0,CE,2008
2007-10-10,KAC,0,40473,0,CE,2008
2007-10-11,KAC,0,40473,0,CE,2008
2007-10-12,KAC,0,40473,0,CE,2008
2007-10-13,KAC,0,40473,0,CE,2008
2007-10-14,KAC,0,40473,0,CE,2008
2007-10-15,KAC,0,40473,0,CE,2008
2007-10-16,KAC,0,40473,0,CE,2008
2007-10-17,KAC,0,40473,2.36,CE,2008
2007-10-18,KAC,0.04,40473,145.7,CE,2008
2007-10-19,KAC,0.29,40473,962.92,CE,2008
2007-10-20,KAC,0.23,40473,788.89,CE,2008
2007-10-21,KAC,0.47,40473,1579.46,CE,2008
2007-10-22,KAC,0.44,40473,1488.73,CE,2008
2007-10-23,KAC,0.19,40473,630.37,CE,2008
2007-10-24,KAC,0.01,40473,22.93,CE,2008
2007-10-25,KAC,0,40473,14.17,CE,2008
2007-10-26,KAC,0,40473,9.11,CE,2008
2007-10-27,KAC,0,40473,2.7,CE,2008
2007-10-28,KAC,0,40473,0.34,CE,2008
2007-10-29,KAC,0,40473,0,CE,2008
2007-10-30,KAC,0,40473,0,CE,2008
2007-10-31,KAC,0,40473,0,CE,2008
2007-11-01,KAC,0,40473,0,CE,2008
2007-11-02,KAC,0,40473,0,CE,2008
2007-11-03,KAC,0,40473,0,CE,2008
2007-11-04,KAC,0,40473,0,CE,2008
2007-11-05,KAC,0,40473,0,CE,2008
2007-11-06,KAC,0,40473,0,CE,2008
2007-11-07,KAC,0,40473,0,CE,2008
2007-11-08,KAC,0,40473,0,CE,2008
2007-11-09,KAC,0,40473,0,CE,2008
2007-11-10,KAC,0,40473,0,CE,2008
2007-11-11,KAC,0,40473,0,CE,2008
2007-11-12,KAC,0,40473,0,CE,2008
2007-11-13,KAC,0.15,40473,514.68,CE,2008
2007-11-14,KAC,0.22,40473,736.61,CE,2008
2007-11-15,KAC,0.31,40473,1047.24,CE,2008
2007-11-16,KAC,0.23,40473,770.34,CE,2008
2007-11-17,KAC,0.11,40473,361.56,CE,2008
2007-11-18,KAC,0.05,40473,166.61,CE,2008
2007-11-19,KAC,0.42,40473,1406.44,CE,2008
2007-11-20,KAC,0.68,40473,2278.63,CE,2008
2007-11-21,KAC,0.67,40473,2263.79,CE,2008
2007-11-22,KAC,0.68,40473,2293.13,CE,2008
2007-11-23,KAC,0.67,40473,2246.59,CE,2008
2007-11-24,KAC,0.65,40473,2208.14,CE,2008
2007-11-25,KAC,0.65,40473,2206.45,CE,2008
2007-11-26,KAC,0.65,40473,2192.62,CE,2008
2007-11-27,KAC,0.91,40473,3067.52,CE,2008
2007-11-28,KAC,1.04,40473,3504.29,CE,2008
2007-11-29,KAC,1.31,40473,4412.57,CE,2008
2007-11-30,KAC,1.52,40473,5113.76,CE,2008
2007-12-01,KAC,1.51,40473,5101.28,CE,2008
2007-12-02,KAC,1.8,40473,6059.82,CE,2008
2007-12-03,KAC,3.37,40473,11351.66,CE,2008
2007-12-04,KAC,3.99,40473,13454.24,CE,2008
2007-12-05,KAC,3.42,40473,11521.99,CE,2008
2007-12-06,KAC,3.8,40473,12808.02,CE,2008
2007-12-07,KAC,3.76,40473,12670.07,CE,2008
2007-12-08,KAC,3.65,40473,12296.71,CE,2008
2007-12-09,KAC,3.54,40473,11933.8,CE,2008
2007-12-10,KAC,3.47,40473,11690.96,CE,2008
2007-12-11,KAC,3.44,40473,11586.07,CE,2008
2007-12-12,KAC,3.42,40473,11520.98,CE,2008
2007-12-13,KAC,3.45,40473,11619.8,CE,2008
2007-12-14,KAC,3.52,40473,11871.41,CE,2008
2007-12-15,KAC,4.32,40473,14571.97,CE,2008
2007-12-16,KAC,4.73,40473,15956.82,CE,2008
2007-12-17,KAC,5.02,40473,16919.4,CE,2008
2007-12-18,KAC,5.39,40473,18191.94,CE,2008
2007-12-19,KAC,6.11,40473,20617.62,CE,2008
2007-12-20,KAC,6.88,40473,23214.98,CE,2008
2007-12-21,KAC,7.53,40473,25385,CE,2008
2007-12-22,KAC,7.52,40473,25375.56,CE,2008
2007-12-23,KAC,7.98,40473,26925,CE,2008
2007-12-24,KAC,9.14,40473,30811.42,CE,2008
2007-12-25,KAC,9.37,40473,31596.6,CE,2008
2007-12-26,KAC,9.79,40473,33031.36,CE,2008
2007-12-27,KAC,12.12,40473,40894.26,CE,2008
2007-12-28,KAC,12.59,40473,42472.37,CE,2008
2007-12-29,KAC,13.06,40473,44062.96,CE,2008
2007-12-30,KAC,13.51,40473,45556.75,CE,2008
2007-12-31,KAC,14.33,40473,48345,CE,2008
2008-01-01,KAC,14.42,40473,48642.48,CE,2008
2008-01-02,KAC,14.41,40473,48608.41,CE,2008
2008-01-03,KAC,15.9,40473,53625.38,CE,2008
2008-01-04,KAC,16.32,40473,55051.37,CE,2008
2008-01-05,KAC,16.54,40473,55792.37,CE,2008
2008-01-06,KAC,16.78,40473,56584.96,CE,2008
2008-01-07,KAC,17,40473,57352.26,CE,2008
2008-01-08,KAC,17.19,40473,57981.28,CE,2008
2008-01-09,KAC,17.99,40473,60671.39,CE,2008
2008-01-10,KAC,18.46,40473,62272.77,CE,2008
2008-01-11,KAC,19.83,40473,66886.35,CE,2008
2008-01-12,KAC,20.49,40473,69118.78,CE,2008
2008-01-13,KAC,20.66,40473,69671.57,CE,2008
2008-01-14,KAC,20.65,40473,69636.16,CE,2008
2008-01-15,KAC,22.06,40473,74413.66,CE,2008
2008-01-16,KAC,22.12,40473,74603.88,CE,2008
2008-01-17,KAC,22.12,40473,74593.09,CE,2008
2008-01-18,KAC,22.11,40473,74578.59,CE,2008
2008-01-19,KAC,22.11,40473,74557.67,CE,2008
2008-01-20,KAC,22.36,40473,75415.36,CE,2008
2008-01-21,KAC,22.39,40473,75511.15,CE,2008
2008-01-22,KAC,22.37,40473,75452.46,CE,2008
2008-01-23,KAC,22.36,40473,75410.64,CE,2008
2008-01-24,KAC,23.11,40473,77930.09,CE,2008
2008-01-25,KAC,23.1,40473,77895.01,CE,2008
2008-01-26,KAC,23.09,40473,77872.75,CE,2008
2008-01-27,KAC,23.51,40473,79284.25,CE,2008
2008-01-28,KAC,23.91,40473,80626.26,CE,2008
2008-01-29,KAC,24.16,40473,81500.48,CE,2008
2008-01-30,KAC,25.28,40473,85248.28,CE,2008
2008-01-31,KAC,25.79,40473,86975.13,CE,2008
2008-02-01,KAC,29.18,40473,98412.46,CE,2008
2008-02-02,KAC,30.16,40473,101706.29,CE,2008
2008-02-03,KAC,30.41,40473,102575.45,CE,2008
2008-02-04,KAC,30.43,40473,102624.35,CE,2008
2008-02-05,KAC,30.52,40473,102922.5,CE,2008
2008-02-06,KAC,31.14,40473,105017.99,CE,2008
2008-02-07,KAC,31.59,40473,106528.31,CE,2008
2008-02-08,KAC,33.09,40473,111587.43,CE,2008
2008-02-09,KAC,36.51,40473,123126.62,CE,2008
2008-02-10,KAC,36.68,40473,123724.95,CE,2008
2008-02-11,KAC,36.97,40473,124681.12,CE,2008
2008-02-12,KAC,36.97,40473,124703.05,CE,2008
2008-02-13,KAC,37.12,40473,125205.92,CE,2008
2008-02-14,KAC,37.26,40473,125654.84,CE,2008
2008-02-15,KAC,37.24,40473,125605.26,CE,2008
2008-02-16,KAC,37.33,40473,125913.86,CE,2008
2008-02-17,KAC,37.3,40473,125791.1,CE,2008
2008-02-18,KAC,37.25,40473,125649.1,CE,2008
2008-02-19,KAC,37.16,40473,125327.68,CE,2008
2008-02-20,KAC,39.11,40473,131902.52,CE,2008
2008-02-21,KAC,39.06,40473,131745.01,CE,2008
2008-02-22,KAC,39.03,40473,131643.83,CE,2008
2008-02-23,KAC,39.06,40473,131748.05,CE,2008
2008-02-24,KAC,39.03,40473,131645.85,CE,2008
2008-02-25,KAC,39.01,40473,131568.28,CE,2008
2008-02-26,KAC,39.02,40473,131616.51,CE,2008
2008-02-27,KAC,38.96,40473,131409.76,CE,2008
2008-02-28,KAC,38.88,40473,131123.41,CE,2008
2008-02-29,KAC,38.77,40473,130757.81,CE,2008
2008-03-01,KAC,38.73,40473,130635.04,CE,2008
2008-03-02,KAC,38.98,40473,131481.6,CE,2008
2008-03-03,KAC,38.96,40473,131409.09,CE,2008
2008-03-04,KAC,41.22,40473,139013.62,CE,2008
2008-03-05,KAC,41.48,40473,139888.52,CE,2008
2008-03-06,KAC,41.43,40473,139732.7,CE,2008
2008-03-07,KAC,41.33,40473,139406.55,CE,2008
2008-03-08,KAC,41.24,40473,139077.71,CE,2008
2008-03-09,KAC,41.27,40473,139181.93,CE,2008
2008-03-10,KAC,41.12,40473,138671.29,CE,2008
2008-03-11,KAC,40.93,40473,138033.17,CE,2008
2008-03-12,KAC,41.1,40473,138617.66,CE,2008
2008-03-14,KAC,42.89,40473,144664.33,CE,2008
2008-03-15,KAC,43.2,40473,145713.26,CE,2008
2008-03-16,KAC,43.22,40473,145759.12,CE,2008
2008-03-17,KAC,43.31,40473,146081.9,CE,2008
2008-03-18,KAC,43.5,40473,146715.3,CE,2008
2008-03-19,KAC,43.6,40473,147056.96,CE,2008
2008-03-20,KAC,43.83,40473,147817.18,CE,2008
2008-03-21,KAC,43.41,40473,146426.93,CE,2008
2008-03-22,KAC,43.58,40473,146988.49,CE,2008
2008-03-23,KAC,43.53,40473,146827.95,CE,2008
2008-03-24,KAC,44.11,40473,148774.03,CE,2008
2008-03-25,KAC,44.08,40473,148673.52,CE,2008
2008-03-26,KAC,44.33,40473,149506.92,CE,2008
2008-03-27,KAC,44.93,40473,151546.76,CE,2008
2008-03-28,KAC,44.62,40473,150504.58,CE,2008
2008-03-29,KAC,45.26,40473,152642.91,CE,2008
2008-03-30,KAC,45.41,40473,153163.66,CE,2008
2008-03-31,KAC,45.5,40473,153448.32,CE,2008
2008-04-01,KAC,45.58,40473,153720.5,CE,2008
2008-04-02,KAC,45.56,40473,153647.99,CE,2008
2008-04-03,KAC,45.52,40473,153516.45,CE,2008
2008-04-04,KAC,45.44,40473,153245.62,CE,2008
2008-04-05,KAC,45.73,40473,154224.39,CE,2008
2008-04-06,KAC,45.68,40473,154072.62,CE,2008
2008-04-07,KAC,45.78,40473,154400.45,CE,2008
2008-04-08,KAC,45.89,40473,154770.44,CE,2008
2008-04-09,KAC,46.51,40473,156851.09,CE,2008
2008-04-10,KAC,46.45,40473,156678.74,CE,2008
2008-04-11,KAC,46.47,40473,156728.99,CE,2008
2008-04-12,KAC,46.32,40473,156216,CE,2008
2008-04-13,KAC,46.04,40473,155293.55,CE,2008
2008-04-14,KAC,45.65,40473,153965.7,CE,2008
2008-04-15,KAC,45.59,40473,153757.6,CE,2008
2008-04-16,KAC,45.73,40473,154218.99,CE,2008
2008-04-17,KAC,45.66,40473,153999.77,CE,2008
2008-04-18,KAC,46.37,40473,156384.97,CE,2008
2008-04-19,KAC,46.54,40473,156979.59,CE,2008
2008-04-20,KAC,46.57,40473,157060.87,CE,2008
2008-04-21,KAC,47.01,40473,158557.36,CE,2008
2008-04-22,KAC,47.02,40473,158599.18,CE,2008
2008-04-23,KAC,47.07,40473,158739.15,CE,2008
2008-04-24,KAC,47.74,40473,161006.32,CE,2008
2008-04-25,KAC,47.71,40473,160922,CE,2008
2008-04-26,KAC,47.64,40473,160688.27,CE,2008
2008-04-27,KAC,47.45,40473,160025.52,CE,2008
2008-04-28,KAC,47.03,40473,158617.4,CE,2008
2008-04-29,KAC,46.62,40473,157223.44,CE,2008
2008-04-30,KAC,46.49,40473,156789.7,CE,2008
2008-05-01,KAC,46.59,40473,157125.97,CE,2008
2008-05-02,KAC,47.11,40473,158906.1,CE,2008
2008-05-03,KAC,46.84,40473,157995.12,CE,2008
2008-05-04,KAC,46.47,40473,156747.21,CE,2008
2008-05-05,KAC,46.05,40473,155316.82,CE,2008
2008-05-06,KAC,45.49,40473,153420.33,CE,2008
2008-05-07,KAC,45.03,40473,151862.79,CE,2008
2008-05-08,KAC,45.04,40473,151919.79,CE,2008
2008-05-09,KAC,44.77,40473,150986.21,CE,2008
2008-05-10,KAC,44.46,40473,149968.65,CE,2008
2008-05-11,KAC,44.06,40473,148597.63,CE,2008
2008-05-12,KAC,43.87,40473,147963.55,CE,2008
2008-05-13,KAC,43.53,40473,146823.23,CE,2008
2008-05-14,KAC,43.3,40473,146038.73,CE,2008
2008-05-15,KAC,42.76,40473,144204.62,CE,2008
2008-05-16,KAC,41.83,40473,141096.3,CE,2008
2008-05-17,KAC,40.55,40473,136748.82,CE,2008
2008-05-18,KAC,38.99,40473,131514.65,CE,2008
2008-05-19,KAC,37.4,40473,126133.09,CE,2008
2008-05-20,KAC,36.19,40473,122058.47,CE,2008
2008-05-21,KAC,35.25,40473,118879.99,CE,2008
2008-05-22,KAC,34.75,40473,117200.7,CE,2008
2008-05-23,KAC,33.38,40473,112588.8,CE,2008
2008-05-24,KAC,32.76,40473,110483.2,CE,2008
2008-05-25,KAC,32.09,40473,108226.83,CE,2008
2008-05-26,KAC,31.23,40473,105314.46,CE,2008
2008-05-27,KAC,30.33,40473,102306.3,CE,2008
2008-05-28,KAC,29.44,40473,99296.8,CE,2008
2008-05-29,KAC,28.46,40473,96003.64,CE,2008
2008-05-30,KAC,27.06,40473,91281.12,CE,2008
2008-05-31,KAC,26.46,40473,89259.49,CE,2008
2008-06-01,KAC,25.81,40473,87056.75,CE,2008
2008-06-02,KAC,25.16,40473,84873.9,CE,2008
2008-06-03,KAC,24.65,40473,83153.8,CE,2008
2008-06-04,KAC,24.45,40473,82448.22,CE,2008
2008-06-05,KAC,23.86,40473,80488.66,CE,2008
2008-06-06,KAC,23,40473,77562.12,CE,2008
2008-06-07,KAC,22.84,40473,77030.57,CE,2008
2008-06-08,KAC,22.37,40473,75434.25,CE,2008
2008-06-09,KAC,21.88,40473,73788.69,CE,2008
2008-06-10,KAC,21.43,40473,72286.46,CE,2008
2008-06-11,KAC,21.66,40473,73053.77,CE,2008
2008-06-12,KAC,21.3,40473,71837.55,CE,2008
2008-06-14,KAC,20.24,40473,68274.24,CE,2008
2008-06-15,KAC,19.65,40473,66278.92,CE,2008
2008-06-16,KAC,19.1,40473,64409.07,CE,2008
2008-06-17,KAC,18.47,40473,62308.18,CE,2008
2008-06-19,KAC,16.27,40473,54891.17,CE,2008
2008-06-20,KAC,15.79,40473,53248.3,CE,2008
2008-06-21,KAC,15.06,40473,50782.48,CE,2008
2008-06-22,KAC,14.19,40473,47866.41,CE,2008
2008-06-23,KAC,13.54,40473,45671.42,CE,2008
2008-06-24,KAC,13.04,40473,43978.64,CE,2008
2008-06-25,KAC,12.55,40473,42313.51,CE,2008
2008-06-26,KAC,10.25,40473,34567.99,CE,2008
2008-06-27,KAC,9.73,40473,32827.31,CE,2008
2008-06-28,KAC,9.07,40473,30598.26,CE,2008
2008-06-29,KAC,8.07,40473,27232.93,CE,2008
2008-06-30,KAC,6.98,40473,23527.97,CE,2008
2008-07-01,KAC,6.06,40473,20438.87,CE,2008
2008-07-02,KAC,4.14,40473,13951.72,CE,2008
2008-07-03,KAC,3.47,40473,11689.95,CE,2008
2008-07-04,KAC,2.92,40473,9837.97,CE,2008
2008-07-05,KAC,2.58,40473,8690.23,CE,2008
2008-07-06,KAC,2.29,40473,7738.1,CE,2008
2008-07-07,KAC,2.05,40473,6930.33,CE,2008
2008-07-08,KAC,1.78,40473,5997.76,CE,2008
2008-07-09,KAC,1.51,40473,5096.23,CE,2008
2008-07-10,KAC,0.94,40473,3178.48,CE,2008
2008-07-11,KAC,0.81,40473,2720.46,CE,2008
2008-07-12,KAC,0.68,40473,2292.46,CE,2008
2008-07-13,KAC,0.52,40473,1754.5,CE,2008
2008-07-14,KAC,0.38,40473,1279.28,CE,2008
2008-07-15,KAC,0.28,40473,930.2,CE,2008
2008-07-16,KAC,0.21,40473,701.87,CE,2008
2008-07-17,KAC,0.17,40473,561.23,CE,2008
2008-07-18,KAC,0.13,40473,451.61,CE,2008
2008-07-19,KAC,0.11,40473,372.69,CE,2008
2008-07-20,KAC,0.09,40473,299.16,CE,2008
2008-07-21,KAC,0.06,40473,210.8,CE,2008
2008-07-22,KAC,0.04,40473,122.43,CE,2008
2008-07-23,KAC,0.03,40473,86.01,CE,2008
2008-07-24,KAC,0.02,40473,62.4,CE,2008
2008-07-25,KAC,0.01,40473,49.58,CE,2008
2008-07-26,KAC,0.01,40473,35.08,CE,2008
2008-07-27,KAC,0.01,40473,26.98,CE,2008
2008-07-28,KAC,0.01,40473,19.9,CE,2008
2008-07-29,KAC,0,40473,11.8,CE,2008
2008-07-30,KAC,0,40473,5.4,CE,2008
2008-07-31,KAC,0,40473,1.69,CE,2008
2008-08-01,KAC,0,40473,0,CE,2008
2008-08-02,KAC,0,40473,0,CE,2008
2008-08-03,KAC,0,40473,0,CE,2008
2008-08-04,KAC,0,40473,0,CE,2008
2008-08-05,KAC,0,40473,0,CE,2008
2008-08-06,KAC,0,40473,0,CE,2008
2008-08-07,KAC,0,40473,0,CE,2008
2008-08-08,KAC,0,40473,0,CE,2008
2008-08-09,KAC,0,40473,0,CE,2008
2008-08-10,KAC,0,40473,0,CE,2008
2008-08-11,KAC,0,40473,0,CE,2008
2008-08-12,KAC,0,40473,0,CE,2008
2008-08-13,KAC,0,40473,0,CE,2008
2008-08-14,KAC,0,40473,0,CE,2008
2008-08-15,KAC,0,40473,0,CE,2008
2008-08-16,KAC,0,40473,0,CE,2008
2008-08-17,KAC,0,40473,0,CE,2008
2008-08-18,KAC,0,40473,0,CE,2008
2008-08-19,KAC,0,40473,0,CE,2008
2008-08-20,KAC,0,40473,0,CE,2008
2008-08-21,KAC,0,40473,0,CE,2008
2008-08-22,KAC,0,40473,0,CE,2008
2008-08-23,KAC,0,40473,0,CE,2008
2008-08-24,KAC,0,40473,0,CE,2008
2008-08-25,KAC,0,40473,0,CE,2008
2008-08-26,KAC,0,40473,0,CE,2008
2008-08-27,KAC,0,40473,0,CE,2008
2008-08-28,KAC,0,40473,0,CE,2008
2008-08-29,KAC,0,40473,0,CE,2008
2008-08-30,KAC,0,40473,0,CE,2008
2008-08-31,KAC,0,40473,0,CE,2008
2008-09-01,KAC,0,40473,0,CE,2008
2008-09-02,KAC,0,40473,0,CE,2008
2008-09-03,KAC,0,40473,0,CE,2008
2008-09-04,KAC,0,40473,0,CE,2008
2008-09-05,KAC,0,40473,0,CE,2008
2008-09-06,KAC,0,40473,0,CE,2008
2008-09-07,KAC,0,40473,0,CE,2008
2008-09-08,KAC,0,40473,0,CE,2008
2008-09-09,KAC,0,40473,0,CE,2008
2008-09-10,KAC,0,40473,0,CE,2008
2008-09-11,KAC,0,40473,0,CE,2008
2008-09-12,KAC,0,40473,0,CE,2008
2008-09-13,KAC,0,40473,0,CE,2008
2008-09-14,KAC,0,40473,0,CE,2008
2008-09-15,KAC,0,40473,0,CE,2008
2008-09-16,KAC,0,40473,0,CE,2008
2008-09-17,KAC,0,40473,0,CE,2008
2008-09-18,KAC,0,40473,0,CE,2008
2008-09-19,KAC,0,40473,0,CE,2008
2008-09-20,KAC,0,40473,0,CE,2008
2008-09-21,KAC,0,40473,0,CE,2008
2008-09-22,KAC,0,40473,0,CE,2008
2008-09-23,KAC,0,40473,2.02,CE,2008
2008-09-24,KAC,0,40473,0,CE,2008
2008-09-25,KAC,0,40473,0,CE,2008
2008-09-26,KAC,0,40473,0,CE,2008
2008-09-27,KAC,0,40473,0,CE,2008
2008-09-28,KAC,0,40473,0,CE,2008
2008-09-29,KAC,0,40473,0,CE,2008
2008-09-30,KAC,0,40473,0,CE,2008
2008-10-01,KAC,0,40473,0,CE,2009
2008-10-02,KAC,0,40473,0,CE,2009
2008-10-03,KAC,0,40473,0,CE,2009
2008-10-04,KAC,0,40473,0,CE,2009
2008-10-05,KAC,0,40473,0,CE,2009
2008-10-06,KAC,0,40473,0,CE,2009
2008-10-07,KAC,0,40473,0,CE,2009
2008-10-08,KAC,0,40473,0.34,CE,2009
2008-10-09,KAC,0,40473,0.67,CE,2009
2008-10-10,KAC,0,40473,0.34,CE,2009
2008-10-11,KAC,0,40473,0.34,CE,2009
2008-10-12,KAC,0,40473,0.34,CE,2009
2008-10-13,KAC,0,40473,0,CE,2009
2008-10-14,KAC,0,40473,0,CE,2009
2008-10-15,KAC,0,40473,0,CE,2009
2008-10-16,KAC,0,40473,0,CE,2009
2008-10-17,KAC,0,40473,0,CE,2009
2008-10-18,KAC,0,40473,0,CE,2009
2008-10-19,KAC,0,40473,0,CE,2009
2008-10-20,KAC,0,40473,0,CE,2009
2008-10-21,KAC,0,40473,3.04,CE,2009
2008-10-22,KAC,0,40473,11.8,CE,2009
2008-10-23,KAC,0,40473,0,CE,2009
2008-10-24,KAC,0,40473,0,CE,2009
2008-10-25,KAC,0,40473,0,CE,2009
2008-10-26,KAC,0,40473,0,CE,2009
2008-10-27,KAC,0,40473,0,CE,2009
2008-10-28,KAC,0,40473,0,CE,2009
2008-10-29,KAC,0,40473,0,CE,2009
2008-10-30,KAC,0,40473,0,CE,2009
2008-10-31,KAC,0,40473,0,CE,2009
2008-11-01,KAC,0,40473,0,CE,2009
2008-11-02,KAC,0,40473,0,CE,2009
2008-11-03,KAC,0,40473,0,CE,2009
2008-11-04,KAC,0.01,40473,25.97,CE,2009
2008-11-05,KAC,0.36,40473,1198.34,CE,2009
2008-11-06,KAC,0.35,40473,1195.64,CE,2009
2008-11-07,KAC,0.79,40473,2676.28,CE,2009
2008-11-08,KAC,0.34,40473,1134.93,CE,2009
2008-11-09,KAC,0.12,40473,409.45,CE,2009
2008-11-10,KAC,0.03,40473,103.54,CE,2009
2008-11-11,KAC,0,40473,15.18,CE,2009
2008-11-12,KAC,0.22,40473,727.84,CE,2009
2008-11-13,KAC,0.03,40473,108.27,CE,2009
2008-11-14,KAC,0.03,40473,93.43,CE,2009
2008-11-15,KAC,0.01,40473,38.79,CE,2009
2008-11-16,KAC,0,40473,0,CE,2009
2008-11-17,KAC,0,40473,0,CE,2009
2008-11-18,KAC,0,40473,0,CE,2009
2008-11-19,KAC,0,40473,0,CE,2009
2008-11-20,KAC,0,40473,0,CE,2009
2008-11-21,KAC,0.29,40473,969.33,CE,2009
2008-11-22,KAC,0.34,40473,1156.18,CE,2009
2008-11-23,KAC,0.4,40473,1345.73,CE,2009
2008-11-24,KAC,0.38,40473,1293.11,CE,2009
2008-11-25,KAC,0.36,40473,1207.11,CE,2009
2008-11-26,KAC,0.32,40473,1094.46,CE,2009
2008-11-27,KAC,0.3,40473,1027,CE,2009
2008-11-28,KAC,0.29,40473,975.06,CE,2009
2008-11-29,KAC,0.21,40473,696.81,CE,2009
2008-11-30,KAC,0.01,40473,23.95,CE,2009
2008-12-01,KAC,0,40473,0,CE,2009
2008-12-02,KAC,0,40473,0,CE,2009
2008-12-03,KAC,0,40473,0,CE,2009
2008-12-04,KAC,0,40473,0,CE,2009
2008-12-05,KAC,0,40473,0,CE,2009
2008-12-06,KAC,0,40473,0,CE,2009
2008-12-07,KAC,0,40473,0,CE,2009
2008-12-08,KAC,0.15,40473,496.47,CE,2009
2008-12-09,KAC,0.15,40473,494.78,CE,2009
2008-12-10,KAC,0.25,40473,847.57,CE,2009
2008-12-11,KAC,0.19,40473,649.93,CE,2009
2008-12-12,KAC,0.15,40473,499.17,CE,2009
2008-12-13,KAC,1.03,40473,3458.76,CE,2009
2008-12-14,KAC,1.56,40473,5249.01,CE,2009
2008-12-15,KAC,1.7,40473,5747.84,CE,2009
2008-12-16,KAC,1.36,40473,4572.44,CE,2009
2008-12-17,KAC,1.35,40473,4548.49,CE,2009
2008-12-18,KAC,2.43,40473,8207.59,CE,2009
2008-12-19,KAC,3.14,40473,10589.42,CE,2009
2008-12-20,KAC,3.15,40473,10631.92,CE,2009
2008-12-21,KAC,3.37,40473,11349.98,CE,2009
2008-12-22,KAC,4.13,40473,13921.36,CE,2009
2008-12-23,KAC,4.25,40473,14329.47,CE,2009
2008-12-24,KAC,4.98,40473,16809.79,CE,2009
2008-12-25,KAC,5.8,40473,19573.08,CE,2009
2008-12-26,KAC,6.12,40473,20631.45,CE,2009
2008-12-27,KAC,6.42,40473,21642.26,CE,2009
2008-12-28,KAC,7.59,40473,25583.32,CE,2009
2008-12-29,KAC,8.61,40473,29047.81,CE,2009
2008-12-30,KAC,9.47,40473,31942.3,CE,2009
2008-12-31,KAC,10.52,40473,35477.28,CE,2009
2009-01-01,KAC,11.39,40473,38421.02,CE,2009
2009-01-02,KAC,12.87,40473,43398.52,CE,2009
2009-01-03,KAC,13.37,40473,45096.37,CE,2009
2009-01-04,KAC,13.37,40473,45093.67,CE,2009
2009-01-05,KAC,13.67,40473,46095.37,CE,2009
2009-01-06,KAC,15.67,40473,52846.61,CE,2009
2009-01-07,KAC,16.78,40473,56580.58,CE,2009
2009-01-08,KAC,18.14,40473,61186.41,CE,2009
2009-01-09,KAC,18.19,40473,61363.81,CE,2009
2009-01-10,KAC,17.04,40473,57485.15,CE,2009
2009-01-11,KAC,17.17,40473,57894.6,CE,2009
2009-01-12,KAC,17.26,40473,58228.17,CE,2009
2009-01-13,KAC,16.95,40473,57182.28,CE,2009
2009-01-14,KAC,17.66,40473,59576.59,CE,2009
2009-01-15,KAC,17.33,40473,58444.36,CE,2009
2009-01-16,KAC,17.66,40473,59555.68,CE,2009
2009-01-17,KAC,17.37,40473,58592.09,CE,2009
2009-01-18,KAC,17.11,40473,57692.58,CE,2009
2009-01-19,KAC,16.86,40473,56863.55,CE,2009
2009-01-20,KAC,16.62,40473,56052.41,CE,2009
2009-01-21,KAC,17.86,40473,60249.12,CE,2009
2009-01-22,KAC,17.75,40473,59855.52,CE,2009
2009-01-23,KAC,17.63,40473,59465.97,CE,2009
2009-01-24,KAC,17.53,40473,59110.82,CE,2009
2009-01-25,KAC,17.46,40473,58885.85,CE,2009
2009-01-26,KAC,17.47,40473,58906.09,CE,2009
2009-01-27,KAC,18.29,40473,61694.68,CE,2009
2009-01-28,KAC,18.62,40473,62808.03,CE,2009
2009-01-29,KAC,18.66,40473,62943.61,CE,2009
2009-01-30,KAC,18.65,40473,62913.93,CE,2009
2009-01-31,KAC,18.62,40473,62790.15,CE,2009
2009-02-01,KAC,18.63,40473,62839.73,CE,2009
2009-02-02,KAC,18.62,40473,62795.55,CE,2009
2009-02-03,KAC,20.15,40473,67952.48,CE,2009
2009-02-04,KAC,20.05,40473,67618.24,CE,2009
2009-02-05,KAC,19.91,40473,67158.54,CE,2009
2009-02-06,KAC,20.51,40473,69169.71,CE,2009
2009-02-07,KAC,20.47,40473,69048.62,CE,2009
2009-02-08,KAC,20.41,40473,68821.3,CE,2009
2009-02-09,KAC,20.36,40473,68683.02,CE,2009
2009-02-10,KAC,20.47,40473,69049.3,CE,2009
2009-02-11,KAC,20.7,40473,69819.64,CE,2009
2009-02-12,KAC,20.73,40473,69907.33,CE,2009
2009-02-13,KAC,20.86,40473,70350.84,CE,2009
2009-02-14,KAC,20.85,40473,70320.15,CE,2009
2009-02-15,KAC,20.86,40473,70340.72,CE,2009
2009-02-16,KAC,20.91,40473,70532.97,CE,2009
2009-02-17,KAC,20.95,40473,70655.74,CE,2009
2009-02-18,KAC,20.99,40473,70803.13,CE,2009
2009-02-19,KAC,20.93,40473,70575.13,CE,2009
2009-02-20,KAC,20.87,40473,70379.85,CE,2009
2009-02-21,KAC,20.81,40473,70172.76,CE,2009
2009-02-22,KAC,20.78,40473,70092.15,CE,2009
2009-02-23,KAC,20.9,40473,70492.16,CE,2009
2009-02-24,KAC,21.22,40473,71565.37,CE,2009
2009-02-25,KAC,22.1,40473,74539.46,CE,2009
2009-02-26,KAC,22.74,40473,76709.83,CE,2009
2009-02-27,KAC,22.84,40473,77035.3,CE,2009
2009-02-28,KAC,22.54,40473,76023.81,CE,2009
2009-03-01,KAC,22.49,40473,75838.98,CE,2009
2009-03-02,KAC,22.75,40473,76733.44,CE,2009
2009-03-03,KAC,22.63,40473,76318.59,CE,2009
2009-03-04,KAC,23.7,40473,79945.64,CE,2009
2009-03-05,KAC,23.72,40473,79995.56,CE,2009
2009-03-06,KAC,24.72,40473,83387.2,CE,2009
2009-03-07,KAC,25.46,40473,85862.79,CE,2009
2009-03-08,KAC,25.98,40473,87616.96,CE,2009
2009-03-09,KAC,26.24,40473,88506.02,CE,2009
2009-03-10,KAC,26.5,40473,89378.55,CE,2009
2009-03-11,KAC,26.5,40473,89366.74,CE,2009
2009-03-12,KAC,27.39,40473,92382.32,CE,2009
2009-03-13,KAC,27.38,40473,92333.42,CE,2009
2009-03-14,KAC,27.34,40473,92223.13,CE,2009
2009-03-15,KAC,27.9,40473,94108.83,CE,2009
2009-03-16,KAC,28.9,40473,97478.88,CE,2009
2009-03-17,KAC,29.75,40473,100337.96,CE,2009
2009-03-18,KAC,30.88,40473,104141.41,CE,2009
2009-03-19,KAC,30.86,40473,104083.4,CE,2009
2009-03-20,KAC,30.96,40473,104409.55,CE,2009
2009-03-21,KAC,31.37,40473,105813.62,CE,2009
2009-03-22,KAC,31.27,40473,105476.35,CE,2009
2009-03-23,KAC,31.29,40473,105538.07,CE,2009
2009-03-24,KAC,31.37,40473,105789.68,CE,2009
2009-03-25,KAC,31.64,40473,106720.89,CE,2009
2009-03-26,KAC,32.49,40473,109584.36,CE,2009
2009-03-27,KAC,33.44,40473,112788.81,CE,2009
2009-03-28,KAC,33.41,40473,112686.61,CE,2009
2009-03-29,KAC,33.9,40473,114344.66,CE,2009
2009-03-30,KAC,34.04,40473,114805.37,CE,2009
2009-03-31,KAC,33.99,40473,114636.4,CE,2009
2009-04-01,KAC,35.45,40473,119553.53,CE,2009
2009-04-02,KAC,36.42,40473,122819.7,CE,2009
2009-04-03,KAC,37.58,40473,126751.99,CE,2009
2009-04-04,KAC,39.1,40473,131866.09,CE,2009
2009-04-05,KAC,39,40473,131537.59,CE,2009
2009-04-06,KAC,38.81,40473,130889.01,CE,2009
2009-04-07,KAC,38.5,40473,129837.38,CE,2009
2009-04-08,KAC,38.11,40473,128537.86,CE,2009
2009-04-09,KAC,37.66,40473,127021.14,CE,2009
2009-04-10,KAC,38.21,40473,128861.65,CE,2009
2009-04-11,KAC,37.87,40473,127725.37,CE,2009
2009-04-12,KAC,37.58,40473,126746.93,CE,2009
2009-04-13,KAC,38.19,40473,128797.23,CE,2009
2009-04-14,KAC,39.3,40473,132542.67,CE,2009
2009-04-15,KAC,39.22,40473,132275.54,CE,2009
2009-04-16,KAC,38.88,40473,131149.05,CE,2009
2009-04-17,KAC,38.55,40473,130014.45,CE,2009
2009-04-18,KAC,38.23,40473,128955.41,CE,2009
2009-04-19,KAC,37.78,40473,127426.21,CE,2009
2009-04-20,KAC,37.23,40473,125583.33,CE,2009
2009-04-21,KAC,37.42,40473,126205.61,CE,2009
2009-04-22,KAC,36.52,40473,123177.21,CE,2009
2009-04-23,KAC,35.72,40473,120475.64,CE,2009
2009-04-24,KAC,35.59,40473,120021.33,CE,2009
2009-04-25,KAC,35.27,40473,118942.39,CE,2009
2009-04-26,KAC,34.93,40473,117818.93,CE,2009
2009-04-27,KAC,34.56,40473,116575.06,CE,2009
2009-04-28,KAC,34.13,40473,115109.93,CE,2009
2009-04-29,KAC,33.81,40473,114016.83,CE,2009
2009-04-30,KAC,33.59,40473,113273.81,CE,2009
2009-05-01,KAC,34.28,40473,115619.89,CE,2009
2009-05-02,KAC,33.71,40473,113681.57,CE,2009
2009-05-03,KAC,33.07,40473,111548.31,CE,2009
2009-05-04,KAC,32.47,40473,109503.41,CE,2009
2009-05-05,KAC,32.47,40473,109524.32,CE,2009
2009-05-06,KAC,31.77,40473,107150.58,CE,2009
2009-05-07,KAC,31.74,40473,107058.51,CE,2009
2009-05-08,KAC,31.21,40473,105252.4,CE,2009
2009-05-09,KAC,30.75,40473,103711.05,CE,2009
2009-05-10,KAC,30.22,40473,101932.94,CE,2009
2009-05-11,KAC,29.63,40473,99927.84,CE,2009
2009-05-12,KAC,30.88,40473,104141.41,CE,2009
2009-05-13,KAC,30.59,40473,103165,CE,2009
2009-05-14,KAC,30.65,40473,103382.88,CE,2009
2009-05-15,KAC,30.34,40473,102327.55,CE,2009
2009-05-16,KAC,30.35,40473,102361.61,CE,2009
2009-05-17,KAC,29.67,40473,100075.56,CE,2009
2009-05-18,KAC,28.69,40473,96766.22,CE,2009
2009-05-19,KAC,27.87,40473,93998.88,CE,2009
2009-05-20,KAC,27.38,40473,92346.57,CE,2009
2009-05-21,KAC,26.98,40473,90988.03,CE,2009
2009-05-22,KAC,26.54,40473,89513.46,CE,2009
2009-05-23,KAC,25.83,40473,87120.83,CE,2009
2009-05-24,KAC,25.04,40473,84437.81,CE,2009
2009-05-25,KAC,24.2,40473,81631.34,CE,2009
2009-05-26,KAC,23.39,40473,78872.1,CE,2009
2009-05-27,KAC,22.7,40473,76556.7,CE,2009
2009-05-28,KAC,21.48,40473,72451.05,CE,2009
2009-05-29,KAC,20.69,40473,69777.81,CE,2009
2009-05-30,KAC,19.51,40473,65816.18,CE,2009
2009-05-31,KAC,18.39,40473,62022.17,CE,2009
2009-06-01,KAC,17.4,40473,58671.35,CE,2009
2009-06-02,KAC,15.53,40473,52386.9,CE,2009
2009-06-03,KAC,14.44,40473,48687.33,CE,2009
2009-06-04,KAC,13.49,40473,45509.53,CE,2009
2009-06-05,KAC,12.56,40473,42345.21,CE,2009
2009-06-06,KAC,11.59,40473,39089.84,CE,2009
2009-06-07,KAC,10.99,40473,37059.1,CE,2009
2009-06-08,KAC,10.54,40473,35535.97,CE,2009
2009-06-09,KAC,10.07,40473,33971.35,CE,2009
2009-06-10,KAC,8.32,40473,28061.28,CE,2009
2009-06-11,KAC,7.69,40473,25943.19,CE,2009
2009-06-12,KAC,7.19,40473,24237.26,CE,2009
2009-06-13,KAC,6.66,40473,22458.47,CE,2009
2009-06-14,KAC,6.13,40473,20690.47,CE,2009
2009-06-15,KAC,5.68,40473,19160.26,CE,2009
2009-06-16,KAC,5.26,40473,17731.9,CE,2009
2009-06-17,KAC,4.83,40473,16291.39,CE,2009
2009-06-18,KAC,4.45,40473,14992.89,CE,2009
2009-06-19,KAC,3.93,40473,13243.78,CE,2009
2009-06-20,KAC,3.65,40473,12309.53,CE,2009
2009-06-21,KAC,3.39,40473,11418.11,CE,2009
2009-06-22,KAC,3.24,40473,10914.22,CE,2009
2009-06-23,KAC,3.08,40473,10387.73,CE,2009
2009-06-24,KAC,2.83,40473,9530.04,CE,2009
2009-06-25,KAC,2.5,40473,8426.48,CE,2009
2009-06-26,KAC,2.22,40473,7495.26,CE,2009
2009-06-27,KAC,2.04,40473,6865.23,CE,2009
2009-06-28,KAC,1.8,40473,6054.42,CE,2009
2009-06-29,KAC,1.58,40473,5318.49,CE,2009
2009-06-30,KAC,1.41,40473,4765.02,CE,2009
2009-07-01,KAC,1.25,40473,4228.42,CE,2009
2009-07-02,KAC,1.08,40473,3634.14,CE,2009
2009-07-03,KAC,0.87,40473,2921.14,CE,2009
2009-07-04,KAC,0.68,40473,2306.62,CE,2009
2009-07-05,KAC,0.54,40473,1820.27,CE,2009
2009-07-06,KAC,0.44,40473,1479.96,CE,2009
2009-07-07,KAC,0.39,40473,1312.34,CE,2009
2009-07-08,KAC,0.35,40473,1195.64,CE,2009
2009-07-09,KAC,0.32,40473,1085.35,CE,2009
2009-07-10,KAC,0.28,40473,929.87,CE,2009
2009-07-11,KAC,0.22,40473,732.22,CE,2009
2009-07-12,KAC,0.15,40473,503.21,CE,2009
2009-07-13,KAC,0.11,40473,373.7,CE,2009
2009-07-14,KAC,0.09,40473,308.27,CE,2009
2009-07-15,KAC,0.07,40473,234.07,CE,2009
2009-07-16,KAC,0.05,40473,163.92,CE,2009
2009-07-17,KAC,0.03,40473,107.59,CE,2009
2009-07-18,KAC,0.02,40473,64.08,CE,2009
2009-07-19,KAC,0.01,40473,32.04,CE,2009
2009-07-20,KAC,0,40473,16.19,CE,2009
2009-07-21,KAC,0,40473,0,CE,2009
2009-07-22,KAC,0,40473,0,CE,2009
2009-07-23,KAC,0,40473,0,CE,2009
2009-07-24,KAC,0,40473,0,CE,2009
2009-07-25,KAC,0,40473,0,CE,2009
2009-07-26,KAC,0,40473,0,CE,2009
2009-07-27,KAC,0,40473,0,CE,2009
2009-07-28,KAC,0,40473,0,CE,2009
2009-07-29,KAC,0,40473,0,CE,2009
2009-07-30,KAC,0,40473,0,CE,2009
2009-07-31,KAC,0,40473,0,CE,2009
2009-08-01,KAC,0,40473,0,CE,2009
2009-08-02,KAC,0,40473,0,CE,2009
2009-08-03,KAC,0,40473,0,CE,2009
2009-08-04,KAC,0,40473,0,CE,2009
2009-08-05,KAC,0,40473,0,CE,2009
2009-08-06,KAC,0,40473,0,CE,2009
2009-08-07,KAC,0,40473,0,CE,2009
2009-08-08,KAC,0,40473,0,CE,2009
2009-08-09,KAC,0,40473,0,CE,2009
2009-08-10,KAC,0,40473,0,CE,2009
2009-08-11,KAC,0,40473,0,CE,2009
2009-08-12,KAC,0,40473,0,CE,2009
2009-08-13,KAC,0,40473,0,CE,2009
2009-08-14,KAC,0,40473,0,CE,2009
2009-08-15,KAC,0,40473,0,CE,2009
2009-08-16,KAC,0,40473,0,CE,2009
2009-08-17,KAC,0,40473,0,CE,2009
2009-08-18,KAC,0,40473,0,CE,2009
2009-08-19,KAC,0,40473,0,CE,2009
2009-08-21,KAC,0,40473,0,CE,2009
2009-08-22,KAC,0,40473,0,CE,2009
2009-08-23,KAC,0,40473,0,CE,2009
2009-08-24,KAC,0,40473,0,CE,2009
2009-08-25,KAC,0,40473,0,CE,2009
2009-08-26,KAC,0,40473,0,CE,2009
2009-08-27,KAC,0,40473,0,CE,2009
2009-08-28,KAC,0,40473,0,CE,2009
2009-08-29,KAC,0,40473,0,CE,2009
2009-08-30,KAC,0,40473,0,CE,2009
2009-08-31,KAC,0,40473,0,CE,2009
2009-09-01,KAC,0,40473,0,CE,2009
2009-09-02,KAC,0,40473,0,CE,2009
2009-09-03,KAC,0,40473,0,CE,2009
2009-09-04,KAC,0,40473,0,CE,2009
2009-09-05,KAC,0,40473,0,CE,2009
2009-09-06,KAC,0,40473,0,CE,2009
2009-09-07,KAC,0,40473,0,CE,2009
2009-09-08,KAC,0,40473,0,CE,2009
2009-09-09,KAC,0,40473,0,CE,2009
2009-09-10,KAC,0,40473,0,CE,2009
2009-09-11,KAC,0,40473,0,CE,2009
2009-09-12,KAC,0,40473,0,CE,2009
2009-09-13,KAC,0,40473,0,CE,2009
2009-09-14,KAC,0,40473,0,CE,2009
2009-09-15,KAC,0,40473,0,CE,2009
2009-09-16,KAC,0,40473,0,CE,2009
2009-09-17,KAC,0,40473,0,CE,2009
2009-09-18,KAC,0,40473,0,CE,2009
2009-09-19,KAC,0,40473,0,CE,2009
2009-09-20,KAC,0,40473,0,CE,2009
2009-09-21,KAC,0,40473,0,CE,2009
2009-09-22,KAC,0,40473,0,CE,2009
2009-09-23,KAC,0,40473,0,CE,2009
2009-09-24,KAC,0,40473,0,CE,2009
2009-09-25,KAC,0,40473,0,CE,2009
2009-09-26,KAC,0,40473,0,CE,2009
2009-09-27,KAC,0,40473,0,CE,2009
2009-09-28,KAC,0,40473,0,CE,2009
2009-09-29,KAC,0,40473,0,CE,2009
2009-09-30,KAC,0,40473,0.34,CE,2009
2009-10-01,KAC,0.01,40473,17.88,CE,2010
2009-10-02,KAC,0,40473,0,CE,2010
2009-10-03,KAC,0,40473,0,CE,2010
2009-10-04,KAC,0,40473,0,CE,2010
2009-10-05,KAC,0,40473,0,CE,2010
2009-10-06,KAC,0,40473,0,CE,2010
2009-10-07,KAC,0,40473,0,CE,2010
2009-10-08,KAC,0,40473,0,CE,2010
2009-10-09,KAC,0,40473,0,CE,2010
2009-10-10,KAC,0,40473,0,CE,2010
2009-10-11,KAC,0,40473,0,CE,2010
2009-10-12,KAC,0,40473,0,CE,2010
2009-10-13,KAC,0,40473,0,CE,2010
2009-10-14,KAC,0.12,40473,416.87,CE,2010
2009-10-15,KAC,0.01,40473,35.41,CE,2010
2009-10-16,KAC,0,40473,0,CE,2010
2009-10-17,KAC,0,40473,0,CE,2010
2009-10-18,KAC,0,40473,0,CE,2010
2009-10-19,KAC,0,40473,0,CE,2010
2009-10-20,KAC,0,40473,0,CE,2010
2009-10-21,KAC,0,40473,0,CE,2010
2009-10-22,KAC,0,40473,0,CE,2010
2009-10-23,KAC,0,40473,0,CE,2010
2009-10-24,KAC,0,40473,0,CE,2010
2009-10-25,KAC,0,40473,0,CE,2010
2009-10-26,KAC,0,40473,0,CE,2010
2009-10-27,KAC,0.17,40473,564.6,CE,2010
2009-10-28,KAC,0.29,40473,977.76,CE,2010
2009-10-29,KAC,0.28,40473,953.48,CE,2010
2009-10-30,KAC,0.43,40473,1442.53,CE,2010
2009-10-31,KAC,0.01,40473,47.22,CE,2010
2009-11-01,KAC,0,40473,0,CE,2010
2009-11-02,KAC,0,40473,0,CE,2010
2009-11-03,KAC,0,40473,0,CE,2010
2009-11-04,KAC,0,40473,0,CE,2010
2009-11-05,KAC,0,40473,0,CE,2010
2009-11-06,KAC,0,40473,0,CE,2010
2009-11-07,KAC,0.13,40473,430.7,CE,2010
2009-11-08,KAC,0.45,40473,1534.26,CE,2010
2009-11-09,KAC,0.5,40473,1699.53,CE,2010
2009-11-10,KAC,1.37,40473,4627.41,CE,2010
2009-11-11,KAC,1.43,40473,4807.86,CE,2010
2009-11-12,KAC,1.49,40473,5034.5,CE,2010
2009-11-13,KAC,1.49,40473,5017.98,CE,2010
2009-11-14,KAC,1.93,40473,6509.74,CE,2010
2009-11-15,KAC,1.95,40473,6589,CE,2010
2009-11-16,KAC,2.32,40473,7810.95,CE,2010
2009-11-17,KAC,3.16,40473,10656.54,CE,2010
2009-11-18,KAC,3.27,40473,11029.57,CE,2010
2009-11-19,KAC,3.27,40473,11038.34,CE,2010
2009-11-20,KAC,3.85,40473,12970.92,CE,2010
2009-11-21,KAC,3.97,40473,13372.95,CE,2010
2009-11-22,KAC,4.06,40473,13697.41,CE,2010
2009-11-23,KAC,5.14,40473,17346.39,CE,2010
2009-11-24,KAC,6.54,40473,22052.73,CE,2010
2009-11-25,KAC,6.5,40473,21935.69,CE,2010
2009-11-26,KAC,6.22,40473,20962.32,CE,2010
2009-11-27,KAC,6.13,40473,20659.44,CE,2010
2009-11-28,KAC,6.14,40473,20706.66,CE,2010
2009-11-29,KAC,5.95,40473,20060.11,CE,2010
2009-11-30,KAC,5.64,40473,19015.23,CE,2010
2009-12-01,KAC,6.43,40473,21690.83,CE,2010
2009-12-02,KAC,6.24,40473,21050.34,CE,2010
2009-12-03,KAC,6.13,40473,20689.46,CE,2010
2009-12-04,KAC,6.51,40473,21950.19,CE,2010
2009-12-05,KAC,6.44,40473,21733.66,CE,2010
2009-12-06,KAC,6.4,40473,21589.98,CE,2010
2009-12-07,KAC,6.42,40473,21638.89,CE,2010
2009-12-08,KAC,6.39,40473,21560.98,CE,2010
2009-12-09,KAC,6.39,40473,21535.01,CE,2010
2009-12-10,KAC,6.38,40473,21513.42,CE,2010
2009-12-11,KAC,6.37,40473,21498.58,CE,2010
2009-12-12,KAC,6.37,40473,21470.25,CE,2010
2009-12-13,KAC,6.36,40473,21455.41,CE,2010
2009-12-14,KAC,6.62,40473,22334.35,CE,2010
2009-12-15,KAC,7.4,40473,24948.57,CE,2010
2009-12-16,KAC,8.59,40473,28967.2,CE,2010
2009-12-17,KAC,8.86,40473,29879.19,CE,2010
2009-12-18,KAC,8.83,40473,29782.06,CE,2010
2009-12-19,KAC,8.8,40473,29668.4,CE,2010
2009-12-20,KAC,9.32,40473,31434.37,CE,2010
2009-12-21,KAC,9.29,40473,31333.52,CE,2010
2009-12-22,KAC,9.25,40473,31198.61,CE,2010
2009-12-23,KAC,9.98,40473,33668.81,CE,2010
2009-12-24,KAC,9.89,40473,33341.32,CE,2010
2009-12-25,KAC,9.8,40473,33054.3,CE,2010
2009-12-26,KAC,9.72,40473,32782.12,CE,2010
2009-12-27,KAC,9.64,40473,32498.13,CE,2010
2009-12-28,KAC,9.56,40473,32255.97,CE,2010
2009-12-29,KAC,9.54,40473,32165.92,CE,2010
2009-12-30,KAC,9.58,40473,32307.23,CE,2010
2009-12-31,KAC,9.86,40473,33267.12,CE,2010
2010-01-01,KAC,10.61,40473,35768.69,CE,2010
2010-01-02,KAC,11.16,40473,37646.64,CE,2010
2010-01-03,KAC,11.46,40473,38662.17,CE,2010
2010-01-04,KAC,11.52,40473,38841.26,CE,2010
2010-01-05,KAC,12.81,40473,43192.11,CE,2010
2010-01-06,KAC,12.93,40473,43594.14,CE,2010
2010-01-07,KAC,14.03,40473,47319.35,CE,2010
2010-01-08,KAC,13.96,40473,47097.76,CE,2010
2010-01-09,KAC,14.7,40473,49563.91,CE,2010
2010-01-10,KAC,15,40473,50590.91,CE,2010
2010-01-11,KAC,14.99,40473,50558.87,CE,2010
2010-01-12,KAC,15.27,40473,51504.59,CE,2010
2010-01-13,KAC,15.69,40473,52922.83,CE,2010
2010-01-14,KAC,16.01,40473,53982.55,CE,2010
2010-01-15,KAC,16,40473,53972.77,CE,2010
2010-01-16,KAC,16.3,40473,54985.27,CE,2010
2010-01-17,KAC,16.12,40473,54367.38,CE,2010
2010-01-18,KAC,16.52,40473,55709.74,CE,2010
2010-01-19,KAC,16.28,40473,54893.19,CE,2010
2010-01-20,KAC,16.94,40473,57146.86,CE,2010
2010-01-21,KAC,16.75,40473,56489.52,CE,2010
2010-01-22,KAC,16.53,40473,55756.95,CE,2010
2010-01-23,KAC,16.69,40473,56279.06,CE,2010
2010-01-24,KAC,16.57,40473,55901.98,CE,2010
2010-01-25,KAC,17.18,40473,57945.53,CE,2010
2010-01-26,KAC,17.5,40473,59036.62,CE,2010
2010-01-27,KAC,17.47,40473,58929.36,CE,2010
2010-01-28,KAC,17.08,40473,57594.77,CE,2010
2010-01-29,KAC,17.01,40473,57364.07,CE,2010
2010-01-30,KAC,16.93,40473,57105.72,CE,2010
2010-01-31,KAC,17.13,40473,57778.24,CE,2010
2010-02-01,KAC,17.03,40473,57449.74,CE,2010
2010-02-02,KAC,16.96,40473,57218.37,CE,2010
2010-02-03,KAC,16.99,40473,57304.03,CE,2010
2010-02-04,KAC,16.95,40473,57162.72,CE,2010
2010-02-05,KAC,17.87,40473,60260.25,CE,2010
2010-02-06,KAC,18.07,40473,60930.75,CE,2010
2010-02-07,KAC,17.92,40473,60430.57,CE,2010
2010-02-08,KAC,17.92,40473,60447.1,CE,2010
2010-02-09,KAC,17.8,40473,60038.66,CE,2010
2010-02-10,KAC,17.71,40473,59726.68,CE,2010
2010-02-11,KAC,18.21,40473,61422.5,CE,2010
2010-02-12,KAC,18.58,40473,62657.26,CE,2010
2010-02-13,KAC,18.85,40473,63562.17,CE,2010
2010-02-14,KAC,18.8,40473,63399.27,CE,2010
2010-02-15,KAC,18.74,40473,63211.07,CE,2010
2010-02-16,KAC,18.56,40473,62584.07,CE,2010
2010-02-17,KAC,18.52,40473,62461.64,CE,2010
2010-02-18,KAC,19.24,40473,64884.63,CE,2010
2010-02-19,KAC,19.02,40473,64135.88,CE,2010
2010-02-20,KAC,18.81,40473,63451.88,CE,2010
2010-02-21,KAC,18.64,40473,62884.25,CE,2010
2010-02-22,KAC,18.49,40473,62364.51,CE,2010
2010-02-23,KAC,19.12,40473,64473.15,CE,2010
2010-02-24,KAC,19.26,40473,64962.2,CE,2010
2010-02-25,KAC,19.46,40473,65637.76,CE,2010
2010-02-26,KAC,19.27,40473,64988.85,CE,2010
2010-02-27,KAC,19.62,40473,66182.12,CE,2010
2010-02-28,KAC,19.12,40473,64480.23,CE,2010
2010-03-01,KAC,18.73,40473,63174.31,CE,2010
2010-03-02,KAC,18.75,40473,63239.06,CE,2010
2010-03-03,KAC,18.5,40473,62382.38,CE,2010
2010-03-04,KAC,18.23,40473,61486.24,CE,2010
2010-03-05,KAC,17.93,40473,60467,CE,2010
2010-03-06,KAC,18.16,40473,61250.83,CE,2010
2010-03-07,KAC,17.79,40473,59992.45,CE,2010
2010-03-08,KAC,17.42,40473,58739.14,CE,2010
2010-03-09,KAC,17.36,40473,58546.22,CE,2010
2010-03-10,KAC,17.2,40473,58026.81,CE,2010
2010-03-11,KAC,17.94,40473,60510.85,CE,2010
2010-03-12,KAC,18.43,40473,62154.05,CE,2010
2010-03-13,KAC,18.54,40473,62525.39,CE,2010
2010-03-14,KAC,18.5,40473,62381.71,CE,2010
2010-03-15,KAC,18.37,40473,61944.94,CE,2010
2010-03-16,KAC,18.79,40473,63366.22,CE,2010
2010-03-17,KAC,18.36,40473,61912.22,CE,2010
2010-03-18,KAC,18.27,40473,61634.31,CE,2010
2010-03-19,KAC,18.08,40473,60993.82,CE,2010
2010-03-20,KAC,17.9,40473,60382.01,CE,2010
2010-03-21,KAC,17.52,40473,59085.52,CE,2010
2010-03-22,KAC,17.23,40473,58120.91,CE,2010
2010-03-23,KAC,17.02,40473,57387.68,CE,2010
2010-03-24,KAC,17.2,40473,58015.35,CE,2010
2010-03-25,KAC,16.77,40473,56556.97,CE,2010
2010-03-26,KAC,16.62,40473,56041.28,CE,2010
2010-03-27,KAC,16.89,40473,56978.56,CE,2010
2010-03-28,KAC,16.62,40473,56065.56,CE,2010
2010-03-29,KAC,16.44,40473,55454.76,CE,2010
2010-03-30,KAC,17.13,40473,57768.12,CE,2010
2010-03-31,KAC,17.14,40473,57814.33,CE,2010
2010-04-01,KAC,16.98,40473,57280.09,CE,2010
2010-04-02,KAC,16.83,40473,56753.94,CE,2010
2010-04-03,KAC,17.48,40473,58944.2,CE,2010
2010-04-04,KAC,17.99,40473,60671.73,CE,2010
2010-04-05,KAC,17.98,40473,60633.28,CE,2010
2010-04-06,KAC,18.34,40473,61867.7,CE,2010
2010-04-07,KAC,18.48,40473,62334.83,CE,2010
2010-04-08,KAC,18.47,40473,62297.39,CE,2010
2010-04-09,KAC,18.99,40473,64044.48,CE,2010
2010-04-10,KAC,19.34,40473,65232.02,CE,2010
2010-04-11,KAC,19.21,40473,64794.24,CE,2010
2010-04-12,KAC,18.99,40473,64058.98,CE,2010
2010-04-13,KAC,21.56,40473,72722.9,CE,2010
2010-04-14,KAC,21.36,40473,72054.76,CE,2010
2010-04-15,KAC,20.98,40473,70757.26,CE,2010
2010-04-16,KAC,20.91,40473,70529.26,CE,2010
2010-04-17,KAC,20.27,40473,68352.49,CE,2010
2010-04-18,KAC,19.61,40473,66136.93,CE,2010
2010-04-19,KAC,18.98,40473,64025.25,CE,2010
2010-04-20,KAC,18.64,40473,62867.39,CE,2010
2010-04-21,KAC,18,40473,60704.78,CE,2010
2010-04-22,KAC,17.8,40473,60024.83,CE,2010
2010-04-23,KAC,17.52,40473,59079.79,CE,2010
2010-04-24,KAC,17.19,40473,57970.15,CE,2010
2010-04-25,KAC,17.02,40473,57388.35,CE,2010
2010-04-26,KAC,16.75,40473,56477.71,CE,2010
2010-04-27,KAC,16.34,40473,55107.36,CE,2010
2010-04-28,KAC,15.92,40473,53681.03,CE,2010
2010-04-29,KAC,15.92,40473,53700.59,CE,2010
2010-04-30,KAC,16.13,40473,54392.68,CE,2010
2010-05-01,KAC,16.61,40473,56015.64,CE,2010
2010-05-02,KAC,16.61,40473,56023.06,CE,2010
2010-05-03,KAC,16.51,40473,55672.97,CE,2010
2010-05-04,KAC,16.94,40473,57133.04,CE,2010
2010-05-05,KAC,17.04,40473,57483.13,CE,2010
2010-05-06,KAC,16.91,40473,57016.34,CE,2010
2010-05-07,KAC,18.01,40473,60739.18,CE,2010
2010-05-08,KAC,17.79,40473,59985.03,CE,2010
2010-05-09,KAC,17.42,40473,58752.97,CE,2010
2010-05-10,KAC,17.05,40473,57516.18,CE,2010
2010-05-11,KAC,16.68,40473,56269.27,CE,2010
2010-05-12,KAC,16.33,40473,55089.82,CE,2010
2010-05-13,KAC,16.38,40473,55237.55,CE,2010
2010-05-14,KAC,15.93,40473,53727.23,CE,2010
2010-05-15,KAC,15.4,40473,51930.57,CE,2010
2010-05-16,KAC,14.78,40473,49852.62,CE,2010
2010-05-17,KAC,14.2,40473,47905.87,CE,2010
2010-05-18,KAC,13.62,40473,45940.57,CE,2010
2010-05-19,KAC,11.97,40473,40378.23,CE,2010
2010-05-20,KAC,11.64,40473,39254.43,CE,2010
2010-05-21,KAC,11.43,40473,38561.66,CE,2010
2010-05-22,KAC,11.31,40473,38153.22,CE,2010
2010-05-23,KAC,11.12,40473,37509.36,CE,2010
2010-05-24,KAC,10.96,40473,36967.03,CE,2010
2010-05-25,KAC,10.67,40473,36000.4,CE,2010
2010-05-26,KAC,10.35,40473,34921.45,CE,2010
2010-05-27,KAC,10.04,40473,33868.14,CE,2010
2010-05-28,KAC,9.66,40473,32594.59,CE,2010
2010-05-29,KAC,9.46,40473,31890.36,CE,2010
2010-05-30,KAC,9.16,40473,30904.85,CE,2010
2010-05-31,KAC,8.9,40473,30006.01,CE,2010
2010-06-01,KAC,8.62,40473,29074.12,CE,2010
2010-06-02,KAC,8.14,40473,27450.81,CE,2010
2010-06-03,KAC,7.84,40473,26431.57,CE,2010
2010-06-04,KAC,7.48,40473,25239.3,CE,2010
2010-06-05,KAC,7.26,40473,24490.21,CE,2010
2010-06-06,KAC,6.94,40473,23409.58,CE,2010
2010-06-07,KAC,6.55,40473,22090.84,CE,2010
2010-06-08,KAC,5.73,40473,19338.34,CE,2010
2010-06-09,KAC,5.49,40473,18516.4,CE,2010
2010-06-10,KAC,5.08,40473,17143.69,CE,2010
2010-06-11,KAC,4.87,40473,16411.8,CE,2010
2010-06-12,KAC,4.15,40473,13998.26,CE,2010
2010-06-13,KAC,3.77,40473,12723.7,CE,2010
2010-06-14,KAC,3.4,40473,11454.87,CE,2010
2010-06-15,KAC,2.97,40473,10012.35,CE,2010
2010-06-16,KAC,2.83,40473,9545.89,CE,2010
2010-06-17,KAC,2.7,40473,9119.24,CE,2010
2010-06-18,KAC,2.55,40473,8595.79,CE,2010
2010-06-19,KAC,2.33,40473,7858.84,CE,2010
2010-06-20,KAC,2.1,40473,7096.6,CE,2010
2010-06-21,KAC,1.93,40473,6497.6,CE,2010
2010-06-22,KAC,1.74,40473,5881.4,CE,2010
2010-06-23,KAC,1.48,40473,4988.97,CE,2010
2010-06-24,KAC,1.21,40473,4086.09,CE,2010
2010-06-25,KAC,0.98,40473,3316.43,CE,2010
2010-06-26,KAC,0.81,40473,2729.57,CE,2010
2010-06-27,KAC,0.67,40473,2270.54,CE,2010
2010-06-28,KAC,0.54,40473,1830.39,CE,2010
2010-06-29,KAC,0.43,40473,1435.78,CE,2010
2010-06-30,KAC,0.37,40473,1250.95,CE,2010
2010-07-01,KAC,0.33,40473,1121.44,CE,2010
2010-07-02,KAC,0.3,40473,1007.1,CE,2010
2010-07-03,KAC,0.26,40473,893.1,CE,2010
2010-07-04,KAC,0.23,40473,787.2,CE,2010
2010-07-05,KAC,0.21,40473,709.29,CE,2010
2010-07-06,KAC,0.17,40473,585.85,CE,2010
2010-07-07,KAC,0.13,40473,437.45,CE,2010
2010-07-08,KAC,0.09,40473,312.99,CE,2010
2010-07-09,KAC,0.07,40473,236.43,CE,2010
2010-07-10,KAC,0.05,40473,176.06,CE,2010
2010-07-11,KAC,0.04,40473,124.79,CE,2010
2010-07-12,KAC,0.02,40473,78.25,CE,2010
2010-07-13,KAC,0.02,40473,66.44,CE,2010
2010-07-14,KAC,0.02,40473,55.31,CE,2010
2010-07-15,KAC,0.01,40473,37.1,CE,2010
2010-07-16,KAC,0,40473,16.19,CE,2010
2010-07-17,KAC,0,40473,0,CE,2010
2010-07-18,KAC,0,40473,0,CE,2010
2010-07-19,KAC,0,40473,0,CE,2010
2010-07-20,KAC,0,40473,0,CE,2010
2010-07-21,KAC,0,40473,0,CE,2010
2010-07-22,KAC,0,40473,0,CE,2010
2010-07-23,KAC,0,40473,0,CE,2010
2010-07-24,KAC,0,40473,0,CE,2010
2010-07-25,KAC,0,40473,0,CE,2010
2010-07-26,KAC,0,40473,0,CE,2010
2010-07-27,KAC,0,40473,0,CE,2010
2010-07-28,KAC,0,40473,0,CE,2010
2010-07-29,KAC,0,40473,0,CE,2010
2010-07-30,KAC,0,40473,0,CE,2010
2010-07-31,KAC,0,40473,0,CE,2010
2010-08-01,KAC,0,40473,0,CE,2010
2010-08-02,KAC,0,40473,0,CE,2010
2010-08-03,KAC,0,40473,0,CE,2010
2010-08-04,KAC,0,40473,0,CE,2010
2010-08-05,KAC,0,40473,0,CE,2010
2010-08-06,KAC,0,40473,0,CE,2010
2010-08-07,KAC,0,40473,0,CE,2010
2010-08-08,KAC,0,40473,0,CE,2010
2010-08-09,KAC,0,40473,0,CE,2010
2010-08-10,KAC,0,40473,0,CE,2010
2010-08-11,KAC,0,40473,0,CE,2010
2010-08-12,KAC,0,40473,0,CE,2010
2010-08-13,KAC,0,40473,0,CE,2010
2010-08-14,KAC,0,40473,0,CE,2010
2010-08-15,KAC,0,40473,0,CE,2010
2010-08-16,KAC,0,40473,0,CE,2010
2010-08-17,KAC,0,40473,0,CE,2010
2010-08-18,KAC,0,40473,0,CE,2010
2010-08-19,KAC,0,40473,0,CE,2010
2010-08-20,KAC,0,40473,0,CE,2010
2010-08-21,KAC,0,40473,0,CE,2010
2010-08-22,KAC,0,40473,0,CE,2010
2010-08-23,KAC,0,40473,0,CE,2010
2010-08-24,KAC,0,40473,0,CE,2010
2010-08-25,KAC,0,40473,0,CE,2010
2010-08-26,KAC,0,40473,0,CE,2010
2010-08-27,KAC,0,40473,0,CE,2010
2010-08-28,KAC,0,40473,0,CE,2010
2010-08-29,KAC,0,40473,0,CE,2010
2010-08-30,KAC,0,40473,0,CE,2010
2010-08-31,KAC,0,40473,0,CE,2010
2010-09-01,KAC,0,40473,0,CE,2010
2010-09-02,KAC,0,40473,0,CE,2010
2010-09-03,KAC,0,40473,0,CE,2010
2010-09-04,KAC,0,40473,0,CE,2010
2010-09-05,KAC,0,40473,0,CE,2010
2010-09-06,KAC,0,40473,0,CE,2010
2010-09-07,KAC,0,40473,0,CE,2010
2010-09-08,KAC,0,40473,0,CE,2010
2010-09-09,KAC,0,40473,0,CE,2010
2010-09-10,KAC,0,40473,0,CE,2010
2010-09-11,KAC,0,40473,0,CE,2010
2010-09-12,KAC,0,40473,0,CE,2010
2010-09-13,KAC,0,40473,0,CE,2010
2010-09-14,KAC,0,40473,0,CE,2010
2010-09-15,KAC,0,40473,0,CE,2010
2010-09-16,KAC,0,40473,0,CE,2010
2010-09-17,KAC,0,40473,0,CE,2010
2010-09-18,KAC,0,40473,0,CE,2010
2010-09-19,KAC,0,40473,0,CE,2010
2010-09-20,KAC,0,40473,0,CE,2010
2010-09-21,KAC,0,40473,0,CE,2010
2010-09-22,KAC,0,40473,0,CE,2010
2010-09-23,KAC,0,40473,0,CE,2010
2010-09-24,KAC,0,40473,0,CE,2010
2010-09-25,KAC,0,40473,0,CE,2010
2010-09-26,KAC,0,40473,0,CE,2010
2010-09-27,KAC,0,40473,0,CE,2010
2010-09-28,KAC,0,40473,0,CE,2010
2010-09-29,KAC,0,40473,0,CE,2010
2010-09-30,KAC,0,40473,0,CE,2010
2010-10-01,KAC,0,40473,0,CE,2011
2010-10-02,KAC,0,40473,0,CE,2011
2010-10-03,KAC,0,40473,0,CE,2011
2010-10-04,KAC,0,40473,0,CE,2011
2010-10-05,KAC,0,40473,0,CE,2011
2010-10-06,KAC,0,40473,0,CE,2011
2010-10-07,KAC,0,40473,0,CE,2011
2010-10-08,KAC,0,40473,0,CE,2011
2010-10-09,KAC,0,40473,0,CE,2011
2010-10-10,KAC,0,40473,0,CE,2011
2010-10-11,KAC,0,40473,0,CE,2011
2010-10-12,KAC,0,40473,0,CE,2011
2010-10-13,KAC,0,40473,0,CE,2011
2010-10-14,KAC,0,40473,0,CE,2011
2010-10-15,KAC,0,40473,0,CE,2011
2010-10-16,KAC,0,40473,3.04,CE,2011
2010-10-17,KAC,0,40473,1.69,CE,2011
2010-10-18,KAC,0,40473,0,CE,2011
2010-10-19,KAC,0,40473,0,CE,2011
2010-10-20,KAC,0,40473,0,CE,2011
2010-10-21,KAC,0,40473,0,CE,2011
2010-10-22,KAC,0,40473,0,CE,2011
2010-10-23,KAC,0,40473,0,CE,2011
2010-10-24,KAC,0,40473,0,CE,2011
2010-10-25,KAC,0.32,40473,1066.13,CE,2011
2010-10-26,KAC,0.73,40473,2456.04,CE,2011
2010-10-27,KAC,0.85,40473,2853.68,CE,2011
2010-10-28,KAC,0.95,40473,3209.17,CE,2011
2010-10-29,KAC,0.82,40473,2778.47,CE,2011
2010-10-30,KAC,0.66,40473,2234.11,CE,2011
2010-10-31,KAC,0.56,40473,1878.62,CE,2011
2010-11-01,KAC,0.44,40473,1475.92,CE,2011
2010-11-02,KAC,0.18,40473,592.93,CE,2011
2010-11-03,KAC,0.07,40473,237.1,CE,2011
2010-11-04,KAC,0.01,40473,17.54,CE,2011
2010-11-05,KAC,0,40473,0,CE,2011
2010-11-06,KAC,0,40473,0,CE,2011
2010-11-07,KAC,0,40473,0,CE,2011
2010-11-08,KAC,0.02,40473,75.89,CE,2011
2010-11-09,KAC,0.03,40473,92.41,CE,2011
2010-11-10,KAC,0.47,40473,1591.26,CE,2011
2010-11-11,KAC,0.46,40473,1554.5,CE,2011
2010-11-12,KAC,0.54,40473,1834.1,CE,2011
2010-11-13,KAC,0.6,40473,2023.65,CE,2011
2010-11-14,KAC,0.62,40473,2105.61,CE,2011
2010-11-15,KAC,0.11,40473,387.53,CE,2011
2010-11-16,KAC,0.01,40473,31.7,CE,2011
2010-11-17,KAC,0.24,40473,815.19,CE,2011
2010-11-18,KAC,0.91,40473,3053.01,CE,2011
2010-11-19,KAC,1.12,40473,3792.99,CE,2011
2010-11-20,KAC,1.38,40473,4655.07,CE,2011
2010-11-21,KAC,1.46,40473,4930.62,CE,2011
2010-11-22,KAC,1.87,40473,6316.15,CE,2011
2010-11-23,KAC,2.48,40473,8360.37,CE,2011
2010-11-24,KAC,2.92,40473,9847.08,CE,2011
2010-11-25,KAC,2.92,40473,9835.28,CE,2011
2010-11-26,KAC,3.09,40473,10436.97,CE,2011
2010-11-27,KAC,3.53,40473,11920.31,CE,2011
2010-11-28,KAC,3.62,40473,12221.16,CE,2011
2010-11-29,KAC,3.73,40473,12577.66,CE,2011
2010-11-30,KAC,3.81,40473,12839.72,CE,2011
2010-12-01,KAC,5.36,40473,18071.87,CE,2011
2010-12-02,KAC,5.45,40473,18373.73,CE,2011
2010-12-03,KAC,6.01,40473,20264.16,CE,2011
2010-12-04,KAC,6.17,40473,20823.02,CE,2011
2010-12-05,KAC,6.16,40473,20786.93,CE,2011
2010-12-06,KAC,6.16,40473,20761.97,CE,2011
2010-12-07,KAC,6.02,40473,20319.47,CE,2011
2010-12-08,KAC,6.28,40473,21169.07,CE,2011
2010-12-09,KAC,6.5,40473,21911.74,CE,2011
2010-12-10,KAC,7.75,40473,26126,CE,2011
2010-12-11,KAC,8.83,40473,29779.7,CE,2011
2010-12-12,KAC,9.87,40473,33287.36,CE,2011
2010-12-13,KAC,10.45,40473,35231.07,CE,2011
2010-12-14,KAC,10.15,40473,34249.94,CE,2011
2010-12-15,KAC,10.46,40473,35279.3,CE,2011
2010-12-16,KAC,10.53,40473,35526.86,CE,2011
2010-12-17,KAC,12.14,40473,40932.71,CE,2011
2010-12-18,KAC,12.05,40473,40625.79,CE,2011
2010-12-19,KAC,12.16,40473,41010.62,CE,2011
2010-12-20,KAC,12.26,40473,41336.42,CE,2011
2010-12-21,KAC,12.48,40473,42075.39,CE,2011
2010-12-22,KAC,12.06,40473,40686.16,CE,2011
2010-12-23,KAC,12.29,40473,41464.93,CE,2011
2010-12-24,KAC,12.43,40473,41917.89,CE,2011
2010-12-25,KAC,13.03,40473,43962.78,CE,2011
2010-12-26,KAC,13.42,40473,45247.8,CE,2011
2010-12-27,KAC,13.67,40473,46105.16,CE,2011
2010-12-28,KAC,14.17,40473,47806.71,CE,2011
2010-12-29,KAC,14.56,40473,49092.06,CE,2011
2010-12-30,KAC,15.2,40473,51273.89,CE,2011
2010-12-31,KAC,15.2,40473,51272.21,CE,2011
2011-01-01,KAC,15.18,40473,51208.46,CE,2011
2011-01-02,KAC,15.16,40473,51146.07,CE,2011
2011-01-03,KAC,15.15,40473,51102.22,CE,2011
2011-01-04,KAC,15.14,40473,51053.32,CE,2011
2011-01-05,KAC,15.62,40473,52693.15,CE,2011
2011-01-06,KAC,15.95,40473,53795.7,CE,2011
2011-01-07,KAC,16.02,40473,54016.95,CE,2011
2011-01-08,KAC,16.41,40473,55348.85,CE,2011
2011-01-09,KAC,16.49,40473,55612.94,CE,2011
2011-01-10,KAC,16.64,40473,56129.31,CE,2011
2011-01-11,KAC,17.31,40473,58391.07,CE,2011
2011-01-12,KAC,17.42,40473,58739.48,CE,2011
2011-01-13,KAC,18.64,40473,62869.75,CE,2011
2011-01-14,KAC,19.85,40473,66942.68,CE,2011
2011-01-15,KAC,19.51,40473,65807.07,CE,2011
2011-01-16,KAC,19.52,40473,65844.17,CE,2011
2011-01-17,KAC,18.59,40473,62709.2,CE,2011
2011-01-18,KAC,18.12,40473,61112.54,CE,2011
2011-01-19,KAC,18.46,40473,62256.92,CE,2011
2011-01-20,KAC,18.25,40473,61549.99,CE,2011
2011-01-21,KAC,18.21,40473,61421.15,CE,2011
2011-01-22,KAC,19.06,40473,64283.6,CE,2011
2011-01-23,KAC,18.46,40473,62266.02,CE,2011
2011-01-24,KAC,18.05,40473,60868.69,CE,2011
2011-01-25,KAC,17.81,40473,60051.81,CE,2011
2011-01-26,KAC,18.09,40473,61019.79,CE,2011
2011-01-27,KAC,17.58,40473,59292.95,CE,2011
2011-01-28,KAC,17.02,40473,57400.16,CE,2011
2011-01-29,KAC,16.51,40473,55693.55,CE,2011
2011-01-30,KAC,16.3,40473,54969.08,CE,2011
2011-01-31,KAC,16,40473,53974.79,CE,2011
2011-02-01,KAC,17.67,40473,59599.19,CE,2011
2011-02-02,KAC,17.5,40473,59019.75,CE,2011
2011-02-03,KAC,17.34,40473,58467.3,CE,2011
2011-02-04,KAC,17.21,40473,58045.36,CE,2011
2011-02-05,KAC,17.03,40473,57435.57,CE,2011
2011-02-06,KAC,16.65,40473,56165.06,CE,2011
2011-02-07,KAC,16.69,40473,56282.09,CE,2011
2011-02-08,KAC,18.24,40473,61531.1,CE,2011
2011-02-09,KAC,18.05,40473,60867.68,CE,2011
2011-02-10,KAC,17.87,40473,60284.87,CE,2011
2011-02-11,KAC,17.68,40473,59623.14,CE,2011
2011-02-12,KAC,17.39,40473,58664.94,CE,2011
2011-02-13,KAC,17.32,40473,58421.76,CE,2011
2011-02-14,KAC,17.11,40473,57692.24,CE,2011
2011-02-15,KAC,18.62,40473,62804.99,CE,2011
2011-02-16,KAC,18.78,40473,63348.68,CE,2011
2011-02-17,KAC,18.72,40473,63138.55,CE,2011
2011-02-18,KAC,18.72,40473,63151.37,CE,2011
2011-02-19,KAC,19.18,40473,64679.9,CE,2011
2011-02-20,KAC,19.01,40473,64127.44,CE,2011
2011-02-21,KAC,18.85,40473,63583.42,CE,2011
2011-02-22,KAC,19.01,40473,64117.66,CE,2011
2011-02-23,KAC,19.81,40473,66814.18,CE,2011
2011-02-24,KAC,20.55,40473,69320.47,CE,2011
2011-02-25,KAC,21.89,40473,73838.94,CE,2011
2011-02-26,KAC,21.89,40473,73822.41,CE,2011
2011-02-27,KAC,21.99,40473,74156.32,CE,2011
2011-02-28,KAC,22.95,40473,77390.11,CE,2011
2011-03-01,KAC,24.75,40473,83463.08,CE,2011
2011-03-02,KAC,25.34,40473,85469.2,CE,2011
2011-03-03,KAC,25.64,40473,86490.13,CE,2011
2011-03-04,KAC,25.65,40473,86499.91,CE,2011
2011-03-05,KAC,25.86,40473,87226.74,CE,2011
2011-03-06,KAC,25.93,40473,87460.8,CE,2011
2011-03-07,KAC,25.92,40473,87414.93,CE,2011
2011-03-08,KAC,25.91,40473,87372.78,CE,2011
2011-03-09,KAC,26.39,40473,89019.01,CE,2011
2011-03-10,KAC,28.08,40473,94707.49,CE,2011
2011-03-11,KAC,28.92,40473,97526.78,CE,2011
2011-03-12,KAC,28.96,40473,97681.59,CE,2011
2011-03-13,KAC,28.99,40473,97774.67,CE,2011
2011-03-14,KAC,29.18,40473,98432.36,CE,2011
2011-03-15,KAC,29.43,40473,99248.9,CE,2011
2011-03-16,KAC,30.56,40473,103078.66,CE,2011
2011-03-17,KAC,30.75,40473,103706.33,CE,2011
2011-03-18,KAC,30.67,40473,103442.92,CE,2011
2011-03-19,KAC,31.72,40473,106978.57,CE,2011
2011-03-20,KAC,31.81,40473,107294.93,CE,2011
2011-03-21,KAC,31.73,40473,107015,CE,2011
2011-03-22,KAC,31.78,40473,107182.62,CE,2011
2011-03-23,KAC,31.96,40473,107792.42,CE,2011
2011-03-24,KAC,31.83,40473,107346.54,CE,2011
2011-03-25,KAC,31.63,40473,106667.27,CE,2011
2011-03-26,KAC,31.57,40473,106493.91,CE,2011
2011-03-27,KAC,31.5,40473,106246.68,CE,2011
2011-03-28,KAC,31.68,40473,106845.35,CE,2011
2011-03-29,KAC,31.48,40473,106187.66,CE,2011
2011-03-30,KAC,31.75,40473,107072.67,CE,2011
2011-03-31,KAC,35.39,40473,119353.87,CE,2011
2011-04-01,KAC,34.73,40473,117134.93,CE,2011
2011-04-02,KAC,34.03,40473,114769.62,CE,2011
2011-04-03,KAC,34.52,40473,116414.51,CE,2011
2011-04-04,KAC,34.29,40473,115645.19,CE,2011
2011-04-05,KAC,35.1,40473,118382.18,CE,2011
2011-04-06,KAC,35.55,40473,119908.35,CE,2011
2011-04-07,KAC,35.86,40473,120950.53,CE,2011
2011-04-08,KAC,36.93,40473,124544.19,CE,2011
2011-04-09,KAC,36.74,40473,123928.66,CE,2011
2011-04-10,KAC,36.57,40473,123333.71,CE,2011
2011-04-11,KAC,36.42,40473,122843.31,CE,2011
2011-04-12,KAC,36.45,40473,122949.22,CE,2011
2011-04-13,KAC,37.38,40473,126084.53,CE,2011
2011-04-14,KAC,37.27,40473,125693.29,CE,2011
2011-04-15,KAC,37.81,40473,127514.91,CE,2011
2011-04-16,KAC,37.97,40473,128068.38,CE,2011
2011-04-17,KAC,37.63,40473,126933.11,CE,2011
2011-04-18,KAC,37.47,40473,126360.42,CE,2011
2011-04-19,KAC,37.29,40473,125771.2,CE,2011
2011-04-20,KAC,37.12,40473,125185.35,CE,2011
2011-04-21,KAC,38.64,40473,130318,CE,2011
2011-04-22,KAC,38.71,40473,130564.89,CE,2011
2011-04-23,KAC,38.5,40473,129844.8,CE,2011
2011-04-24,KAC,38.15,40473,128678.84,CE,2011
2011-04-25,KAC,37.75,40473,127309.85,CE,2011
2011-04-26,KAC,37.82,40473,127554.71,CE,2011
2011-04-27,KAC,38.62,40473,130250.55,CE,2011
2011-04-28,KAC,38.62,40473,130248.18,CE,2011
2011-04-29,KAC,38.65,40473,130358.14,CE,2011
2011-04-30,KAC,38.44,40473,129652.89,CE,2011
2011-05-01,KAC,38.18,40473,128768.22,CE,2011
2011-05-02,KAC,37.82,40473,127544.93,CE,2011
2011-05-03,KAC,37.47,40473,126372.56,CE,2011
2011-05-04,KAC,37.21,40473,125515.2,CE,2011
2011-05-05,KAC,38.99,40473,131507.91,CE,2011
2011-05-06,KAC,38.47,40473,129762.85,CE,2011
2011-05-07,KAC,38.2,40473,128826.23,CE,2011
2011-05-08,KAC,37.79,40473,127448.8,CE,2011
2011-05-09,KAC,37.43,40473,126234.95,CE,2011
2011-05-10,KAC,38.13,40473,128591.83,CE,2011
2011-05-11,KAC,37.55,40473,126641.37,CE,2011
2011-05-12,KAC,37.05,40473,124971.85,CE,2011
2011-05-13,KAC,36.54,40473,123255.8,CE,2011
2011-05-14,KAC,35.98,40473,121350.53,CE,2011
2011-05-15,KAC,35.28,40473,118978.14,CE,2011
2011-05-16,KAC,34.66,40473,116886.02,CE,2011
2011-05-17,KAC,34.21,40473,115391.22,CE,2011
2011-05-18,KAC,33.77,40473,113902.15,CE,2011
2011-05-19,KAC,33.2,40473,111988.12,CE,2011
2011-05-20,KAC,33.01,40473,111324.7,CE,2011
2011-05-21,KAC,32.27,40473,108854.83,CE,2011
2011-05-22,KAC,31.61,40473,106628.82,CE,2011
2011-05-23,KAC,31.09,40473,104849.69,CE,2011
2011-05-24,KAC,30.65,40473,103359.95,CE,2011
2011-05-25,KAC,30.14,40473,101654.35,CE,2011
2011-05-26,KAC,29.7,40473,100183.83,CE,2011
2011-05-27,KAC,29.27,40473,98726.8,CE,2011
2011-05-28,KAC,28.89,40473,97427.62,CE,2011
2011-05-29,KAC,28.51,40473,96143.61,CE,2011
2011-05-30,KAC,28.02,40473,94512.21,CE,2011
2011-05-31,KAC,27.53,40473,92866.98,CE,2011
2011-06-01,KAC,27.1,40473,91392.42,CE,2011
2011-06-02,KAC,26.65,40473,89886.15,CE,2011
2011-06-03,KAC,26.21,40473,88412.93,CE,2011
2011-06-04,KAC,25.68,40473,86605.47,CE,2011
2011-06-05,KAC,24.94,40473,84100.53,CE,2011
2011-06-06,KAC,24.1,40473,81277.2,CE,2011
2011-06-07,KAC,23.18,40473,78193.84,CE,2011
2011-06-08,KAC,22.62,40473,76301.05,CE,2011
2011-06-09,KAC,22.14,40473,74656.16,CE,2011
2011-06-10,KAC,21.54,40473,72655.11,CE,2011
2011-06-11,KAC,20.92,40473,70564,CE,2011
2011-06-12,KAC,20.35,40473,68630.74,CE,2011
2011-06-13,KAC,19.81,40473,66815.86,CE,2011
2011-06-14,KAC,19.3,40473,65085.64,CE,2011
2011-06-15,KAC,18.27,40473,61614.07,CE,2011
2011-06-16,KAC,17.91,40473,60403.25,CE,2011
2011-06-17,KAC,17.46,40473,58885.52,CE,2011
2011-06-18,KAC,16.9,40473,56996.1,CE,2011
2011-06-19,KAC,16.39,40473,55284.09,CE,2011
2011-06-20,KAC,15.79,40473,53258.42,CE,2011
2011-06-21,KAC,14.75,40473,49746.38,CE,2011
2011-06-22,KAC,14.09,40473,47538.24,CE,2011
2011-06-23,KAC,13.3,40473,44845.43,CE,2011
2011-06-24,KAC,12.76,40473,43040,CE,2011
2011-06-25,KAC,12.37,40473,41721.93,CE,2011
2011-06-26,KAC,11.97,40473,40363.72,CE,2011
2011-06-27,KAC,11.49,40473,38736.03,CE,2011
2011-06-28,KAC,10.18,40473,34345.39,CE,2011
2011-06-29,KAC,9.48,40473,31968.27,CE,2011
2011-06-30,KAC,8.93,40473,30117.31,CE,2011
2011-07-01,KAC,8.54,40473,28794.18,CE,2011
2011-07-02,KAC,8.12,40473,27378.64,CE,2011
2011-07-03,KAC,7.47,40473,25206.58,CE,2011
2011-07-04,KAC,6.94,40473,23413.97,CE,2011
2011-07-05,KAC,6.47,40473,21815.28,CE,2011
2011-07-06,KAC,5.74,40473,19346.43,CE,2011
2011-07-07,KAC,5.12,40473,17268.14,CE,2011
2011-07-08,KAC,4.63,40473,15616.51,CE,2011
2011-07-09,KAC,4.37,40473,14737.57,CE,2011
2011-07-10,KAC,4.09,40473,13804.67,CE,2011
2011-07-11,KAC,3.76,40473,12689.97,CE,2011
2011-07-12,KAC,3.42,40473,11539.19,CE,2011
2011-07-13,KAC,3.14,40473,10591.45,CE,2011
2011-07-14,KAC,2.9,40473,9775.24,CE,2011
2011-07-15,KAC,2.68,40473,9039.64,CE,2011
2011-07-16,KAC,2.41,40473,8138.45,CE,2011
2011-07-17,KAC,2.13,40473,7198.8,CE,2011
2011-07-18,KAC,1.9,40473,6403.17,CE,2011
2011-07-19,KAC,1.67,40473,5621.36,CE,2011
2011-07-20,KAC,1.48,40473,5001.79,CE,2011
2011-07-21,KAC,1.32,40473,4437.86,CE,2011
2011-07-22,KAC,1.16,40473,3928.58,CE,2011
2011-07-23,KAC,1.04,40473,3492.82,CE,2011
2011-07-24,KAC,0.85,40473,2883.03,CE,2011
2011-07-25,KAC,0.62,40473,2094.14,CE,2011
2011-07-26,KAC,0.45,40473,1508.97,CE,2011
2011-07-27,KAC,0.36,40473,1229.7,CE,2011
2011-07-28,KAC,0.3,40473,1022.28,CE,2011
2011-07-29,KAC,0.24,40473,801.03,CE,2011
2011-07-30,KAC,0.18,40473,610.13,CE,2011
2011-07-31,KAC,0.12,40473,417.55,CE,2011
2011-08-01,KAC,0.09,40473,287.36,CE,2011
2011-08-02,KAC,0.06,40473,196.63,CE,2011
2011-08-03,KAC,0.04,40473,129.51,CE,2011
2011-08-04,KAC,0.03,40473,95.45,CE,2011
2011-08-05,KAC,0.02,40473,75.55,CE,2011
2011-08-06,KAC,0.02,40473,60.71,CE,2011
2011-08-07,KAC,0.01,40473,48.57,CE,2011
2011-08-08,KAC,0.01,40473,38.11,CE,2011
2011-08-09,KAC,0.01,40473,34.74,CE,2011
2011-08-10,KAC,0.01,40473,32.04,CE,2011
2011-08-11,KAC,0.01,40473,29.68,CE,2011
2011-08-12,KAC,0.01,40473,26.98,CE,2011
2011-08-13,KAC,0.01,40473,23.27,CE,2011
2011-08-14,KAC,0.01,40473,20.24,CE,2011
2011-08-15,KAC,0.01,40473,18.21,CE,2011
2011-08-16,KAC,0,40473,15.85,CE,2011
2011-08-17,KAC,0,40473,13.49,CE,2011
2011-08-18,KAC,0,40473,10.46,CE,2011
2011-08-19,KAC,0,40473,7.42,CE,2011
2011-08-20,KAC,0,40473,4.05,CE,2011
2011-08-21,KAC,0,40473,0,CE,2011
2011-08-22,KAC,0,40473,0,CE,2011
2011-08-23,KAC,0,40473,0,CE,2011
2011-08-24,KAC,0,40473,0,CE,2011
2011-08-25,KAC,0,40473,0,CE,2011
2011-08-26,KAC,0,40473,0,CE,2011
2011-08-27,KAC,0,40473,0,CE,2011
2011-08-28,KAC,0,40473,0,CE,2011
2011-08-29,KAC,0,40473,0,CE,2011
2011-08-30,KAC,0,40473,0,CE,2011
2011-08-31,KAC,0,40473,0,CE,2011
2011-09-01,KAC,0,40473,0,CE,2011
2011-09-02,KAC,0,40473,0,CE,2011
2011-09-03,KAC,0,40473,0,CE,2011
2011-09-04,KAC,0,40473,0,CE,2011
2011-09-05,KAC,0,40473,0,CE,2011
2011-09-06,KAC,0,40473,0,CE,2011
2011-09-07,KAC,0,40473,0,CE,2011
2011-09-08,KAC,0,40473,0,CE,2011
2011-09-09,KAC,0,40473,0,CE,2011
2011-09-10,KAC,0,40473,0,CE,2011
2011-09-11,KAC,0,40473,0,CE,2011
2011-09-12,KAC,0,40473,0,CE,2011
2011-09-13,KAC,0,40473,0,CE,2011
2011-09-14,KAC,0,40473,0,CE,2011
2011-09-15,KAC,0,40473,0,CE,2011
2011-09-16,KAC,0,40473,0,CE,2011
2011-09-17,KAC,0,40473,0,CE,2011
2011-09-18,KAC,0,40473,0,CE,2011
2011-09-19,KAC,0,40473,0,CE,2011
2011-09-20,KAC,0,40473,0,CE,2011
2011-09-21,KAC,0,40473,0,CE,2011
2011-09-22,KAC,0,40473,0,CE,2011
2011-09-23,KAC,0,40473,0,CE,2011
2011-09-24,KAC,0,40473,0,CE,2011
2011-09-25,KAC,0,40473,0,CE,2011
2011-09-26,KAC,0,40473,0,CE,2011
2011-09-27,KAC,0,40473,0,CE,2011
2011-09-28,KAC,0,40473,0,CE,2011
2011-09-29,KAC,0,40473,0,CE,2011
2011-09-30,KAC,0,40473,0,CE,2011
2011-10-01,KAC,0,40473,0,CE,2012
2011-10-02,KAC,0,40473,0,CE,2012
2011-10-03,KAC,0,40473,0,CE,2012
2011-10-04,KAC,0,40473,0,CE,2012
2011-10-05,KAC,0,40473,0,CE,2012
2011-10-06,KAC,0,40473,0,CE,2012
2011-10-07,KAC,0,40473,0,CE,2012
2011-10-08,KAC,0,40473,0,CE,2012
2011-10-09,KAC,0,40473,0,CE,2012
2011-10-10,KAC,0,40473,0,CE,2012
2011-10-11,KAC,0,40473,0,CE,2012
2011-10-12,KAC,0,40473,0,CE,2012
2011-10-13,KAC,0,40473,0,CE,2012
2011-10-14,KAC,0,40473,0,CE,2012
2011-10-15,KAC,0,40473,0,CE,2012
2011-10-16,KAC,0,40473,0,CE,2012
2011-10-17,KAC,0,40473,0,CE,2012
2011-10-18,KAC,0,40473,0,CE,2012
2011-10-19,KAC,0,40473,0,CE,2012
2011-10-20,KAC,0,40473,0,CE,2012
2011-10-21,KAC,0,40473,0,CE,2012
2011-10-22,KAC,0,40473,0,CE,2012
2011-10-23,KAC,0,40473,0,CE,2012
2011-10-24,KAC,0,40473,0,CE,2012
2011-10-25,KAC,0,40473,0,CE,2012
2011-10-26,KAC,0,40473,0,CE,2012
2011-10-27,KAC,0,40473,0,CE,2012
2011-10-28,KAC,0,40473,0,CE,2012
2011-10-29,KAC,0,40473,0,CE,2012
2011-10-30,KAC,0,40473,0.67,CE,2012
2011-10-31,KAC,0,40473,0,CE,2012
2011-11-01,KAC,0.02,40473,61.05,CE,2012
2011-11-02,KAC,0.01,40473,27.99,CE,2012
2011-11-03,KAC,0.01,40473,16.86,CE,2012
2011-11-04,KAC,0.09,40473,316.36,CE,2012
2011-11-05,KAC,0.09,40473,318.39,CE,2012
2011-11-06,KAC,0.09,40473,312.32,CE,2012
2011-11-07,KAC,0.09,40473,303.21,CE,2012
2011-11-08,KAC,0.11,40473,358.86,CE,2012
2011-11-09,KAC,0.09,40473,290.06,CE,2012
2011-11-10,KAC,0.05,40473,152.79,CE,2012
2011-11-11,KAC,0.01,40473,40.81,CE,2012
2011-11-12,KAC,0.33,40473,1099.52,CE,2012
2011-11-13,KAC,0.69,40473,2325.17,CE,2012
2011-11-14,KAC,0.97,40473,3286.74,CE,2012
2011-11-15,KAC,1.16,40473,3921.5,CE,2012
2011-11-16,KAC,3.35,40473,11288.26,CE,2012
2011-11-17,KAC,3.86,40473,13002.29,CE,2012
2011-11-18,KAC,4.99,40473,16820.58,CE,2012
2011-11-19,KAC,5.24,40473,17659.72,CE,2012
2011-11-20,KAC,5.45,40473,18391.94,CE,2012
2011-11-21,KAC,5.45,40473,18392.95,CE,2012
2011-11-22,KAC,5.82,40473,19624.35,CE,2012
2011-11-23,KAC,7.06,40473,23818.02,CE,2012
2011-11-24,KAC,8.88,40473,29939.56,CE,2012
2011-11-25,KAC,9.3,40473,31353.76,CE,2012
2011-11-26,KAC,9.57,40473,32262.38,CE,2012
2011-11-27,KAC,9.53,40473,32153.1,CE,2012
2011-11-28,KAC,9.69,40473,32672.17,CE,2012
2011-11-29,KAC,10.6,40473,35766.33,CE,2012
2011-11-30,KAC,10.52,40473,35466.83,CE,2012
2011-12-01,KAC,10.53,40473,35523.15,CE,2012
2011-12-02,KAC,10.41,40473,35110.66,CE,2012
2011-12-03,KAC,11.04,40473,37250.67,CE,2012
2011-12-04,KAC,10.98,40473,37026.05,CE,2012
2011-12-05,KAC,10.91,40473,36785.24,CE,2012
2011-12-06,KAC,10.82,40473,36495.85,CE,2012
2011-12-07,KAC,10.65,40473,35927.54,CE,2012
2011-12-08,KAC,10.52,40473,35467.16,CE,2012
2011-12-09,KAC,11,40473,37116.1,CE,2012
2011-12-10,KAC,10.87,40473,36662.13,CE,2012
2011-12-11,KAC,10.8,40473,36410.19,CE,2012
2011-12-12,KAC,10.74,40473,36234.47,CE,2012
2011-12-13,KAC,10.69,40473,36038.17,CE,2012
2011-12-14,KAC,10.63,40473,35849.97,CE,2012
2011-12-15,KAC,10.59,40473,35706.63,CE,2012
2011-12-16,KAC,10.81,40473,36469.21,CE,2012
2011-12-17,KAC,10.75,40473,36258.07,CE,2012
2011-12-18,KAC,10.59,40473,35720.12,CE,2012
2011-12-19,KAC,10.5,40473,35401.73,CE,2012
2011-12-20,KAC,10.39,40473,35058.05,CE,2012
2011-12-21,KAC,10.35,40473,34912.68,CE,2012
2011-12-22,KAC,11.11,40473,37454.39,CE,2012
2011-12-23,KAC,11.06,40473,37290.81,CE,2012
2011-12-24,KAC,11.03,40473,37211.89,CE,2012
2011-12-25,KAC,11.04,40473,37220.66,CE,2012
2011-12-26,KAC,11.02,40473,37151.18,CE,2012
2011-12-27,KAC,11.01,40473,37150.17,CE,2012
2011-12-28,KAC,11.62,40473,39175.17,CE,2012
2011-12-29,KAC,11.88,40473,40079.74,CE,2012
2011-12-30,KAC,13.26,40473,44718.95,CE,2012
2011-12-31,KAC,13.86,40473,46732.15,CE,2012
2012-01-01,KAC,13.77,40473,46457.27,CE,2012
2012-01-02,KAC,13.7,40473,46219.83,CE,2012
2012-01-03,KAC,13.62,40473,45924.04,CE,2012
2012-01-04,KAC,15.92,40473,53699.24,CE,2012
2012-01-05,KAC,15.92,40473,53698.56,CE,2012
2012-01-06,KAC,15.67,40473,52864.82,CE,2012
2012-01-07,KAC,16.16,40473,54487.11,CE,2012
2012-01-08,KAC,16.01,40473,53999.41,CE,2012
2012-01-09,KAC,15.79,40473,53258.76,CE,2012
2012-01-10,KAC,15.62,40473,52698.54,CE,2012
2012-01-11,KAC,15.51,40473,52310,CE,2012
2012-01-12,KAC,15.68,40473,52874.6,CE,2012
2012-01-13,KAC,15.51,40473,52302.58,CE,2012
2012-01-14,KAC,15.32,40473,51682.67,CE,2012
2012-01-15,KAC,15.79,40473,53252.35,CE,2012
2012-01-16,KAC,15.86,40473,53493.5,CE,2012
2012-01-17,KAC,16.18,40473,54558.62,CE,2012
2012-01-18,KAC,19.27,40473,64977.38,CE,2012
2012-01-19,KAC,20.8,40473,70162.98,CE,2012
2012-01-20,KAC,21.98,40473,74134.39,CE,2012
2012-01-21,KAC,22.51,40473,75913.86,CE,2012
2012-01-22,KAC,23.34,40473,78734.83,CE,2012
2012-01-23,KAC,23.87,40473,80504.17,CE,2012
2012-01-24,KAC,23.89,40473,80588.83,CE,2012
2012-01-25,KAC,24.06,40473,81134.2,CE,2012
2012-01-26,KAC,25.08,40473,84588.23,CE,2012
2012-01-27,KAC,25.58,40473,86277.98,CE,2012
2012-01-28,KAC,25.55,40473,86172.08,CE,2012
2012-01-29,KAC,25.51,40473,86026.71,CE,2012
2012-01-30,KAC,25.77,40473,86920.15,CE,2012
2012-01-31,KAC,26.82,40473,90447.37,CE,2012
2012-02-01,KAC,26.72,40473,90104.37,CE,2012
2012-02-02,KAC,27.22,40473,91810.98,CE,2012
2012-02-03,KAC,27.14,40473,91526.65,CE,2012
2012-02-04,KAC,27.05,40473,91220.41,CE,2012
2012-02-05,KAC,26.96,40473,90913.15,CE,2012
2012-02-06,KAC,26.86,40473,90596.45,CE,2012
2012-02-07,KAC,27.35,40473,92228.52,CE,2012
2012-02-08,KAC,27.24,40473,91869.33,CE,2012
2012-02-09,KAC,27.4,40473,92419.08,CE,2012
2012-02-10,KAC,27.56,40473,92949.95,CE,2012
2012-02-11,KAC,27.53,40473,92861.93,CE,2012
2012-02-12,KAC,27.42,40473,92468.33,CE,2012
2012-02-13,KAC,27.3,40473,92061.57,CE,2012
2012-02-14,KAC,27.99,40473,94393.15,CE,2012
2012-02-15,KAC,27.95,40473,94283.2,CE,2012
2012-02-16,KAC,27.88,40473,94019.12,CE,2012
2012-02-17,KAC,27.9,40473,94089.61,CE,2012
2012-02-18,KAC,28.18,40473,95031.62,CE,2012
2012-02-19,KAC,29.27,40473,98705.89,CE,2012
2012-02-20,KAC,29.46,40473,99363.24,CE,2012
2012-02-21,KAC,29.63,40473,99934.58,CE,2012
2012-02-22,KAC,32.21,40473,108648.08,CE,2012
2012-02-23,KAC,33.5,40473,112989.15,CE,2012
2012-02-24,KAC,33.26,40473,112190.48,CE,2012
2012-02-25,KAC,33.47,40473,112877.51,CE,2012
2012-02-26,KAC,34.4,40473,116017.88,CE,2012
2012-02-27,KAC,34.48,40473,116305.57,CE,2012
2012-02-28,KAC,35.45,40473,119568.37,CE,2012
2012-02-29,KAC,35.54,40473,119862.48,CE,2012
2012-03-01,KAC,36.32,40473,122495.92,CE,2012
2012-03-02,KAC,36.45,40473,122937.41,CE,2012
2012-03-03,KAC,36.54,40473,123231.18,CE,2012
2012-03-04,KAC,36.61,40473,123473,CE,2012
2012-03-05,KAC,36.25,40473,122266.91,CE,2012
2012-03-06,KAC,36.5,40473,123111.11,CE,2012
2012-03-07,KAC,37.95,40473,127981.02,CE,2012
2012-03-08,KAC,37.84,40473,127628.23,CE,2012
2012-03-09,KAC,37.65,40473,126981.68,CE,2012
2012-03-10,KAC,37.33,40473,125887.89,CE,2012
2012-03-11,KAC,37.11,40473,125146.9,CE,2012
2012-03-12,KAC,37.3,40473,125796.49,CE,2012
2012-03-13,KAC,39.74,40473,134028.36,CE,2012
2012-03-14,KAC,40.22,40473,135642.56,CE,2012
2012-03-15,KAC,40.8,40473,137601.45,CE,2012
2012-03-16,KAC,41.96,40473,141533.41,CE,2012
2012-03-17,KAC,42.17,40473,142217.4,CE,2012
2012-03-18,KAC,42.34,40473,142786.38,CE,2012
2012-03-19,KAC,42.35,40473,142844.39,CE,2012
2012-03-20,KAC,42.12,40473,142059.89,CE,2012
2012-03-21,KAC,43.52,40473,146795.23,CE,2012
2012-03-22,KAC,43.67,40473,147301.82,CE,2012
2012-03-23,KAC,44.35,40473,149593.6,CE,2012
2012-03-24,KAC,44.32,40473,149478.93,CE,2012
2012-03-25,KAC,44.23,40473,149180.78,CE,2012
2012-03-26,KAC,44.09,40473,148712.3,CE,2012
2012-03-27,KAC,44.03,40473,148502.86,CE,2012
2012-03-28,KAC,44.31,40473,149440.14,CE,2012
2012-03-29,KAC,44.12,40473,148798.65,CE,2012
2012-03-30,KAC,44.61,40473,150445.9,CE,2012
2012-03-31,KAC,47,40473,158527.68,CE,2012
2012-04-01,KAC,47.18,40473,159130.06,CE,2012
2012-04-02,KAC,47.58,40473,160491.3,CE,2012
2012-04-03,KAC,46.94,40473,158328.35,CE,2012
2012-04-04,KAC,46.69,40473,157482.13,CE,2012
2012-04-05,KAC,46.47,40473,156740.46,CE,2012
2012-04-06,KAC,46.79,40473,157809.96,CE,2012
2012-04-07,KAC,46.8,40473,157846.72,CE,2012
2012-04-08,KAC,46.62,40473,157229.85,CE,2012
2012-04-09,KAC,46.28,40473,156102,CE,2012
2012-04-10,KAC,46.43,40473,156590.04,CE,2012
2012-04-11,KAC,45.82,40473,154555.93,CE,2012
2012-04-12,KAC,46.13,40473,155573.83,CE,2012
2012-04-13,KAC,45.71,40473,154170.76,CE,2012
2012-04-14,KAC,45.28,40473,152733.97,CE,2012
2012-04-15,KAC,44.82,40473,151150.47,CE,2012
2012-04-16,KAC,44.34,40473,149533.91,CE,2012
2012-04-17,KAC,44.98,40473,151697.19,CE,2012
2012-04-18,KAC,44.55,40473,150259.39,CE,2012
2012-04-19,KAC,44.36,40473,149625.31,CE,2012
2012-04-20,KAC,44.73,40473,150862.43,CE,2012
2012-04-21,KAC,44.06,40473,148607.75,CE,2012
2012-04-22,KAC,43.34,40473,146158.12,CE,2012
2012-04-23,KAC,42.3,40473,142670.36,CE,2012
2012-04-24,KAC,40.99,40473,138256.44,CE,2012
2012-04-25,KAC,40.77,40473,137491.5,CE,2012
2012-04-26,KAC,40.05,40473,135091.12,CE,2012
2012-04-27,KAC,39.42,40473,132943.35,CE,2012
2012-04-28,KAC,39.31,40473,132571,CE,2012
2012-04-29,KAC,38.85,40473,131041.79,CE,2012
2012-04-30,KAC,38.25,40473,129021.18,CE,2012
2012-05-01,KAC,38.09,40473,128477.15,CE,2012
2012-05-02,KAC,38.23,40473,128938.21,CE,2012
2012-05-03,KAC,37.98,40473,128099.41,CE,2012
2012-05-04,KAC,38.24,40473,128971.26,CE,2012
2012-05-05,KAC,37.97,40473,128051.51,CE,2012
2012-05-06,KAC,37.66,40473,127021.14,CE,2012
2012-05-07,KAC,37.3,40473,125805.94,CE,2012
2012-05-08,KAC,37.04,40473,124916.54,CE,2012
2012-05-09,KAC,36.36,40473,122640.61,CE,2012
2012-05-10,KAC,35.85,40473,120900.27,CE,2012
2012-05-11,KAC,35.54,40473,119854.38,CE,2012
2012-05-12,KAC,35.18,40473,118639.52,CE,2012
2012-05-13,KAC,34.58,40473,116639.14,CE,2012
2012-05-14,KAC,33.87,40473,114220.88,CE,2012
2012-05-15,KAC,32.9,40473,110976.29,CE,2012
2012-05-16,KAC,31.86,40473,107459.53,CE,2012
2012-05-17,KAC,30.98,40473,104481.72,CE,2012
2012-05-18,KAC,30.3,40473,102192.98,CE,2012
2012-05-19,KAC,29.81,40473,100545.05,CE,2012
2012-05-20,KAC,29.35,40473,98986.17,CE,2012
2012-05-21,KAC,28.91,40473,97489.68,CE,2012
2012-05-22,KAC,28.51,40473,96148,CE,2012
2012-05-23,KAC,27.2,40473,91749.59,CE,2012
2012-05-24,KAC,27.1,40473,91399.5,CE,2012
2012-05-25,KAC,26.69,40473,90002.85,CE,2012
2012-05-26,KAC,26.21,40473,88403.82,CE,2012
2012-05-27,KAC,25.67,40473,86578.83,CE,2012
2012-05-28,KAC,25.09,40473,84636.13,CE,2012
2012-05-29,KAC,24.57,40473,82866.44,CE,2012
2012-05-30,KAC,23.79,40473,80246.15,CE,2012
2012-05-31,KAC,23.26,40473,78447.8,CE,2012
2012-06-01,KAC,22.67,40473,76468.34,CE,2012
2012-06-02,KAC,21.94,40473,74010.95,CE,2012
2012-06-03,KAC,21.28,40473,71767.4,CE,2012
2012-06-04,KAC,20.81,40473,70199.07,CE,2012
2012-06-05,KAC,20.66,40473,69691.47,CE,2012
2012-06-06,KAC,20.45,40473,68964.64,CE,2012
2012-06-07,KAC,19.44,40473,65572.33,CE,2012
2012-06-08,KAC,19.28,40473,65034.71,CE,2012
2012-06-09,KAC,18.93,40473,63859.31,CE,2012
2012-06-10,KAC,18.57,40473,62639.05,CE,2012
2012-06-11,KAC,18.09,40473,61011.36,CE,2012
2012-06-12,KAC,17.39,40473,58638.97,CE,2012
2012-06-13,KAC,16.79,40473,56633.87,CE,2012
2012-06-14,KAC,16.24,40473,54761.99,CE,2012
2012-06-15,KAC,15.52,40473,52329.57,CE,2012
2012-06-16,KAC,15.05,40473,50756.85,CE,2012
2012-06-17,KAC,14.44,40473,48697.45,CE,2012
2012-06-18,KAC,13.79,40473,46518.32,CE,2012
2012-06-19,KAC,13.45,40473,45370.57,CE,2012
2012-06-20,KAC,12.83,40473,43264.96,CE,2012
2012-06-21,KAC,12.39,40473,41792.42,CE,2012
2012-06-22,KAC,11.8,40473,39811.94,CE,2012
2012-06-23,KAC,11.42,40473,38512.42,CE,2012
2012-06-24,KAC,10.92,40473,36833.13,CE,2012
2012-06-25,KAC,10.58,40473,35676.27,CE,2012
2012-06-26,KAC,10.1,40473,34053.98,CE,2012
2012-06-27,KAC,9.85,40473,33220.91,CE,2012
2012-06-28,KAC,9.45,40473,31869.45,CE,2012
2012-06-29,KAC,8.97,40473,30266.38,CE,2012
2012-06-30,KAC,8.48,40473,28606.65,CE,2012
2012-07-01,KAC,7.99,40473,26931.41,CE,2012
2012-07-02,KAC,7.52,40473,25359.03,CE,2012
2012-07-03,KAC,7.11,40473,23964.4,CE,2012
2012-07-04,KAC,6.85,40473,23097.6,CE,2012
2012-07-05,KAC,6.54,40473,22053.74,CE,2012
2012-07-06,KAC,6.15,40473,20728.25,CE,2012
2012-07-07,KAC,5.66,40473,19078.63,CE,2012
2012-07-08,KAC,5.08,40473,17138.63,CE,2012
2012-07-09,KAC,4.48,40473,15121.39,CE,2012
2012-07-10,KAC,3.88,40473,13093.35,CE,2012
2012-07-11,KAC,3.33,40473,11220.13,CE,2012
2012-07-12,KAC,2.89,40473,9751.63,CE,2012
2012-07-13,KAC,2.48,40473,8354.64,CE,2012
2012-07-14,KAC,2.1,40473,7084.8,CE,2012
2012-07-15,KAC,1.74,40473,5874.66,CE,2012
2012-07-16,KAC,1.49,40473,5021.01,CE,2012
2012-07-17,KAC,1.23,40473,4145.45,CE,2012
2012-07-18,KAC,0.94,40473,3186.57,CE,2012
2012-07-19,KAC,0.7,40473,2360.25,CE,2012
2012-07-20,KAC,0.51,40473,1715.04,CE,2012
2012-07-21,KAC,0.38,40473,1282.66,CE,2012
2012-07-22,KAC,0.3,40473,1020.93,CE,2012
2012-07-23,KAC,0.24,40473,819.24,CE,2012
2012-07-24,KAC,0.2,40473,685.01,CE,2012
2012-07-25,KAC,0.14,40473,469.15,CE,2012
2012-07-26,KAC,0.08,40473,283.99,CE,2012
2012-07-27,KAC,0.05,40473,155.82,CE,2012
2012-07-28,KAC,0.03,40473,116.02,CE,2012
2012-07-29,KAC,0.03,40473,92.08,CE,2012
2012-07-30,KAC,0.02,40473,72.51,CE,2012
2012-07-31,KAC,0.02,40473,61.05,CE,2012
2012-08-01,KAC,0.02,40473,50.59,CE,2012
2012-08-02,KAC,0.01,40473,38.79,CE,2012
2012-08-03,KAC,0.01,40473,27.32,CE,2012
2012-08-04,KAC,0.01,40473,23.61,CE,2012
2012-08-05,KAC,0.01,40473,18.21,CE,2012
2012-08-06,KAC,0,40473,12.14,CE,2012
2012-08-07,KAC,0,40473,6.75,CE,2012
2012-08-08,KAC,0,40473,1.01,CE,2012
2012-08-09,KAC,0,40473,0,CE,2012
2012-08-10,KAC,0,40473,0,CE,2012
2012-08-11,KAC,0,40473,0,CE,2012
2012-08-12,KAC,0,40473,0,CE,2012
2012-08-13,KAC,0,40473,0,CE,2012
2012-08-14,KAC,0,40473,0,CE,2012
2012-08-15,KAC,0,40473,0,CE,2012
2012-08-16,KAC,0,40473,0,CE,2012
2012-08-17,KAC,0,40473,0,CE,2012
2012-08-18,KAC,0,40473,0,CE,2012
2012-08-19,KAC,0,40473,0,CE,2012
2012-08-20,KAC,0,40473,0,CE,2012
2012-08-21,KAC,0,40473,0,CE,2012
2012-08-22,KAC,0,40473,0,CE,2012
2012-08-23,KAC,0,40473,0,CE,2012
2012-08-24,KAC,0,40473,0,CE,2012
2012-08-25,KAC,0,40473,0,CE,2012
2012-08-26,KAC,0,40473,0,CE,2012
2012-08-27,KAC,0,40473,0,CE,2012
2012-08-28,KAC,0,40473,0,CE,2012
2012-08-29,KAC,0,40473,0,CE,2012
2012-08-30,KAC,0,40473,0,CE,2012
2012-08-31,KAC,0,40473,0,CE,2012
2012-09-01,KAC,0,40473,0,CE,2012
2012-09-02,KAC,0,40473,0,CE,2012
2012-09-03,KAC,0,40473,0,CE,2012
2012-09-04,KAC,0,40473,0,CE,2012
2012-09-05,KAC,0,40473,0,CE,2012
2012-09-06,KAC,0,40473,0,CE,2012
2012-09-07,KAC,0,40473,0,CE,2012
2012-09-08,KAC,0,40473,0,CE,2012
2012-09-09,KAC,0,40473,0,CE,2012
2012-09-10,KAC,0,40473,0,CE,2012
2012-09-11,KAC,0,40473,0,CE,2012
2012-09-12,KAC,0,40473,0,CE,2012
2012-09-13,KAC,0,40473,0,CE,2012
2012-09-14,KAC,0,40473,0,CE,2012
2012-09-15,KAC,0,40473,0,CE,2012
2012-09-16,KAC,0,40473,0,CE,2012
2012-09-17,KAC,0,40473,0,CE,2012
2012-09-18,KAC,0,40473,0,CE,2012
2012-09-19,KAC,0,40473,0,CE,2012
2012-09-20,KAC,0,40473,0,CE,2012
2012-09-21,KAC,0,40473,0,CE,2012
2012-09-22,KAC,0,40473,0,CE,2012
2012-09-23,KAC,0,40473,0,CE,2012
2012-09-24,KAC,0,40473,0,CE,2012
2012-09-25,KAC,0,40473,0,CE,2012
2012-09-26,KAC,0,40473,0,CE,2012
2012-09-27,KAC,0,40473,0,CE,2012
2012-09-28,KAC,0,40473,0,CE,2012
2012-09-29,KAC,0,40473,0,CE,2012
2012-09-30,KAC,0,40473,0,CE,2012
2003-10-01,KEE,0,34843,0,CE,2004
2003-10-02,KEE,0,34843,0,CE,2004
2003-10-03,KEE,0,34843,0,CE,2004
2003-10-04,KEE,0,34843,0,CE,2004
2003-10-05,KEE,0,34843,0,CE,2004
2003-10-06,KEE,0,34843,0,CE,2004
2003-10-07,KEE,0,34843,0,CE,2004
2003-10-08,KEE,0,34843,0,CE,2004
2003-10-09,KEE,0,34843,0,CE,2004
2003-10-10,KEE,0,34843,0,CE,2004
2003-10-11,KEE,0,34843,0,CE,2004
2003-10-12,KEE,0,34843,0,CE,2004
2003-10-13,KEE,0,34843,0,CE,2004
2003-10-14,KEE,0,34843,0,CE,2004
2003-10-15,KEE,0,34843,0,CE,2004
2003-10-16,KEE,0,34843,0,CE,2004
2003-10-17,KEE,0,34843,0,CE,2004
2003-10-18,KEE,0,34843,0,CE,2004
2003-10-19,KEE,0,34843,0,CE,2004
2003-10-20,KEE,0,34843,0,CE,2004
2003-10-21,KEE,0,34843,0,CE,2004
2003-10-22,KEE,0,34843,0,CE,2004
2003-10-23,KEE,0,34843,0,CE,2004
2003-10-24,KEE,0,34843,0,CE,2004
2003-10-25,KEE,0,34843,0,CE,2004
2003-10-26,KEE,0,34843,0,CE,2004
2003-10-27,KEE,0,34843,0,CE,2004
2003-10-28,KEE,0,34843,0,CE,2004
2003-10-29,KEE,0.0013,34843,3.774658333,CE,2004
2003-10-31,KEE,9e-4,34843,2.613225,CE,2004
2003-11-01,KEE,1e-4,34843,0.290358333,CE,2004
2003-11-02,KEE,0,34843,0,CE,2004
2003-11-03,KEE,0.0292,34843,84.78463333,CE,2004
2003-11-04,KEE,0.0142,34843,41.23088333,CE,2004
2003-11-05,KEE,0.0073,34843,21.19615833,CE,2004
2003-11-06,KEE,0.0024,34843,6.9686,CE,2004
2003-11-07,KEE,0.001,34843,2.903583333,CE,2004
2003-11-08,KEE,2e-4,34843,0.580716667,CE,2004
2003-11-09,KEE,0,34843,0,CE,2004
2003-11-10,KEE,0,34843,0,CE,2004
2003-11-11,KEE,0.0694,34843,201.5086833,CE,2004
2003-11-12,KEE,0.0985,34843,286.0029583,CE,2004
2003-11-13,KEE,0.4575,34843,1328.389375,CE,2004
2003-11-14,KEE,0.4141,34843,1202.373858,CE,2004
2003-11-15,KEE,0.3651,34843,1060.098275,CE,2004
2003-11-16,KEE,0.3533,34843,1025.835992,CE,2004
2003-11-17,KEE,0.55,34843,1596.970833,CE,2004
2003-11-18,KEE,0.8638,34843,2508.115283,CE,2004
2003-11-19,KEE,0.3409,34843,989.8315583,CE,2004
2003-11-20,KEE,1.2199,34843,3542.081308,CE,2004
2003-11-21,KEE,1.3813,34843,4010.719658,CE,2004
2003-11-22,KEE,1.3776,34843,3999.9764,CE,2004
2003-11-23,KEE,1.3718,34843,3983.135617,CE,2004
2003-11-24,KEE,1.4409,34843,4183.773225,CE,2004
2003-11-25,KEE,2.3152,34843,6722.376133,CE,2004
2003-11-26,KEE,2.5805,34843,7492.696792,CE,2004
2003-11-27,KEE,2.637,34843,7656.74925,CE,2004
2003-11-28,KEE,2.6268,34843,7627.1327,CE,2004
2003-11-29,KEE,3.1994,34843,9289.724517,CE,2004
2003-11-30,KEE,3.0615,34843,8889.320375,CE,2004
2003-12-01,KEE,3.0164,34843,8758.368767,CE,2004
2003-12-02,KEE,3.0654,34843,8900.64435,CE,2004
2003-12-03,KEE,4.4693,34843,12976.98499,CE,2004
2003-12-04,KEE,4.4995,34843,13064.67321,CE,2004
2003-12-05,KEE,4.5008,34843,13068.44787,CE,2004
2003-12-06,KEE,4.6608,34843,13533.0212,CE,2004
2003-12-07,KEE,4.6464,34843,13491.2096,CE,2004
2003-12-08,KEE,4.6957,34843,13634.35626,CE,2004
2003-12-09,KEE,4.9961,34843,14506.59269,CE,2004
2003-12-10,KEE,5.0997,34843,14807.40393,CE,2004
2003-12-11,KEE,5.2691,34843,15299.27094,CE,2004
2003-12-12,KEE,5.2645,34843,15285.91446,CE,2004
2003-12-13,KEE,5.3266,34843,15466.22698,CE,2004
2003-12-14,KEE,5.5687,34843,16169.18451,CE,2004
2003-12-15,KEE,5.6057,34843,16276.61709,CE,2004
2003-12-16,KEE,5.6018,34843,16265.29312,CE,2004
2003-12-17,KEE,8.4384,34843,24501.5976,CE,2004
2003-12-18,KEE,8.4351,34843,24492.01578,CE,2004
2003-12-19,KEE,8.417,34843,24439.46092,CE,2004
2003-12-20,KEE,8.438,34843,24500.43617,CE,2004
2003-12-21,KEE,8.4361,34843,24494.91936,CE,2004
2003-12-22,KEE,8.4558,34843,24552.11995,CE,2004
2003-12-23,KEE,10.1824,34843,29565.44693,CE,2004
2003-12-24,KEE,10.2157,34843,29662.13626,CE,2004
2003-12-25,KEE,10.2938,34843,29888.90612,CE,2004
2003-12-26,KEE,10.3243,34843,29977.46541,CE,2004
2003-12-27,KEE,10.3336,34843,30004.46873,CE,2004
2003-12-28,KEE,10.4172,34843,30247.2083,CE,2004
2003-12-29,KEE,10.5301,34843,30575.02286,CE,2004
2003-12-30,KEE,16.7789,34843,48718.93439,CE,2004
2003-12-31,KEE,16.7705,34843,48694.54429,CE,2004
2004-01-01,KEE,16.7841,34843,48734.03303,CE,2004
2004-01-02,KEE,16.988,34843,49326.07367,CE,2004
2004-01-03,KEE,17.1916,34843,49917.24323,CE,2004
2004-01-04,KEE,17.5553,34843,50973.27649,CE,2004
2004-01-05,KEE,17.5484,34843,50953.24177,CE,2004
2004-01-06,KEE,18.7776,34843,54522.3264,CE,2004
2004-01-07,KEE,19.3113,34843,56071.96883,CE,2004
2004-01-08,KEE,19.8059,34843,57508.08114,CE,2004
2004-01-09,KEE,19.8303,34843,57578.92858,CE,2004
2004-01-10,KEE,19.94,34843,57897.45167,CE,2004
2004-01-11,KEE,19.9532,34843,57935.77897,CE,2004
2004-01-12,KEE,19.9388,34843,57893.96737,CE,2004
2004-01-13,KEE,21.3535,34843,62001.66671,CE,2004
2004-01-14,KEE,21.3372,34843,61954.3383,CE,2004
2004-01-15,KEE,21.505,34843,62441.55958,CE,2004
2004-01-16,KEE,21.3397,34843,61961.59726,CE,2004
2004-01-17,KEE,21.32,34843,61904.39667,CE,2004
2004-01-18,KEE,21.3026,34843,61853.87432,CE,2004
2004-01-19,KEE,21.3119,34843,61880.87764,CE,2004
2004-01-20,KEE,21.3027,34843,61854.16468,CE,2004
2004-01-21,KEE,21.2886,34843,61813.22415,CE,2004
2004-01-22,KEE,21.2723,34843,61765.89574,CE,2004
2004-01-23,KEE,21.2777,34843,61781.57509,CE,2004
2004-01-24,KEE,21.9566,34843,63752.81782,CE,2004
2004-01-25,KEE,22.2699,34843,64662.51048,CE,2004
2004-01-26,KEE,22.4044,34843,65053.04243,CE,2004
2004-01-27,KEE,22.5849,34843,65577.13923,CE,2004
2004-01-28,KEE,28.1694,34843,81792.20035,CE,2004
2004-01-29,KEE,28.8284,34843,83705.66177,CE,2004
2004-01-30,KEE,29.0478,34843,84342.70795,CE,2004
2004-01-31,KEE,28.8252,34843,83696.3703,CE,2004
2004-02-01,KEE,28.8069,34843,83643.23473,CE,2004
2004-02-02,KEE,28.7455,34843,83464.95471,CE,2004
2004-02-03,KEE,28.8561,34843,83786.09103,CE,2004
2004-02-04,KEE,28.8215,34843,83685.62704,CE,2004
2004-02-05,KEE,31.5992,34843,91750.91047,CE,2004
2004-02-06,KEE,31.571,34843,91669.02942,CE,2004
2004-02-07,KEE,31.6001,34843,91753.52369,CE,2004
2004-02-08,KEE,31.6259,34843,91828.43614,CE,2004
2004-02-09,KEE,31.6141,34843,91794.17386,CE,2004
2004-02-10,KEE,31.5973,34843,91745.39366,CE,2004
2004-02-11,KEE,33.2835,34843,96641.41588,CE,2004
2004-02-12,KEE,33.2591,34843,96570.56844,CE,2004
2004-02-13,KEE,33.2336,34843,96496.52707,CE,2004
2004-02-14,KEE,33.2085,34843,96423.64713,CE,2004
2004-02-15,KEE,33.2296,34843,96484.91273,CE,2004
2004-02-16,KEE,33.2346,34843,96499.43065,CE,2004
2004-02-17,KEE,33.2771,34843,96622.83294,CE,2004
2004-02-18,KEE,33.0731,34843,96030.50194,CE,2004
2004-02-19,KEE,33.0611,34843,95995.65894,CE,2004
2004-02-20,KEE,34.1192,34843,99067.94047,CE,2004
2004-02-21,KEE,34.0888,34843,98979.67153,CE,2004
2004-02-22,KEE,34.055,34843,98881.53042,CE,2004
2004-02-23,KEE,34.0221,34843,98786.00253,CE,2004
2004-02-24,KEE,33.3382,34843,96800.24188,CE,2004
2004-02-26,KEE,33.3967,34843,96970.10151,CE,2004
2004-02-27,KEE,32.4101,34843,94105.42619,CE,2004
2004-02-28,KEE,32.3636,34843,93970.40957,CE,2004
2004-02-29,KEE,32.309,34843,93811.87392,CE,2004
2004-03-01,KEE,32.2489,34843,93637.36856,CE,2004
2004-03-02,KEE,32.7664,34843,95139.97293,CE,2004
2004-03-03,KEE,32.6667,34843,94850.48568,CE,2004
2004-03-04,KEE,32.7624,34843,95128.3586,CE,2004
2004-03-05,KEE,35.0132,34843,101663.744,CE,2004
2004-03-06,KEE,35.2267,34843,102283.659,CE,2004
2004-03-07,KEE,35.3848,34843,102742.7155,CE,2004
2004-03-08,KEE,35.4733,34843,102999.6827,CE,2004
2004-03-09,KEE,36.4836,34843,105933.1729,CE,2004
2004-03-10,KEE,35.8544,34843,104106.2383,CE,2004
2004-03-11,KEE,35.4987,34843,103073.4337,CE,2004
2004-03-12,KEE,35.1133,34843,101954.3927,CE,2004
2004-03-13,KEE,34.7581,34843,100923.0399,CE,2004
2004-03-14,KEE,34.5488,34843,100315.3199,CE,2004
2004-03-15,KEE,34.3359,34843,99697.14698,CE,2004
2004-03-16,KEE,34.0655,34843,98912.01804,CE,2004
2004-03-17,KEE,33.8763,34843,98362.66008,CE,2004
2004-03-18,KEE,33.5968,34843,97551.10853,CE,2004
2004-03-19,KEE,33.4592,34843,97151.57547,CE,2004
2004-03-20,KEE,33.3587,34843,96859.76534,CE,2004
2004-03-21,KEE,33.2544,34843,96556.9216,CE,2004
2004-03-22,KEE,33.0522,34843,95969.81705,CE,2004
2004-03-23,KEE,32.4989,34843,94363.26439,CE,2004
2004-03-24,KEE,33.7631,34843,98033.97444,CE,2004
2004-03-25,KEE,33.5337,34843,97367.89243,CE,2004
2004-03-26,KEE,33.6834,34843,97802.55885,CE,2004
2004-03-27,KEE,33.5282,34843,97351.92272,CE,2004
2004-03-28,KEE,33.4562,34843,97142.86472,CE,2004
2004-03-29,KEE,33.2454,34843,96530.78935,CE,2004
2004-03-30,KEE,34.3338,34843,99691.04945,CE,2004
2004-03-31,KEE,33.6363,34843,97665.80008,CE,2004
2004-04-01,KEE,33.4126,34843,97016.26848,CE,2004
2004-04-02,KEE,33.2841,34843,96643.15803,CE,2004
2004-04-03,KEE,33.2808,34843,96633.5762,CE,2004
2004-04-04,KEE,32.6061,34843,94674.52853,CE,2004
2004-04-05,KEE,31.9937,34843,92896.37409,CE,2004
2004-04-06,KEE,31.468,34843,91369.96033,CE,2004
2004-04-07,KEE,31.1422,34843,90423.97288,CE,2004
2004-04-08,KEE,30.6738,34843,89063.93445,CE,2004
2004-04-09,KEE,30.2441,34843,87816.26469,CE,2004
2004-04-10,KEE,29.6073,34843,85967.26283,CE,2004
2004-04-11,KEE,28.8012,34843,83626.6843,CE,2004
2004-04-12,KEE,27.657,34843,80304.40425,CE,2004
2004-04-13,KEE,27.2418,34843,79098.83645,CE,2004
2004-04-14,KEE,25.8353,34843,75014.94649,CE,2004
2004-04-15,KEE,25.5618,34843,74220.81645,CE,2004
2004-04-16,KEE,25.3629,34843,73643.29373,CE,2004
2004-04-17,KEE,25.1683,34843,73078.25641,CE,2004
2004-04-18,KEE,25.0347,34843,72690.33768,CE,2004
2004-04-19,KEE,24.8785,34843,72236.79796,CE,2004
2004-04-20,KEE,23.5838,34843,68477.52862,CE,2004
2004-04-21,KEE,23.4026,34843,67951.39932,CE,2004
2004-04-22,KEE,22.9321,34843,66585.26336,CE,2004
2004-04-23,KEE,22.567,34843,65525.16508,CE,2004
2004-04-24,KEE,22.0414,34843,63999.04168,CE,2004
2004-04-25,KEE,21.7655,34843,63197.94304,CE,2004
2004-04-26,KEE,21.2025,34843,61563.22563,CE,2004
2004-04-27,KEE,20.0233,34843,58139.32016,CE,2004
2004-04-28,KEE,18.8057,34843,54603.91709,CE,2004
2004-04-29,KEE,18.4743,34843,53641.66958,CE,2004
2004-04-30,KEE,17.9119,34843,52008.69431,CE,2004
2004-05-01,KEE,17.0534,34843,49515.96802,CE,2004
2004-05-02,KEE,16.0533,34843,46612.09433,CE,2004
2004-05-03,KEE,15.1223,34843,43908.85824,CE,2004
2004-05-04,KEE,14.441,34843,41930.64692,CE,2004
2004-05-05,KEE,13.9857,34843,40608.64543,CE,2004
2004-05-06,KEE,13.738,34843,39889.42783,CE,2004
2004-05-07,KEE,13.3601,34843,38792.16369,CE,2004
2004-05-08,KEE,12.8622,34843,37346.46955,CE,2004
2004-05-09,KEE,12.5322,34843,36388.28705,CE,2004
2004-05-10,KEE,12.2787,34843,35652.22868,CE,2004
2004-05-11,KEE,10.6986,34843,31064.27665,CE,2004
2004-05-12,KEE,10.5806,34843,30721.65382,CE,2004
2004-05-13,KEE,10.447,34843,30333.73508,CE,2004
2004-05-14,KEE,10.2499,34843,29761.43881,CE,2004
2004-05-15,KEE,9.9619,34843,28925.20681,CE,2004
2004-05-16,KEE,9.7017,34843,28169.69443,CE,2004
2004-05-17,KEE,9.5391,34843,27697.57178,CE,2004
2004-05-18,KEE,9.342,34843,27125.2755,CE,2004
2004-05-19,KEE,8.8947,34843,25826.50268,CE,2004
2004-05-20,KEE,8.5803,34843,24913.61608,CE,2004
2004-05-21,KEE,8.3106,34843,24130.51965,CE,2004
2004-05-22,KEE,8.026,34843,23304.15983,CE,2004
2004-05-23,KEE,7.8803,34843,22881.10774,CE,2004
2004-05-24,KEE,7.7493,34843,22500.73833,CE,2004
2004-05-25,KEE,7.521,34843,21837.85025,CE,2004
2004-05-26,KEE,7.2187,34843,20960.09701,CE,2004
2004-05-27,KEE,6.8633,34843,19928.16349,CE,2004
2004-05-28,KEE,6.6647,34843,19351.51184,CE,2004
2004-05-29,KEE,6.5526,34843,19026.02015,CE,2004
2004-05-30,KEE,6.507,34843,18893.61675,CE,2004
2004-05-31,KEE,6.3725,34843,18503.08479,CE,2004
2004-06-01,KEE,6.2837,34843,18245.24659,CE,2004
2004-06-02,KEE,6.1775,34843,17936.88604,CE,2004
2004-06-03,KEE,5.9806,34843,17365.17048,CE,2004
2004-06-04,KEE,5.6195,34843,16316.68654,CE,2004
2004-06-05,KEE,5.2445,34843,15227.84279,CE,2004
2004-06-06,KEE,4.9528,34843,14380.86753,CE,2004
2004-06-07,KEE,4.8353,34843,14039.69649,CE,2004
2004-06-08,KEE,4.7463,34843,13781.27758,CE,2004
2004-06-09,KEE,4.5731,34843,13278.37694,CE,2004
2004-06-10,KEE,4.3467,34843,12621.00568,CE,2004
2004-06-11,KEE,4.2113,34843,12227.86049,CE,2004
2004-06-12,KEE,4.1657,34843,12095.45709,CE,2004
2004-06-13,KEE,4.1072,34843,11925.59747,CE,2004
2004-06-14,KEE,3.9914,34843,11589.36252,CE,2004
2004-06-15,KEE,3.9373,34843,11432.27866,CE,2004
2004-06-16,KEE,3.8573,34843,11199.99199,CE,2004
2004-06-17,KEE,3.6526,34843,10605.62848,CE,2004
2004-06-18,KEE,2.9371,34843,8528.114608,CE,2004
2004-06-19,KEE,2.6571,34843,7715.111275,CE,2004
2004-06-20,KEE,2.4382,34843,7079.516883,CE,2004
2004-06-21,KEE,2.2154,34843,6432.598517,CE,2004
2004-06-22,KEE,1.9995,34843,5805.714875,CE,2004
2004-06-23,KEE,1.7828,34843,5176.508367,CE,2004
2004-06-24,KEE,1.6295,34843,4731.389042,CE,2004
2004-06-25,KEE,1.4946,34843,4339.69565,CE,2004
2004-06-26,KEE,1.379,34843,4004.041417,CE,2004
2004-06-27,KEE,1.2822,34843,3722.97455,CE,2004
2004-06-28,KEE,1.2023,34843,3490.978242,CE,2004
2004-06-29,KEE,1.1138,34843,3234.011117,CE,2004
2004-06-30,KEE,1.0119,34843,2938.135975,CE,2004
2004-07-01,KEE,0.9251,34843,2686.104942,CE,2004
2004-07-02,KEE,0.8377,34843,2432.331758,CE,2004
2004-07-03,KEE,0.7671,34843,2227.338775,CE,2004
2004-07-04,KEE,0.7065,34843,2051.381625,CE,2004
2004-07-05,KEE,0.6514,34843,1891.394183,CE,2004
2004-07-06,KEE,0.5855,34843,1700.048042,CE,2004
2004-07-07,KEE,0.5279,34843,1532.801642,CE,2004
2004-07-08,KEE,0.5085,34843,1476.472125,CE,2004
2004-07-09,KEE,0.4803,34843,1394.591075,CE,2004
2004-07-10,KEE,0.4494,34843,1304.87035,CE,2004
2004-07-11,KEE,0.4223,34843,1226.183242,CE,2004
2004-07-12,KEE,0.3885,34843,1128.042125,CE,2004
2004-07-13,KEE,0.3238,34843,940.1802833,CE,2004
2004-07-14,KEE,0.262,34843,760.7388333,CE,2004
2004-07-15,KEE,0.193,34843,560.3915833,CE,2004
2004-07-16,KEE,0.1464,34843,425.0846,CE,2004
2004-07-17,KEE,0.1008,34843,292.6812,CE,2004
2004-07-18,KEE,0.0596,34843,173.0535667,CE,2004
2004-07-19,KEE,0.0386,34843,112.0783167,CE,2004
2004-07-20,KEE,0.027,34843,78.39675,CE,2004
2004-07-21,KEE,0.0191,34843,55.45844167,CE,2004
2004-07-22,KEE,0.0099,34843,28.745475,CE,2004
2004-07-23,KEE,0.0026,34843,7.549316667,CE,2004
2004-07-24,KEE,1e-4,34843,0.290358333,CE,2004
2004-07-25,KEE,0,34843,0,CE,2004
2004-07-26,KEE,0,34843,0,CE,2004
2004-07-27,KEE,0,34843,0,CE,2004
2004-07-28,KEE,0,34843,0,CE,2004
2004-07-29,KEE,0,34843,0,CE,2004
2004-07-30,KEE,0,34843,0,CE,2004
2004-07-31,KEE,0,34843,0,CE,2004
2004-08-01,KEE,0,34843,0,CE,2004
2004-08-02,KEE,0,34843,0,CE,2004
2004-08-03,KEE,0,34843,0,CE,2004
2004-08-04,KEE,0,34843,0,CE,2004
2004-08-05,KEE,0,34843,0,CE,2004
2004-08-06,KEE,0,34843,0,CE,2004
2004-08-07,KEE,0,34843,0,CE,2004
2004-08-08,KEE,0,34843,0,CE,2004
2004-08-09,KEE,0,34843,0,CE,2004
2004-08-10,KEE,0,34843,0,CE,2004
2004-08-11,KEE,0,34843,0,CE,2004
2004-08-12,KEE,0,34843,0,CE,2004
2004-08-13,KEE,0,34843,0,CE,2004
2004-08-14,KEE,0,34843,0,CE,2004
2004-08-15,KEE,0,34843,0,CE,2004
2004-08-16,KEE,0,34843,0,CE,2004
2004-08-17,KEE,0,34843,0,CE,2004
2004-08-18,KEE,0,34843,0,CE,2004
2004-08-19,KEE,0,34843,0,CE,2004
2004-08-20,KEE,0,34843,0,CE,2004
2004-08-21,KEE,0,34843,0,CE,2004
2004-08-22,KEE,0,34843,0,CE,2004
2004-08-23,KEE,0,34843,0,CE,2004
2004-08-24,KEE,0,34843,0,CE,2004
2004-08-25,KEE,0,34843,0,CE,2004
2004-08-26,KEE,0,34843,0,CE,2004
2004-08-27,KEE,0,34843,0,CE,2004
2004-08-28,KEE,0,34843,0,CE,2004
2004-08-29,KEE,0,34843,0,CE,2004
2004-08-30,KEE,0,34843,0,CE,2004
2004-09-01,KEE,0,34843,0,CE,2004
2004-09-02,KEE,0,34843,0,CE,2004
2004-09-03,KEE,0,34843,0,CE,2004
2004-09-04,KEE,0,34843,0,CE,2004
2004-09-05,KEE,0,34843,0,CE,2004
2004-09-06,KEE,0,34843,0,CE,2004
2004-09-07,KEE,0,34843,0,CE,2004
2004-09-08,KEE,0,34843,0,CE,2004
2004-09-09,KEE,0,34843,0,CE,2004
2004-09-10,KEE,0,34843,0,CE,2004
2004-09-11,KEE,0,34843,0,CE,2004
2004-09-12,KEE,0,34843,0,CE,2004
2004-09-13,KEE,0,34843,0,CE,2004
2004-09-14,KEE,0,34843,0,CE,2004
2004-09-15,KEE,0,34843,0,CE,2004
2004-09-16,KEE,0,34843,0,CE,2004
2004-09-17,KEE,0,34843,0,CE,2004
2004-09-18,KEE,0,34843,0,CE,2004
2004-09-19,KEE,0,34843,0,CE,2004
2004-09-20,KEE,1e-4,34843,0.290358333,CE,2004
2004-09-21,KEE,1e-4,34843,0.290358333,CE,2004
2004-09-22,KEE,0,34843,0,CE,2004
2004-09-23,KEE,0,34843,0,CE,2004
2004-09-24,KEE,0,34843,0,CE,2004
2004-09-25,KEE,0,34843,0,CE,2004
2004-09-26,KEE,0,34843,0,CE,2004
2004-09-28,KEE,0,34843,0,CE,2004
2004-09-29,KEE,0,34843,0,CE,2004
2004-09-30,KEE,0,34843,0,CE,2004
2004-10-01,KEE,0,34843,0,CE,2005
2004-10-02,KEE,0,34843,0,CE,2005
2004-10-03,KEE,0,34843,0,CE,2005
2004-10-04,KEE,0,34843,0,CE,2005
2004-10-05,KEE,0,34843,0,CE,2005
2004-10-06,KEE,0,34843,0,CE,2005
2004-10-07,KEE,0,34843,0,CE,2005
2004-10-08,KEE,0,34843,0,CE,2005
2004-10-09,KEE,0,34843,0,CE,2005
2004-10-10,KEE,0,34843,0,CE,2005
2004-10-11,KEE,0,34843,0,CE,2005
2004-10-12,KEE,0,34843,0,CE,2005
2004-10-13,KEE,0,34843,0,CE,2005
2004-10-14,KEE,0,34843,0,CE,2005
2004-10-15,KEE,0,34843,0,CE,2005
2004-10-16,KEE,0,34843,0,CE,2005
2004-10-17,KEE,0,34843,0,CE,2005
2004-10-18,KEE,0,34843,0,CE,2005
2004-10-19,KEE,0.0011,34843,3.193941667,CE,2005
2004-10-20,KEE,0.0034,34843,9.872183333,CE,2005
2004-10-21,KEE,0.0033,34843,9.581825,CE,2005
2004-10-22,KEE,0.0038,34843,11.03361667,CE,2005
2004-10-23,KEE,0.0066,34843,19.16365,CE,2005
2004-10-24,KEE,0.0062,34843,18.00221667,CE,2005
2004-10-25,KEE,0.0061,34843,17.71185833,CE,2005
2004-10-26,KEE,0.0045,34843,13.066125,CE,2005
2004-10-27,KEE,0.0037,34843,10.74325833,CE,2005
2004-10-28,KEE,0.0035,34843,10.16254167,CE,2005
2004-10-29,KEE,0.0031,34843,9.001108333,CE,2005
2004-10-30,KEE,0.0024,34843,6.9686,CE,2005
2004-10-31,KEE,0.0085,34843,24.68045833,CE,2005
2004-11-01,KEE,0.0088,34843,25.55153333,CE,2005
2004-11-02,KEE,0.2572,34843,746.8016333,CE,2005
2004-11-03,KEE,0.0057,34843,16.550425,CE,2005
2004-11-04,KEE,0.0024,34843,6.9686,CE,2005
2004-11-05,KEE,4e-4,34843,1.161433333,CE,2005
2004-11-06,KEE,0,34843,0,CE,2005
2004-11-07,KEE,0,34843,0,CE,2005
2004-11-08,KEE,0,34843,0,CE,2005
2004-11-09,KEE,0,34843,0,CE,2005
2004-11-10,KEE,0,34843,0,CE,2005
2004-11-11,KEE,0,34843,0,CE,2005
2004-11-12,KEE,0,34843,0,CE,2005
2004-11-13,KEE,0,34843,0,CE,2005
2004-11-14,KEE,0,34843,0,CE,2005
2004-11-15,KEE,4e-4,34843,1.161433333,CE,2005
2004-11-16,KEE,0,34843,0,CE,2005
2004-11-17,KEE,0,34843,0,CE,2005
2004-11-18,KEE,0,34843,0,CE,2005
2004-11-19,KEE,0.0373,34843,108.3036583,CE,2005
2004-11-20,KEE,0.0343,34843,99.59290833,CE,2005
2004-11-21,KEE,0.0256,34843,74.33173333,CE,2005
2004-11-22,KEE,0.0165,34843,47.909125,CE,2005
2004-11-23,KEE,0.0145,34843,42.10195833,CE,2005
2004-11-24,KEE,0.0148,34843,42.97303333,CE,2005
2004-11-25,KEE,0,34843,0,CE,2005
2004-11-26,KEE,6e-4,34843,1.74215,CE,2005
2004-11-27,KEE,0.0011,34843,3.193941667,CE,2005
2004-11-28,KEE,0.0191,34843,55.45844167,CE,2005
2004-11-29,KEE,0.0126,34843,36.58515,CE,2005
2004-11-30,KEE,0.0088,34843,25.55153333,CE,2005
2004-12-01,KEE,1.0678,34843,3100.446283,CE,2005
2004-12-02,KEE,1.055,34843,3063.280417,CE,2005
2004-12-03,KEE,1.0283,34843,2985.754742,CE,2005
2004-12-04,KEE,0.9784,34843,2840.865933,CE,2005
2004-12-05,KEE,1.1152,34843,3238.076133,CE,2005
2004-12-06,KEE,1.3024,34843,3781.626933,CE,2005
2004-12-07,KEE,1.3056,34843,3790.9184,CE,2005
2004-12-08,KEE,1.4725,34843,4275.526458,CE,2005
2004-12-09,KEE,2.127,34843,6175.92175,CE,2005
2004-12-10,KEE,2.2037,34843,6398.626592,CE,2005
2004-12-11,KEE,3.6218,34843,10516.19812,CE,2005
2004-12-12,KEE,3.0565,34843,8874.802458,CE,2005
2004-12-13,KEE,2.9769,34843,8643.677225,CE,2005
2004-12-14,KEE,2.8437,34843,8256.919925,CE,2005
2004-12-15,KEE,2.7784,34843,8067.315933,CE,2005
2004-12-16,KEE,2.6235,34843,7617.550875,CE,2005
2004-12-17,KEE,2.5515,34843,7408.492875,CE,2005
2004-12-18,KEE,2.4264,34843,7045.2546,CE,2005
2004-12-19,KEE,2.0753,34843,6025.806492,CE,2005
2004-12-20,KEE,1.7133,34843,4974.709325,CE,2005
2004-12-21,KEE,2.9947,34843,8695.361008,CE,2005
2004-12-22,KEE,2.9707,34843,8625.675008,CE,2005
2004-12-23,KEE,2.9387,34843,8532.760342,CE,2005
2004-12-24,KEE,3.3526,34843,9734.553483,CE,2005
2004-12-25,KEE,3.3249,34843,9654.124225,CE,2005
2004-12-26,KEE,3.3335,34843,9679.095042,CE,2005
2004-12-27,KEE,3.2854,34843,9539.4326830000009,CE,2005
2004-12-28,KEE,3.5008,34843,10164.86453,CE,2005
2004-12-29,KEE,3.4702,34843,10076.01488,CE,2005
2004-12-30,KEE,3.6723,34843,10662.82908,CE,2005
2004-12-31,KEE,4.1321,34843,11997.89669,CE,2005
2005-01-01,KEE,4.1261,34843,11980.47519,CE,2005
2005-01-02,KEE,4.1524,34843,12056.83943,CE,2005
2005-01-03,KEE,4.1359,34843,12008.93031,CE,2005
2005-01-04,KEE,4.1223,34843,11969.44158,CE,2005
2005-01-05,KEE,4.1046,34843,11918.04815,CE,2005
2005-01-06,KEE,4.0877,34843,11868.97759,CE,2005
2005-01-07,KEE,4.108,34843,11927.92033,CE,2005
2005-01-08,KEE,4.2501,34843,12340.51953,CE,2005
2005-01-09,KEE,4.2819,34843,12432.85348,CE,2005
2005-01-10,KEE,4.3055,34843,12501.37804,CE,2005
2005-01-11,KEE,4.2173,34843,12245.28199,CE,2005
2005-01-12,KEE,4.2146,34843,12237.44232,CE,2005
2005-01-13,KEE,4.595,34843,13341.96542,CE,2005
2005-01-14,KEE,4.6271,34843,13435.17044,CE,2005
2005-01-15,KEE,4.6146,34843,13398.87565,CE,2005
2005-01-16,KEE,4.7185,34843,13700.55796,CE,2005
2005-01-17,KEE,4.8286,34843,14020.24248,CE,2005
2005-01-18,KEE,5.7051,34843,16565.23328,CE,2005
2005-01-19,KEE,4.8144,34843,13979.0116,CE,2005
2005-01-20,KEE,3.8565,34843,11197.66913,CE,2005
2005-01-21,KEE,3.4794,34843,10102.72785,CE,2005
2005-01-22,KEE,3.0126,34843,8747.33515,CE,2005
2005-01-23,KEE,2.6508,34843,7696.8187,CE,2005
2005-01-24,KEE,2.2537,34843,6543.805758,CE,2005
2005-01-25,KEE,1.9586,34843,5686.958317,CE,2005
2005-01-26,KEE,1.6449,34843,4776.104225,CE,2005
2005-01-27,KEE,1.535,34843,4457.000417,CE,2005
2005-01-28,KEE,1.4515,34843,4214.551208,CE,2005
2005-01-29,KEE,2.002,34843,5812.973833,CE,2005
2005-01-30,KEE,1.9381,34843,5627.434858,CE,2005
2005-01-31,KEE,1.766,34843,5127.728167,CE,2005
2005-02-01,KEE,1.579,34843,4584.758083,CE,2005
2005-02-02,KEE,1.4629,34843,4247.652058,CE,2005
2005-02-03,KEE,1.2389,34843,3597.249392,CE,2005
2005-02-04,KEE,0.9967,34843,2894.001508,CE,2005
2005-02-05,KEE,1.4723,34843,4274.945742,CE,2005
2005-02-06,KEE,1.5278,34843,4436.094617,CE,2005
2005-02-07,KEE,1.7047,34843,4949.738508,CE,2005
2005-02-08,KEE,1.6996,34843,4934.930233,CE,2005
2005-02-09,KEE,1.6902,34843,4907.63655,CE,2005
2005-02-10,KEE,1.674,34843,4860.5985,CE,2005
2005-02-11,KEE,2.391,34843,6942.46775,CE,2005
2005-02-12,KEE,2.3693,34843,6879.459992,CE,2005
2005-02-13,KEE,2.4198,34843,7026.09095,CE,2005
2005-02-14,KEE,2.4922,34843,7236.310383,CE,2005
2005-02-15,KEE,2.5627,34843,7441.013008,CE,2005
2005-02-16,KEE,2.5485,34843,7399.782125,CE,2005
2005-02-17,KEE,3.5978,34843,10446.51212,CE,2005
2005-02-18,KEE,3.5701,34843,10366.08286,CE,2005
2005-02-19,KEE,3.541,34843,10281.58858,CE,2005
2005-02-20,KEE,3.5189,34843,10217.41939,CE,2005
2005-02-21,KEE,3.494,34843,10145.12017,CE,2005
2005-02-22,KEE,3.4637,34843,10057.14159,CE,2005
2005-02-23,KEE,3.5796,34843,10393.6669,CE,2005
2005-02-24,KEE,3.5169,34843,10211.61223,CE,2005
2005-02-25,KEE,3.38,34843,9814.111667,CE,2005
2005-02-26,KEE,3.2215,34843,9353.893708,CE,2005
2005-02-27,KEE,3.0004,34843,8711.911433,CE,2005
2005-02-28,KEE,2.6764,34843,7771.150433,CE,2005
2005-03-01,KEE,3.1908,34843,9264.7537,CE,2005
2005-03-02,KEE,2.958,34843,8588.7995,CE,2005
2005-03-03,KEE,2.7389,34843,7952.624392,CE,2005
2005-03-04,KEE,2.5466,34843,7394.265317,CE,2005
2005-03-05,KEE,2.3085,34843,6702.922125,CE,2005
2005-03-06,KEE,2.0953,34843,6083.878158,CE,2005
2005-03-07,KEE,1.8447,34843,5356.240175,CE,2005
2005-03-08,KEE,2.3992,34843,6966.277133,CE,2005
2005-03-09,KEE,1.8678,34843,5423.31295,CE,2005
2005-03-10,KEE,1.4372,34843,4173.029967,CE,2005
2005-03-11,KEE,1.1317,34843,3285.985258,CE,2005
2005-03-12,KEE,0.8673,34843,2518.277825,CE,2005
2005-03-13,KEE,0.7869,34843,2284.829725,CE,2005
2005-03-14,KEE,0.7152,34843,2076.6428,CE,2005
2005-03-15,KEE,0.6591,34843,1913.751775,CE,2005
2005-03-16,KEE,1.3654,34843,3964.552683,CE,2005
2005-03-17,KEE,1.5924,34843,4623.6661,CE,2005
2005-03-18,KEE,1.7627,34843,5118.146342,CE,2005
2005-03-19,KEE,1.7299,34843,5022.908808,CE,2005
2005-03-20,KEE,2.2493,34843,6531.029992,CE,2005
2005-03-21,KEE,2.0561,34843,5970.057692,CE,2005
2005-03-22,KEE,2.0437,34843,5934.053258,CE,2005
2005-03-23,KEE,1.9876,34843,5771.162233,CE,2005
2005-03-24,KEE,2.3235,34843,6746.475875,CE,2005
2005-03-25,KEE,2.2877,34843,6642.527592,CE,2005
2005-03-26,KEE,2.2503,34843,6533.933575,CE,2005
2005-03-27,KEE,3.2122,34843,9326.890383,CE,2005
2005-03-28,KEE,3.3351,34843,9683.740775,CE,2005
2005-03-29,KEE,3.3106,34843,9612.602983,CE,2005
2005-03-30,KEE,5.7612,34843,16728.1243,CE,2005
2005-03-31,KEE,8.2001,34843,23809.67369,CE,2005
2005-04-01,KEE,8.2833,34843,24051.25183,CE,2005
2005-04-02,KEE,8.3462,34843,24233.88722,CE,2005
2005-04-03,KEE,8.317,34843,24149.10258,CE,2005
2005-04-04,KEE,8.3642,34843,24286.15172,CE,2005
2005-04-05,KEE,8.287,34843,24061.99508,CE,2005
2005-04-06,KEE,8.2061,34843,23827.09519,CE,2005
2005-04-07,KEE,7.7248,34843,22429.60053,CE,2005
2005-04-08,KEE,8.4419,34843,24511.76014,CE,2005
2005-04-09,KEE,8.2237,34843,23878.19826,CE,2005
2005-04-10,KEE,8.0699,34843,23431.62714,CE,2005
2005-04-11,KEE,8.004,34843,23240.281,CE,2005
2005-04-12,KEE,7.928,34843,23019.60867,CE,2005
2005-04-13,KEE,7.8663,34843,22840.45758,CE,2005
2005-04-14,KEE,8.6342,34843,25070.11922,CE,2005
2005-04-15,KEE,8.5565,34843,24844.51079,CE,2005
2005-04-16,KEE,8.6935,34843,25242.30171,CE,2005
2005-04-17,KEE,8.4986,34843,24676.39332,CE,2005
2005-04-18,KEE,8.362,34843,24279.76383,CE,2005
2005-04-19,KEE,8.2279,34843,23890.39331,CE,2005
2005-04-20,KEE,8.5187,34843,24734.75534,CE,2005
2005-04-21,KEE,8.0139,34843,23269.02648,CE,2005
2005-04-22,KEE,7.352,34843,21347.14467,CE,2005
2005-04-23,KEE,6.5325,34843,18967.65813,CE,2005
2005-04-24,KEE,5.7301,34843,16637.82286,CE,2005
2005-04-25,KEE,5.1324,34843,14902.3511,CE,2005
2005-04-26,KEE,4.4599,34843,12949.69131,CE,2005
2005-04-27,KEE,3.9638,34843,11509.22362,CE,2005
2005-04-28,KEE,3.4468,34843,10008.07103,CE,2005
2005-04-29,KEE,3.0337,34843,8808.600758,CE,2005
2005-04-30,KEE,2.9237,34843,8489.206592,CE,2005
2005-05-01,KEE,2.8308,34843,8219.4637,CE,2005
2005-05-02,KEE,2.6063,34843,7567.609242,CE,2005
2005-05-03,KEE,2.3742,34843,6893.68755,CE,2005
2005-05-04,KEE,2.21,34843,6416.919167,CE,2005
2005-05-05,KEE,2.0556,34843,5968.6059,CE,2005
2005-05-06,KEE,1.8619,34843,5406.181808,CE,2005
2005-05-07,KEE,1.6559,34843,4808.043642,CE,2005
2005-05-08,KEE,1.5675,34843,4551.366875,CE,2005
2005-05-09,KEE,1.4639,34843,4250.555642,CE,2005
2005-05-10,KEE,1.3517,34843,3924.773592,CE,2005
2005-05-11,KEE,1.2424,34843,3607.411933,CE,2005
2005-05-12,KEE,1.1491,34843,3336.507608,CE,2005
2005-05-13,KEE,0.9316,34843,2704.978233,CE,2005
2005-05-14,KEE,0.8272,34843,2401.844133,CE,2005
2005-05-15,KEE,0.7131,34843,2070.545275,CE,2005
2005-05-16,KEE,0.6283,34843,1824.321408,CE,2005
2005-05-17,KEE,0.5954,34843,1728.793517,CE,2005
2005-05-18,KEE,0.5826,34843,1691.62765,CE,2005
2005-05-19,KEE,0.5363,34843,1557.191742,CE,2005
2005-05-20,KEE,0.516,34843,1498.249,CE,2005
2005-05-21,KEE,0.4993,34843,1449.759158,CE,2005
2005-05-22,KEE,0.4871,34843,1414.335442,CE,2005
2005-05-23,KEE,0.4805,34843,1395.171792,CE,2005
2005-05-24,KEE,0.4728,34843,1372.8142,CE,2005
2005-05-25,KEE,0.4575,34843,1328.389375,CE,2005
2005-05-26,KEE,0.4015,34843,1165.788708,CE,2005
2005-05-27,KEE,0.3086,34843,896.0458167,CE,2005
2005-05-28,KEE,0.2182,34843,633.5618833,CE,2005
2005-05-29,KEE,0.1466,34843,425.6653167,CE,2005
2005-05-30,KEE,0.1123,34843,326.0724083,CE,2005
2005-05-31,KEE,0.0907,34843,263.3550083,CE,2005
2005-06-01,KEE,0.0815,34843,236.6420417,CE,2005
2005-06-02,KEE,0.0764,34843,221.8337667,CE,2005
2005-06-03,KEE,0.0696,34843,202.0894,CE,2005
2005-06-04,KEE,0.0618,34843,179.44145,CE,2005
2005-06-05,KEE,0.0554,34843,160.8585167,CE,2005
2005-06-06,KEE,0.0532,34843,154.4706333,CE,2005
2005-06-07,KEE,0.048,34843,139.372,CE,2005
2005-06-08,KEE,0.0459,34843,133.274475,CE,2005
2005-06-09,KEE,0.0416,34843,120.7890667,CE,2005
2005-06-10,KEE,0.035,34843,101.6254167,CE,2005
2005-06-11,KEE,0.0284,34843,82.46176667,CE,2005
2005-06-12,KEE,0.025,34843,72.58958333,CE,2005
2005-06-13,KEE,0.0242,34843,70.26671667,CE,2005
2005-06-14,KEE,0.0207,34843,60.104175,CE,2005
2005-06-15,KEE,0.017,34843,49.36091667,CE,2005
2005-06-16,KEE,0.013,34843,37.74658333,CE,2005
2005-06-17,KEE,0.0073,34843,21.19615833,CE,2005
2005-06-18,KEE,0.0047,34843,13.64684167,CE,2005
2005-06-19,KEE,0.0024,34843,6.9686,CE,2005
2005-06-20,KEE,0,34843,0,CE,2005
2005-06-21,KEE,0,34843,0,CE,2005
2005-06-22,KEE,0,34843,0,CE,2005
2005-06-23,KEE,0,34843,0,CE,2005
2005-06-24,KEE,0,34843,0,CE,2005
2005-06-26,KEE,0,34843,0,CE,2005
2005-06-27,KEE,0,34843,0,CE,2005
2005-06-28,KEE,0,34843,0,CE,2005
2005-06-29,KEE,0,34843,0,CE,2005
2005-06-30,KEE,0,34843,0,CE,2005
2005-07-01,KEE,0,34843,0,CE,2005
2005-07-02,KEE,0,34843,0,CE,2005
2005-07-03,KEE,0,34843,0,CE,2005
2005-07-04,KEE,0,34843,0,CE,2005
2005-07-05,KEE,0,34843,0,CE,2005
2005-07-06,KEE,0,34843,0,CE,2005
2005-07-07,KEE,0,34843,0,CE,2005
2005-07-08,KEE,0,34843,0,CE,2005
2005-07-09,KEE,0,34843,0,CE,2005
2005-07-10,KEE,0,34843,0,CE,2005
2005-07-11,KEE,0,34843,0,CE,2005
2005-07-12,KEE,0,34843,0,CE,2005
2005-07-13,KEE,0,34843,0,CE,2005
2005-07-14,KEE,0,34843,0,CE,2005
2005-07-15,KEE,0,34843,0,CE,2005
2005-07-16,KEE,0,34843,0,CE,2005
2005-07-17,KEE,0,34843,0,CE,2005
2005-07-18,KEE,0,34843,0,CE,2005
2005-07-19,KEE,0,34843,0,CE,2005
2005-07-20,KEE,0,34843,0,CE,2005
2005-07-21,KEE,0,34843,0,CE,2005
2005-07-22,KEE,0,34843,0,CE,2005
2005-07-23,KEE,0,34843,0,CE,2005
2005-07-24,KEE,0,34843,0,CE,2005
2005-07-25,KEE,0,34843,0,CE,2005
2005-07-26,KEE,0,34843,0,CE,2005
2005-07-27,KEE,0,34843,0,CE,2005
2005-07-28,KEE,0,34843,0,CE,2005
2005-07-29,KEE,0,34843,0,CE,2005
2005-07-30,KEE,0,34843,0,CE,2005
2005-07-31,KEE,0,34843,0,CE,2005
2005-08-03,KEE,0,34843,0,CE,2005
2005-08-04,KEE,0,34843,0,CE,2005
2005-08-05,KEE,0,34843,0,CE,2005
2005-08-06,KEE,0,34843,0,CE,2005
2005-08-07,KEE,0,34843,0,CE,2005
2005-08-08,KEE,0,34843,0,CE,2005
2005-08-09,KEE,0,34843,0,CE,2005
2005-08-10,KEE,0,34843,0,CE,2005
2005-08-11,KEE,0,34843,0,CE,2005
2005-08-12,KEE,0,34843,0,CE,2005
2005-08-13,KEE,0,34843,0,CE,2005
2005-08-14,KEE,0,34843,0,CE,2005
2005-08-15,KEE,0,34843,0,CE,2005
2005-08-16,KEE,0,34843,0,CE,2005
2005-08-17,KEE,0,34843,0,CE,2005
2005-08-18,KEE,0,34843,0,CE,2005
2005-08-19,KEE,0,34843,0,CE,2005
2005-08-20,KEE,0,34843,0,CE,2005
2005-08-21,KEE,0,34843,0,CE,2005
2005-08-22,KEE,0,34843,0,CE,2005
2005-08-23,KEE,0,34843,0,CE,2005
2005-08-24,KEE,0,34843,0,CE,2005
2005-08-25,KEE,0,34843,0,CE,2005
2005-08-26,KEE,0,34843,0,CE,2005
2005-08-27,KEE,0,34843,0,CE,2005
2005-08-28,KEE,0,34843,0,CE,2005
2005-08-29,KEE,0,34843,0,CE,2005
2005-08-30,KEE,0,34843,0,CE,2005
2005-08-31,KEE,0,34843,0,CE,2005
2005-09-01,KEE,0,34843,0,CE,2005
2005-09-02,KEE,0,34843,0,CE,2005
2005-09-03,KEE,0,34843,0,CE,2005
2005-09-04,KEE,0,34843,0,CE,2005
2005-09-05,KEE,0,34843,0,CE,2005
2005-09-06,KEE,0,34843,0,CE,2005
2005-09-07,KEE,0,34843,0,CE,2005
2005-09-08,KEE,0,34843,0,CE,2005
2005-09-09,KEE,0,34843,0,CE,2005
2005-09-10,KEE,0,34843,0,CE,2005
2005-09-11,KEE,0,34843,0,CE,2005
2005-09-12,KEE,0,34843,0,CE,2005
2005-09-13,KEE,0,34843,0,CE,2005
2005-09-14,KEE,0,34843,0,CE,2005
2005-09-15,KEE,0,34843,0,CE,2005
2005-09-16,KEE,0,34843,0,CE,2005
2005-09-17,KEE,0,34843,0,CE,2005
2005-09-18,KEE,0,34843,0,CE,2005
2005-09-19,KEE,0,34843,0,CE,2005
2005-09-20,KEE,0,34843,0,CE,2005
2005-09-21,KEE,0,34843,0,CE,2005
2005-09-22,KEE,0,34843,0,CE,2005
2005-09-23,KEE,0,34843,0,CE,2005
2005-09-24,KEE,0,34843,0,CE,2005
2005-09-25,KEE,0,34843,0,CE,2005
2005-09-26,KEE,0,34843,0,CE,2005
2005-09-27,KEE,0,34843,0,CE,2005
2005-09-28,KEE,0,34843,0,CE,2005
2005-09-29,KEE,0,34843,0,CE,2005
2005-09-30,KEE,0,34843,0,CE,2005
2005-10-01,KEE,0,34843,0,CE,2006
2005-10-02,KEE,1e-4,34843,0.290358333,CE,2006
2005-10-03,KEE,2e-4,34843,0.580716667,CE,2006
2005-10-04,KEE,2e-4,34843,0.580716667,CE,2006
2005-10-05,KEE,3e-4,34843,0.871075,CE,2006
2005-10-06,KEE,3e-4,34843,0.871075,CE,2006
2005-10-07,KEE,0,34843,0,CE,2006
2005-10-08,KEE,0,34843,0,CE,2006
2005-10-09,KEE,5e-4,34843,1.451791667,CE,2006
2005-10-10,KEE,1e-4,34843,0.290358333,CE,2006
2005-10-11,KEE,0,34843,0,CE,2006
2005-10-12,KEE,0,34843,0,CE,2006
2005-10-13,KEE,0,34843,0,CE,2006
2005-10-14,KEE,0,34843,0,CE,2006
2005-10-15,KEE,0,34843,0,CE,2006
2005-10-16,KEE,0,34843,0,CE,2006
2005-10-17,KEE,0,34843,0,CE,2006
2005-10-18,KEE,0,34843,0,CE,2006
2005-10-19,KEE,0,34843,0,CE,2006
2005-10-20,KEE,0,34843,0,CE,2006
2005-10-21,KEE,0,34843,0,CE,2006
2005-10-22,KEE,0,34843,0,CE,2006
2005-10-23,KEE,0,34843,0,CE,2006
2005-10-24,KEE,0,34843,0,CE,2006
2005-10-25,KEE,0,34843,0,CE,2006
2005-10-26,KEE,0,34843,0,CE,2006
2005-10-27,KEE,0,34843,0,CE,2006
2005-10-28,KEE,0,34843,0,CE,2006
2005-10-29,KEE,0.0042,34843,12.19505,CE,2006
2005-10-30,KEE,0.0049,34843,14.22755833,CE,2006
2005-10-31,KEE,0.0034,34843,9.872183333,CE,2006
2005-11-01,KEE,0.0064,34843,18.58293333,CE,2006
2005-11-02,KEE,0.2341,34843,679.7288583,CE,2006
2005-11-03,KEE,0.2378,34843,690.4721167,CE,2006
2005-11-04,KEE,0.7883,34843,2288.894742,CE,2006
2005-11-05,KEE,1.233,34843,3580.11825,CE,2006
2005-11-06,KEE,2.5673,34843,7454.369492,CE,2006
2005-11-07,KEE,3.4182,34843,9925.02855,CE,2006
2005-11-08,KEE,3.575,34843,10380.31042,CE,2006
2005-11-09,KEE,3.5673,34843,10357.95283,CE,2006
2005-11-10,KEE,4.5653,34843,13255.72899,CE,2006
2005-11-11,KEE,4.5676,34843,13262.40723,CE,2006
2005-11-12,KEE,4.7825,34843,13886.38729,CE,2006
2005-11-13,KEE,4.9319,34843,14320.18264,CE,2006
2005-11-14,KEE,5.6411,34843,16379.40394,CE,2006
2005-11-15,KEE,5.4575,34843,15846.30604,CE,2006
2005-11-16,KEE,5.4122,34843,15714.77372,CE,2006
2005-11-17,KEE,5.3589,34843,15560.01273,CE,2006
2005-11-18,KEE,5.1796,34843,15039.40023,CE,2006
2005-11-19,KEE,4.7175,34843,13697.65438,CE,2006
2005-11-20,KEE,4.133,34843,12000.50992,CE,2006
2005-11-21,KEE,3.8872,34843,11286.80913,CE,2006
2005-11-22,KEE,3.6931,34843,10723.22361,CE,2006
2005-11-23,KEE,3.4784,34843,10099.82427,CE,2006
2005-11-24,KEE,3.333,34843,9677.64325,CE,2006
2005-11-25,KEE,3.2876,34843,9545.820567,CE,2006
2005-11-26,KEE,4.4872,34843,13028.95913,CE,2006
2005-11-27,KEE,5.0035,34843,14528.07921,CE,2006
2005-11-28,KEE,5.0685,34843,14716.81213,CE,2006
2005-11-29,KEE,5.2276,34843,15178.77223,CE,2006
2005-11-30,KEE,8.0003,34843,23229.53774,CE,2006
2005-12-01,KEE,8.4269,34843,24468.20639,CE,2006
2005-12-02,KEE,8.8693,34843,25752.75166,CE,2006
2005-12-03,KEE,9.3472,34843,27140.37413,CE,2006
2005-12-04,KEE,9.6807,34843,28108.71918,CE,2006
2005-12-05,KEE,9.6793,34843,28104.65416,CE,2006
2005-12-06,KEE,9.8089,34843,28480.95856,CE,2006
2005-12-07,KEE,9.8385,34843,28566.90463,CE,2006
2005-12-08,KEE,9.8245,34843,28526.25446,CE,2006
2005-12-09,KEE,9.9383,34843,28856.68224,CE,2006
2005-12-10,KEE,9.9154,34843,28790.19018,CE,2006
2005-12-11,KEE,9.8836,34843,28697.85623,CE,2006
2005-12-12,KEE,9.8429,34843,28579.68039,CE,2006
2005-12-13,KEE,9.8631,34843,28638.33278,CE,2006
2005-12-14,KEE,9.8759,34843,28675.49864,CE,2006
2005-12-15,KEE,9.8479,34843,28594.19831,CE,2006
2005-12-16,KEE,9.9074,34843,28766.96152,CE,2006
2005-12-17,KEE,9.8942,34843,28728.63422,CE,2006
2005-12-18,KEE,9.8721,34843,28664.46503,CE,2006
2005-12-19,KEE,9.9169,34843,28794.54556,CE,2006
2005-12-20,KEE,10.3363,34843,30012.30841,CE,2006
2005-12-21,KEE,10.4502,34843,30343.02655,CE,2006
2005-12-22,KEE,10.6719,34843,30986.75098,CE,2006
2005-12-23,KEE,11.209,34843,32546.26558,CE,2006
2005-12-24,KEE,11.0312,34843,32030.00847,CE,2006
2005-12-25,KEE,10.2466,34843,29751.85698,CE,2006
2005-12-26,KEE,9.7282,34843,28246.63938,CE,2006
2005-12-27,KEE,9.4559,34843,27455.99364,CE,2006
2005-12-28,KEE,9.5551,34843,27744.02911,CE,2006
2005-12-29,KEE,10.1402,34843,29442.91572,CE,2006
2005-12-30,KEE,11.3603,34843,32985.57774,CE,2006
2005-12-31,KEE,12.841,34843,37284.91358,CE,2006
2006-01-01,KEE,13.5896,34843,39458.53607,CE,2006
2006-01-02,KEE,13.6122,34843,39524.15705,CE,2006
2006-01-03,KEE,13.8199,34843,40127.23131,CE,2006
2006-01-04,KEE,14.8016,34843,42977.67907,CE,2006
2006-01-05,KEE,14.7669,34843,42876.92473,CE,2006
2006-01-06,KEE,14.8138,34843,43013.10278,CE,2006
2006-01-07,KEE,14.8128,34843,43010.1992,CE,2006
2006-01-08,KEE,14.8952,34843,43249.45447,CE,2006
2006-01-09,KEE,14.9418,34843,43384.76145,CE,2006
2006-01-10,KEE,15.9833,34843,46408.84349,CE,2006
2006-01-11,KEE,16.8603,34843,48955.28608,CE,2006
2006-01-12,KEE,17.3369,34843,50339.13389,CE,2006
2006-01-13,KEE,20.7767,34843,60326.87984,CE,2006
2006-01-14,KEE,21.6273,34843,62796.66783,CE,2006
2006-01-15,KEE,21.7625,34843,63189.23229,CE,2006
2006-01-16,KEE,21.9755,34843,63807.69554,CE,2006
2006-01-17,KEE,23.1732,34843,67285.3173,CE,2006
2006-01-18,KEE,25.0043,34843,72602.06874,CE,2006
2006-01-19,KEE,25.0691,34843,72790.22094,CE,2006
2006-01-20,KEE,25.6943,34843,74605.54124,CE,2006
2006-01-21,KEE,26.7583,34843,77694.95391,CE,2006
2006-01-22,KEE,26.8398,34843,77931.59595,CE,2006
2006-01-23,KEE,26.8775,34843,78041.06104,CE,2006
2006-01-24,KEE,26.9859,34843,78355.80948,CE,2006
2006-01-25,KEE,27.8297,34843,80805.85309,CE,2006
2006-01-26,KEE,27.7374,34843,80537.85235,CE,2006
2006-01-27,KEE,27.9398,34843,81125.53762,CE,2006
2006-01-28,KEE,28.9512,34843,84062.2218,CE,2006
2006-01-29,KEE,29.7937,34843,86508.49076,CE,2006
2006-01-30,KEE,30.6598,34843,89023.28428,CE,2006
2006-01-31,KEE,31.5851,34843,91709.96994,CE,2006
2006-02-01,KEE,32.0825,34843,93154.21229,CE,2006
2006-02-02,KEE,32.5596,34843,94539.5119,CE,2006
2006-02-03,KEE,33.2,34843,96398.96667,CE,2006
2006-02-04,KEE,33.3921,34843,96956.74503,CE,2006
2006-02-05,KEE,33.9228,34843,98497.6767,CE,2006
2006-02-06,KEE,33.9819,34843,98669.27848,CE,2006
2006-02-07,KEE,33.9116,34843,98465.15657,CE,2006
2006-02-08,KEE,33.8373,34843,98249.42033,CE,2006
2006-02-09,KEE,33.8117,34843,98175.08859,CE,2006
2006-02-10,KEE,38.7216,34843,112431.3924,CE,2006
2006-02-11,KEE,38.9052,34843,112964.4903,CE,2006
2006-02-12,KEE,38.8218,34843,112722.3315,CE,2006
2006-02-13,KEE,38.7639,34843,112554.214,CE,2006
2006-02-14,KEE,38.8528,34843,112812.3425,CE,2006
2006-02-15,KEE,38.9673,34843,113144.8028,CE,2006
2006-02-16,KEE,38.9161,34843,112996.1394,CE,2006
2006-02-17,KEE,39.8333,34843,115659.306,CE,2006
2006-02-18,KEE,39.7903,34843,115534.4519,CE,2006
2006-02-19,KEE,39.7343,34843,115371.8512,CE,2006
2006-02-20,KEE,39.6926,34843,115250.7718,CE,2006
2006-02-21,KEE,39.7153,34843,115316.6832,CE,2006
2006-02-22,KEE,39.8745,34843,115778.9336,CE,2006
2006-02-23,KEE,40.338,34843,117124.7445,CE,2006
2006-02-24,KEE,42.6722,34843,123902.2887,CE,2006
2006-02-25,KEE,42.7183,34843,124036.1439,CE,2006
2006-02-26,KEE,42.7038,34843,123994.042,CE,2006
2006-02-27,KEE,42.7313,34843,124073.8905,CE,2006
2006-02-28,KEE,43.9363,34843,127572.7084,CE,2006
2006-03-01,KEE,45.1298,34843,131038.1351,CE,2006
2006-03-02,KEE,45.0577,34843,130828.7868,CE,2006
2006-03-03,KEE,45.0277,34843,130741.6793,CE,2006
2006-03-04,KEE,44.932,34843,130463.8063,CE,2006
2006-03-05,KEE,44.9201,34843,130429.2537,CE,2006
2006-03-06,KEE,44.9304,34843,130459.1606,CE,2006
2006-03-07,KEE,44.8976,34843,130363.9231,CE,2006
2006-03-08,KEE,45.0038,34843,130672.2836,CE,2006
2006-03-09,KEE,45.6871,34843,132656.3021,CE,2006
2006-03-10,KEE,48.3311,34843,140333.3764,CE,2006
2006-03-11,KEE,48.3421,34843,140365.3159,CE,2006
2006-03-12,KEE,48.3079,34843,140266.0133,CE,2006
2006-03-13,KEE,48.2721,34843,140162.065,CE,2006
2006-03-14,KEE,48.2415,34843,140073.2154,CE,2006
2006-03-15,KEE,48.2682,34843,140150.7411,CE,2006
2006-03-16,KEE,48.3709,34843,140448.9391,CE,2006
2006-03-17,KEE,49.0063,34843,142293.8759,CE,2006
2006-03-18,KEE,49.2814,34843,143092.6517,CE,2006
2006-03-19,KEE,49.412,34843,143471.8597,CE,2006
2006-03-20,KEE,49.3831,34843,143387.9461,CE,2006
2006-03-21,KEE,49.3312,34843,143237.2501,CE,2006
2006-03-22,KEE,48.8101,34843,141724.1929,CE,2006
2006-03-23,KEE,48.7599,34843,141578.433,CE,2006
2006-03-24,KEE,48.634,34843,141212.8718,CE,2006
2006-03-25,KEE,48.4032,34843,140542.7248,CE,2006
2006-03-26,KEE,48.193,34843,139932.3916,CE,2006
2006-03-27,KEE,48.3201,34843,140301.437,CE,2006
2006-03-28,KEE,48.1719,34843,139871.126,CE,2006
2006-03-29,KEE,47.9925,34843,139350.2231,CE,2006
2006-03-30,KEE,48.8243,34843,141765.4237,CE,2006
2006-03-31,KEE,48.6322,34843,141207.6454,CE,2006
2006-04-01,KEE,48.7965,34843,141684.7041,CE,2006
2006-04-02,KEE,49.4256,34843,143511.3484,CE,2006
2006-04-03,KEE,49.2331,34843,142952.4086,CE,2006
2006-04-04,KEE,49.1459,34843,142699.2161,CE,2006
2006-04-05,KEE,48.7939,34843,141677.1548,CE,2006
2006-04-06,KEE,48.4645,34843,140720.7145,CE,2006
2006-04-07,KEE,48.1634,34843,139846.4455,CE,2006
2006-04-08,KEE,47.8398,34843,138906.846,CE,2006
2006-04-09,KEE,47.7036,34843,138511.3779,CE,2006
2006-04-10,KEE,47.3813,34843,137575.553,CE,2006
2006-04-11,KEE,47.0126,34843,136505.0018,CE,2006
2006-04-12,KEE,47.0372,34843,136576.43,CE,2006
2006-04-13,KEE,46.5409,34843,135135.3816,CE,2006
2006-04-14,KEE,46.8675,34843,136083.6919,CE,2006
2006-04-15,KEE,47.3267,34843,137417.0173,CE,2006
2006-04-16,KEE,47.4666,34843,137823.2287,CE,2006
2006-04-17,KEE,47.2634,34843,137233.2205,CE,2006
2006-04-18,KEE,46.6259,34843,135382.1861,CE,2006
2006-04-19,KEE,46.4429,34843,134850.8304,CE,2006
2006-04-20,KEE,46.1791,34843,134084.8651,CE,2006
2006-04-21,KEE,45.7841,34843,132937.9497,CE,2006
2006-04-22,KEE,46.4994,34843,135014.8829,CE,2006
2006-04-23,KEE,46.1785,34843,134083.123,CE,2006
2006-04-24,KEE,45.7441,34843,132821.8064,CE,2006
2006-04-25,KEE,45.0995,34843,130950.1565,CE,2006
2006-04-26,KEE,44.4993,34843,129207.4258,CE,2006
2006-04-27,KEE,43.934,34843,127566.0302,CE,2006
2006-04-28,KEE,43.4125,34843,126051.8115,CE,2006
2006-04-29,KEE,42.5845,34843,123647.6445,CE,2006
2006-04-30,KEE,41.7428,34843,121203.6984,CE,2006
2006-05-01,KEE,41.2601,34843,119802.1387,CE,2006
2006-05-02,KEE,40.9614,34843,118934.8384,CE,2006
2006-05-03,KEE,40.7185,34843,118229.558,CE,2006
2006-05-04,KEE,40.3484,34843,117154.9418,CE,2006
2006-05-05,KEE,39.8021,34843,115568.7142,CE,2006
2006-05-06,KEE,39.1119,34843,113564.661,CE,2006
2006-05-07,KEE,38.4608,34843,111674.1379,CE,2006
2006-05-08,KEE,38.188,34843,110882.0403,CE,2006
2006-05-09,KEE,37.8933,34843,110026.3543,CE,2006
2006-05-10,KEE,37.5918,34843,109150.924,CE,2006
2006-05-11,KEE,37.0527,34843,107585.6022,CE,2006
2006-05-12,KEE,36.2912,34843,105374.5235,CE,2006
2006-05-13,KEE,35.8144,34843,103990.0949,CE,2006
2006-05-14,KEE,35.4329,34843,102882.3779,CE,2006
2006-05-15,KEE,34.7162,34843,100801.3797,CE,2006
2006-05-16,KEE,32.9621,34843,95708.20419,CE,2006
2006-05-17,KEE,31.1434,34843,90427.45718,CE,2006
2006-05-18,KEE,29.5119,34843,85690.26098,CE,2006
2006-05-19,KEE,27.9889,34843,81268.10356,CE,2006
2006-05-20,KEE,26.8285,34843,77898.78546,CE,2006
2006-05-21,KEE,25.8678,34843,75109.31295,CE,2006
2006-05-22,KEE,24.9277,34843,72379.65426,CE,2006
2006-05-23,KEE,24.1523,34843,70128.21574,CE,2006
2006-05-24,KEE,23.597,34843,68515.85592,CE,2006
2006-05-25,KEE,22.9991,34843,66779.80344,CE,2006
2006-05-26,KEE,22.5493,34843,65473.77166,CE,2006
2006-05-27,KEE,22.2126,34843,64496.13515,CE,2006
2006-05-28,KEE,21.9398,34843,63704.03762,CE,2006
2006-05-29,KEE,21.4515,34843,62286.21788,CE,2006
2006-05-30,KEE,20.866,34843,60586.16983,CE,2006
2006-05-31,KEE,20.279,34843,58881.76642,CE,2006
2006-06-01,KEE,18.9512,34843,55026.38847,CE,2006
2006-06-02,KEE,17.9687,34843,52173.61784,CE,2006
2006-06-03,KEE,17.0565,34843,49524.96913,CE,2006
2006-06-04,KEE,16.3645,34843,47515.68946,CE,2006
2006-06-05,KEE,15.4692,34843,44916.1113,CE,2006
2006-06-06,KEE,14.5642,34843,42288.36838,CE,2006
2006-06-07,KEE,13.812,34843,40104.293,CE,2006
2006-06-08,KEE,13.1901,34843,38298.55453,CE,2006
2006-06-09,KEE,12.7739,34843,37090.08314,CE,2006
2006-06-10,KEE,12.2647,34843,35611.57851,CE,2006
2006-06-11,KEE,11.732,34843,34064.83967,CE,2006
2006-06-12,KEE,11.0858,34843,32188.54412,CE,2006
2006-06-13,KEE,10.2264,34843,29693.2046,CE,2006
2006-06-14,KEE,9.6182,34843,27927.24522,CE,2006
2006-06-15,KEE,9.1643,34843,26609.30874,CE,2006
2006-06-16,KEE,8.7184,34843,25314.60093,CE,2006
2006-06-17,KEE,8.1944,34843,23793.12327,CE,2006
2006-06-18,KEE,7.8364,34843,22753.64043,CE,2006
2006-06-19,KEE,7.5324,34843,21870.9511,CE,2006
2006-06-20,KEE,7.2519,34843,21056.49598,CE,2006
2006-06-21,KEE,6.9796,34843,20265.85023,CE,2006
2006-06-22,KEE,6.7134,34843,19492.91635,CE,2006
2006-06-23,KEE,6.3883,34843,18548.96141,CE,2006
2006-06-24,KEE,6.0746,34843,17638.10732,CE,2006
2006-06-25,KEE,5.6193,34843,16316.10583,CE,2006
2006-06-26,KEE,5.0255,34843,14591.95804,CE,2006
2006-06-27,KEE,4.3909,34843,12749.34406,CE,2006
2006-06-28,KEE,3.8928,34843,11303.0692,CE,2006
2006-06-29,KEE,3.6292,34843,10537.68463,CE,2006
2006-06-30,KEE,3.3732,34843,9794.3673,CE,2006
2006-07-01,KEE,3.0584,34843,8880.319267,CE,2006
2006-07-02,KEE,2.8111,34843,8162.263108,CE,2006
2006-07-03,KEE,2.5503,34843,7405.008575,CE,2006
2006-07-04,KEE,2.318,34843,6730.506167,CE,2006
2006-07-05,KEE,2.0509,34843,5954.959058,CE,2006
2006-07-06,KEE,1.8754,34843,5445.380183,CE,2006
2006-07-07,KEE,1.756,34843,5098.692333,CE,2006
2006-07-08,KEE,1.6136,34843,4685.222067,CE,2006
2006-07-09,KEE,1.3995,34843,4063.564875,CE,2006
2006-07-10,KEE,1.1894,34843,3453.522017,CE,2006
2006-07-11,KEE,1.0431,34843,3028.727775,CE,2006
2006-07-12,KEE,0.9357,34843,2716.882925,CE,2006
2006-07-13,KEE,0.839,34843,2436.106417,CE,2006
2006-07-14,KEE,0.7493,34843,2175.654992,CE,2006
2006-07-15,KEE,0.6384,34843,1853.6476,CE,2006
2006-07-16,KEE,0.5569,34843,1617.005558,CE,2006
2006-07-17,KEE,0.4636,34843,1346.101233,CE,2006
2006-07-18,KEE,0.4041,34843,1173.338025,CE,2006
2006-07-19,KEE,0.3549,34843,1030.481725,CE,2006
2006-07-20,KEE,0.3016,34843,875.7207333,CE,2006
2006-07-21,KEE,0.2316,34843,672.4699,CE,2006
2006-07-22,KEE,0.1612,34843,468.0576333,CE,2006
2006-07-23,KEE,0.0969,34843,281.357225,CE,2006
2006-07-24,KEE,0.0524,34843,152.1477667,CE,2006
2006-07-25,KEE,0.0381,34843,110.626525,CE,2006
2006-07-26,KEE,0.0288,34843,83.6232,CE,2006
2006-07-27,KEE,0.0207,34843,60.104175,CE,2006
2006-07-28,KEE,0.0129,34843,37.456225,CE,2006
2006-07-29,KEE,0.0076,34843,22.06723333,CE,2006
2006-07-30,KEE,0.0036,34843,10.4529,CE,2006
2006-07-31,KEE,7e-4,34843,2.032508333,CE,2006
2006-08-01,KEE,0,34843,0,CE,2006
2006-08-02,KEE,0,34843,0,CE,2006
2006-08-03,KEE,0,34843,0,CE,2006
2006-08-04,KEE,0,34843,0,CE,2006
2006-08-05,KEE,0,34843,0,CE,2006
2006-08-06,KEE,0,34843,0,CE,2006
2006-08-07,KEE,0,34843,0,CE,2006
2006-08-08,KEE,0,34843,0,CE,2006
2006-08-09,KEE,0,34843,0,CE,2006
2006-08-10,KEE,0,34843,0,CE,2006
2006-08-11,KEE,0,34843,0,CE,2006
2006-08-12,KEE,0,34843,0,CE,2006
2006-08-13,KEE,0,34843,0,CE,2006
2006-08-14,KEE,0,34843,0,CE,2006
2006-08-15,KEE,0,34843,0,CE,2006
2006-08-16,KEE,0,34843,0,CE,2006
2006-08-17,KEE,0,34843,0,CE,2006
2006-08-18,KEE,0,34843,0,CE,2006
2006-08-19,KEE,0,34843,0,CE,2006
2006-08-20,KEE,0,34843,0,CE,2006
2006-08-21,KEE,0,34843,0,CE,2006
2006-08-22,KEE,0,34843,0,CE,2006
2006-08-23,KEE,0,34843,0,CE,2006
2006-08-24,KEE,0,34843,0,CE,2006
2006-08-25,KEE,0,34843,0,CE,2006
2006-08-28,KEE,0,34843,0,CE,2006
2006-08-29,KEE,0,34843,0,CE,2006
2006-08-30,KEE,0,34843,0,CE,2006
2006-08-31,KEE,0,34843,0,CE,2006
2006-09-01,KEE,0,34843,0,CE,2006
2006-09-02,KEE,0,34843,0,CE,2006
2006-09-03,KEE,0,34843,0,CE,2006
2006-09-04,KEE,0,34843,0,CE,2006
2006-09-05,KEE,0,34843,0,CE,2006
2006-09-06,KEE,0,34843,0,CE,2006
2006-09-07,KEE,0,34843,0,CE,2006
2006-09-09,KEE,0,34843,0,CE,2006
2006-09-10,KEE,0,34843,0,CE,2006
2006-09-11,KEE,0,34843,0,CE,2006
2006-09-12,KEE,0,34843,0,CE,2006
2006-09-13,KEE,0,34843,0,CE,2006
2006-09-14,KEE,0,34843,0,CE,2006
2006-09-15,KEE,4e-4,34843,1.161433333,CE,2006
2006-09-16,KEE,7e-4,34843,2.032508333,CE,2006
2006-09-17,KEE,6e-4,34843,1.74215,CE,2006
2006-09-18,KEE,0,34843,0,CE,2006
2006-09-19,KEE,0,34843,0,CE,2006
2006-09-20,KEE,0,34843,0,CE,2006
2006-09-21,KEE,0,34843,0,CE,2006
2006-09-22,KEE,0,34843,0,CE,2006
2006-09-23,KEE,0,34843,0,CE,2006
2006-09-24,KEE,0,34843,0,CE,2006
2006-09-25,KEE,0,34843,0,CE,2006
2006-09-26,KEE,0,34843,0,CE,2006
2006-09-27,KEE,0,34843,0,CE,2006
2006-09-28,KEE,0,34843,0,CE,2006
2006-09-29,KEE,0,34843,0,CE,2006
2006-10-02,KEE,0,34843,0,CE,2007
2006-10-03,KEE,0,34843,0,CE,2007
2006-10-04,KEE,0,34843,0,CE,2007
2006-10-05,KEE,0,34843,0,CE,2007
2006-10-06,KEE,0,34843,0,CE,2007
2006-10-07,KEE,0,34843,0,CE,2007
2006-10-08,KEE,0,34843,0,CE,2007
2006-10-09,KEE,0,34843,0,CE,2007
2006-10-10,KEE,0,34843,0,CE,2007
2006-10-11,KEE,0,34843,0,CE,2007
2006-10-12,KEE,0,34843,0,CE,2007
2006-10-13,KEE,0,34843,0,CE,2007
2006-10-14,KEE,0,34843,0,CE,2007
2006-10-15,KEE,0,34843,0,CE,2007
2006-10-16,KEE,0,34843,0,CE,2007
2006-10-17,KEE,0.0016,34843,4.645733333,CE,2007
2006-10-18,KEE,0.0018,34843,5.22645,CE,2007
2006-10-19,KEE,0,34843,0,CE,2007
2006-10-20,KEE,0,34843,0,CE,2007
2006-10-21,KEE,0,34843,0,CE,2007
2006-10-22,KEE,0,34843,0,CE,2007
2006-10-23,KEE,0,34843,0,CE,2007
2006-10-24,KEE,0,34843,0,CE,2007
2006-10-25,KEE,0.0314,34843,91.17251667,CE,2007
2006-10-26,KEE,0.0543,34843,157.664575,CE,2007
2006-10-27,KEE,0.037,34843,107.4325833,CE,2007
2006-10-28,KEE,0.0221,34843,64.16919167,CE,2007
2006-10-29,KEE,0.0147,34843,42.682675,CE,2007
2006-10-30,KEE,0.2212,34843,642.2726333,CE,2007
2006-10-31,KEE,0.2143,34843,622.2379083,CE,2007
2006-11-01,KEE,0.1941,34843,563.585525,CE,2007
2006-11-02,KEE,0.1553,34843,450.9264917,CE,2007
2006-11-03,KEE,0.6498,34843,1886.74845,CE,2007
2006-11-04,KEE,0.4614,34843,1339.71335,CE,2007
2006-11-05,KEE,0.0733,34843,212.8326583,CE,2007
2006-11-06,KEE,8e-4,34843,2.322866667,CE,2007
2006-11-07,KEE,0,34843,0,CE,2007
2006-11-08,KEE,0.0014,34843,4.065016667,CE,2007
2006-11-09,KEE,0.0861,34843,249.998525,CE,2007
2006-11-10,KEE,0.5967,34843,1732.568175,CE,2007
2006-11-11,KEE,3.348,34843,9721.197,CE,2007
2006-11-12,KEE,4.4241,34843,12845.74303,CE,2007
2006-11-13,KEE,6.4873,34843,18836.41616,CE,2007
2006-11-14,KEE,8.7028,34843,25269.30503,CE,2007
2006-11-15,KEE,8.6923,34843,25238.81741,CE,2007
2006-11-16,KEE,9.6109000000000009,34843,27906.04906,CE,2007
2006-11-17,KEE,9.4754,34843,27512.61352,CE,2007
2006-11-18,KEE,9.3549,34843,27162.73173,CE,2007
2006-11-19,KEE,9.2779,34843,26939.15581,CE,2007
2006-11-20,KEE,9.3142,34843,27044.55588,CE,2007
2006-11-21,KEE,9.2312,34843,26803.55847,CE,2007
2006-11-22,KEE,9.2142,34843,26754.19755,CE,2007
2006-11-23,KEE,10.0379,34843,29145.87914,CE,2007
2006-11-24,KEE,11.024,34843,32009.10267,CE,2007
2006-11-25,KEE,11.4047,34843,33114.49684,CE,2007
2006-11-26,KEE,11.613,34843,33719.31325,CE,2007
2006-11-27,KEE,12.5077,34843,36317.14926,CE,2007
2006-11-28,KEE,14.0264,34843,40726.82127,CE,2007
2006-11-29,KEE,14.0893,34843,40909.45666,CE,2007
2006-11-30,KEE,14.1398,34843,41056.08762,CE,2007
2006-12-01,KEE,14.7169,34843,42731.74556,CE,2007
2006-12-02,KEE,14.8198,34843,43030.52428,CE,2007
2006-12-03,KEE,14.8053,34843,42988.42233,CE,2007
2006-12-04,KEE,14.784,34843,42926.576,CE,2007
2006-12-05,KEE,14.8701,34843,43176.57453,CE,2007
2006-12-06,KEE,14.8944,34843,43247.1316,CE,2007
2006-12-07,KEE,14.8709,34843,43178.89739,CE,2007
2006-12-08,KEE,14.8271,34843,43051.72044,CE,2007
2006-12-09,KEE,14.7593,34843,42854.85749,CE,2007
2006-12-10,KEE,14.8499,34843,43117.92214,CE,2007
2006-12-11,KEE,14.883,34843,43214.03075,CE,2007
2006-12-12,KEE,15.2397,34843,44249.73893,CE,2007
2006-12-13,KEE,15.7424,34843,45709.37027,CE,2007
2006-12-14,KEE,19.1777,34843,55684.05009,CE,2007
2006-12-15,KEE,20.2079,34843,58675.32164,CE,2007
2006-12-16,KEE,21.2862,34843,61806.25555,CE,2007
2006-12-17,KEE,21.2655,34843,61746.15138,CE,2007
2006-12-18,KEE,21.219,34843,61611.13475,CE,2007
2006-12-19,KEE,22.1859,34843,64418.60948,CE,2007
2006-12-20,KEE,22.1547,34843,64328.01768,CE,2007
2006-12-21,KEE,22.1826,34843,64409.027650000004,CE,2007
2006-12-22,KEE,22.348,34843,64889.28033,CE,2007
2006-12-23,KEE,22.3738,34843,64964.19278,CE,2007
2006-12-24,KEE,22.7932,34843,66181.95563,CE,2007
2006-12-25,KEE,23.1515,34843,67222.30954,CE,2007
2006-12-26,KEE,23.6169,34843,68573.63723,CE,2007
2006-12-27,KEE,24.4047,34843,70861.08018,CE,2007
2006-12-28,KEE,27.1676,34843,78883.39057,CE,2007
2006-12-29,KEE,27.1438,34843,78814.28528,CE,2007
2006-12-30,KEE,27.1099,34843,78715.85381,CE,2007
2006-12-31,KEE,27.0918,34843,78663.29895,CE,2007
2007-01-01,KEE,27.0808,34843,78631.35953,CE,2007
2007-01-02,KEE,27.1462,34843,78821.25388,CE,2007
2007-01-03,KEE,27.8129,34843,80757.07289,CE,2007
2007-01-04,KEE,28.4105,34843,82492.25429,CE,2007
2007-01-05,KEE,29.4622,34843,85545.95288,CE,2007
2007-01-06,KEE,29.9694,34843,87018.65035,CE,2007
2007-01-07,KEE,30.824,34843,89500.05267,CE,2007
2007-01-08,KEE,32.0233,34843,92982.32016,CE,2007
2007-01-09,KEE,34.0995,34843,99010.73988,CE,2007
2007-01-10,KEE,34.3749,34843,99810.38673,CE,2007
2007-01-11,KEE,34.7358,34843,100858.29,CE,2007
2007-01-12,KEE,34.7445,34843,100883.5511,CE,2007
2007-01-13,KEE,34.6859,34843,100713.4011,CE,2007
2007-01-14,KEE,34.6364,34843,100569.6738,CE,2007
2007-01-15,KEE,34.5887,34843,100431.1728,CE,2007
2007-01-16,KEE,34.5418,34843,100294.9948,CE,2007
2007-01-17,KEE,34.7009,34843,100756.9549,CE,2007
2007-01-18,KEE,34.6794,34843,100694.5279,CE,2007
2007-01-19,KEE,34.8135,34843,101083.8984,CE,2007
2007-01-20,KEE,34.9361,34843,101439.8777,CE,2007
2007-01-21,KEE,35.1937,34843,102187.8408,CE,2007
2007-01-22,KEE,35.1928,34843,102185.2275,CE,2007
2007-01-23,KEE,36.2864,34843,105360.5863,CE,2007
2007-01-24,KEE,36.3459,34843,105533.3495,CE,2007
2007-01-25,KEE,36.2473,34843,105247.0562,CE,2007
2007-01-26,KEE,36.1235,34843,104887.5925,CE,2007
2007-01-27,KEE,36.0146,34843,104571.3923,CE,2007
2007-01-28,KEE,35.8879,34843,104203.5083,CE,2007
2007-01-29,KEE,35.787,34843,103910.5368,CE,2007
2007-01-30,KEE,35.7075,34843,103679.7019,CE,2007
2007-01-31,KEE,35.6465,34843,103502.5833,CE,2007
2007-02-01,KEE,36.1657,34843,105010.1238,CE,2007
2007-02-02,KEE,36.1252,34843,104892.5286,CE,2007
2007-02-03,KEE,36.0792,34843,104758.9638,CE,2007
2007-02-04,KEE,36.0554,34843,104689.8585,CE,2007
2007-02-05,KEE,36.014,34843,104569.6502,CE,2007
2007-02-06,KEE,35.8435,34843,104074.5892,CE,2007
2007-02-07,KEE,35.635,34843,103469.1921,CE,2007
2007-02-08,KEE,35.7495,34843,103801.6524,CE,2007
2007-02-09,KEE,35.8568,34843,104113.2069,CE,2007
2007-02-10,KEE,35.748,34843,103797.297,CE,2007
2007-02-11,KEE,35.7923,34843,103925.9257,CE,2007
2007-02-12,KEE,35.9468,34843,104374.5294,CE,2007
2007-02-13,KEE,36.7316,34843,106653.2616,CE,2007
2007-02-15,KEE,36.9772,34843,107366.3816,CE,2007
2007-02-16,KEE,37.756,34843,109627.6923,CE,2007
2007-02-17,KEE,36.9778,34843,107368.1238,CE,2007
2007-02-18,KEE,36.5698,34843,106183.4618,CE,2007
2007-02-19,KEE,36.8776,34843,107077.1847,CE,2007
2007-02-20,KEE,37.6056,34843,109190.9934,CE,2007
2007-02-21,KEE,38.8227,34843,112724.9447,CE,2007
2007-02-22,KEE,40.5382,34843,117706.0419,CE,2007
2007-02-23,KEE,40.6675,34843,118081.4752,CE,2007
2007-02-24,KEE,41.0664,34843,119239.7146,CE,2007
2007-02-25,KEE,41.5853,34843,120746.384,CE,2007
2007-02-26,KEE,41.9246,34843,121731.5698,CE,2007
2007-02-27,KEE,42.1266,34843,122318.0937,CE,2007
2007-02-28,KEE,42.4651,34843,123300.9566,CE,2007
2007-03-01,KEE,43.4672,34843,126210.6375,CE,2007
2007-03-02,KEE,43.8042,34843,127189.1451,CE,2007
2007-03-03,KEE,44.0187,34843,127811.9637,CE,2007
2007-03-04,KEE,44.1723,34843,128257.9541,CE,2007
2007-03-05,KEE,44.1586,34843,128218.175,CE,2007
2007-03-06,KEE,44.1273,34843,128127.2928,CE,2007
2007-03-07,KEE,44.0253,34843,127831.1273,CE,2007
2007-03-08,KEE,43.9338,34843,127565.4495,CE,2007
2007-03-09,KEE,43.9771,34843,127691.1746,CE,2007
2007-03-10,KEE,43.9092,34843,127494.0213,CE,2007
2007-03-11,KEE,44.0594,34843,127930.1395,CE,2007
2007-03-12,KEE,43.8163,34843,127224.2784,CE,2007
2007-03-13,KEE,42.5101,34843,123431.6179,CE,2007
2007-03-14,KEE,42.7151,34843,124026.8524,CE,2007
2007-03-15,KEE,42.8298,34843,124359.8935,CE,2007
2007-03-16,KEE,42.6538,34843,123848.8628,CE,2007
2007-03-17,KEE,42.2102,34843,122560.8332,CE,2007
2007-03-18,KEE,41.6063,34843,120807.3592,CE,2007
2007-03-19,KEE,40.9015,34843,118760.9137,CE,2007
2007-03-20,KEE,41.5961,34843,120777.7427,CE,2007
2007-03-21,KEE,41.8433,34843,121495.5085,CE,2007
2007-03-22,KEE,41.6576,34843,120956.3131,CE,2007
2007-03-23,KEE,41.5493,34843,120641.855,CE,2007
2007-03-24,KEE,41.3007,34843,119920.0242,CE,2007
2007-03-25,KEE,40.8826,34843,118706.036,CE,2007
2007-03-27,KEE,39.5415,34843,114812.0404,CE,2007
2007-03-28,KEE,41.2921,34843,119895.0534,CE,2007
2007-03-29,KEE,41.2244,34843,119698.4808,CE,2007
2007-03-30,KEE,40.8544,34843,118624.1549,CE,2007
2007-03-31,KEE,40.3061,34843,117032.1202,CE,2007
2007-04-01,KEE,40.0563,34843,116306.8051,CE,2007
2007-04-02,KEE,39.8837,34843,115805.6466,CE,2007
2007-04-03,KEE,40.4458,34843,117437.7508,CE,2007
2007-04-04,KEE,40.2259,34843,116799.2528,CE,2007
2007-04-05,KEE,39.9221,34843,115917.1442,CE,2007
2007-04-06,KEE,39.4173,34843,114451.4153,CE,2007
2007-04-07,KEE,38.4169,34843,111546.6706,CE,2007
2007-04-08,KEE,37.5244,34843,108955.2224,CE,2007
2007-04-09,KEE,36.6378,34843,106380.9055,CE,2007
2007-04-10,KEE,38.1108,34843,110657.8837,CE,2007
2007-04-11,KEE,38.0706,34843,110541.1597,CE,2007
2007-04-12,KEE,37.763,34843,109648.0174,CE,2007
2007-04-13,KEE,37.437,34843,108701.4493,CE,2007
2007-04-14,KEE,37.0615,34843,107611.1537,CE,2007
2007-04-15,KEE,36.7118,34843,106595.7706,CE,2007
2007-04-16,KEE,36.4454,34843,105822.256,CE,2007
2007-04-17,KEE,36.2253,34843,105183.1773,CE,2007
2007-04-18,KEE,36.1907,34843,105082.7133,CE,2007
2007-04-19,KEE,37.7229,34843,109531.5837,CE,2007
2007-04-20,KEE,37.4981,34843,108878.8582,CE,2007
2007-04-21,KEE,37.2198,34843,108070.791,CE,2007
2007-04-22,KEE,36.8954,34843,107128.8685,CE,2007
2007-04-23,KEE,36.4422,34843,105812.9646,CE,2007
2007-04-24,KEE,36.4177,34843,105741.8268,CE,2007
2007-04-25,KEE,35.9445,34843,104367.8511,CE,2007
2007-04-26,KEE,35.4159,34843,102833.017,CE,2007
2007-04-27,KEE,34.9873,34843,101588.5412,CE,2007
2007-04-28,KEE,34.504,34843,100185.2393,CE,2007
2007-04-29,KEE,33.7258,34843,97925.67078,CE,2007
2007-04-30,KEE,33.1056,34843,96124.8684,CE,2007
2007-05-01,KEE,32.5873,34843,94619.94116,CE,2007
2007-05-02,KEE,32.2773,34843,93719.83033,CE,2007
2007-05-03,KEE,31.7506,34843,92190.51298,CE,2007
2007-05-04,KEE,31.3818,34843,91119.67145,CE,2007
2007-05-05,KEE,31.1627,34843,90483.49634,CE,2007
2007-05-06,KEE,30.7867,34843,89391.74901,CE,2007
2007-05-07,KEE,30.2354,34843,87791.00352,CE,2007
2007-05-08,KEE,29.2024,34843,84791.60193,CE,2007
2007-05-09,KEE,27.8691,34843,80920.25428,CE,2007
2007-05-10,KEE,26.9638,34843,78291.64028,CE,2007
2007-05-11,KEE,26.5577,34843,77112.49509,CE,2007
2007-05-12,KEE,25.7992,34843,74910.12713,CE,2007
2007-05-13,KEE,25.0063,34843,72607.87591,CE,2007
2007-05-14,KEE,24.5291,34843,71222.28594,CE,2007
2007-05-15,KEE,23.7785,34843,69042.85629,CE,2007
2007-05-16,KEE,22.302,34843,64755.7155,CE,2007
2007-05-17,KEE,21.2298,34843,61642.49345,CE,2007
2007-05-18,KEE,20.4611,34843,59410.50894,CE,2007
2007-05-19,KEE,19.821,34843,57551.92525,CE,2007
2007-05-20,KEE,19.2926,34843,56017.67182,CE,2007
2007-05-21,KEE,19.2154,34843,55793.51518,CE,2007
2007-05-22,KEE,17.7851,34843,51640.51994,CE,2007
2007-05-23,KEE,17.3656,34843,50422.46673,CE,2007
2007-05-24,KEE,16.8209,34843,48840.88489,CE,2007
2007-05-25,KEE,16.1618,34843,46927.13312,CE,2007
2007-05-26,KEE,15.4654,34843,44905.07768,CE,2007
2007-05-27,KEE,14.7378,34843,42792.43045,CE,2007
2007-05-28,KEE,14.1676,34843,41136.80723,CE,2007
2007-05-29,KEE,13.7456,34843,39911.49507,CE,2007
2007-05-30,KEE,12.9836,34843,37698.96457,CE,2007
2007-05-31,KEE,11.9041,34843,34564.54636,CE,2007
2007-06-01,KEE,10.9351,34843,31750.97411,CE,2007
2007-06-02,KEE,10.0057,34843,29052.38376,CE,2007
2007-06-03,KEE,9.099,34843,26419.70475,CE,2007
2007-06-04,KEE,7.9692,34843,23139.2363,CE,2007
2007-06-05,KEE,7.1207,34843,20675.54584,CE,2007
2007-06-06,KEE,5.3116,34843,15422.67323,CE,2007
2007-06-07,KEE,5.0784,34843,14745.5576,CE,2007
2007-06-08,KEE,4.8267,34843,14014.72568,CE,2007
2007-06-09,KEE,4.5091,34843,13092.54761,CE,2007
2007-06-10,KEE,4.2309,34843,12284.77073,CE,2007
2007-06-11,KEE,3.8735,34843,11247.03004,CE,2007
2007-06-12,KEE,3.6454,34843,10584.72268,CE,2007
2007-06-13,KEE,3.3654,34843,9771.71935,CE,2007
2007-06-14,KEE,3.0739,34843,8925.324808,CE,2007
2007-06-15,KEE,2.8376,34843,8239.208067,CE,2007
2007-06-16,KEE,2.6046,34843,7562.67315,CE,2007
2007-06-17,KEE,2.3952,34843,6954.6628,CE,2007
2007-06-18,KEE,2.2314,34843,6479.05585,CE,2007
2007-06-19,KEE,1.7168,34843,4984.871867,CE,2007
2007-06-20,KEE,1.46,34843,4239.231667,CE,2007
2007-06-21,KEE,1.154,34843,3350.735167,CE,2007
2007-06-22,KEE,0.9626,34843,2794.989317,CE,2007
2007-06-23,KEE,0.8345,34843,2423.040292,CE,2007
2007-06-24,KEE,0.7528,34843,2185.817533,CE,2007
2007-06-25,KEE,0.7023,34843,2039.186575,CE,2007
2007-06-26,KEE,0.6519,34843,1892.845975,CE,2007
2007-06-27,KEE,0.5543,34843,1609.456242,CE,2007
2007-06-28,KEE,0.4666,34843,1354.811983,CE,2007
2007-06-29,KEE,0.3864,34843,1121.9446,CE,2007
2007-06-30,KEE,0.3442,34843,999.4133833,CE,2007
2007-07-01,KEE,0.3071,34843,891.6904417,CE,2007
2007-07-02,KEE,0.2572,34843,746.8016333,CE,2007
2007-07-03,KEE,0.2121,34843,615.850025,CE,2007
2007-07-04,KEE,0.1619,34843,470.0901417,CE,2007
2007-07-05,KEE,0.0956,34843,277.5825667,CE,2007
2007-07-06,KEE,0.0482,34843,139.9527167,CE,2007
2007-07-07,KEE,0.0352,34843,102.2061333,CE,2007
2007-07-08,KEE,0.0268,34843,77.81603333,CE,2007
2007-07-09,KEE,0.019,34843,55.16808333,CE,2007
2007-07-10,KEE,0.0111,34843,32.229775,CE,2007
2007-07-11,KEE,0.0053,34843,15.38899167,CE,2007
2007-07-12,KEE,0.0024,34843,6.9686,CE,2007
2007-07-13,KEE,0,34843,0,CE,2007
2007-07-14,KEE,0,34843,0,CE,2007
2007-07-15,KEE,0,34843,0,CE,2007
2007-07-16,KEE,0,34843,0,CE,2007
2007-07-17,KEE,0,34843,0,CE,2007
2007-07-18,KEE,0,34843,0,CE,2007
2007-07-19,KEE,0,34843,0,CE,2007
2007-07-20,KEE,0,34843,0,CE,2007
2007-07-21,KEE,0,34843,0,CE,2007
2007-07-22,KEE,0,34843,0,CE,2007
2007-07-23,KEE,0,34843,0,CE,2007
2007-07-24,KEE,0,34843,0,CE,2007
2007-07-25,KEE,0,34843,0,CE,2007
2007-07-26,KEE,0,34843,0,CE,2007
2007-07-27,KEE,0,34843,0,CE,2007
2007-07-28,KEE,0,34843,0,CE,2007
2007-07-29,KEE,0,34843,0,CE,2007
2007-07-30,KEE,0,34843,0,CE,2007
2007-07-31,KEE,0,34843,0,CE,2007
2007-08-01,KEE,0,34843,0,CE,2007
2007-08-02,KEE,0,34843,0,CE,2007
2007-08-03,KEE,0,34843,0,CE,2007
2007-08-04,KEE,0,34843,0,CE,2007
2007-08-05,KEE,0,34843,0,CE,2007
2007-08-06,KEE,0,34843,0,CE,2007
2007-08-07,KEE,0,34843,0,CE,2007
2007-08-08,KEE,0,34843,0,CE,2007
2007-08-09,KEE,0,34843,0,CE,2007
2007-08-10,KEE,0,34843,0,CE,2007
2007-08-11,KEE,0,34843,0,CE,2007
2007-08-12,KEE,0,34843,0,CE,2007
2007-08-13,KEE,0,34843,0,CE,2007
2007-08-14,KEE,0,34843,0,CE,2007
2007-08-15,KEE,0,34843,0,CE,2007
2007-08-16,KEE,0,34843,0,CE,2007
2007-08-17,KEE,0,34843,0,CE,2007
2007-08-18,KEE,0,34843,0,CE,2007
2007-08-19,KEE,0,34843,0,CE,2007
2007-08-20,KEE,0,34843,0,CE,2007
2007-08-21,KEE,0,34843,0,CE,2007
2007-08-22,KEE,0,34843,0,CE,2007
2007-08-23,KEE,0,34843,0,CE,2007
2007-08-24,KEE,0,34843,0,CE,2007
2007-08-25,KEE,0,34843,0,CE,2007
2007-08-26,KEE,0,34843,0,CE,2007
2007-08-27,KEE,0,34843,0,CE,2007
2007-08-28,KEE,0,34843,0,CE,2007
2007-08-29,KEE,0,34843,0,CE,2007
2007-08-30,KEE,0,34843,0,CE,2007
2007-08-31,KEE,0,34843,0,CE,2007
2007-09-01,KEE,0,34843,0,CE,2007
2007-09-02,KEE,0,34843,0,CE,2007
2007-09-03,KEE,0,34843,0,CE,2007
2007-09-04,KEE,0,34843,0,CE,2007
2007-09-05,KEE,0,34843,0,CE,2007
2007-09-06,KEE,0,34843,0,CE,2007
2007-09-07,KEE,0,34843,0,CE,2007
2007-09-08,KEE,0,34843,0,CE,2007
2007-09-09,KEE,0,34843,0,CE,2007
2007-09-10,KEE,0,34843,0,CE,2007
2007-09-11,KEE,0,34843,0,CE,2007
2007-09-12,KEE,0,34843,0,CE,2007
2007-09-13,KEE,0,34843,0,CE,2007
2007-09-14,KEE,0,34843,0,CE,2007
2007-09-15,KEE,0,34843,0,CE,2007
2007-09-16,KEE,0,34843,0,CE,2007
2007-09-17,KEE,0,34843,0,CE,2007
2007-09-18,KEE,0,34843,0,CE,2007
2007-09-19,KEE,0,34843,0,CE,2007
2007-09-20,KEE,0,34843,0,CE,2007
2007-09-21,KEE,0,34843,0,CE,2007
2007-09-22,KEE,0,34843,0,CE,2007
2007-09-23,KEE,0,34843,0,CE,2007
2007-09-24,KEE,0,34843,0,CE,2007
2007-09-25,KEE,0,34843,0,CE,2007
2007-09-26,KEE,0,34843,0,CE,2007
2007-09-27,KEE,0,34843,0,CE,2007
2007-09-28,KEE,0,34843,0,CE,2007
2007-09-29,KEE,0.0028,34843,8.130033333,CE,2007
2007-09-30,KEE,0.0029,34843,8.420391667,CE,2007
2007-10-01,KEE,0.0011,34843,3.193941667,CE,2008
2007-10-02,KEE,0.0018,34843,5.22645,CE,2008
2007-10-03,KEE,0.0011,34843,3.193941667,CE,2008
2007-10-04,KEE,0.0208,34843,60.39453333,CE,2008
2007-10-05,KEE,0.036,34843,104.529,CE,2008
2007-10-06,KEE,0.0336,34843,97.5604,CE,2008
2007-10-07,KEE,0.0283,34843,82.17140833,CE,2008
2007-10-08,KEE,0.0011,34843,3.193941667,CE,2008
2007-10-09,KEE,0.001,34843,2.903583333,CE,2008
2007-10-10,KEE,0,34843,0,CE,2008
2007-10-11,KEE,0,34843,0,CE,2008
2007-10-12,KEE,0,34843,0,CE,2008
2007-10-13,KEE,0,34843,0,CE,2008
2007-10-14,KEE,0,34843,0,CE,2008
2007-10-15,KEE,0,34843,0,CE,2008
2007-10-16,KEE,0,34843,0,CE,2008
2007-10-17,KEE,9e-4,34843,2.613225,CE,2008
2007-10-18,KEE,0.0353,34843,102.49649170000001,CE,2008
2007-10-19,KEE,0.0884,34843,256.6767667,CE,2008
2007-10-20,KEE,0.0713,34843,207.0254917,CE,2008
2007-10-21,KEE,0.3145,34843,913.1769583,CE,2008
2007-10-22,KEE,0.2733,34843,793.549325,CE,2008
2007-10-23,KEE,0.0735,34843,213.413375,CE,2008
2007-10-24,KEE,0.0023,34843,6.678241667,CE,2008
2007-10-25,KEE,0.0061,34843,17.71185833,CE,2008
2007-10-26,KEE,0.0045,34843,13.066125,CE,2008
2007-10-27,KEE,8e-4,34843,2.322866667,CE,2008
2007-10-28,KEE,0,34843,0,CE,2008
2007-10-29,KEE,0,34843,0,CE,2008
2007-10-30,KEE,0,34843,0,CE,2008
2007-10-31,KEE,0,34843,0,CE,2008
2007-11-01,KEE,0,34843,0,CE,2008
2007-11-02,KEE,0,34843,0,CE,2008
2007-11-03,KEE,0,34843,0,CE,2008
2007-11-04,KEE,0,34843,0,CE,2008
2007-11-05,KEE,0,34843,0,CE,2008
2007-11-06,KEE,0,34843,0,CE,2008
2007-11-07,KEE,0,34843,0,CE,2008
2007-11-08,KEE,0,34843,0,CE,2008
2007-11-09,KEE,0,34843,0,CE,2008
2007-11-10,KEE,0,34843,0,CE,2008
2007-11-11,KEE,0,34843,0,CE,2008
2007-11-12,KEE,0,34843,0,CE,2008
2007-11-13,KEE,0.0757,34843,219.8012583,CE,2008
2007-11-14,KEE,0.1469,34843,426.5363917,CE,2008
2007-11-15,KEE,0.39,34843,1132.3975,CE,2008
2007-11-16,KEE,0.2622,34843,761.31955,CE,2008
2007-11-17,KEE,0.0908,34843,263.6453667,CE,2008
2007-11-18,KEE,0.0315,34843,91.462875,CE,2008
2007-11-19,KEE,0.3971,34843,1153.012942,CE,2008
2007-11-20,KEE,0.6761,34843,1963.112692,CE,2008
2007-11-21,KEE,0.674,34843,1957.015167,CE,2008
2007-11-22,KEE,0.7311,34843,2122.809775,CE,2008
2007-11-23,KEE,0.7041,34843,2044.413025,CE,2008
2007-11-24,KEE,0.6819,34843,1979.953475,CE,2008
2007-11-25,KEE,0.6764,34843,1963.983767,CE,2008
2007-11-26,KEE,0.6705,34843,1946.852625,CE,2008
2007-11-27,KEE,0.9372,34843,2721.2383,CE,2008
2007-11-28,KEE,1.06,34843,3077.798333,CE,2008
2007-11-29,KEE,1.3286,34843,3857.700817,CE,2008
2007-11-30,KEE,1.522,34843,4419.253833,CE,2008
2007-12-01,KEE,1.5149,34843,4398.638392,CE,2008
2007-12-02,KEE,1.7799,34843,5168.087975,CE,2008
2007-12-03,KEE,3.3361,34843,9686.644358,CE,2008
2007-12-04,KEE,3.511,34843,10194.48108,CE,2008
2007-12-05,KEE,2.7367,34843,7946.236508,CE,2008
2007-12-06,KEE,3.572,34843,10371.59967,CE,2008
2007-12-07,KEE,3.5043,34843,10175.02708,CE,2008
2007-12-08,KEE,3.3741,34843,9796.980525,CE,2008
2007-12-09,KEE,3.2522,34843,9443.033717,CE,2008
2007-12-10,KEE,3.1599,34843,9175.032975,CE,2008
2007-12-11,KEE,3.1003,34843,9001.979408,CE,2008
2007-12-12,KEE,3.0492,34843,8853.6063,CE,2008
2007-12-13,KEE,3.07,34843,8914.000833,CE,2008
2007-12-14,KEE,3.1791,34843,9230.781775,CE,2008
2007-12-15,KEE,4.3276,34843,12565.54723,CE,2008
2007-12-16,KEE,4.7093,34843,13673.84499,CE,2008
2007-12-17,KEE,4.9846,34843,14473.20148,CE,2008
2007-12-18,KEE,5.4646,34843,15866.92148,CE,2008
2007-12-19,KEE,6.1249,34843,17784.15756,CE,2008
2007-12-20,KEE,6.992,34843,20301.85467,CE,2008
2007-12-21,KEE,7.7644,34843,22544.58243,CE,2008
2007-12-22,KEE,7.7596,34843,22530.64523,CE,2008
2007-12-23,KEE,8.2234,34843,23877.32718,CE,2008
2007-12-24,KEE,9.409,34843,27319.81558,CE,2008
2007-12-25,KEE,9.653,34843,28028.28992,CE,2008
2007-12-26,KEE,10.0531,34843,29190.01361,CE,2008
2007-12-27,KEE,12.6477,34843,36723.65093,CE,2008
2007-12-28,KEE,13.1211,34843,38098.20728,CE,2008
2007-12-29,KEE,13.6199,34843,39546.51464,CE,2008
2007-12-30,KEE,14.0546,34843,40808.70232,CE,2008
2007-12-31,KEE,14.8725,34843,43183.54313,CE,2008
2008-01-01,KEE,14.9774,34843,43488.12902,CE,2008
2008-01-02,KEE,14.9515,34843,43412.92621,CE,2008
2008-01-03,KEE,16.9807,34843,49304.87751,CE,2008
2008-01-04,KEE,17.3759,34843,50452.37364,CE,2008
2008-01-05,KEE,17.5731,34843,51024.96028,CE,2008
2008-01-06,KEE,17.8207,34843,51743.88751,CE,2008
2008-01-07,KEE,18.104,34843,52566.47267,CE,2008
2008-01-08,KEE,18.2944,34843,53119.31493,CE,2008
2008-01-09,KEE,19.081,34843,55403.27358,CE,2008
2008-01-10,KEE,19.7651,34843,57389.61494,CE,2008
2008-01-11,KEE,21.0952,34843,61251.67113,CE,2008
2008-01-12,KEE,21.8931,34843,63568.44028,CE,2008
2008-01-13,KEE,22.027,34843,63957.23008,CE,2008
2008-01-14,KEE,22.0134,34843,63917.74135,CE,2008
2008-01-15,KEE,23.9107,34843,69426.71001,CE,2008
2008-01-16,KEE,23.9444,34843,69524.56077,CE,2008
2008-01-17,KEE,23.9401,34843,69512.07536,CE,2008
2008-01-18,KEE,23.9366,34843,69501.91282,CE,2008
2008-01-19,KEE,23.9294,34843,69481.00702,CE,2008
2008-01-20,KEE,24.2721,34843,70476.06503,CE,2008
2008-01-21,KEE,24.2994,34843,70555.33285,CE,2008
2008-01-22,KEE,24.2663,34843,70459.22424,CE,2008
2008-01-23,KEE,24.2423,34843,70389.53824,CE,2008
2008-01-24,KEE,25.4698,34843,73953.68678,CE,2008
2008-01-25,KEE,25.4472,34843,73888.0658,CE,2008
2008-01-26,KEE,25.4376,34843,73860.1914,CE,2008
2008-01-27,KEE,25.894,34843,75185.38683,CE,2008
2008-01-28,KEE,26.4216,34843,76717.3174,CE,2008
2008-01-29,KEE,26.6975,34843,77518.41604,CE,2008
2008-01-30,KEE,27.8242,34843,80789.88338,CE,2008
2008-01-31,KEE,28.431,34843,82551.77775,CE,2008
2008-02-01,KEE,32.1507,34843,93352.23668,CE,2008
2008-02-02,KEE,33.2311,34843,96489.26811,CE,2008
2008-02-03,KEE,33.4328,34843,97074.92087,CE,2008
2008-02-04,KEE,33.4543,34843,97137.34791,CE,2008
2008-02-05,KEE,33.5729,34843,97481.71289,CE,2008
2008-02-06,KEE,34.2026,34843,99310.09932,CE,2008
2008-02-07,KEE,34.6913,34843,100729.0805,CE,2008
2008-02-08,KEE,36.2093,34843,105136.72,CE,2008
2008-02-09,KEE,40.6435,34843,118011.7892,CE,2008
2008-02-10,KEE,40.9409,34843,118875.3149,CE,2008
2008-02-11,KEE,41.3175,34843,119968.8044,CE,2008
2008-02-12,KEE,41.3532,34843,120072.4623,CE,2008
2008-02-13,KEE,41.5583,34843,120667.9872,CE,2008
2008-02-14,KEE,41.711,34843,121111.3644,CE,2008
2008-02-15,KEE,41.7031,34843,121088.4261,CE,2008
2008-02-16,KEE,41.816,34843,121416.2407,CE,2008
2008-02-17,KEE,41.8084,34843,121394.1734,CE,2008
2008-02-18,KEE,41.7701,34843,121282.9662,CE,2008
2008-02-19,KEE,41.6389,34843,120902.0161,CE,2008
2008-02-20,KEE,44.651,34843,129647.8994,CE,2008
2008-02-21,KEE,44.6206,34843,129559.6305,CE,2008
2008-02-22,KEE,44.5747,34843,129426.356,CE,2008
2008-02-23,KEE,44.5532,34843,129363.929,CE,2008
2008-02-24,KEE,44.5056,34843,129225.7184,CE,2008
2008-02-25,KEE,44.4634,34843,129103.1872,CE,2008
2008-02-26,KEE,44.5352,34843,129311.6645,CE,2008
2008-02-27,KEE,44.4358,34843,129023.0483,CE,2008
2008-02-28,KEE,44.3404,34843,128746.0464,CE,2008
2008-02-29,KEE,44.2685,34843,128537.2788,CE,2008
2008-03-01,KEE,44.3272,34843,128707.7191,CE,2008
2008-03-02,KEE,44.7194,34843,129846.5045,CE,2008
2008-03-03,KEE,44.7663,34843,129982.6826,CE,2008
2008-03-04,KEE,47.9916,34843,139347.6099,CE,2008
2008-03-05,KEE,48.3201,34843,140301.437,CE,2008
2008-03-06,KEE,48.3021,34843,140249.1725,CE,2008
2008-03-07,KEE,48.2347,34843,140053.471,CE,2008
2008-03-08,KEE,48.172,34843,139871.4163,CE,2008
2008-03-09,KEE,48.2557,34843,140114.4463,CE,2008
2008-03-10,KEE,48.1251,34843,139735.2383,CE,2008
2008-03-11,KEE,47.9876,34843,139335.9956,CE,2008
2008-03-12,KEE,48.2589,34843,140123.7377,CE,2008
2008-03-14,KEE,50.6884,34843,147177.9934,CE,2008
2008-03-15,KEE,51.07,34843,148286.0008,CE,2008
2008-03-16,KEE,51.1486,34843,148514.2225,CE,2008
2008-03-17,KEE,51.296,34843,148942.2107,CE,2008
2008-03-18,KEE,51.5772,34843,149758.6983,CE,2008
2008-03-19,KEE,51.7695,34843,150317.0574,CE,2008
2008-03-20,KEE,52.1216,34843,151339.4091,CE,2008
2008-03-21,KEE,51.4247,34843,149315.9018,CE,2008
2008-03-22,KEE,51.6584,34843,149994.4693,CE,2008
2008-03-23,KEE,51.6241,34843,149894.8764,CE,2008
2008-03-24,KEE,52.2192,34843,151622.7988,CE,2008
2008-03-25,KEE,52.2204,34843,151626.2831,CE,2008
2008-03-26,KEE,52.5528,34843,152591.4342,CE,2008
2008-03-27,KEE,53.3438,34843,154888.1686,CE,2008
2008-03-28,KEE,52.9886,34843,153856.8158,CE,2008
2008-03-29,KEE,53.6861,34843,155882.0652,CE,2008
2008-03-30,KEE,53.9108,34843,156534.5004,CE,2008
2008-03-31,KEE,54.043,34843,156918.3541,CE,2008
2008-04-01,KEE,54.1249,34843,157156.1576,CE,2008
2008-04-02,KEE,54.1105,34843,157114.346,CE,2008
2008-04-03,KEE,54.0848,34843,157039.7239,CE,2008
2008-04-04,KEE,54.032,34843,156886.4147,CE,2008
2008-04-05,KEE,54.4786,34843,158183.155,CE,2008
2008-04-06,KEE,54.5097,34843,158273.4564,CE,2008
2008-04-07,KEE,54.7831,34843,159067.2961,CE,2008
2008-04-08,KEE,55.0303,34843,159785.0619,CE,2008
2008-04-09,KEE,56.5444,34843,164181.3774,CE,2008
2008-04-10,KEE,56.5198,34843,164109.9493,CE,2008
2008-04-11,KEE,56.6367,34843,164449.3782,CE,2008
2008-04-12,KEE,56.5631,34843,164235.6744,CE,2008
2008-04-13,KEE,56.3517,34843,163621.8569,CE,2008
2008-04-14,KEE,55.9037,34843,162321.0516,CE,2008
2008-04-15,KEE,55.9222,34843,162374.7679,CE,2008
2008-04-16,KEE,56.1589,34843,163062.0461,CE,2008
2008-04-17,KEE,56.1464,34843,163025.7513,CE,2008
2008-04-18,KEE,57.5537,34843,167111.9641,CE,2008
2008-04-19,KEE,57.8115,34843,167860.5079,CE,2008
2008-04-20,KEE,57.8255,34843,167901.158,CE,2008
2008-04-21,KEE,58.1727,34843,168909.2822,CE,2008
2008-04-22,KEE,58.1825,34843,168937.7373,CE,2008
2008-04-23,KEE,58.2049,34843,169002.7776,CE,2008
2008-04-24,KEE,58.9074,34843,171042.5449,CE,2008
2008-04-25,KEE,58.9801,34843,171253.6354,CE,2008
2008-04-26,KEE,58.9435,34843,171147.3642,CE,2008
2008-04-27,KEE,58.7498,34843,170584.9401,CE,2008
2008-04-28,KEE,58.338,34843,169389.2445,CE,2008
2008-04-29,KEE,57.9435,34843,168243.7809,CE,2008
2008-04-30,KEE,57.9028,34843,168125.605,CE,2008
2008-05-01,KEE,58.0433,34843,168533.5585,CE,2008
2008-05-02,KEE,59.3235,34843,172250.7259,CE,2008
2008-05-03,KEE,59.0872,34843,171564.6091,CE,2008
2008-05-04,KEE,58.7505,34843,170586.9726,CE,2008
2008-05-05,KEE,58.3522,34843,169430.4754,CE,2008
2008-05-06,KEE,57.8252,34843,167900.287,CE,2008
2008-05-07,KEE,57.3365,34843,166481.3058,CE,2008
2008-05-08,KEE,57.8524,34843,167979.2644,CE,2008
2008-05-09,KEE,57.5646,34843,167143.6132,CE,2008
2008-05-10,KEE,57.2692,34843,166285.8946,CE,2008
2008-05-11,KEE,56.9289,34843,165297.8052,CE,2008
2008-05-12,KEE,56.8004,34843,164924.6948,CE,2008
2008-05-13,KEE,56.4805,34843,163995.8385,CE,2008
2008-05-14,KEE,56.3643,34843,163658.4421,CE,2008
2008-05-15,KEE,55.903,34843,162319.0191,CE,2008
2008-05-16,KEE,54.9163,34843,159454.0534,CE,2008
2008-05-17,KEE,53.3513,34843,154909.9455,CE,2008
2008-05-18,KEE,51.5549,34843,149693.9484,CE,2008
2008-05-19,KEE,49.7863,34843,144558.6709,CE,2008
2008-05-20,KEE,48.4766,34843,140755.8478,CE,2008
2008-05-21,KEE,47.5126,34843,137956.7935,CE,2008
2008-05-22,KEE,47.0688,34843,136668.1832,CE,2008
2008-05-23,KEE,45.7325,34843,132788.1248,CE,2008
2008-05-24,KEE,45.0774,34843,130885.9874,CE,2008
2008-05-25,KEE,44.3761,34843,128849.7044,CE,2008
2008-05-26,KEE,43.222,34843,125498.6788,CE,2008
2008-05-27,KEE,42.1126,34843,122277.4435,CE,2008
2008-05-28,KEE,40.964,34843,118942.3877,CE,2008
2008-05-29,KEE,39.7268,34843,115350.0744,CE,2008
2008-05-30,KEE,38.3286,34843,111290.2842,CE,2008
2008-05-31,KEE,37.6098,34843,109203.1885,CE,2008
2008-06-01,KEE,36.8685,34843,107050.7621,CE,2008
2008-06-02,KEE,36.1579,34843,104987.4758,CE,2008
2008-06-03,KEE,35.6016,34843,103372.2124,CE,2008
2008-06-04,KEE,35.4661,34843,102978.7769,CE,2008
2008-06-05,KEE,34.7619,34843,100934.0735,CE,2008
2008-06-06,KEE,33.5336,34843,97367.60207,CE,2008
2008-06-07,KEE,33.3887,34843,96946.87284,CE,2008
2008-06-08,KEE,32.8124,34843,95273.53777,CE,2008
2008-06-09,KEE,32.2157,34843,93540.96959,CE,2008
2008-06-10,KEE,31.7025,34843,92050.85063,CE,2008
2008-06-11,KEE,32.151,34843,93353.10775,CE,2008
2008-06-12,KEE,31.7102,34843,92073.20822,CE,2008
2008-06-14,KEE,30.289,34843,87946.63558,CE,2008
2008-06-15,KEE,29.5282,34843,85737.58938,CE,2008
2008-06-16,KEE,28.8188,34843,83677.78737,CE,2008
2008-06-17,KEE,28.0415,34843,81420.83204,CE,2008
2008-06-19,KEE,25.5066,34843,74060.53865,CE,2008
2008-06-20,KEE,24.8938,34843,72281.22278,CE,2008
2008-06-21,KEE,23.9598,34843,69569.27595,CE,2008
2008-06-22,KEE,22.9129,34843,66529.51456,CE,2008
2008-06-23,KEE,22,34843,63878.83333,CE,2008
2008-06-24,KEE,21.3328,34843,61941.56253,CE,2008
2008-06-25,KEE,20.6614,34843,59992.09668,CE,2008
2008-06-26,KEE,17.5347,34843,50913.46268,CE,2008
2008-06-27,KEE,16.812,34843,48815.043,CE,2008
2008-06-28,KEE,16.0161,34843,46504.08103,CE,2008
2008-06-29,KEE,14.7425,34843,42806.07729,CE,2008
2008-06-30,KEE,13.3639,34843,38803.19731,CE,2008
2008-07-01,KEE,12.2212,34843,35485.27263,CE,2008
2008-07-02,KEE,10.092,34843,29302.963,CE,2008
2008-07-03,KEE,9.1689,34843,26622.66523,CE,2008
2008-07-04,KEE,8.3191,34843,24155.20011,CE,2008
2008-07-05,KEE,7.7004,34843,22358.7531,CE,2008
2008-07-06,KEE,7.2132,34843,20944.1273,CE,2008
2008-07-07,KEE,6.7477,34843,19592.50926,CE,2008
2008-07-08,KEE,6.2663,34843,18194.72424,CE,2008
2008-07-09,KEE,5.7306,34843,16639.27465,CE,2008
2008-07-10,KEE,4.4704,34843,12980.17893,CE,2008
2008-07-11,KEE,4.0507,34843,11761.54501,CE,2008
2008-07-12,KEE,3.6498,34843,10597.49845,CE,2008
2008-07-13,KEE,3.1085,34843,9025.788792,CE,2008
2008-07-14,KEE,2.5838,34843,7502.278617,CE,2008
2008-07-15,KEE,2.1612,34843,6275.2243,CE,2008
2008-07-16,KEE,1.8118,34843,5260.712283,CE,2008
2008-07-17,KEE,1.5366,34843,4461.64615,CE,2008
2008-07-18,KEE,1.3278,34843,3855.37795,CE,2008
2008-07-19,KEE,1.1714,34843,3401.257517,CE,2008
2008-07-20,KEE,1.0131,34843,2941.620275,CE,2008
2008-07-21,KEE,0.8408,34843,2441.332867,CE,2008
2008-07-22,KEE,0.6907,34843,2005.505008,CE,2008
2008-07-23,KEE,0.6123,34843,1777.864075,CE,2008
2008-07-24,KEE,0.5542,34843,1609.165883,CE,2008
2008-07-25,KEE,0.4684,34843,1360.038433,CE,2008
2008-07-26,KEE,0.3832,34843,1112.653133,CE,2008
2008-07-27,KEE,0.3151,34843,914.9191083,CE,2008
2008-07-28,KEE,0.2605,34843,756.3834583,CE,2008
2008-07-29,KEE,0.2075,34843,602.4935417,CE,2008
2008-07-30,KEE,0.169,34843,490.7055833,CE,2008
2008-07-31,KEE,0.143,34843,415.2124167,CE,2008
2008-08-01,KEE,0.1104,34843,320.5556,CE,2008
2008-08-02,KEE,0.0827,34843,240.1263417,CE,2008
2008-08-03,KEE,0.0649,34843,188.4425583,CE,2008
2008-08-04,KEE,0.0488,34843,141.6948667,CE,2008
2008-08-05,KEE,0.0331,34843,96.10860833,CE,2008
2008-08-06,KEE,0.0152,34843,44.13446667,CE,2008
2008-08-07,KEE,0.0074,34843,21.48651667,CE,2008
2008-08-08,KEE,0.0052,34843,15.09863333,CE,2008
2008-08-09,KEE,0.0032,34843,9.291466667,CE,2008
2008-08-10,KEE,0.0021,34843,6.097525,CE,2008
2008-08-11,KEE,0.0013,34843,3.774658333,CE,2008
2008-08-12,KEE,1e-4,34843,0.290358333,CE,2008
2008-08-13,KEE,0,34843,0,CE,2008
2008-08-14,KEE,0,34843,0,CE,2008
2008-08-15,KEE,0,34843,0,CE,2008
2008-08-16,KEE,0,34843,0,CE,2008
2008-08-17,KEE,0,34843,0,CE,2008
2008-08-18,KEE,0,34843,0,CE,2008
2008-08-19,KEE,0,34843,0,CE,2008
2008-08-20,KEE,0,34843,0,CE,2008
2008-08-21,KEE,0,34843,0,CE,2008
2008-08-22,KEE,0,34843,0,CE,2008
2008-08-23,KEE,0,34843,0,CE,2008
2008-08-24,KEE,0,34843,0,CE,2008
2008-08-25,KEE,0,34843,0,CE,2008
2008-08-26,KEE,0,34843,0,CE,2008
2008-08-27,KEE,0,34843,0,CE,2008
2008-08-28,KEE,0,34843,0,CE,2008
2008-08-29,KEE,0,34843,0,CE,2008
2008-08-30,KEE,0,34843,0,CE,2008
2008-08-31,KEE,0,34843,0,CE,2008
2008-09-01,KEE,0,34843,0,CE,2008
2008-09-02,KEE,0,34843,0,CE,2008
2008-09-03,KEE,0,34843,0,CE,2008
2008-09-04,KEE,0,34843,0,CE,2008
2008-09-05,KEE,0,34843,0,CE,2008
2008-09-06,KEE,0,34843,0,CE,2008
2008-09-07,KEE,0,34843,0,CE,2008
2008-09-08,KEE,0,34843,0,CE,2008
2008-09-09,KEE,0,34843,0,CE,2008
2008-09-10,KEE,0,34843,0,CE,2008
2008-09-11,KEE,0,34843,0,CE,2008
2008-09-12,KEE,0,34843,0,CE,2008
2008-09-13,KEE,0,34843,0,CE,2008
2008-09-14,KEE,0,34843,0,CE,2008
2008-09-15,KEE,0,34843,0,CE,2008
2008-09-16,KEE,0,34843,0,CE,2008
2008-09-17,KEE,0,34843,0,CE,2008
2008-09-18,KEE,0,34843,0,CE,2008
2008-09-19,KEE,0,34843,0,CE,2008
2008-09-20,KEE,0,34843,0,CE,2008
2008-09-21,KEE,0,34843,0,CE,2008
2008-09-22,KEE,0,34843,0,CE,2008
2008-09-23,KEE,5e-4,34843,1.451791667,CE,2008
2008-09-24,KEE,0,34843,0,CE,2008
2008-09-25,KEE,0,34843,0,CE,2008
2008-09-26,KEE,0,34843,0,CE,2008
2008-09-27,KEE,0,34843,0,CE,2008
2008-09-28,KEE,0,34843,0,CE,2008
2008-09-29,KEE,0,34843,0,CE,2008
2008-09-30,KEE,0,34843,0,CE,2008
2008-10-01,KEE,0,34843,0,CE,2009
2008-10-02,KEE,0,34843,0,CE,2009
2008-10-03,KEE,0,34843,0,CE,2009
2008-10-04,KEE,0,34843,0,CE,2009
2008-10-05,KEE,0,34843,0,CE,2009
2008-10-06,KEE,0,34843,0,CE,2009
2008-10-07,KEE,0,34843,0,CE,2009
2008-10-08,KEE,2e-4,34843,0.580716667,CE,2009
2008-10-09,KEE,4e-4,34843,1.161433333,CE,2009
2008-10-10,KEE,3e-4,34843,0.871075,CE,2009
2008-10-11,KEE,4e-4,34843,1.161433333,CE,2009
2008-10-12,KEE,2e-4,34843,0.580716667,CE,2009
2008-10-13,KEE,0,34843,0,CE,2009
2008-10-14,KEE,0,34843,0,CE,2009
2008-10-15,KEE,0,34843,0,CE,2009
2008-10-16,KEE,0,34843,0,CE,2009
2008-10-17,KEE,0,34843,0,CE,2009
2008-10-18,KEE,0,34843,0,CE,2009
2008-10-19,KEE,0,34843,0,CE,2009
2008-10-20,KEE,0,34843,0,CE,2009
2008-10-21,KEE,0.0014,34843,4.065016667,CE,2009
2008-10-22,KEE,0.005,34843,14.51791667,CE,2009
2008-10-23,KEE,0,34843,0,CE,2009
2008-10-24,KEE,0,34843,0,CE,2009
2008-10-25,KEE,0,34843,0,CE,2009
2008-10-26,KEE,0,34843,0,CE,2009
2008-10-27,KEE,0,34843,0,CE,2009
2008-10-28,KEE,0,34843,0,CE,2009
2008-10-29,KEE,0,34843,0,CE,2009
2008-10-30,KEE,0,34843,0,CE,2009
2008-10-31,KEE,0,34843,0,CE,2009
2008-11-01,KEE,0,34843,0,CE,2009
2008-11-02,KEE,0,34843,0,CE,2009
2008-11-03,KEE,0,34843,0,CE,2009
2008-11-04,KEE,0.0038,34843,11.03361667,CE,2009
2008-11-05,KEE,0.4572,34843,1327.5183,CE,2009
2008-11-06,KEE,0.4482,34843,1301.38605,CE,2009
2008-11-07,KEE,0.7506,34843,2179.42965,CE,2009
2008-11-08,KEE,0.1387,34843,402.7270083,CE,2009
2008-11-09,KEE,0.0088,34843,25.55153333,CE,2009
2008-11-10,KEE,2e-4,34843,0.580716667,CE,2009
2008-11-11,KEE,4e-4,34843,1.161433333,CE,2009
2008-11-12,KEE,0.0509,34843,147.7923917,CE,2009
2008-11-13,KEE,0.0054,34843,15.67935,CE,2009
2008-11-14,KEE,0.0177,34843,51.393425,CE,2009
2008-11-15,KEE,0.0062,34843,18.00221667,CE,2009
2008-11-16,KEE,0,34843,0,CE,2009
2008-11-17,KEE,0,34843,0,CE,2009
2008-11-18,KEE,0,34843,0,CE,2009
2008-11-19,KEE,0,34843,0,CE,2009
2008-11-20,KEE,0,34843,0,CE,2009
2008-11-21,KEE,0.2309,34843,670.4373917,CE,2009
2008-11-22,KEE,0.3088,34843,896.6265333,CE,2009
2008-11-23,KEE,0.3675,34843,1067.066875,CE,2009
2008-11-24,KEE,0.3453,34843,1002.607325,CE,2009
2008-11-25,KEE,0.3058,34843,887.9157833,CE,2009
2008-11-26,KEE,0.2826,34843,820.55265,CE,2009
2008-11-27,KEE,0.2516,34843,730.5415667,CE,2009
2008-11-28,KEE,0.2251,34843,653.5966083,CE,2009
2008-11-29,KEE,0.1637,34843,475.3165917,CE,2009
2008-11-30,KEE,0.0285,34843,82.752125,CE,2009
2008-12-01,KEE,2e-4,34843,0.580716667,CE,2009
2008-12-02,KEE,0,34843,0,CE,2009
2008-12-03,KEE,0,34843,0,CE,2009
2008-12-04,KEE,0,34843,0,CE,2009
2008-12-05,KEE,0,34843,0,CE,2009
2008-12-06,KEE,0,34843,0,CE,2009
2008-12-07,KEE,0,34843,0,CE,2009
2008-12-08,KEE,0.1393,34843,404.4691583,CE,2009
2008-12-09,KEE,0.1492,34843,433.2146333,CE,2009
2008-12-10,KEE,0.2219,34843,644.3051417,CE,2009
2008-12-11,KEE,0.3774,34843,1095.81235,CE,2009
2008-12-12,KEE,0.3291,34843,955.569275,CE,2009
2008-12-13,KEE,1.2519,34843,3634.995975,CE,2009
2008-12-14,KEE,1.8707,34843,5431.733342,CE,2009
2008-12-15,KEE,2.0074,34843,5828.653183,CE,2009
2008-12-16,KEE,1.8085,34843,5251.130458,CE,2009
2008-12-17,KEE,1.7964,34843,5215.9971,CE,2009
2008-12-18,KEE,2.9,34843,8420.391667,CE,2009
2008-12-19,KEE,3.7194,34843,10799.58785,CE,2009
2008-12-20,KEE,3.7395,34843,10857.94988,CE,2009
2008-12-21,KEE,3.9697,34843,11526.35476,CE,2009
2008-12-22,KEE,4.7496,34843,13790.8594,CE,2009
2008-12-23,KEE,4.8736,34843,14150.90373,CE,2009
2008-12-24,KEE,5.6196,34843,16316.9769,CE,2009
2008-12-25,KEE,6.4813,34843,18818.99466,CE,2009
2008-12-26,KEE,6.79,34843,19715.33083,CE,2009
2008-12-27,KEE,7.1194,34843,20671.77118,CE,2009
2008-12-28,KEE,8.3944,34843,24373.83993,CE,2009
2008-12-29,KEE,9.5775,34843,27809.06938,CE,2009
2008-12-30,KEE,10.422,34843,30261.1455,CE,2009
2008-12-31,KEE,11.082,34843,32177.5105,CE,2009
2009-01-01,KEE,11.9915,34843,34818.31954,CE,2009
2009-01-02,KEE,13.6702,34843,39692.56488,CE,2009
2009-01-03,KEE,14.2767,34843,41453.58818,CE,2009
2009-01-04,KEE,14.2921,34843,41498.30336,CE,2009
2009-01-05,KEE,14.5812,34843,42337.7293,CE,2009
2009-01-06,KEE,17.4109,34843,50553.99906,CE,2009
2009-01-07,KEE,18.6031,34843,54015.65111,CE,2009
2009-01-08,KEE,19.8517,34843,57641.06526,CE,2009
2009-01-09,KEE,19.665,34843,57098.96625,CE,2009
2009-01-10,KEE,18.4551,34843,53585.92078,CE,2009
2009-01-11,KEE,18.5702,34843,53920.12322,CE,2009
2009-01-12,KEE,18.7329,34843,54392.53623,CE,2009
2009-01-13,KEE,18.4081,34843,53449.45236,CE,2009
2009-01-14,KEE,19.1726,34843,55669.24182,CE,2009
2009-01-15,KEE,18.8675,34843,54783.35854,CE,2009
2009-01-16,KEE,19.187,34843,55711.05342,CE,2009
2009-01-17,KEE,18.8899,34843,54848.39881,CE,2009
2009-01-18,KEE,18.5928,34843,53985.7442,CE,2009
2009-01-19,KEE,18.3008,34843,53137.89787,CE,2009
2009-01-20,KEE,18.014,34843,52305.15017,CE,2009
2009-01-21,KEE,19.1092,34843,55485.15463,CE,2009
2009-01-22,KEE,18.9521,34843,55029.00169,CE,2009
2009-01-23,KEE,18.8024,34843,54594.33527,CE,2009
2009-01-24,KEE,18.6604,34843,54182.02643,CE,2009
2009-01-25,KEE,18.5703,34843,53920.41358,CE,2009
2009-01-26,KEE,18.5558,34843,53878.31162,CE,2009
2009-01-27,KEE,19.4489,34843,56471.50189,CE,2009
2009-01-28,KEE,19.8233,34843,57558.60349,CE,2009
2009-01-29,KEE,19.8776,34843,57716.26807,CE,2009
2009-01-30,KEE,19.8652,34843,57680.26363,CE,2009
2009-01-31,KEE,19.8729,34843,57702.62123,CE,2009
2009-02-01,KEE,19.8871,34843,57743.85211,CE,2009
2009-02-02,KEE,19.8572,34843,57657.03497,CE,2009
2009-02-03,KEE,22.3563,34843,64913.38008,CE,2009
2009-02-04,KEE,22.2416,34843,64580.33907,CE,2009
2009-02-05,KEE,22.0905,34843,64141.60763,CE,2009
2009-02-06,KEE,22.7114,34843,65944.44252,CE,2009
2009-02-07,KEE,22.6881,34843,65876.78903,CE,2009
2009-02-08,KEE,22.6219,34843,65684.57181,CE,2009
2009-02-09,KEE,22.5617,34843,65509.77609,CE,2009
2009-02-10,KEE,22.7181,34843,65963.89653,CE,2009
2009-02-11,KEE,22.9664,34843,66684.85627,CE,2009
2009-02-12,KEE,22.9743,34843,66707.79458,CE,2009
2009-02-13,KEE,23.1415,34843,67193.27371,CE,2009
2009-02-14,KEE,23.1201,34843,67131.13703,CE,2009
2009-02-15,KEE,23.1284,34843,67155.23677,CE,2009
2009-02-16,KEE,23.159300000000002,34843,67244.95749,CE,2009
2009-02-17,KEE,23.1683,34843,67271.08974,CE,2009
2009-02-18,KEE,23.2026,34843,67370.68265,CE,2009
2009-02-19,KEE,23.0208,34843,66842.8112,CE,2009
2009-02-20,KEE,22.9632,34843,66675.5648,CE,2009
2009-02-21,KEE,22.9006,34843,66493.80048,CE,2009
2009-02-22,KEE,22.8607,34843,66377.94751,CE,2009
2009-02-23,KEE,22.9469,34843,66628.23639,CE,2009
2009-02-24,KEE,23.2371,34843,67470.85628,CE,2009
2009-02-25,KEE,24.2154,34843,70311.43185,CE,2009
2009-02-26,KEE,25.0099,34843,72618.32881,CE,2009
2009-02-27,KEE,25.1486,34843,73021.05582,CE,2009
2009-02-28,KEE,24.6746,34843,71644.75732,CE,2009
2009-03-01,KEE,24.6124,34843,71464.15443,CE,2009
2009-03-02,KEE,24.8309,34843,72098.58739,CE,2009
2009-03-03,KEE,24.6958,34843,71706.31328,CE,2009
2009-03-04,KEE,26.1386,34843,75895.60332,CE,2009
2009-03-05,KEE,26.1596,34843,75956.57857,CE,2009
2009-03-06,KEE,27.2116,34843,79011.14823,CE,2009
2009-03-07,KEE,28.195,34843,81866.53208,CE,2009
2009-03-08,KEE,28.6726,34843,83253.28348,CE,2009
2009-03-09,KEE,29.0079,34843,84226.85498,CE,2009
2009-03-10,KEE,29.304,34843,85086.606,CE,2009
2009-03-11,KEE,29.2993,34843,85072.95916,CE,2009
2009-03-12,KEE,30.223,34843,87754.99908,CE,2009
2009-03-13,KEE,30.1945,34843,87672.24696,CE,2009
2009-03-14,KEE,30.1579,34843,87565.97581,CE,2009
2009-03-15,KEE,30.7842,34843,89384.49005,CE,2009
2009-03-16,KEE,31.8079,34843,92356.88831,CE,2009
2009-03-17,KEE,32.8495,34843,95381.26071,CE,2009
2009-03-18,KEE,34.3695,34843,99794.70738,CE,2009
2009-03-19,KEE,34.3546,34843,99751.44398,CE,2009
2009-03-20,KEE,34.4477,34843,100021.7676,CE,2009
2009-03-21,KEE,35.0296,34843,101711.3627,CE,2009
2009-03-22,KEE,35.0006,34843,101627.1588,CE,2009
2009-03-23,KEE,35.0454,34843,101757.2394,CE,2009
2009-03-24,KEE,35.1716,34843,102123.6716,CE,2009
2009-03-25,KEE,35.5562,34843,103240.3897,CE,2009
2009-03-26,KEE,36.6478,34843,106409.9413,CE,2009
2009-03-27,KEE,38.2313,34843,111007.7655,CE,2009
2009-03-28,KEE,38.2358,34843,111020.8316,CE,2009
2009-03-29,KEE,38.9412,34843,113069.0193,CE,2009
2009-03-30,KEE,39.194,34843,113803.0452,CE,2009
2009-03-31,KEE,39.1741,34843,113745.2639,CE,2009
2009-04-01,KEE,40.8484,34843,118606.7334,CE,2009
2009-04-02,KEE,41.9148,34843,121703.1147,CE,2009
2009-04-03,KEE,43.4522,34843,126167.0837,CE,2009
2009-04-04,KEE,45.7117,34843,132727.7303,CE,2009
2009-04-05,KEE,45.6445,34843,132532.6095,CE,2009
2009-04-06,KEE,45.4789,34843,132051.7761,CE,2009
2009-04-07,KEE,45.2266,34843,131319.202,CE,2009
2009-04-08,KEE,44.9026,34843,130378.441,CE,2009
2009-04-09,KEE,44.5141,34843,129250.3989,CE,2009
2009-04-10,KEE,45.4386,34843,131934.7617,CE,2009
2009-04-11,KEE,45.1805,34843,131185.3468,CE,2009
2009-04-12,KEE,44.9218,34843,130434.1898,CE,2009
2009-04-13,KEE,45.6164,34843,132451.0188,CE,2009
2009-04-14,KEE,47.3433,34843,137465.2168,CE,2009
2009-04-15,KEE,47.4045,34843,137642.9161,CE,2009
2009-04-16,KEE,47.0217,34843,136531.4244,CE,2009
2009-04-17,KEE,46.7284,34843,135679.8034,CE,2009
2009-04-18,KEE,46.4428,34843,134850.54,CE,2009
2009-04-19,KEE,45.989,34843,133532.8939,CE,2009
2009-04-20,KEE,45.4151,34843,131866.5274,CE,2009
2009-04-21,KEE,45.7075,34843,132715.5352,CE,2009
2009-04-22,KEE,44.8477,34843,130219.0343,CE,2009
2009-04-23,KEE,44.1032,34843,128057.3165,CE,2009
2009-04-24,KEE,44.1362,34843,128153.1347,CE,2009
2009-04-25,KEE,43.8374,34843,127285.544,CE,2009
2009-04-26,KEE,43.5172,34843,126355.8166,CE,2009
2009-04-27,KEE,43.16,34843,125318.6567,CE,2009
2009-04-28,KEE,42.7593,34843,124155.1908,CE,2009
2009-04-29,KEE,42.3896,34843,123081.7361,CE,2009
2009-04-30,KEE,42.0219,34843,122014.0885,CE,2009
2009-05-01,KEE,42.9017,34843,124568.6611,CE,2009
2009-05-02,KEE,42.2748,34843,122748.4047,CE,2009
2009-05-03,KEE,41.4643,34843,120395.0504,CE,2009
2009-05-04,KEE,40.8103,34843,118496.1069,CE,2009
2009-05-05,KEE,40.8197,34843,118523.4006,CE,2009
2009-05-06,KEE,40.1024,34843,116440.6603,CE,2009
2009-05-07,KEE,40.1066,34843,116452.8553,CE,2009
2009-05-08,KEE,39.5517,34843,114841.6569,CE,2009
2009-05-09,KEE,39.0908,34843,113503.3954,CE,2009
2009-05-10,KEE,38.6162,34843,112125.3547,CE,2009
2009-05-11,KEE,38.0151,34843,110380.0108,CE,2009
2009-05-12,KEE,39.424,34843,114470.8693,CE,2009
2009-05-13,KEE,39.2531,34843,113974.6469,CE,2009
2009-05-14,KEE,39.378,34843,114337.3045,CE,2009
2009-05-15,KEE,39.088,34843,113495.2653,CE,2009
2009-05-16,KEE,39.3006,34843,114112.5672,CE,2009
2009-05-17,KEE,38.5513,34843,111936.9122,CE,2009
2009-05-18,KEE,37.5231,34843,108951.4478,CE,2009
2009-05-19,KEE,36.3996,34843,105689.2719,CE,2009
2009-05-20,KEE,35.8762,34843,104169.5364,CE,2009
2009-05-21,KEE,35.3468,34843,102632.3794,CE,2009
2009-05-22,KEE,34.8088,34843,101070.2515,CE,2009
2009-05-23,KEE,33.9769,34843,98654.76056,CE,2009
2009-05-24,KEE,33.0677,34843,96014.82259,CE,2009
2009-05-25,KEE,32.1374,34843,93313.61902,CE,2009
2009-05-26,KEE,31.141,34843,90420.48858,CE,2009
2009-05-27,KEE,30.2563,34843,87851.68841,CE,2009
2009-05-28,KEE,28.8001,34843,83623.49036,CE,2009
2009-05-29,KEE,27.7685,34843,80628.15379,CE,2009
2009-05-30,KEE,26.1678,34843,75980.38795,CE,2009
2009-05-31,KEE,24.7684,34843,71917.11343,CE,2009
2009-06-01,KEE,23.5874,34843,68487.98152,CE,2009
2009-06-02,KEE,21.1284,34843,61348.0701,CE,2009
2009-06-03,KEE,19.6747,34843,57127.13101,CE,2009
2009-06-04,KEE,18.4379,34843,53535.97914,CE,2009
2009-06-05,KEE,17.3431,34843,50357.13611,CE,2009
2009-06-06,KEE,15.9317,34843,46259.01859,CE,2009
2009-06-07,KEE,15.0554,34843,43714.60852,CE,2009
2009-06-08,KEE,14.4751,34843,42029.65911,CE,2009
2009-06-09,KEE,13.8252,34843,40142.6203,CE,2009
2009-06-10,KEE,11.7219,34843,34035.51348,CE,2009
2009-06-11,KEE,10.9048,34843,31662.99553,CE,2009
2009-06-12,KEE,10.1421,34843,29448.43253,CE,2009
2009-06-13,KEE,9.3214,34843,27065.46168,CE,2009
2009-06-14,KEE,8.5592,34843,24852.35047,CE,2009
2009-06-15,KEE,7.8747,34843,22864.84768,CE,2009
2009-06-16,KEE,7.2386,34843,21017.87832,CE,2009
2009-06-17,KEE,6.6251,34843,19236.52994,CE,2009
2009-06-18,KEE,6.0791,34843,17651.17344,CE,2009
2009-06-19,KEE,5.2049,34843,15112.86089,CE,2009
2009-06-20,KEE,4.8596,34843,14110.25357,CE,2009
2009-06-21,KEE,4.497,34843,13057.41425,CE,2009
2009-06-22,KEE,4.3209,34843,12546.09323,CE,2009
2009-06-23,KEE,4.115,34843,11948.24542,CE,2009
2009-06-24,KEE,3.8016,34843,11038.2624,CE,2009
2009-06-25,KEE,3.3726,34843,9792.62515,CE,2009
2009-06-26,KEE,2.8521,34843,8281.310025,CE,2009
2009-06-27,KEE,2.6173,34843,7599.548658,CE,2009
2009-06-28,KEE,2.3309,34843,6767.962392,CE,2009
2009-06-29,KEE,2.0607,34843,5983.414175,CE,2009
2009-06-30,KEE,1.8676,34843,5422.732233,CE,2009
2009-07-01,KEE,1.6675,34843,4841.725208,CE,2009
2009-07-02,KEE,1.4651,34843,4254.039942,CE,2009
2009-07-03,KEE,1.2343,34843,3583.892908,CE,2009
2009-07-04,KEE,1.0314,34843,2994.75585,CE,2009
2009-07-05,KEE,0.8631,34843,2506.082775,CE,2009
2009-07-06,KEE,0.7125,34843,2068.803125,CE,2009
2009-07-07,KEE,0.6346,34843,1842.613983,CE,2009
2009-07-08,KEE,0.5778,34843,1677.69045,CE,2009
2009-07-09,KEE,0.5279,34843,1532.801642,CE,2009
2009-07-10,KEE,0.4581,34843,1330.131525,CE,2009
2009-07-11,KEE,0.3731,34843,1083.326942,CE,2009
2009-07-12,KEE,0.2671,34843,775.5471083,CE,2009
2009-07-13,KEE,0.2139,34843,621.076475,CE,2009
2009-07-14,KEE,0.1887,34843,547.906175,CE,2009
2009-07-15,KEE,0.1614,34843,468.63835,CE,2009
2009-07-16,KEE,0.1328,34843,385.5958667,CE,2009
2009-07-17,KEE,0.0992,34843,288.0354667,CE,2009
2009-07-18,KEE,0.0642,34843,186.41005,CE,2009
2009-07-19,KEE,0.0363,34843,105.400075,CE,2009
2009-07-20,KEE,0.0177,34843,51.393425,CE,2009
2009-07-21,KEE,0.0046,34843,13.35648333,CE,2009
2009-07-22,KEE,0,34843,0,CE,2009
2009-07-23,KEE,0,34843,0,CE,2009
2009-07-24,KEE,0,34843,0,CE,2009
2009-07-25,KEE,0,34843,0,CE,2009
2009-07-26,KEE,0,34843,0,CE,2009
2009-07-27,KEE,0,34843,0,CE,2009
2009-07-28,KEE,0,34843,0,CE,2009
2009-07-29,KEE,0,34843,0,CE,2009
2009-07-30,KEE,0,34843,0,CE,2009
2009-07-31,KEE,0,34843,0,CE,2009
2009-08-01,KEE,0,34843,0,CE,2009
2009-08-02,KEE,0,34843,0,CE,2009
2009-08-03,KEE,0,34843,0,CE,2009
2009-08-04,KEE,0,34843,0,CE,2009
2009-08-05,KEE,0,34843,0,CE,2009
2009-08-06,KEE,0,34843,0,CE,2009
2009-08-07,KEE,0,34843,0,CE,2009
2009-08-08,KEE,0,34843,0,CE,2009
2009-08-09,KEE,0,34843,0,CE,2009
2009-08-10,KEE,0,34843,0,CE,2009
2009-08-11,KEE,0,34843,0,CE,2009
2009-08-12,KEE,0,34843,0,CE,2009
2009-08-13,KEE,0,34843,0,CE,2009
2009-08-14,KEE,0,34843,0,CE,2009
2009-08-15,KEE,0,34843,0,CE,2009
2009-08-16,KEE,0,34843,0,CE,2009
2009-08-17,KEE,0,34843,0,CE,2009
2009-08-18,KEE,0,34843,0,CE,2009
2009-08-19,KEE,0,34843,0,CE,2009
2009-08-21,KEE,0,34843,0,CE,2009
2009-08-22,KEE,0,34843,0,CE,2009
2009-08-23,KEE,0,34843,0,CE,2009
2009-08-24,KEE,0,34843,0,CE,2009
2009-08-25,KEE,0,34843,0,CE,2009
2009-08-26,KEE,0,34843,0,CE,2009
2009-08-27,KEE,0,34843,0,CE,2009
2009-08-28,KEE,0,34843,0,CE,2009
2009-08-29,KEE,0,34843,0,CE,2009
2009-08-30,KEE,0,34843,0,CE,2009
2009-08-31,KEE,0,34843,0,CE,2009
2009-09-01,KEE,0,34843,0,CE,2009
2009-09-02,KEE,0,34843,0,CE,2009
2009-09-03,KEE,0,34843,0,CE,2009
2009-09-04,KEE,0,34843,0,CE,2009
2009-09-05,KEE,0,34843,0,CE,2009
2009-09-06,KEE,0,34843,0,CE,2009
2009-09-07,KEE,0,34843,0,CE,2009
2009-09-08,KEE,0,34843,0,CE,2009
2009-09-09,KEE,0,34843,0,CE,2009
2009-09-10,KEE,0,34843,0,CE,2009
2009-09-11,KEE,0,34843,0,CE,2009
2009-09-12,KEE,0,34843,0,CE,2009
2009-09-13,KEE,0,34843,0,CE,2009
2009-09-14,KEE,0,34843,0,CE,2009
2009-09-15,KEE,0,34843,0,CE,2009
2009-09-16,KEE,0,34843,0,CE,2009
2009-09-17,KEE,0,34843,0,CE,2009
2009-09-18,KEE,0,34843,0,CE,2009
2009-09-19,KEE,0,34843,0,CE,2009
2009-09-20,KEE,0,34843,0,CE,2009
2009-09-21,KEE,0,34843,0,CE,2009
2009-09-22,KEE,0,34843,0,CE,2009
2009-09-23,KEE,0,34843,0,CE,2009
2009-09-24,KEE,0,34843,0,CE,2009
2009-09-25,KEE,0,34843,0,CE,2009
2009-09-26,KEE,0,34843,0,CE,2009
2009-09-27,KEE,0,34843,0,CE,2009
2009-09-28,KEE,0,34843,0,CE,2009
2009-09-29,KEE,0,34843,0,CE,2009
2009-09-30,KEE,2e-4,34843,0.580716667,CE,2009
2009-10-01,KEE,0.0066,34843,19.16365,CE,2010
2009-10-02,KEE,5e-4,34843,1.451791667,CE,2010
2009-10-03,KEE,2e-4,34843,0.580716667,CE,2010
2009-10-04,KEE,4e-4,34843,1.161433333,CE,2010
2009-10-05,KEE,3e-4,34843,0.871075,CE,2010
2009-10-06,KEE,3e-4,34843,0.871075,CE,2010
2009-10-07,KEE,2e-4,34843,0.580716667,CE,2010
2009-10-08,KEE,2e-4,34843,0.580716667,CE,2010
2009-10-09,KEE,2e-4,34843,0.580716667,CE,2010
2009-10-10,KEE,2e-4,34843,0.580716667,CE,2010
2009-10-11,KEE,2e-4,34843,0.580716667,CE,2010
2009-10-12,KEE,1e-4,34843,0.290358333,CE,2010
2009-10-13,KEE,1e-4,34843,0.290358333,CE,2010
2009-10-14,KEE,0.0286,34843,83.04248333,CE,2010
2009-10-15,KEE,2e-4,34843,0.580716667,CE,2010
2009-10-16,KEE,1e-4,34843,0.290358333,CE,2010
2009-10-17,KEE,0,34843,0,CE,2010
2009-10-18,KEE,0,34843,0,CE,2010
2009-10-19,KEE,0,34843,0,CE,2010
2009-10-20,KEE,0,34843,0,CE,2010
2009-10-21,KEE,0,34843,0,CE,2010
2009-10-22,KEE,0,34843,0,CE,2010
2009-10-23,KEE,0,34843,0,CE,2010
2009-10-24,KEE,0,34843,0,CE,2010
2009-10-25,KEE,4e-4,34843,1.161433333,CE,2010
2009-10-26,KEE,0,34843,0,CE,2010
2009-10-27,KEE,0.1128,34843,327.5242,CE,2010
2009-10-28,KEE,0.2133,34843,619.334325,CE,2010
2009-10-29,KEE,0.2087,34843,605.9778417,CE,2010
2009-10-30,KEE,0.2494,34843,724.1536833,CE,2010
2009-10-31,KEE,0,34843,0,CE,2010
2009-11-01,KEE,0,34843,0,CE,2010
2009-11-02,KEE,0,34843,0,CE,2010
2009-11-03,KEE,0,34843,0,CE,2010
2009-11-04,KEE,0,34843,0,CE,2010
2009-11-05,KEE,0,34843,0,CE,2010
2009-11-06,KEE,1e-4,34843,0.290358333,CE,2010
2009-11-07,KEE,0.092,34843,267.1296667,CE,2010
2009-11-08,KEE,0.4035,34843,1171.595875,CE,2010
2009-11-09,KEE,0.4728,34843,1372.8142,CE,2010
2009-11-10,KEE,1.6359,34843,4749.971975,CE,2010
2009-11-11,KEE,1.673,34843,4857.694917,CE,2010
2009-11-12,KEE,1.76,34843,5110.306667,CE,2010
2009-11-13,KEE,1.7522,34843,5087.658717,CE,2010
2009-11-14,KEE,2.1229,34843,6164.017058,CE,2010
2009-11-15,KEE,2.1489,34843,6239.510225,CE,2010
2009-11-16,KEE,2.518,34843,7311.222833,CE,2010
2009-11-17,KEE,3.7597,34843,10916.60226,CE,2010
2009-11-18,KEE,3.8829,34843,11274.32373,CE,2010
2009-11-19,KEE,3.8137,34843,11073.39576,CE,2010
2009-11-20,KEE,4.2026,34843,12202.59932,CE,2010
2009-11-21,KEE,4.2453,34843,12326.58233,CE,2010
2009-11-22,KEE,4.2995,34843,12483.95654,CE,2010
2009-11-23,KEE,5.5217,34843,16032.71609,CE,2010
2009-11-24,KEE,7.5227,34843,21842.78634,CE,2010
2009-11-25,KEE,7.5298,34843,21863.40178,CE,2010
2009-11-26,KEE,7.1677,34843,20812.01426,CE,2010
2009-11-27,KEE,7.0157,34843,20370.66959,CE,2010
2009-11-28,KEE,7.0182,34843,20377.92855,CE,2010
2009-11-29,KEE,6.7863,34843,19704.58758,CE,2010
2009-11-30,KEE,6.4569,34843,18748.14723,CE,2010
2009-12-01,KEE,7.2534,34843,21060.85135,CE,2010
2009-12-02,KEE,6.9987,34843,20321.30868,CE,2010
2009-12-03,KEE,6.8053,34843,19759.75566,CE,2010
2009-12-04,KEE,7.1454,34843,20747.26435,CE,2010
2009-12-05,KEE,7.0413,34843,20445.00133,CE,2010
2009-12-06,KEE,6.9658,34843,20225.78078,CE,2010
2009-12-07,KEE,6.9099,34843,20063.47048,CE,2010
2009-12-08,KEE,6.8616,34843,19923.2274,CE,2010
2009-12-09,KEE,6.8469,34843,19880.54473,CE,2010
2009-12-10,KEE,6.836,34843,19848.89567,CE,2010
2009-12-11,KEE,6.8234,34843,19812.31052,CE,2010
2009-12-12,KEE,6.8117,34843,19778.33859,CE,2010
2009-12-13,KEE,6.8077,34843,19766.72426,CE,2010
2009-12-14,KEE,7.1175,34843,20666.25438,CE,2010
2009-12-15,KEE,7.9351,34843,23040.22411,CE,2010
2009-12-16,KEE,9.1146,34843,26465.00065,CE,2010
2009-12-17,KEE,9.3741,34843,27218.48053,CE,2010
2009-12-18,KEE,9.3561,34843,27166.21603,CE,2010
2009-12-19,KEE,9.3162,34843,27050.36305,CE,2010
2009-12-20,KEE,9.9043,34843,28757.96041,CE,2010
2009-12-21,KEE,9.7625,34843,28346.23229,CE,2010
2009-12-22,KEE,9.7262,34843,28240.83222,CE,2010
2009-12-23,KEE,11.2659,34843,32711.47948,CE,2010
2009-12-24,KEE,11.1739,34843,32444.34981,CE,2010
2009-12-25,KEE,11.0825,34843,32178.96229,CE,2010
2009-12-26,KEE,10.9944,34843,31923.1566,CE,2010
2009-12-27,KEE,10.8906,34843,31621.76465,CE,2010
2009-12-28,KEE,10.7999,34843,31358.40964,CE,2010
2009-12-29,KEE,10.7656,34843,31258.81673,CE,2010
2009-12-30,KEE,10.8312,34843,31449.2918,CE,2010
2009-12-31,KEE,11.1303,34843,32317.75358,CE,2010
2010-01-01,KEE,11.8974,34843,34545.09235,CE,2010
2010-01-02,KEE,12.485,34843,36251.23792,CE,2010
2010-01-03,KEE,12.7602,34843,37050.30405,CE,2010
2010-01-04,KEE,12.7757,34843,37095.30959,CE,2010
2010-01-05,KEE,13.9763,34843,40581.35174,CE,2010
2010-01-06,KEE,14.0294,34843,40735.53202,CE,2010
2010-01-07,KEE,15.2682,34843,44332.49105,CE,2010
2010-01-08,KEE,15.1082,34843,43867.91772,CE,2010
2010-01-09,KEE,15.8067,34843,45896.07068,CE,2010
2010-01-10,KEE,16.0451,34843,46588.28494,CE,2010
2010-01-11,KEE,16.0263,34843,46533.69758,CE,2010
2010-01-12,KEE,16.2614,34843,47216.33002,CE,2010
2010-01-13,KEE,16.5673,34843,48104.53616,CE,2010
2010-01-14,KEE,16.7442,34843,48618.18005,CE,2010
2010-01-15,KEE,16.5354,34843,48011.91185,CE,2010
2010-01-16,KEE,16.6831,34843,48440.77111,CE,2010
2010-01-17,KEE,16.3419,34843,47450.06848,CE,2010
2010-01-18,KEE,16.5215,34843,47971.55204,CE,2010
2010-01-19,KEE,16.1738,34843,46961.97612,CE,2010
2010-01-20,KEE,17.3298,34843,50318.51845,CE,2010
2010-01-21,KEE,17.0337,34843,49458.76743,CE,2010
2010-01-22,KEE,16.7183,34843,48542.97724,CE,2010
2010-01-23,KEE,16.6856,34843,48448.03007,CE,2010
2010-01-24,KEE,16.5687,34843,48108.60118,CE,2010
2010-01-25,KEE,17.1497,34843,49795.58309,CE,2010
2010-01-26,KEE,17.3842,34843,50476.47338,CE,2010
2010-01-27,KEE,17.309,34843,50258.12392,CE,2010
2010-01-28,KEE,17.0516,34843,49510.74157,CE,2010
2010-01-29,KEE,16.9584,34843,49240.1276,CE,2010
2010-01-30,KEE,16.8482,34843,48920.15272,CE,2010
2010-01-31,KEE,17.0209,34843,49421.60156,CE,2010
2010-02-01,KEE,16.9507,34843,49217.77001,CE,2010
2010-02-02,KEE,16.8937,34843,49052.26576,CE,2010
2010-02-03,KEE,16.9692,34843,49271.4863,CE,2010
2010-02-04,KEE,16.8953,34843,49056.91149,CE,2010
2010-02-05,KEE,18.0861,34843,52514.49853,CE,2010
2010-02-06,KEE,18.1248,34843,52626.8672,CE,2010
2010-02-07,KEE,17.8533,34843,51838.54433,CE,2010
2010-02-08,KEE,17.8063,34843,51702.07591,CE,2010
2010-02-09,KEE,17.6264,34843,51179.72127,CE,2010
2010-02-10,KEE,17.45,34843,50667.52917,CE,2010
2010-02-11,KEE,18.2985,34843,53131.21963,CE,2010
2010-02-12,KEE,18.4796,34843,53657.05857,CE,2010
2010-02-13,KEE,18.6693,34843,54207.86833,CE,2010
2010-02-14,KEE,18.48,34843,53658.22,CE,2010
2010-02-15,KEE,18.3528,34843,53288.8842,CE,2010
2010-02-16,KEE,18.0451,34843,52395.45161,CE,2010
2010-02-17,KEE,17.9241,34843,52044.11803,CE,2010
2010-02-18,KEE,18.7746,34843,54513.61565,CE,2010
2010-02-19,KEE,18.4608,34843,53602.4712,CE,2010
2010-02-20,KEE,18.1635,34843,52739.23588,CE,2010
2010-02-21,KEE,17.9082,34843,51997.95105,CE,2010
2010-02-22,KEE,17.6649,34843,51291.50923,CE,2010
2010-02-23,KEE,18.6285,34843,54089.40213,CE,2010
2010-02-24,KEE,18.7454,34843,54428.83102,CE,2010
2010-02-25,KEE,18.9696,34843,55079.8144,CE,2010
2010-02-26,KEE,18.6851,34843,54253.74494,CE,2010
2010-02-27,KEE,18.9259,34843,54952.92781,CE,2010
2010-02-28,KEE,18.3165,34843,53183.48413,CE,2010
2010-03-01,KEE,17.8592,34843,51855.67547,CE,2010
2010-03-02,KEE,18.0132,34843,52302.8273,CE,2010
2010-03-03,KEE,17.6981,34843,51387.90819,CE,2010
2010-03-04,KEE,17.3548,34843,50391.10803,CE,2010
2010-03-05,KEE,17.0051,34843,49375.72494,CE,2010
2010-03-06,KEE,17.5216,34843,50875.42573,CE,2010
2010-03-07,KEE,17.1284,34843,49733.73677,CE,2010
2010-03-08,KEE,16.7551,34843,48649.82911,CE,2010
2010-03-09,KEE,16.7445,34843,48619.05113,CE,2010
2010-03-10,KEE,16.5661,34843,48101.05186,CE,2010
2010-03-11,KEE,17.5102,34843,50842.32488,CE,2010
2010-03-12,KEE,18.0263,34843,52340.86424,CE,2010
2010-03-13,KEE,18.1855,34843,52803.11471,CE,2010
2010-03-14,KEE,18.1158,34843,52600.73495,CE,2010
2010-03-15,KEE,17.9433,34843,52099.86683,CE,2010
2010-03-16,KEE,18.5538,34843,53872.50445,CE,2010
2010-03-17,KEE,17.9016,34843,51978.7874,CE,2010
2010-03-18,KEE,17.7582,34843,51562.41355,CE,2010
2010-03-19,KEE,17.5274,34843,50892.26652,CE,2010
2010-03-20,KEE,17.1376,34843,49760.44973,CE,2010
2010-03-21,KEE,16.6273,34843,48278.75116,CE,2010
2010-03-22,KEE,16.2696,34843,47240.1394,CE,2010
2010-03-23,KEE,15.9905,34843,46429.74929,CE,2010
2010-03-24,KEE,16.3525,34843,47480.84646,CE,2010
2010-03-25,KEE,15.776,34843,45806.93067,CE,2010
2010-03-26,KEE,15.5326,34843,45100.19848,CE,2010
2010-03-27,KEE,15.8905,34843,46139.39096,CE,2010
2010-03-28,KEE,15.5686,34843,45204.72748,CE,2010
2010-03-29,KEE,15.3431,34843,44549.96944,CE,2010
2010-03-30,KEE,16.0631,34843,46640.54944,CE,2010
2010-03-31,KEE,16.1048,34843,46761.62887,CE,2010
2010-04-01,KEE,15.975,34843,46384.74375,CE,2010
2010-04-02,KEE,15.814,34843,45917.26683,CE,2010
2010-04-03,KEE,16.4561,34843,47781.65769,CE,2010
2010-04-04,KEE,17.0491,34843,49503.48261,CE,2010
2010-04-05,KEE,17.0997,34843,49650.40393,CE,2010
2010-04-06,KEE,17.4573,34843,50688.72533,CE,2010
2010-04-07,KEE,17.7076,34843,51415.49223,CE,2010
2010-04-08,KEE,17.8321,34843,51776.98836,CE,2010
2010-04-09,KEE,18.4661,34843,53617.86019,CE,2010
2010-04-10,KEE,18.8605,34843,54763.03346,CE,2010
2010-04-11,KEE,18.7508,34843,54444.51037,CE,2010
2010-04-12,KEE,18.5561,34843,53879.18269,CE,2010
2010-04-13,KEE,22.8931,34843,66472.02361,CE,2010
2010-04-14,KEE,22.7212,34843,65972.89763,CE,2010
2010-04-15,KEE,22.2794,34843,64690.09452,CE,2010
2010-04-16,KEE,22.3102,34843,64779.52488,CE,2010
2010-04-17,KEE,21.463,34843,62319.60908,CE,2010
2010-04-18,KEE,20.5982,34843,59808.59022,CE,2010
2010-04-19,KEE,19.7737,34843,57414.58576,CE,2010
2010-04-20,KEE,19.1885,34843,55715.40879,CE,2010
2010-04-21,KEE,18.4189,34843,53480.81106,CE,2010
2010-04-22,KEE,18.1693,34843,52756.07666,CE,2010
2010-04-23,KEE,18.0422,34843,52387.03122,CE,2010
2010-04-24,KEE,17.6387,34843,51215.435340000004,CE,2010
2010-04-25,KEE,17.3744,34843,50448.01827,CE,2010
2010-04-26,KEE,17.0113,34843,49393.72716,CE,2010
2010-04-27,KEE,16.4128,34843,47655.93253,CE,2010
2010-04-28,KEE,15.8109,34843,45908.26573,CE,2010
2010-04-29,KEE,15.8077,34843,45898.97426,CE,2010
2010-04-30,KEE,16.3054,34843,47344.08768,CE,2010
2010-05-01,KEE,17.2997,34843,50231.12059,CE,2010
2010-05-02,KEE,17.4227,34843,50588.26134,CE,2010
2010-05-03,KEE,17.2902,34843,50203.53655,CE,2010
2010-05-04,KEE,17.5945,34843,51087.09696,CE,2010
2010-05-05,KEE,17.6924,34843,51371.35777,CE,2010
2010-05-06,KEE,17.5511,34843,50961.08144,CE,2010
2010-05-07,KEE,19.1542,34843,55615.81588,CE,2010
2010-05-08,KEE,18.8792,34843,54817.33047,CE,2010
2010-05-09,KEE,18.4176,34843,53477.0364,CE,2010
2010-05-10,KEE,17.9411,34843,52093.47894,CE,2010
2010-05-11,KEE,17.511,34843,50844.64775,CE,2010
2010-05-12,KEE,17.0686,34843,49560.10248,CE,2010
2010-05-13,KEE,17.1339,34843,49749.70648,CE,2010
2010-05-14,KEE,16.4771,34843,47842.63294,CE,2010
2010-05-15,KEE,15.6818,34843,45533.41312,CE,2010
2010-05-16,KEE,14.8081,34843,42996.55236,CE,2010
2010-05-17,KEE,13.9567,34843,40524.44151,CE,2010
2010-05-18,KEE,13.1489,34843,38178.92689,CE,2010
2010-05-19,KEE,10.6124,34843,30813.98777,CE,2010
2010-05-20,KEE,10.0843,34843,29280.60541,CE,2010
2010-05-21,KEE,9.8652,34843,28644.4303,CE,2010
2010-05-22,KEE,9.7404,34843,28282.0631,CE,2010
2010-05-23,KEE,9.5434,34843,27710.05718,CE,2010
2010-05-24,KEE,9.3724,34843,27213.54443,CE,2010
2010-05-25,KEE,9.1121,34843,26457.74169,CE,2010
2010-05-26,KEE,8.7003,34843,25262.04608,CE,2010
2010-05-27,KEE,8.328,34843,24181.042,CE,2010
2010-05-28,KEE,7.955,34843,23098.00542,CE,2010
2010-05-29,KEE,7.6983,34843,22352.65558,CE,2010
2010-05-30,KEE,7.3906,34843,21459.22298,CE,2010
2010-05-31,KEE,7.104,34843,20627.056,CE,2010
2010-06-01,KEE,6.7629,34843,19636.64373,CE,2010
2010-06-02,KEE,6.2092,34843,18028.92963,CE,2010
2010-06-03,KEE,5.7438,34843,16677.60195,CE,2010
2010-06-04,KEE,5.4099,34843,15708.09548,CE,2010
2010-06-05,KEE,5.1719,34843,15017.04264,CE,2010
2010-06-06,KEE,4.8125,34843,13973.49479,CE,2010
2010-06-07,KEE,4.3926,34843,12754.28015,CE,2010
2010-06-08,KEE,3.5321,34843,10255.74669,CE,2010
2010-06-09,KEE,3.3246000000000002,34843,9653.25315,CE,2010
2010-06-10,KEE,3.0202,34843,8769.402383,CE,2010
2010-06-11,KEE,2.8554,34843,8290.89185,CE,2010
2010-06-12,KEE,2.2177,34843,6439.276758,CE,2010
2010-06-13,KEE,1.8812,34843,5462.220967,CE,2010
2010-06-14,KEE,1.5844,34843,4600.437433,CE,2010
2010-06-15,KEE,1.2395,34843,3598.991542,CE,2010
2010-06-16,KEE,1.1793,34843,3424.195825,CE,2010
2010-06-17,KEE,1.1273,34843,3273.209492,CE,2010
2010-06-18,KEE,1.0418,34843,3024.953117,CE,2010
2010-06-19,KEE,0.9145,34843,2655.326958,CE,2010
2010-06-20,KEE,0.8027,34843,2330.706342,CE,2010
2010-06-21,KEE,0.7165,34843,2080.417458,CE,2010
2010-06-22,KEE,0.6227,34843,1808.061342,CE,2010
2010-06-23,KEE,0.5081,34843,1475.310692,CE,2010
2010-06-24,KEE,0.4025,34843,1168.692292,CE,2010
2010-06-25,KEE,0.3214,34843,933.2116833,CE,2010
2010-06-26,KEE,0.2714,34843,788.0325167,CE,2010
2010-06-27,KEE,0.2301,34843,668.114525,CE,2010
2010-06-28,KEE,0.1851,34843,537.453275,CE,2010
2010-06-29,KEE,0.1257,34843,364.980425,CE,2010
2010-06-30,KEE,0.1108,34843,321.7170333,CE,2010
2010-07-01,KEE,0.0982,34843,285.1318833,CE,2010
2010-07-02,KEE,0.086,34843,249.7081667,CE,2010
2010-07-03,KEE,0.0759,34843,220.381975,CE,2010
2010-07-04,KEE,0.0663,34843,192.507575,CE,2010
2010-07-05,KEE,0.0588,34843,170.7307,CE,2010
2010-07-06,KEE,0.0482,34843,139.9527167,CE,2010
2010-07-07,KEE,0.035,34843,101.6254167,CE,2010
2010-07-08,KEE,0.0176,34843,51.10306667,CE,2010
2010-07-09,KEE,0.0131,34843,38.03694167,CE,2010
2010-07-10,KEE,0.011,34843,31.93941667,CE,2010
2010-07-11,KEE,0.0083,34843,24.09974167,CE,2010
2010-07-12,KEE,0.0059,34843,17.13114167,CE,2010
2010-07-13,KEE,0.0055,34843,15.96970833,CE,2010
2010-07-14,KEE,0.0051,34843,14.808275,CE,2010
2010-07-15,KEE,0.0042,34843,12.19505,CE,2010
2010-07-16,KEE,0.0029,34843,8.420391667,CE,2010
2010-07-17,KEE,0.0016,34843,4.645733333,CE,2010
2010-07-18,KEE,8e-4,34843,2.322866667,CE,2010
2010-07-19,KEE,0,34843,0,CE,2010
2010-07-20,KEE,0,34843,0,CE,2010
2010-07-21,KEE,0,34843,0,CE,2010
2010-07-22,KEE,0,34843,0,CE,2010
2010-07-23,KEE,0,34843,0,CE,2010
2010-07-24,KEE,0,34843,0,CE,2010
2010-07-25,KEE,0,34843,0,CE,2010
2010-07-26,KEE,0,34843,0,CE,2010
2010-07-27,KEE,0,34843,0,CE,2010
2010-07-28,KEE,0,34843,0,CE,2010
2010-07-29,KEE,0,34843,0,CE,2010
2010-07-30,KEE,0,34843,0,CE,2010
2010-07-31,KEE,0,34843,0,CE,2010
2010-08-01,KEE,0,34843,0,CE,2010
2010-08-02,KEE,0,34843,0,CE,2010
2010-08-03,KEE,0,34843,0,CE,2010
2010-08-04,KEE,0,34843,0,CE,2010
2010-08-05,KEE,0,34843,0,CE,2010
2010-08-06,KEE,0,34843,0,CE,2010
2010-08-07,KEE,0,34843,0,CE,2010
2010-08-08,KEE,0,34843,0,CE,2010
2010-08-09,KEE,0,34843,0,CE,2010
2010-08-10,KEE,0,34843,0,CE,2010
2010-08-11,KEE,0,34843,0,CE,2010
2010-08-12,KEE,0,34843,0,CE,2010
2010-08-13,KEE,0,34843,0,CE,2010
2010-08-14,KEE,0,34843,0,CE,2010
2010-08-15,KEE,0,34843,0,CE,2010
2010-08-16,KEE,0,34843,0,CE,2010
2010-08-17,KEE,0,34843,0,CE,2010
2010-08-18,KEE,0,34843,0,CE,2010
2010-08-19,KEE,0,34843,0,CE,2010
2010-08-20,KEE,0,34843,0,CE,2010
2010-08-21,KEE,0,34843,0,CE,2010
2010-08-22,KEE,0,34843,0,CE,2010
2010-08-23,KEE,0,34843,0,CE,2010
2010-08-24,KEE,0,34843,0,CE,2010
2010-08-25,KEE,0,34843,0,CE,2010
2010-08-26,KEE,0,34843,0,CE,2010
2010-08-27,KEE,0,34843,0,CE,2010
2010-08-28,KEE,0,34843,0,CE,2010
2010-08-29,KEE,0,34843,0,CE,2010
2010-08-30,KEE,0,34843,0,CE,2010
2010-08-31,KEE,0,34843,0,CE,2010
2010-09-01,KEE,0,34843,0,CE,2010
2010-09-02,KEE,0,34843,0,CE,2010
2010-09-03,KEE,0,34843,0,CE,2010
2010-09-04,KEE,0,34843,0,CE,2010
2010-09-05,KEE,0,34843,0,CE,2010
2010-09-06,KEE,0,34843,0,CE,2010
2010-09-07,KEE,0,34843,0,CE,2010
2010-09-08,KEE,0,34843,0,CE,2010
2010-09-09,KEE,0,34843,0,CE,2010
2010-09-10,KEE,0,34843,0,CE,2010
2010-09-11,KEE,0,34843,0,CE,2010
2010-09-12,KEE,0,34843,0,CE,2010
2010-09-13,KEE,0,34843,0,CE,2010
2010-09-14,KEE,0,34843,0,CE,2010
2010-09-15,KEE,0,34843,0,CE,2010
2010-09-16,KEE,0,34843,0,CE,2010
2010-09-17,KEE,0,34843,0,CE,2010
2010-09-18,KEE,0,34843,0,CE,2010
2010-09-19,KEE,0,34843,0,CE,2010
2010-09-20,KEE,0,34843,0,CE,2010
2010-09-21,KEE,0,34843,0,CE,2010
2010-09-22,KEE,0,34843,0,CE,2010
2010-09-23,KEE,0,34843,0,CE,2010
2010-09-24,KEE,0,34843,0,CE,2010
2010-09-25,KEE,0,34843,0,CE,2010
2010-09-26,KEE,0,34843,0,CE,2010
2010-09-27,KEE,0,34843,0,CE,2010
2010-09-28,KEE,0,34843,0,CE,2010
2010-09-29,KEE,0,34843,0,CE,2010
2010-09-30,KEE,0,34843,0,CE,2010
2010-10-01,KEE,0,34843,0,CE,2011
2010-10-02,KEE,0,34843,0,CE,2011
2010-10-03,KEE,0,34843,0,CE,2011
2010-10-04,KEE,0,34843,0,CE,2011
2010-10-05,KEE,0,34843,0,CE,2011
2010-10-06,KEE,0,34843,0,CE,2011
2010-10-07,KEE,0,34843,0,CE,2011
2010-10-08,KEE,0,34843,0,CE,2011
2010-10-09,KEE,0,34843,0,CE,2011
2010-10-10,KEE,0,34843,0,CE,2011
2010-10-11,KEE,0,34843,0,CE,2011
2010-10-12,KEE,0,34843,0,CE,2011
2010-10-13,KEE,0,34843,0,CE,2011
2010-10-14,KEE,0,34843,0,CE,2011
2010-10-15,KEE,0,34843,0,CE,2011
2010-10-16,KEE,6e-4,34843,1.74215,CE,2011
2010-10-17,KEE,5e-4,34843,1.451791667,CE,2011
2010-10-18,KEE,0,34843,0,CE,2011
2010-10-19,KEE,0,34843,0,CE,2011
2010-10-20,KEE,0,34843,0,CE,2011
2010-10-21,KEE,0,34843,0,CE,2011
2010-10-22,KEE,0,34843,0,CE,2011
2010-10-23,KEE,0,34843,0,CE,2011
2010-10-24,KEE,0,34843,0,CE,2011
2010-10-25,KEE,0.1154,34843,335.0735167,CE,2011
2010-10-26,KEE,0.2564,34843,744.4787667,CE,2011
2010-10-27,KEE,0.4267,34843,1238.959008,CE,2011
2010-10-28,KEE,0.7458,34843,2165.49245,CE,2011
2010-10-29,KEE,0.5867,34843,1703.532342,CE,2011
2010-10-30,KEE,0.478,34843,1387.912833,CE,2011
2010-10-31,KEE,0.3761,34843,1092.037692,CE,2011
2010-11-01,KEE,0.3064,34843,889.6579333,CE,2011
2010-11-02,KEE,0.0977,34843,283.6800917,CE,2011
2010-11-03,KEE,0.0411,34843,119.337275,CE,2011
2010-11-04,KEE,0.0033,34843,9.581825,CE,2011
2010-11-05,KEE,0,34843,0,CE,2011
2010-11-06,KEE,0,34843,0,CE,2011
2010-11-07,KEE,0,34843,0,CE,2011
2010-11-08,KEE,0.0072,34843,20.9058,CE,2011
2010-11-09,KEE,0.0104,34843,30.19726667,CE,2011
2010-11-10,KEE,0.4211,34843,1222.698942,CE,2011
2010-11-11,KEE,0.4167,34843,1209.923175,CE,2011
2010-11-12,KEE,0.4819,34843,1399.236808,CE,2011
2010-11-13,KEE,0.5627,34843,1633.846342,CE,2011
2010-11-14,KEE,0.5946,34843,1726.47065,CE,2011
2010-11-15,KEE,0.0576,34843,167.2464,CE,2011
2010-11-16,KEE,0.0096,34843,27.8744,CE,2011
2010-11-17,KEE,0.143,34843,415.2124167,CE,2011
2010-11-18,KEE,0.624,34843,1811.836,CE,2011
2010-11-19,KEE,0.8986,34843,2609.159983,CE,2011
2010-11-20,KEE,1.1673,34843,3389.352825,CE,2011
2010-11-21,KEE,1.2224,34843,3549.340267,CE,2011
2010-11-22,KEE,1.6634,34843,4829.820517,CE,2011
2010-11-23,KEE,2.3103,34843,6708.148575,CE,2011
2010-11-24,KEE,3.0445,34843,8839.959458,CE,2011
2010-11-25,KEE,3.0402,34843,8827.47405,CE,2011
2010-11-26,KEE,3.2332,34843,9387.865633,CE,2011
2010-11-27,KEE,3.6734,34843,10666.02302,CE,2011
2010-11-28,KEE,3.7835,34843,10985.70754,CE,2011
2010-11-29,KEE,3.9541,34843,11481.05886,CE,2011
2010-11-30,KEE,4.0317,34843,11706.37693,CE,2011
2010-12-01,KEE,5.6458,34843,16393.05078,CE,2011
2010-12-02,KEE,5.75,34843,16695.60417,CE,2011
2010-12-03,KEE,6.5663,34843,19065.79924,CE,2011
2010-12-04,KEE,6.8019,34843,19749.88348,CE,2011
2010-12-05,KEE,6.7838,34843,19697.32862,CE,2011
2010-12-06,KEE,6.7629,34843,19636.64373,CE,2011
2010-12-07,KEE,6.6013,34843,19167.42466,CE,2011
2010-12-08,KEE,6.7853,34843,19701.68399,CE,2011
2010-12-09,KEE,6.9796,34843,20265.85023,CE,2011
2010-12-10,KEE,8.1892,34843,23778.02463,CE,2011
2010-12-11,KEE,9.5491,34843,27726.60761,CE,2011
2010-12-12,KEE,10.6532,34843,30932.45397,CE,2011
2010-12-13,KEE,10.957,34843,31814.56258,CE,2011
2010-12-14,KEE,10.2288,34843,29700.1732,CE,2011
2010-12-15,KEE,10.3935,34843,30178.39338,CE,2011
2010-12-16,KEE,10.4922,34843,30464.97705,CE,2011
2010-12-17,KEE,12.2364,34843,35529.4071,CE,2011
2010-12-18,KEE,12.1354,34843,35236.14518,CE,2011
2010-12-19,KEE,12.2329,34843,35519.24456,CE,2011
2010-12-20,KEE,12.2844,34843,35668.7791,CE,2011
2010-12-21,KEE,12.4282,34843,36086.31438,CE,2011
2010-12-22,KEE,12.0756,34843,35062.5109,CE,2011
2010-12-23,KEE,12.1966,34843,35413.84448,CE,2011
2010-12-24,KEE,12.297,34843,35705.36425,CE,2011
2010-12-25,KEE,12.7905,34843,37138.28263,CE,2011
2010-12-26,KEE,13.0219,34843,37810.17181,CE,2011
2010-12-27,KEE,13.1996,34843,38326.13857,CE,2011
2010-12-28,KEE,13.688,34843,39744.24867,CE,2011
2010-12-29,KEE,14.116,34843,40986.98233,CE,2011
2010-12-30,KEE,14.9547,34843,43422.21768,CE,2011
2010-12-31,KEE,14.9456,34843,43395.79507,CE,2011
2011-01-01,KEE,14.9096,34843,43291.26607,CE,2011
2011-01-02,KEE,14.8711,34843,43179.47811,CE,2011
2011-01-03,KEE,14.8374,34843,43081.62735,CE,2011
2011-01-04,KEE,14.7977,34843,42966.35509,CE,2011
2011-01-05,KEE,15.2104,34843,44164.66393,CE,2011
2011-01-06,KEE,15.5704,34843,45209.95393,CE,2011
2011-01-07,KEE,15.6128,34843,45333.06587,CE,2011
2011-01-08,KEE,15.8932,34843,46147.23063,CE,2011
2011-01-09,KEE,15.8828,34843,46117.03337,CE,2011
2011-01-10,KEE,15.9451,34843,46297.92661,CE,2011
2011-01-11,KEE,16.6116,34843,48233.1649,CE,2011
2011-01-12,KEE,16.6445,34843,48328.69279,CE,2011
2011-01-13,KEE,17.9479,34843,52113.22331,CE,2011
2011-01-14,KEE,19.3271,34843,56117.84544,CE,2011
2011-01-15,KEE,18.5493,34843,53859.43833,CE,2011
2011-01-16,KEE,18.2591,34843,53016.81844,CE,2011
2011-01-17,KEE,16.8832,34843,49021.77813,CE,2011
2011-01-18,KEE,16.187,34843,47000.30342,CE,2011
2011-01-19,KEE,16.8716,34843,48988.09657,CE,2011
2011-01-20,KEE,16.6881,34843,48455.28903,CE,2011
2011-01-21,KEE,16.7168,34843,48538.62187,CE,2011
2011-01-22,KEE,17.6565,34843,51267.11913,CE,2011
2011-01-23,KEE,17.036,34843,49465.44567,CE,2011
2011-01-24,KEE,16.6714,34843,48406.79918,CE,2011
2011-01-25,KEE,16.446,34843,47752.3315,CE,2011
2011-01-26,KEE,16.8137,34843,48819.97909,CE,2011
2011-01-27,KEE,16.2986,34843,47324.34332,CE,2011
2011-01-28,KEE,15.719,34843,45641.42642,CE,2011
2011-01-29,KEE,15.2204,34843,44193.69977,CE,2011
2011-01-30,KEE,15.0103,34843,43583.65691,CE,2011
2011-01-31,KEE,14.7278,34843,42763.39462,CE,2011
2011-02-01,KEE,16.5263,34843,47985.48924,CE,2011
2011-02-02,KEE,16.3508,34843,47475.91037,CE,2011
2011-02-03,KEE,16.1811,34843,46983.17228,CE,2011
2011-02-04,KEE,16.0375,34843,46566.21771,CE,2011
2011-02-05,KEE,15.8357,34843,45980.27459,CE,2011
2011-02-06,KEE,15.4736,34843,44928.88707,CE,2011
2011-02-07,KEE,15.4524,34843,44867.3311,CE,2011
2011-02-08,KEE,17.1525,34843,49803.71313,CE,2011
2011-02-09,KEE,16.9997,34843,49360.04559,CE,2011
2011-02-10,KEE,16.8393,34843,48894.31083,CE,2011
2011-02-11,KEE,16.6637,34843,48384.44159,CE,2011
2011-02-12,KEE,16.4099,34843,47647.51214,CE,2011
2011-02-13,KEE,16.359,34843,47499.71975,CE,2011
2011-02-14,KEE,16.1132,34843,46786.01897,CE,2011
2011-02-15,KEE,17.864,34843,51869.61267,CE,2011
2011-02-16,KEE,18.072,34843,52473.558,CE,2011
2011-02-17,KEE,18.0537,34843,52420.42243,CE,2011
2011-02-18,KEE,18.0568,34843,52429.42353,CE,2011
2011-02-19,KEE,18.872,34843,54796.42467,CE,2011
2011-02-20,KEE,18.7117,34843,54330.98026,CE,2011
2011-02-21,KEE,18.5535,34843,53871.63338,CE,2011
2011-02-22,KEE,18.7333,34843,54393.69766,CE,2011
2011-02-23,KEE,19.5489,34843,56761.86023,CE,2011
2011-02-24,KEE,20.2751,34843,58870.44244,CE,2011
2011-02-25,KEE,21.8778,34843,63524.01545,CE,2011
2011-02-26,KEE,21.8695,34843,63499.91571,CE,2011
2011-02-27,KEE,21.9944,34843,63862.57327,CE,2011
2011-02-28,KEE,23.0654,34843,66972.31102,CE,2011
2011-03-01,KEE,25.0435,34843,72715.88921,CE,2011
2011-03-02,KEE,25.6446,34843,74461.23315,CE,2011
2011-03-03,KEE,25.9624,34843,75383.99193,CE,2011
2011-03-04,KEE,26.0362,34843,75598.27638,CE,2011
2011-03-05,KEE,26.2483,34843,76214.12641,CE,2011
2011-03-06,KEE,26.3213,34843,76426.08799,CE,2011
2011-03-07,KEE,26.3181,34843,76416.79653,CE,2011
2011-03-08,KEE,26.3205,34843,76423.76513,CE,2011
2011-03-09,KEE,26.8013,34843,77819.80799,CE,2011
2011-03-10,KEE,28.5688,34843,82951.89153,CE,2011
2011-03-11,KEE,29.3854,34843,85322.95768,CE,2011
2011-03-12,KEE,29.484,34843,85609.251,CE,2011
2011-03-13,KEE,29.5432,34843,85781.14313,CE,2011
2011-03-14,KEE,29.683,34843,86187.06408,CE,2011
2011-03-15,KEE,29.8923,34843,86794.78408,CE,2011
2011-03-16,KEE,31.5387,34843,91575.24368,CE,2011
2011-03-17,KEE,31.8391,34843,92447.48011,CE,2011
2011-03-18,KEE,31.7735,34843,92257.00504,CE,2011
2011-03-19,KEE,32.8404,34843,95354.8381,CE,2011
2011-03-20,KEE,32.9006,34843,95529.63382,CE,2011
2011-03-21,KEE,32.8218,34843,95300.83145,CE,2011
2011-03-22,KEE,32.9112,34843,95560.4118,CE,2011
2011-03-23,KEE,33.0289,34843,95902.16356,CE,2011
2011-03-24,KEE,32.8638,34843,95422.78195,CE,2011
2011-03-25,KEE,32.6027,34843,94664.65634,CE,2011
2011-03-26,KEE,32.525,34843,94439.04792,CE,2011
2011-03-27,KEE,32.459,34843,94247.41142,CE,2011
2011-03-28,KEE,32.4577,34843,94243.63676,CE,2011
2011-03-29,KEE,32.2614,34843,93673.66335,CE,2011
2011-03-30,KEE,32.5208,34843,94426.85287,CE,2011
2011-03-31,KEE,36.7895,34843,106821.379,CE,2011
2011-04-01,KEE,35.6497,34843,103511.8748,CE,2011
2011-04-02,KEE,34.8967,34843,101325.4765,CE,2011
2011-04-03,KEE,35.5566,34843,103241.5512,CE,2011
2011-04-04,KEE,35.3976,34843,102779.8814,CE,2011
2011-04-05,KEE,36.279,34843,105339.0998,CE,2011
2011-04-06,KEE,36.9136,34843,107181.7137,CE,2011
2011-04-07,KEE,37.2885,34843,108270.2671,CE,2011
2011-04-08,KEE,38.946,34843,113082.9565,CE,2011
2011-04-09,KEE,38.7766,34843,112591.0895,CE,2011
2011-04-10,KEE,38.6544,34843,112236.2716,CE,2011
2011-04-11,KEE,38.5167,34843,111836.4482,CE,2011
2011-04-12,KEE,38.6684,34843,112276.9218,CE,2011
2011-04-13,KEE,39.9144,34843,115894.7866,CE,2011
2011-04-14,KEE,39.8379,34843,115672.6625,CE,2011
2011-04-15,KEE,40.5204,34843,117654.3581,CE,2011
2011-04-16,KEE,40.7105,34843,118206.3293,CE,2011
2011-04-17,KEE,40.4211,34843,117366.0323,CE,2011
2011-04-18,KEE,40.2599,34843,116897.9746,CE,2011
2011-04-19,KEE,40.0899,34843,116404.3655,CE,2011
2011-04-20,KEE,39.9156,34843,115898.2709,CE,2011
2011-04-21,KEE,41.8266,34843,121447.0187,CE,2011
2011-04-22,KEE,41.9168,34843,121708.9219,CE,2011
2011-04-23,KEE,41.7427,34843,121203.408,CE,2011
2011-04-24,KEE,41.3862,34843,120168.2806,CE,2011
2011-04-25,KEE,41.0058,34843,119063.7575,CE,2011
2011-04-26,KEE,41.0997,34843,119336.4039,CE,2011
2011-04-27,KEE,42.23,34843,122618.3242,CE,2011
2011-04-28,KEE,42.3672,34843,123016.6958,CE,2011
2011-04-29,KEE,42.4559,34843,123274.2436,CE,2011
2011-04-30,KEE,42.2627,34843,122713.2713,CE,2011
2011-05-01,KEE,42.058,34843,122118.9078,CE,2011
2011-05-02,KEE,41.7138,34843,121119.4945,CE,2011
2011-05-03,KEE,41.3883,34843,120174.3781,CE,2011
2011-05-04,KEE,41.1225,34843,119402.6056,CE,2011
2011-05-05,KEE,43.3089,34843,125751.0002,CE,2011
2011-05-06,KEE,42.8191,34843,124328.8251,CE,2011
2011-05-07,KEE,42.5988,34843,123689.1657,CE,2011
2011-05-08,KEE,42.2185,34843,122584.933,CE,2011
2011-05-09,KEE,41.8717,34843,121577.9703,CE,2011
2011-05-10,KEE,42.6954,34843,123969.6519,CE,2011
2011-05-11,KEE,42.1528,34843,122394.1675,CE,2011
2011-05-12,KEE,41.7434,34843,121205.4405,CE,2011
2011-05-13,KEE,41.178,34843,119563.7545,CE,2011
2011-05-14,KEE,40.5545,34843,117753.3703,CE,2011
2011-05-15,KEE,39.6518,34843,115132.3056,CE,2011
2011-05-16,KEE,38.962,34843,113129.4138,CE,2011
2011-05-17,KEE,38.4171,34843,111547.2513,CE,2011
2011-05-18,KEE,37.9621,34843,110226.1209,CE,2011
2011-05-19,KEE,37.3499,34843,108448.5471,CE,2011
2011-05-20,KEE,37.2046,34843,108026.6565,CE,2011
2011-05-21,KEE,36.3644,34843,105587.0658,CE,2011
2011-05-22,KEE,35.642,34843,103489.5172,CE,2011
2011-05-23,KEE,35.0782,34843,101852.4769,CE,2011
2011-05-24,KEE,34.5665,34843,100366.7133,CE,2011
2011-05-25,KEE,34.0118,34843,98756.09562,CE,2011
2011-05-26,KEE,33.5309,34843,97359.76239,CE,2011
2011-05-27,KEE,32.9593,34843,95700.07416,CE,2011
2011-05-28,KEE,32.5348,34843,94467.50303,CE,2011
2011-05-29,KEE,32.081,34843,93149.85692,CE,2011
2011-05-30,KEE,31.5177,34843,91514.26843,CE,2011
2011-05-31,KEE,30.9833,34843,89962.59349,CE,2011
2011-06-01,KEE,30.3993,34843,88266.90083,CE,2011
2011-06-02,KEE,29.8859,34843,86776.20114,CE,2011
2011-06-03,KEE,29.3952,34843,85351.4128,CE,2011
2011-06-04,KEE,28.716,34843,83379.299,CE,2011
2011-06-05,KEE,27.7076,34843,80451.32557,CE,2011
2011-06-06,KEE,26.7526,34843,77678.40348,CE,2011
2011-06-07,KEE,25.62,34843,74389.805,CE,2011
2011-06-08,KEE,24.8322,34843,72102.36205,CE,2011
2011-06-09,KEE,24.2456,34843,70399.12007,CE,2011
2011-06-10,KEE,23.5782,34843,68461.26855,CE,2011
2011-06-11,KEE,22.8599,34843,66375.62464,CE,2011
2011-06-12,KEE,22.1918,34843,64435.74062,CE,2011
2011-06-13,KEE,21.5599,34843,62600.96631,CE,2011
2011-06-14,KEE,20.8848,34843,60640.7572,CE,2011
2011-06-15,KEE,19.6379,34843,57020.27914,CE,2011
2011-06-16,KEE,19.1459,34843,55591.71614,CE,2011
2011-06-17,KEE,18.5659,34843,53907.63781,CE,2011
2011-06-18,KEE,17.8934,34843,51954.97802,CE,2011
2011-06-19,KEE,17.3296,34843,50317.93773,CE,2011
2011-06-20,KEE,16.6355,34843,48302.56054,CE,2011
2011-06-21,KEE,15.4359,34843,44819.42198,CE,2011
2011-06-22,KEE,14.6188,34843,42446.90403,CE,2011
2011-06-23,KEE,13.629,34843,39572.93725,CE,2011
2011-06-24,KEE,12.9697,34843,37658.60476,CE,2011
2011-06-25,KEE,12.4714,34843,36211.74918,CE,2011
2011-06-26,KEE,12.0046,34843,34856.35648,CE,2011
2011-06-27,KEE,11.3899,34843,33071.52381,CE,2011
2011-06-28,KEE,9.8591,34843,28626.71844,CE,2011
2011-06-29,KEE,9.0339,34843,26230.68148,CE,2011
2011-06-30,KEE,8.3424,34843,24222.8536,CE,2011
2011-07-01,KEE,7.8553,34843,22808.51816,CE,2011
2011-07-02,KEE,7.3461,34843,21330.01353,CE,2011
2011-07-03,KEE,6.5524,34843,19025.43943,CE,2011
2011-07-04,KEE,5.9724,34843,17341.3611,CE,2011
2011-07-05,KEE,5.456,34843,15841.95067,CE,2011
2011-07-06,KEE,4.6163,34843,13403.81174,CE,2011
2011-07-07,KEE,4.0257,34843,11688.95543,CE,2011
2011-07-08,KEE,3.5786,34843,10390.76332,CE,2011
2011-07-09,KEE,3.3393,34843,9695.935825,CE,2011
2011-07-10,KEE,3.0825,34843,8950.295625,CE,2011
2011-07-11,KEE,2.8029,34843,8138.453725,CE,2011
2011-07-12,KEE,2.5391,34843,7372.488442,CE,2011
2011-07-13,KEE,2.333,34843,6774.059917,CE,2011
2011-07-14,KEE,2.1552,34843,6257.8028,CE,2011
2011-07-15,KEE,2.0049,34843,5821.394225,CE,2011
2011-07-16,KEE,1.8269,34843,5304.556392,CE,2011
2011-07-17,KEE,1.6407,34843,4763.909175,CE,2011
2011-07-18,KEE,1.4837,34843,4308.046592,CE,2011
2011-07-19,KEE,1.3319,34843,3867.282642,CE,2011
2011-07-20,KEE,1.214,34843,3524.950167,CE,2011
2011-07-21,KEE,1.1068,34843,3213.686033,CE,2011
2011-07-22,KEE,1.002,34843,2909.3905,CE,2011
2011-07-23,KEE,0.919,34843,2668.393083,CE,2011
2011-07-24,KEE,0.8063,34843,2341.159242,CE,2011
2011-07-25,KEE,0.6526,34843,1894.878483,CE,2011
2011-07-26,KEE,0.5289,34843,1535.705225,CE,2011
2011-07-27,KEE,0.4721,34843,1370.781692,CE,2011
2011-07-28,KEE,0.4245,34843,1232.571125,CE,2011
2011-07-29,KEE,0.3732,34843,1083.6173,CE,2011
2011-07-30,KEE,0.3152,34843,915.2094667,CE,2011
2011-07-31,KEE,0.2644,34843,767.7074333,CE,2011
2011-08-01,KEE,0.2234,34843,648.6605167,CE,2011
2011-08-02,KEE,0.184,34843,534.2593333,CE,2011
2011-08-03,KEE,0.1393,34843,404.4691583,CE,2011
2011-08-04,KEE,0.1032,34843,299.6498,CE,2011
2011-08-05,KEE,0.0781,34843,226.7698583,CE,2011
2011-08-06,KEE,0.062,34843,180.0221667,CE,2011
2011-08-07,KEE,0.0487,34843,141.4045083,CE,2011
2011-08-08,KEE,0.0353,34843,102.49649170000001,CE,2011
2011-08-09,KEE,0.0231,34843,67.072775,CE,2011
2011-08-10,KEE,0.015,34843,43.55375,CE,2011
2011-08-11,KEE,0.0089,34843,25.84189167,CE,2011
2011-08-12,KEE,0.0054,34843,15.67935,CE,2011
2011-08-13,KEE,6e-4,34843,1.74215,CE,2011
2011-08-14,KEE,3e-4,34843,0.871075,CE,2011
2011-08-15,KEE,2e-4,34843,0.580716667,CE,2011
2011-08-16,KEE,2e-4,34843,0.580716667,CE,2011
2011-08-17,KEE,1e-4,34843,0.290358333,CE,2011
2011-08-18,KEE,0,34843,0,CE,2011
2011-08-19,KEE,0,34843,0,CE,2011
2011-08-20,KEE,0,34843,0,CE,2011
2011-08-21,KEE,0,34843,0,CE,2011
2011-08-22,KEE,0,34843,0,CE,2011
2011-08-23,KEE,0,34843,0,CE,2011
2011-08-24,KEE,0,34843,0,CE,2011
2011-08-25,KEE,0,34843,0,CE,2011
2011-08-26,KEE,0,34843,0,CE,2011
2011-08-27,KEE,0,34843,0,CE,2011
2011-08-28,KEE,0,34843,0,CE,2011
2011-08-29,KEE,0,34843,0,CE,2011
2011-08-30,KEE,0,34843,0,CE,2011
2011-08-31,KEE,0,34843,0,CE,2011
2011-09-01,KEE,0,34843,0,CE,2011
2011-09-02,KEE,0,34843,0,CE,2011
2011-09-03,KEE,0,34843,0,CE,2011
2011-09-04,KEE,0,34843,0,CE,2011
2011-09-05,KEE,0,34843,0,CE,2011
2011-09-06,KEE,0,34843,0,CE,2011
2011-09-07,KEE,0,34843,0,CE,2011
2011-09-08,KEE,0,34843,0,CE,2011
2011-09-09,KEE,0,34843,0,CE,2011
2011-09-10,KEE,0,34843,0,CE,2011
2011-09-11,KEE,0,34843,0,CE,2011
2011-09-12,KEE,0,34843,0,CE,2011
2011-09-13,KEE,0,34843,0,CE,2011
2011-09-14,KEE,0,34843,0,CE,2011
2011-09-15,KEE,0,34843,0,CE,2011
2011-09-16,KEE,0,34843,0,CE,2011
2011-09-17,KEE,0,34843,0,CE,2011
2011-09-18,KEE,0,34843,0,CE,2011
2011-09-19,KEE,0,34843,0,CE,2011
2011-09-20,KEE,0,34843,0,CE,2011
2011-09-21,KEE,0,34843,0,CE,2011
2011-09-22,KEE,0,34843,0,CE,2011
2011-09-23,KEE,0,34843,0,CE,2011
2011-09-24,KEE,0,34843,0,CE,2011
2011-09-25,KEE,0,34843,0,CE,2011
2011-09-26,KEE,0,34843,0,CE,2011
2011-09-27,KEE,0,34843,0,CE,2011
2011-09-28,KEE,0,34843,0,CE,2011
2011-09-29,KEE,0,34843,0,CE,2011
2011-09-30,KEE,0,34843,0,CE,2011
2011-10-01,KEE,0,34843,0,CE,2012
2011-10-02,KEE,0,34843,0,CE,2012
2011-10-03,KEE,0,34843,0,CE,2012
2011-10-04,KEE,0,34843,0,CE,2012
2011-10-05,KEE,0,34843,0,CE,2012
2011-10-06,KEE,6e-4,34843,1.74215,CE,2012
2011-10-07,KEE,7e-4,34843,2.032508333,CE,2012
2011-10-08,KEE,8e-4,34843,2.322866667,CE,2012
2011-10-09,KEE,7e-4,34843,2.032508333,CE,2012
2011-10-10,KEE,7e-4,34843,2.032508333,CE,2012
2011-10-11,KEE,6e-4,34843,1.74215,CE,2012
2011-10-12,KEE,0.0011,34843,3.193941667,CE,2012
2011-10-13,KEE,0.0011,34843,3.193941667,CE,2012
2011-10-14,KEE,0.0011,34843,3.193941667,CE,2012
2011-10-15,KEE,0.0011,34843,3.193941667,CE,2012
2011-10-16,KEE,0.0011,34843,3.193941667,CE,2012
2011-10-17,KEE,0.0011,34843,3.193941667,CE,2012
2011-10-18,KEE,0.001,34843,2.903583333,CE,2012
2011-10-19,KEE,1e-4,34843,0.290358333,CE,2012
2011-10-20,KEE,0,34843,0,CE,2012
2011-10-21,KEE,0,34843,0,CE,2012
2011-10-22,KEE,0,34843,0,CE,2012
2011-10-23,KEE,0,34843,0,CE,2012
2011-10-24,KEE,0,34843,0,CE,2012
2011-10-25,KEE,1e-4,34843,0.290358333,CE,2012
2011-10-26,KEE,1e-4,34843,0.290358333,CE,2012
2011-10-27,KEE,0,34843,0,CE,2012
2011-10-28,KEE,0,34843,0,CE,2012
2011-10-29,KEE,0,34843,0,CE,2012
2011-10-30,KEE,9e-4,34843,2.613225,CE,2012
2011-10-31,KEE,0,34843,0,CE,2012
2011-11-01,KEE,0.0134,34843,38.90801667,CE,2012
2011-11-02,KEE,0.0079,34843,22.93830833,CE,2012
2011-11-03,KEE,0.0059,34843,17.13114167,CE,2012
2011-11-04,KEE,0.1277,34843,370.7875917,CE,2012
2011-11-05,KEE,0.1308,34843,379.7887,CE,2012
2011-11-06,KEE,0.1328,34843,385.5958667,CE,2012
2011-11-07,KEE,0.1266,34843,367.59365,CE,2012
2011-11-08,KEE,0.1297,34843,376.5947583,CE,2012
2011-11-09,KEE,0.1074,34843,311.84485,CE,2012
2011-11-10,KEE,0.0488,34843,141.6948667,CE,2012
2011-11-11,KEE,0.0218,34843,63.29811667,CE,2012
2011-11-12,KEE,0.2024,34843,587.6852667,CE,2012
2011-11-13,KEE,0.6665,34843,1935.238292,CE,2012
2011-11-14,KEE,0.8344,34843,2422.749933,CE,2012
2011-11-15,KEE,1.0106,34843,2934.361317,CE,2012
2011-11-16,KEE,3.9189,34843,11378.85273,CE,2012
2011-11-17,KEE,4.468,34843,12973.21033,CE,2012
2011-11-18,KEE,5.6421,34843,16382.30753,CE,2012
2011-11-19,KEE,5.9087,34843,17156.40284,CE,2012
2011-11-20,KEE,6.1439,34843,17839.32564,CE,2012
2011-11-21,KEE,6.1424,34843,17834.97027,CE,2012
2011-11-22,KEE,6.4965,34843,18863.12913,CE,2012
2011-11-23,KEE,7.8623,34843,22828.84324,CE,2012
2011-11-24,KEE,10.0761,34843,29256.79603,CE,2012
2011-11-25,KEE,10.3679,34843,30104.06164,CE,2012
2011-11-26,KEE,10.5412,34843,30607.25263,CE,2012
2011-11-27,KEE,10.4125,34843,30233.56146,CE,2012
2011-11-28,KEE,10.3792,34843,30136.87213,CE,2012
2011-11-29,KEE,11.6187,34843,33735.86368,CE,2012
2011-11-30,KEE,11.4398,34843,33216.41262,CE,2012
2011-12-01,KEE,11.4273,34843,33180.11783,CE,2012
2011-12-02,KEE,11.1932,34843,32500.38897,CE,2012
2011-12-03,KEE,11.8434,34843,34388.29885,CE,2012
2011-12-04,KEE,11.6995,34843,33970.47321,CE,2012
2011-12-05,KEE,11.5358,34843,33495.15662,CE,2012
2011-12-06,KEE,11.353,34843,32964.38158,CE,2012
2011-12-07,KEE,11.0985,34843,32225.41963,CE,2012
2011-12-08,KEE,10.8812,34843,31594.47097,CE,2012
2011-12-09,KEE,11.4102,34843,33130.46655,CE,2012
2011-12-10,KEE,11.1956,34843,32507.35757,CE,2012
2011-12-11,KEE,11.0567,34843,32104.04984,CE,2012
2011-12-12,KEE,10.9319,34843,31741.68264,CE,2012
2011-12-13,KEE,10.7938,34843,31340.69778,CE,2012
2011-12-14,KEE,10.6592,34843,30949.87547,CE,2012
2011-12-15,KEE,10.5431,34843,30612.76944,CE,2012
2011-12-16,KEE,10.8604,34843,31534.07643,CE,2012
2011-12-17,KEE,10.7499,34843,31213.23048,CE,2012
2011-12-18,KEE,10.4863,34843,30447.84591,CE,2012
2011-12-19,KEE,10.337,34843,30014.34092,CE,2012
2011-12-20,KEE,10.158,34843,29494.5995,CE,2012
2011-12-21,KEE,10.0622,34843,29216.43622,CE,2012
2011-12-22,KEE,10.8987,34843,31645.28368,CE,2012
2011-12-23,KEE,10.7842,34843,31312.82338,CE,2012
2011-12-24,KEE,10.7011,34843,31071.53561,CE,2012
2011-12-25,KEE,10.5745,34843,30703.94196,CE,2012
2011-12-26,KEE,10.4315,34843,30288.72954,CE,2012
2011-12-27,KEE,10.3798,34843,30138.61428,CE,2012
2011-12-28,KEE,10.8711,34843,31565.14478,CE,2012
2011-12-29,KEE,10.4971,34843,30479.20461,CE,2012
2011-12-30,KEE,11.6101,34843,33710.89286,CE,2012
2011-12-31,KEE,11.9704,34843,34757.05393,CE,2012
2012-01-01,KEE,11.8444,34843,34391.20243,CE,2012
2012-01-02,KEE,11.7088,34843,33997.47653,CE,2012
2012-01-03,KEE,11.5557,34843,33552.93793,CE,2012
2012-01-04,KEE,14.1366,34843,41046.79615,CE,2012
2012-01-05,KEE,14.0641,34843,40836.28636,CE,2012
2012-01-06,KEE,13.7033,34843,39788.67349,CE,2012
2012-01-07,KEE,14.2456,34843,41363.28673,CE,2012
2012-01-08,KEE,14.0791,34843,40879.84011,CE,2012
2012-01-09,KEE,13.8357,34843,40173.10793,CE,2012
2012-01-10,KEE,13.6388,34843,39601.39237,CE,2012
2012-01-11,KEE,13.5021,34843,39204.47253,CE,2012
2012-01-12,KEE,13.7455,34843,39911.20471,CE,2012
2012-01-13,KEE,13.5333,34843,39295.06433,CE,2012
2012-01-14,KEE,13.3033,34843,38627.24016,CE,2012
2012-01-15,KEE,13.8211,34843,40130.71561,CE,2012
2012-01-16,KEE,13.9518,34843,40510.21395,CE,2012
2012-01-17,KEE,14.3178,34843,41572.92545,CE,2012
2012-01-18,KEE,17.9445,34843,52103.35113,CE,2012
2012-01-19,KEE,19.5959,34843,56898.32864,CE,2012
2012-01-20,KEE,20.8106,34843,60425.31132,CE,2012
2012-01-21,KEE,21.2413,34843,61675.88466,CE,2012
2012-01-22,KEE,22.2182,34843,64512.39522,CE,2012
2012-01-23,KEE,22.729,34843,65995.54558,CE,2012
2012-01-24,KEE,22.7564,34843,66075.10377,CE,2012
2012-01-25,KEE,22.8294,34843,66287.06535,CE,2012
2012-01-26,KEE,23.8681,34843,69303.01736,CE,2012
2012-01-27,KEE,24.3779,34843,70783.26414,CE,2012
2012-01-28,KEE,24.3505,34843,70703.70596,CE,2012
2012-01-29,KEE,24.2935,34843,70538.20171,CE,2012
2012-01-30,KEE,24.6064,34843,71446.73293,CE,2012
2012-01-31,KEE,25.9098,34843,75231.26345,CE,2012
2012-02-01,KEE,25.7718,34843,74830.56895,CE,2012
2012-02-02,KEE,26.2719,34843,76282.65098,CE,2012
2012-02-03,KEE,26.1524,34843,75935.67277,CE,2012
2012-02-04,KEE,25.9922,34843,75470.51872,CE,2012
2012-02-05,KEE,25.8277,34843,74992.87926,CE,2012
2012-02-06,KEE,25.6602,34843,74506.52905,CE,2012
2012-02-07,KEE,26.2632,34843,76257.3898,CE,2012
2012-02-08,KEE,26.0824,34843,75732.42193,CE,2012
2012-02-09,KEE,26.1804,34843,76016.9731,CE,2012
2012-02-10,KEE,26.2569,34843,76239.09723,CE,2012
2012-02-11,KEE,26.0532,34843,75647.6373,CE,2012
2012-02-12,KEE,25.8513,34843,75061.40383,CE,2012
2012-02-13,KEE,25.6647,34843,74519.59518,CE,2012
2012-02-14,KEE,26.6566,34843,77399.65948,CE,2012
2012-02-15,KEE,26.6202,34843,77293.96905,CE,2012
2012-02-16,KEE,26.4949,34843,76930.15006,CE,2012
2012-02-17,KEE,26.45,34843,76799.77917,CE,2012
2012-02-18,KEE,26.7006,34843,77527.41715,CE,2012
2012-02-19,KEE,27.7933,34843,80700.16266,CE,2012
2012-02-20,KEE,28.0799,34843,81532.32964,CE,2012
2012-02-21,KEE,28.2842,34843,82125.53172,CE,2012
2012-02-22,KEE,32.2195,34843,93552.00321,CE,2012
2012-02-23,KEE,32.8034,34843,95247.40552,CE,2012
2012-02-24,KEE,32.7174,34843,94997.69735,CE,2012
2012-02-25,KEE,32.9135,34843,95567.09004,CE,2012
2012-02-26,KEE,34.0065,34843,98740.70663,CE,2012
2012-02-27,KEE,34.1135,34843,99051.39004,CE,2012
2012-02-28,KEE,35.1181,34843,101968.3299,CE,2012
2012-02-29,KEE,35.1562,34843,102078.9564,CE,2012
2012-03-01,KEE,35.9464,34843,104373.3679,CE,2012
2012-03-02,KEE,36.1266,34843,104896.5937,CE,2012
2012-03-03,KEE,36.2215,34843,105172.1437,CE,2012
2012-03-04,KEE,36.3314,34843,105491.2475,CE,2012
2012-03-05,KEE,35.9915,34843,104504.3195,CE,2012
2012-03-06,KEE,36.277,34843,105333.2926,CE,2012
2012-03-07,KEE,37.9495,34843,110189.5357,CE,2012
2012-03-08,KEE,37.8267,34843,109832.9757,CE,2012
2012-03-09,KEE,37.5854,34843,109132.341,CE,2012
2012-03-10,KEE,37.2002,34843,108013.8807,CE,2012
2012-03-11,KEE,37.0342,34843,107531.8859,CE,2012
2012-03-12,KEE,37.4252,34843,108667.187,CE,2012
2012-03-13,KEE,39.9274,34843,115932.5332,CE,2012
2012-03-14,KEE,40.5608,34843,117771.6629,CE,2012
2012-03-15,KEE,41.1605,34843,119512.9418,CE,2012
2012-03-16,KEE,42.8019,34843,124278.8835,CE,2012
2012-03-17,KEE,43.1271,34843,125223.1288,CE,2012
2012-03-18,KEE,43.3916,34843,125991.1266,CE,2012
2012-03-19,KEE,43.4692,34843,126216.4446,CE,2012
2012-03-20,KEE,43.2091,34843,125461.2226,CE,2012
2012-03-21,KEE,44.74,34843,129906.3183,CE,2012
2012-03-22,KEE,44.9288,34843,130454.5149,CE,2012
2012-03-23,KEE,45.7087,34843,132719.0195,CE,2012
2012-03-24,KEE,45.675,34843,132621.1688,CE,2012
2012-03-25,KEE,45.5748,34843,132330.2297,CE,2012
2012-03-26,KEE,45.4655,34843,132012.868,CE,2012
2012-03-27,KEE,45.6406,34843,132521.2855,CE,2012
2012-03-28,KEE,45.8275,34843,133063.9652,CE,2012
2012-03-29,KEE,45.7041,34843,132705.663,CE,2012
2012-03-30,KEE,46.1627,34843,134037.2463,CE,2012
2012-03-31,KEE,48.855,34843,141854.5638,CE,2012
2012-04-01,KEE,48.9998,34843,142275.0026,CE,2012
2012-04-02,KEE,49.4309,34843,143526.7374,CE,2012
2012-04-03,KEE,48.5935,34843,141095.2767,CE,2012
2012-04-04,KEE,48.3428,34843,140367.3484,CE,2012
2012-04-05,KEE,48.1078,34843,139685.0063,CE,2012
2012-04-06,KEE,48.5264,34843,140900.4463,CE,2012
2012-04-07,KEE,48.4878,34843,140788.368,CE,2012
2012-04-08,KEE,48.2658,34843,140143.7725,CE,2012
2012-04-09,KEE,47.8608,34843,138967.8212,CE,2012
2012-04-10,KEE,48.0329,34843,139467.5279,CE,2012
2012-04-11,KEE,47.205,34843,137063.6513,CE,2012
2012-04-12,KEE,47.8078,34843,138813.9313,CE,2012
2012-04-13,KEE,47.288,34843,137304.6487,CE,2012
2012-04-14,KEE,46.8205,34843,135947.2235,CE,2012
2012-04-15,KEE,46.3348,34843,134536.953,CE,2012
2012-04-16,KEE,45.8182,34843,133036.9619,CE,2012
2012-04-17,KEE,46.3962,34843,134715.2331,CE,2012
2012-04-18,KEE,45.9104,34843,133304.6723,CE,2012
2012-04-19,KEE,45.7346,34843,132794.2223,CE,2012
2012-04-20,KEE,46.1798,34843,134086.8976,CE,2012
2012-04-21,KEE,45.4058,34843,131839.5241,CE,2012
2012-04-22,KEE,44.5912,34843,129474.2651,CE,2012
2012-04-23,KEE,43.2432,34843,125560.2348,CE,2012
2012-04-24,KEE,41.6478,34843,120927.858,CE,2012
2012-04-25,KEE,41.398,34843,120202.5428,CE,2012
2012-04-26,KEE,40.5251,34843,117668.0049,CE,2012
2012-04-27,KEE,39.8919,34843,115829.456,CE,2012
2012-04-28,KEE,39.9166,34843,115901.1745,CE,2012
2012-04-29,KEE,39.4962,34843,114680.5081,CE,2012
2012-04-30,KEE,38.9134,34843,112988.2997,CE,2012
2012-05-01,KEE,38.8761,34843,112879.996,CE,2012
2012-05-02,KEE,39.1282,34843,113611.9894,CE,2012
2012-05-03,KEE,38.9344,34843,113049.2749,CE,2012
2012-05-04,KEE,39.3185,34843,114164.5413,CE,2012
2012-05-05,KEE,38.9519,34843,113100.0876,CE,2012
2012-05-06,KEE,38.5809,34843,112022.8582,CE,2012
2012-05-07,KEE,38.1838,34843,110869.8453,CE,2012
2012-05-08,KEE,38.1641,34843,110812.6447,CE,2012
2012-05-09,KEE,37.373,34843,108515.6199,CE,2012
2012-05-10,KEE,36.7818,34843,106799.0215,CE,2012
2012-05-11,KEE,36.4282,34843,105772.3144,CE,2012
2012-05-12,KEE,36.0192,34843,104584.7488,CE,2012
2012-05-13,KEE,35.2921,34843,102473.5534,CE,2012
2012-05-14,KEE,34.4129,34843,99920.72289,CE,2012
2012-05-15,KEE,33.193600000000004,34843,96380.38373,CE,2012
2012-05-16,KEE,31.9357,34843,92727.96626,CE,2012
2012-05-17,KEE,30.9189,34843,89775.60273,CE,2012
2012-05-18,KEE,30.1579,34843,87565.97581,CE,2012
2012-05-19,KEE,29.6169,34843,85995.13723,CE,2012
2012-05-20,KEE,29.0673,34843,84399.32783,CE,2012
2012-05-21,KEE,28.5672,34843,82947.2458,CE,2012
2012-05-22,KEE,28.0314,34843,81391.50585,CE,2012
2012-05-23,KEE,26.5973,34843,77227.47699,CE,2012
2012-05-24,KEE,26.4172,34843,76704.54163,CE,2012
2012-05-25,KEE,25.9492,34843,75345.66463,CE,2012
2012-05-26,KEE,25.3344,34843,73560.5416,CE,2012
2012-05-27,KEE,24.6575,34843,71595.10604,CE,2012
2012-05-28,KEE,23.9504,34843,69541.98227,CE,2012
2012-05-29,KEE,23.3428,34843,67777.76503,CE,2012
2012-05-30,KEE,22.5944,34843,65604.72327,CE,2012
2012-05-31,KEE,21.9788,34843,63817.27737,CE,2012
2012-06-01,KEE,21.2436,34843,61682.5629,CE,2012
2012-06-02,KEE,20.3007,34843,58944.77418,CE,2012
2012-06-03,KEE,19.5018,34843,56625.10145,CE,2012
2012-06-04,KEE,18.9803,34843,55110.88274,CE,2012
2012-06-05,KEE,18.8138,34843,54627.43612,CE,2012
2012-06-06,KEE,18.542,34843,53838.24217,CE,2012
2012-06-07,KEE,17.4347,34843,50623.10434,CE,2012
2012-06-08,KEE,17.2163,34843,49988.96174,CE,2012
2012-06-09,KEE,16.8755,34843,48999.42054,CE,2012
2012-06-10,KEE,16.4443,34843,47747.39541,CE,2012
2012-06-11,KEE,15.9016,34843,46171.62073,CE,2012
2012-06-12,KEE,15.0849,34843,43800.26423,CE,2012
2012-06-13,KEE,14.4334,34843,41908.57968,CE,2012
2012-06-14,KEE,13.7555,34843,39940.24054,CE,2012
2012-06-15,KEE,12.9695,34843,37658.02404,CE,2012
2012-06-16,KEE,12.4005,34843,36005.88513,CE,2012
2012-06-17,KEE,11.6218,34843,33744.86478,CE,2012
2012-06-18,KEE,10.73,34843,31155.44917,CE,2012
2012-06-19,KEE,10.3079,34843,29929.84664,CE,2012
2012-06-20,KEE,9.5909,34843,27847.97739,CE,2012
2012-06-21,KEE,9.0425,34843,26255.652290000002,CE,2012
2012-06-22,KEE,8.3283,34843,24181.91308,CE,2012
2012-06-23,KEE,7.9422,34843,23060.83955,CE,2012
2012-06-24,KEE,7.4467,34843,21622.11401,CE,2012
2012-06-25,KEE,7.1109,34843,20647.09073,CE,2012
2012-06-26,KEE,6.6075,34843,19185.42688,CE,2012
2012-06-27,KEE,6.3274,34843,18372.13318,CE,2012
2012-06-28,KEE,5.9475,34843,17269.06188,CE,2012
2012-06-29,KEE,5.4693,34843,15880.56833,CE,2012
2012-06-30,KEE,5.029,34843,14602.12058,CE,2012
2012-07-01,KEE,4.6009,34843,13359.09656,CE,2012
2012-07-02,KEE,4.2242,34843,12265.31672,CE,2012
2012-07-03,KEE,3.8403,34843,11150.63108,CE,2012
2012-07-04,KEE,3.6452,34843,10584.14197,CE,2012
2012-07-05,KEE,3.4204,34843,9931.416433,CE,2012
2012-07-06,KEE,3.1397,34843,9116.380592,CE,2012
2012-07-07,KEE,2.8265,34843,8206.978292,CE,2012
2012-07-08,KEE,2.4914,34843,7233.987517,CE,2012
2012-07-09,KEE,2.1414,34843,6217.73335,CE,2012
2012-07-10,KEE,1.8174,34843,5276.97235,CE,2012
2012-07-11,KEE,1.5016,34843,4360.020733,CE,2012
2012-07-12,KEE,1.2879,34843,3739.524975,CE,2012
2012-07-13,KEE,1.0786,34843,3131.804983,CE,2012
2012-07-14,KEE,0.8856,34843,2571.4134,CE,2012
2012-07-15,KEE,0.6971,34843,2024.087942,CE,2012
2012-07-16,KEE,0.6031,34843,1751.151108,CE,2012
2012-07-17,KEE,0.5114,34843,1484.892517,CE,2012
2012-07-18,KEE,0.4166,34843,1209.632817,CE,2012
2012-07-19,KEE,0.3403,34843,988.0894083,CE,2012
2012-07-20,KEE,0.2715,34843,788.322875,CE,2012
2012-07-21,KEE,0.2286,34843,663.75915,CE,2012
2012-07-22,KEE,0.198,34843,574.9095,CE,2012
2012-07-23,KEE,0.1731,34843,502.610275,CE,2012
2012-07-24,KEE,0.1591,34843,461.9601083,CE,2012
2012-07-25,KEE,0.1384,34843,401.8559333,CE,2012
2012-07-26,KEE,0.1131,34843,328.395275,CE,2012
2012-07-27,KEE,0.091,34843,264.2260833,CE,2012
2012-07-28,KEE,0.0763,34843,221.5434083,CE,2012
2012-07-29,KEE,0.0656,34843,190.4750667,CE,2012
2012-07-30,KEE,0.053900000000000003,34843,156.5031417,CE,2012
2012-07-31,KEE,0.0429,34843,124.563725,CE,2012
2012-08-01,KEE,0.033,34843,95.81825,CE,2012
2012-08-02,KEE,0.0216,34843,62.7174,CE,2012
2012-08-03,KEE,0.013,34843,37.74658333,CE,2012
2012-08-04,KEE,0.0062,34843,18.00221667,CE,2012
2012-08-05,KEE,1e-4,34843,0.290358333,CE,2012
2012-08-06,KEE,0,34843,0,CE,2012
2012-08-07,KEE,0,34843,0,CE,2012
2012-08-08,KEE,0,34843,0,CE,2012
2012-08-09,KEE,0,34843,0,CE,2012
2012-08-10,KEE,0,34843,0,CE,2012
2012-08-11,KEE,0,34843,0,CE,2012
2012-08-12,KEE,0,34843,0,CE,2012
2012-08-13,KEE,0,34843,0,CE,2012
2012-08-14,KEE,0,34843,0,CE,2012
2012-08-15,KEE,0,34843,0,CE,2012
2012-08-16,KEE,0,34843,0,CE,2012
2012-08-17,KEE,0,34843,0,CE,2012
2012-08-18,KEE,0,34843,0,CE,2012
2012-08-19,KEE,0,34843,0,CE,2012
2012-08-20,KEE,0,34843,0,CE,2012
2012-08-21,KEE,0,34843,0,CE,2012
2012-08-22,KEE,0,34843,0,CE,2012
2012-08-23,KEE,0,34843,0,CE,2012
2012-08-24,KEE,0,34843,0,CE,2012
2012-08-25,KEE,0,34843,0,CE,2012
2012-08-26,KEE,0,34843,0,CE,2012
2012-08-27,KEE,0,34843,0,CE,2012
2012-08-28,KEE,0,34843,0,CE,2012
2012-08-29,KEE,0,34843,0,CE,2012
2012-08-30,KEE,0,34843,0,CE,2012
2012-08-31,KEE,0,34843,0,CE,2012
2012-09-01,KEE,0,34843,0,CE,2012
2012-09-02,KEE,0,34843,0,CE,2012
2012-09-03,KEE,0,34843,0,CE,2012
2012-09-04,KEE,0,34843,0,CE,2012
2012-09-05,KEE,0,34843,0,CE,2012
2012-09-06,KEE,0,34843,0,CE,2012
2012-09-07,KEE,0,34843,0,CE,2012
2012-09-08,KEE,0,34843,0,CE,2012
2012-09-09,KEE,0,34843,0,CE,2012
2012-09-10,KEE,0,34843,0,CE,2012
2012-09-11,KEE,0,34843,0,CE,2012
2012-09-12,KEE,0,34843,0,CE,2012
2012-09-13,KEE,0,34843,0,CE,2012
2012-09-14,KEE,0,34843,0,CE,2012
2012-09-15,KEE,0,34843,0,CE,2012
2012-09-16,KEE,0,34843,0,CE,2012
2012-09-17,KEE,0,34843,0,CE,2012
2012-09-18,KEE,0,34843,0,CE,2012
2012-09-19,KEE,0,34843,0,CE,2012
2012-09-20,KEE,0,34843,0,CE,2012
2012-09-21,KEE,0,34843,0,CE,2012
2012-09-22,KEE,0,34843,0,CE,2012
2012-09-23,KEE,0,34843,0,CE,2012
2012-09-24,KEE,0,34843,0,CE,2012
2012-09-25,KEE,0,34843,0,CE,2012
2012-09-26,KEE,0,34843,0,CE,2012
2012-09-27,KEE,0,34843,0,CE,2012
2012-09-28,KEE,0,34843,0,CE,2012
2012-09-29,KEE,0,34843,0,CE,2012
2012-09-30,KEE,0,34843,0,CE,2012
2003-10-01,RIM,0,119663,0,CE,2004
2003-10-02,RIM,0,119663,0,CE,2004
2003-10-03,RIM,0,119663,0,CE,2004
2003-10-04,RIM,0,119663,0,CE,2004
2003-10-05,RIM,0,119663,0,CE,2004
2003-10-06,RIM,0,119663,0,CE,2004
2003-10-07,RIM,0,119663,0,CE,2004
2003-10-08,RIM,0,119663,0,CE,2004
2003-10-09,RIM,0,119663,0,CE,2004
2003-10-10,RIM,0,119663,0,CE,2004
2003-10-11,RIM,0,119663,0,CE,2004
2003-10-12,RIM,0,119663,0,CE,2004
2003-10-13,RIM,0,119663,0,CE,2004
2003-10-14,RIM,0,119663,0,CE,2004
2003-10-15,RIM,0,119663,0,CE,2004
2003-10-16,RIM,0,119663,0,CE,2004
2003-10-17,RIM,0,119663,0,CE,2004
2003-10-18,RIM,0,119663,0,CE,2004
2003-10-19,RIM,0,119663,0,CE,2004
2003-10-20,RIM,0,119663,0,CE,2004
2003-10-21,RIM,0,119663,0,CE,2004
2003-10-22,RIM,0,119663,0,CE,2004
2003-10-23,RIM,0,119663,0,CE,2004
2003-10-24,RIM,0,119663,0,CE,2004
2003-10-25,RIM,0,119663,0,CE,2004
2003-10-26,RIM,0,119663,0,CE,2004
2003-10-27,RIM,0,119663,0,CE,2004
2003-10-28,RIM,0,119663,0,CE,2004
2003-10-29,RIM,0,119663,0,CE,2004
2003-10-31,RIM,0.07,119663,653.16,CE,2004
2003-11-01,RIM,0.06,119663,584.35,CE,2004
2003-11-02,RIM,0.06,119663,639.2,CE,2004
2003-11-03,RIM,0.15,119663,1495.79,CE,2004
2003-11-04,RIM,0.15,119663,1470.86,CE,2004
2003-11-05,RIM,0.15,119663,1449.92,CE,2004
2003-11-06,RIM,0.14,119663,1401.05,CE,2004
2003-11-07,RIM,0.13,119663,1342.22,CE,2004
2003-11-08,RIM,0.13,119663,1294.35,CE,2004
2003-11-09,RIM,0.12,119663,1206.6,CE,2004
2003-11-10,RIM,0.05,119663,543.47,CE,2004
2003-11-11,RIM,0.14,119663,1401.05,CE,2004
2003-11-12,RIM,0.24,119663,2343.4,CE,2004
2003-11-13,RIM,0.84,119663,8353.47,CE,2004
2003-11-14,RIM,0.82,119663,8154.04,CE,2004
2003-11-15,RIM,0.8,119663,8006.45,CE,2004
2003-11-16,RIM,0.81,119663,8062.29,CE,2004
2003-11-17,RIM,1.09,119663,10853.43,CE,2004
2003-11-18,RIM,1.42,119663,14126.22,CE,2004
2003-11-19,RIM,1.32,119663,13149.97,CE,2004
2003-11-20,RIM,2.19,119663,21879.38,CE,2004
2003-11-21,RIM,2.2,119663,21959.16,CE,2004
2003-11-22,RIM,2.2,119663,21902.32,CE,2004
2003-11-23,RIM,2.19,119663,21850.46,CE,2004
2003-11-24,RIM,2.21,119663,22076.83,CE,2004
2003-11-25,RIM,2.92,119663,29109.02,CE,2004
2003-11-26,RIM,3.14,119663,31342.73,CE,2004
2003-11-27,RIM,3.17,119663,31570.09,CE,2004
2003-11-28,RIM,3.16,119663,31521.23,CE,2004
2003-11-29,RIM,3.45,119663,34442,CE,2004
2003-11-30,RIM,3.46,119663,34479.9,CE,2004
2003-12-01,RIM,3.44,119663,34270.49,CE,2004
2003-12-02,RIM,3.49,119663,34814.95,CE,2004
2003-12-03,RIM,4.78,119663,47665.76,CE,2004
2003-12-04,RIM,4.78,119663,47653.8,CE,2004
2003-12-05,RIM,4.87,119663,48607.11,CE,2004
2003-12-06,RIM,5.12,119663,51044.25,CE,2004
2003-12-07,RIM,5.1,119663,50819.88,CE,2004
2003-12-08,RIM,5.16,119663,51422.18,CE,2004
2003-12-09,RIM,5.94,119663,59199.28,CE,2004
2003-12-10,RIM,6.19,119663,61769.04,CE,2004
2003-12-11,RIM,6.54,119663,65213.34,CE,2004
2003-12-12,RIM,6.54,119663,65213.34,CE,2004
2003-12-13,RIM,6.64,119663,66208.54,CE,2004
2003-12-14,RIM,7.09,119663,70687.93,CE,2004
2003-12-15,RIM,7.12,119663,70957.17,CE,2004
2003-12-16,RIM,7.11,119663,70915.29,CE,2004
2003-12-17,RIM,9.13,119663,91073.51,CE,2004
2003-12-18,RIM,9.12,119663,90970.8,CE,2004
2003-12-19,RIM,9.11,119663,90886.04,CE,2004
2003-12-20,RIM,9.13,119663,91054.57,CE,2004
2003-12-21,RIM,9.13,119663,91071.52,CE,2004
2003-12-22,RIM,9.15,119663,91244.03,CE,2004
2003-12-23,RIM,8.98,119663,89517.9,CE,2004
2003-12-24,RIM,9.02,119663,89969.62,CE,2004
2003-12-25,RIM,9.22,119663,91928.11,CE,2004
2003-12-26,RIM,9.23,119663,92030.82,CE,2004
2003-12-27,RIM,9.23,119663,92007.88,CE,2004
2003-12-28,RIM,9.31,119663,92860.48,CE,2004
2003-12-29,RIM,9.35,119663,93285.29,CE,2004
2003-12-30,RIM,10.77,119663,107439.42,CE,2004
2003-12-31,RIM,10.77,119663,107384.58,CE,2004
2004-01-01,RIM,10.78,119663,107493.27,CE,2004
2004-01-02,RIM,11.12,119663,110847.83,CE,2004
2004-01-03,RIM,11.24,119663,112075.37,CE,2004
2004-01-04,RIM,11.6,119663,115721.1,CE,2004
2004-01-05,RIM,11.62,119663,115842.76,CE,2004
2004-01-06,RIM,12.38,119663,123443.35,CE,2004
2004-01-07,RIM,13.21,119663,131715.06,CE,2004
2004-01-08,RIM,13.61,119663,135707.81,CE,2004
2004-01-09,RIM,13.71,119663,136718.97,CE,2004
2004-01-10,RIM,13.82,119663,137805.91,CE,2004
2004-01-11,RIM,13.81,119663,137759.04,CE,2004
2004-01-12,RIM,13.81,119663,137666.3,CE,2004
2004-01-13,RIM,14.91,119663,148641.39,CE,2004
2004-01-14,RIM,14.9,119663,148549.65,CE,2004
2004-01-15,RIM,15.03,119663,149893.86,CE,2004
2004-01-16,RIM,15.19,119663,151439.51,CE,2004
2004-01-17,RIM,15.18,119663,151353.75,CE,2004
2004-01-18,RIM,15.17,119663,151318.85,CE,2004
2004-01-19,RIM,15.22,119663,151744.65,CE,2004
2004-01-20,RIM,15.22,119663,151737.67,CE,2004
2004-01-21,RIM,15.21,119663,151691.8,CE,2004
2004-01-22,RIM,15.21,119663,151670.86,CE,2004
2004-01-23,RIM,15.21,119663,151670.86,CE,2004
2004-01-24,RIM,15.8,119663,157537.34,CE,2004
2004-01-25,RIM,15.95,119663,159100.93,CE,2004
2004-01-26,RIM,15.99,119663,159480.86,CE,2004
2004-01-27,RIM,16.07,119663,160291.58,CE,2004
2004-01-28,RIM,16.9,119663,168502.46,CE,2004
2004-01-29,RIM,17.36,119663,173098.51,CE,2004
2004-01-30,RIM,17.65,119663,176022.28,CE,2004
2004-01-31,RIM,17.97,119663,179205.31,CE,2004
2004-02-01,RIM,18,119663,179469.57,CE,2004
2004-02-02,RIM,18.01,119663,179631.12,CE,2004
2004-02-03,RIM,18.39,119663,183411.47,CE,2004
2004-02-04,RIM,18.39,119663,183418.45,CE,2004
2004-02-05,RIM,21.47,119663,214116.99,CE,2004
2004-02-06,RIM,21.47,119663,214051.18,CE,2004
2004-02-07,RIM,21.48,119663,214157.88,CE,2004
2004-02-08,RIM,21.48,119663,214166.85,CE,2004
2004-02-09,RIM,21.47,119663,214086.08,CE,2004
2004-02-10,RIM,21.46,119663,214034.23,CE,2004
2004-02-11,RIM,22.07,119663,220032.34,CE,2004
2004-02-12,RIM,22.06,119663,219967.52,CE,2004
2004-02-13,RIM,22.05,119663,219840.87,CE,2004
2004-02-14,RIM,22.04,119663,219783.04,CE,2004
2004-02-15,RIM,22.09,119663,220273.66,CE,2004
2004-02-16,RIM,22.09,119663,220289.61,CE,2004
2004-02-17,RIM,22.31,119663,222433.57,CE,2004
2004-02-18,RIM,23.09,119663,230211.67,CE,2004
2004-02-19,RIM,23.08,119663,230179.76,CE,2004
2004-02-20,RIM,23.75,119663,236868.92,CE,2004
2004-02-21,RIM,23.75,119663,236816.07,CE,2004
2004-02-22,RIM,23.74,119663,236765.21,CE,2004
2004-02-23,RIM,23.74,119663,236704.38,CE,2004
2004-02-24,RIM,23.88,119663,238098.46,CE,2004
2004-02-26,RIM,24.1,119663,240288.29,CE,2004
2004-02-27,RIM,24.44,119663,243717.63,CE,2004
2004-02-28,RIM,24.45,119663,243804.39,CE,2004
2004-02-29,RIM,24.45,119663,243818.35,CE,2004
2004-03-01,RIM,24.45,119663,243779.46,CE,2004
2004-03-02,RIM,25.11,119663,250442.69,CE,2004
2004-03-03,RIM,25.11,119663,250348.96,CE,2004
2004-03-04,RIM,25.21,119663,251427.92,CE,2004
2004-03-05,RIM,25.85,119663,257754.1,CE,2004
2004-03-06,RIM,26.05,119663,259734.52,CE,2004
2004-03-07,RIM,26.08,119663,260067.59,CE,2004
2004-03-08,RIM,26.08,119663,260095.51,CE,2004
2004-03-09,RIM,27.33,119663,272535.47,CE,2004
2004-03-10,RIM,27.22,119663,271411.64,CE,2004
2004-03-11,RIM,27.13,119663,270529.12,CE,2004
2004-03-12,RIM,27.05,119663,269761.29,CE,2004
2004-03-13,RIM,26.94,119663,268606.54,CE,2004
2004-03-14,RIM,26.86,119663,267874.6,CE,2004
2004-03-15,RIM,26.78,119663,267057.9,CE,2004
2004-03-16,RIM,26.67,119663,265913.12,CE,2004
2004-03-17,RIM,26.53,119663,264569.91,CE,2004
2004-03-18,RIM,26.3,119663,262237.48,CE,2004
2004-03-19,RIM,26.16,119663,260866.34,CE,2004
2004-03-20,RIM,26.17,119663,260922.18,CE,2004
2004-03-21,RIM,26.13,119663,260523.3,CE,2004
2004-03-22,RIM,26.03,119663,259554.03,CE,2004
2004-03-23,RIM,25.75,119663,256823.72,CE,2004
2004-03-24,RIM,25.78,119663,257063.05,CE,2004
2004-03-25,RIM,25.73,119663,256535.53,CE,2004
2004-03-26,RIM,26.01,119663,259397.47,CE,2004
2004-03-27,RIM,26.06,119663,259861.17,CE,2004
2004-03-28,RIM,26.07,119663,259928.98,CE,2004
2004-03-29,RIM,26.02,119663,259469.27,CE,2004
2004-03-30,RIM,26.82,119663,267473.73,CE,2004
2004-03-31,RIM,26.6,119663,265248.99,CE,2004
2004-04-01,RIM,26.53,119663,264552.95,CE,2004
2004-04-02,RIM,26.48,119663,264050.37,CE,2004
2004-04-03,RIM,26.64,119663,265622.94,CE,2004
2004-04-04,RIM,26.48,119663,264036.41,CE,2004
2004-04-05,RIM,26.24,119663,261688.02,CE,2004
2004-04-06,RIM,26.22,119663,261420.78,CE,2004
2004-04-07,RIM,26.02,119663,259503.18,CE,2004
2004-04-08,RIM,25.59,119663,255159.41,CE,2004
2004-04-09,RIM,25.37,119663,253020.43,CE,2004
2004-04-10,RIM,24.85,119663,247818.08,CE,2004
2004-04-11,RIM,24.54,119663,244756.71,CE,2004
2004-04-12,RIM,24.13,119663,240648.28,CE,2004
2004-04-13,RIM,23.45,119663,233876.35,CE,2004
2004-04-14,RIM,23.21,119663,231406.3,CE,2004
2004-04-15,RIM,23.08,119663,230196.71,CE,2004
2004-04-16,RIM,23.04,119663,229777.89,CE,2004
2004-04-17,RIM,23,119663,229342.12,CE,2004
2004-04-18,RIM,22.95,119663,228847.51,CE,2004
2004-04-19,RIM,22.9,119663,228344.93,CE,2004
2004-04-20,RIM,22.22,119663,221558.04,CE,2004
2004-04-21,RIM,22.19,119663,221229.96,CE,2004
2004-04-22,RIM,22.21,119663,221447.35,CE,2004
2004-04-23,RIM,22.09,119663,220328.5,CE,2004
2004-04-24,RIM,21.96,119663,218997.25,CE,2004
2004-04-25,RIM,21.84,119663,217781.67,CE,2004
2004-04-26,RIM,21.6,119663,215433.29,CE,2004
2004-04-27,RIM,21.14,119663,210788.37,CE,2004
2004-04-28,RIM,20.57,119663,205124.32,CE,2004
2004-04-29,RIM,20.35,119663,202904.57,CE,2004
2004-04-30,RIM,20.08,119663,200237.08,CE,2004
2004-05-01,RIM,19.65,119663,195982.07,CE,2004
2004-05-02,RIM,19,119663,189436.5,CE,2004
2004-05-03,RIM,18.38,119663,183299.78,CE,2004
2004-05-04,RIM,17.89,119663,178371.66,CE,2004
2004-05-05,RIM,16.68,119663,166342.54,CE,2004
2004-05-06,RIM,16.53,119663,164787.92,CE,2004
2004-05-07,RIM,16.15,119663,161066.4,CE,2004
2004-05-08,RIM,15.86,119663,158176.54,CE,2004
2004-05-09,RIM,15.64,119663,155915.9,CE,2004
2004-05-10,RIM,15.48,119663,154347.32,CE,2004
2004-05-11,RIM,14.73,119663,146840.46,CE,2004
2004-05-12,RIM,14.62,119663,145751.53,CE,2004
2004-05-13,RIM,14.5,119663,144564.87,CE,2004
2004-05-14,RIM,14.34,119663,142997.29,CE,2004
2004-05-15,RIM,14.08,119663,140399.6,CE,2004
2004-05-16,RIM,13.82,119663,137784.96,CE,2004
2004-05-17,RIM,13.66,119663,136198.43,CE,2004
2004-05-18,RIM,13.47,119663,134360.61,CE,2004
2004-05-19,RIM,13.16,119663,131232.42,CE,2004
2004-05-20,RIM,12.84,119663,128061.35,CE,2004
2004-05-21,RIM,12.49,119663,124539.27,CE,2004
2004-05-22,RIM,12.18,119663,121480.88,CE,2004
2004-05-23,RIM,12.04,119663,120073.84,CE,2004
2004-05-24,RIM,11.94,119663,119024.8,CE,2004
2004-05-25,RIM,11.79,119663,117554.94,CE,2004
2004-05-26,RIM,11.54,119663,115048,CE,2004
2004-05-27,RIM,11.22,119663,111885.9,CE,2004
2004-05-28,RIM,11.01,119663,109795.79,CE,2004
2004-05-29,RIM,10.91,119663,108807.57,CE,2004
2004-05-30,RIM,10.88,119663,108498.44,CE,2004
2004-05-31,RIM,10.81,119663,107822.35,CE,2004
2004-06-01,RIM,10.73,119663,107045.53,CE,2004
2004-06-02,RIM,10.63,119663,106032.39,CE,2004
2004-06-03,RIM,10.42,119663,103899.39,CE,2004
2004-06-04,RIM,10.03,119663,99988.41,CE,2004
2004-06-05,RIM,9.58,119663,95545.92,CE,2004
2004-06-06,RIM,9.26,119663,92303.05,CE,2004
2004-06-07,RIM,9.15,119663,91282.93,CE,2004
2004-06-08,RIM,9.08,119663,90583.89,CE,2004
2004-06-09,RIM,8.97,119663,89430.14,CE,2004
2004-06-10,RIM,8.74,119663,87152.56,CE,2004
2004-06-11,RIM,8.6,119663,85710.62,CE,2004
2004-06-12,RIM,8.53,119663,85109.31,CE,2004
2004-06-13,RIM,8.46,119663,84403.3,CE,2004
2004-06-14,RIM,8.36,119663,83393.14,CE,2004
2004-06-15,RIM,8.31,119663,82817.77,CE,2004
2004-06-16,RIM,6.87,119663,68509.06,CE,2004
2004-06-17,RIM,6.66,119663,66450.86,CE,2004
2004-06-18,RIM,6.25,119663,62295.56,CE,2004
2004-06-19,RIM,5.96,119663,59463.54,CE,2004
2004-06-20,RIM,5.74,119663,57227.83,CE,2004
2004-06-21,RIM,5.39,119663,53750.63,CE,2004
2004-06-22,RIM,5.06,119663,50414.02,CE,2004
2004-06-23,RIM,4.69,119663,46783.25,CE,2004
2004-06-24,RIM,4.36,119663,43518.44,CE,2004
2004-06-25,RIM,4.04,119663,40293.52,CE,2004
2004-06-26,RIM,3.79,119663,37758.66,CE,2004
2004-06-27,RIM,3.59,119663,35820.12,CE,2004
2004-06-28,RIM,3.46,119663,34512.8,CE,2004
2004-06-29,RIM,3.12,119663,31121.35,CE,2004
2004-06-30,RIM,2.93,119663,29230.68,CE,2004
2004-07-01,RIM,2.78,119663,27680.05,CE,2004
2004-07-02,RIM,2.62,119663,26155.34,CE,2004
2004-07-03,RIM,2.49,119663,24826.08,CE,2004
2004-07-04,RIM,2.38,119663,23724.19,CE,2004
2004-07-05,RIM,2.28,119663,22708.05,CE,2004
2004-07-06,RIM,2.15,119663,21449.59,CE,2004
2004-07-07,RIM,2.01,119663,19999.68,CE,2004
2004-07-08,RIM,1.96,119663,19554.93,CE,2004
2004-07-09,RIM,1.91,119663,19066.3,CE,2004
2004-07-10,RIM,1.85,119663,18447.05,CE,2004
2004-07-11,RIM,1.81,119663,18000.31,CE,2004
2004-07-12,RIM,1.74,119663,17379.06,CE,2004
2004-07-13,RIM,1.62,119663,16152.51,CE,2004
2004-07-14,RIM,1.47,119663,14655.73,CE,2004
2004-07-15,RIM,1.29,119663,12907.65,CE,2004
2004-07-16,RIM,1.18,119663,11723.98,CE,2004
2004-07-17,RIM,1.06,119663,10587.18,CE,2004
2004-07-18,RIM,0.93,119663,9234.99,CE,2004
2004-07-19,RIM,0.82,119663,8144.06,CE,2004
2004-07-20,RIM,0.73,119663,7260.55,CE,2004
2004-07-21,RIM,0.67,119663,6671.21,CE,2004
2004-07-22,RIM,0.61,119663,6071.9,CE,2004
2004-07-23,RIM,0.52,119663,5158.47,CE,2004
2004-07-24,RIM,0.43,119663,4247.04,CE,2004
2004-07-25,RIM,0.34,119663,3385.47,CE,2004
2004-07-26,RIM,0.28,119663,2805.1,CE,2004
2004-07-27,RIM,0.23,119663,2312.49,CE,2004
2004-07-28,RIM,0.19,119663,1906.63,CE,2004
2004-07-29,RIM,0.16,119663,1556.62,CE,2004
2004-07-30,RIM,0.12,119663,1229.54,CE,2004
2004-07-31,RIM,0.1,119663,990.21,CE,2004
2004-08-01,RIM,0.08,119663,794.76,CE,2004
2004-08-02,RIM,0.06,119663,600.31,CE,2004
2004-08-03,RIM,0.05,119663,463.69,CE,2004
2004-08-04,RIM,0.04,119663,396.88,CE,2004
2004-08-05,RIM,0.03,119663,343.03,CE,2004
2004-08-06,RIM,0.03,119663,311.12,CE,2004
2004-08-07,RIM,0.03,119663,279.21,CE,2004
2004-08-08,RIM,0.02,119663,247.3,CE,2004
2004-08-09,RIM,0.02,119663,191.46,CE,2004
2004-08-10,RIM,0.02,119663,149.58,CE,2004
2004-08-11,RIM,0.01,119663,132.63,CE,2004
2004-08-12,RIM,0.01,119663,111.69,CE,2004
2004-08-13,RIM,0.01,119663,96.73,CE,2004
2004-08-14,RIM,0.01,119663,75.79,CE,2004
2004-08-15,RIM,0.01,119663,55.84,CE,2004
2004-08-16,RIM,0,119663,38.89,CE,2004
2004-08-17,RIM,0,119663,19.94,CE,2004
2004-08-18,RIM,0,119663,4.99,CE,2004
2004-08-19,RIM,0,119663,0,CE,2004
2004-08-20,RIM,0,119663,0,CE,2004
2004-08-21,RIM,0,119663,0,CE,2004
2004-08-22,RIM,0,119663,0,CE,2004
2004-08-23,RIM,0,119663,0,CE,2004
2004-08-24,RIM,0,119663,0,CE,2004
2004-08-25,RIM,0,119663,0,CE,2004
2004-08-26,RIM,0,119663,0,CE,2004
2004-08-27,RIM,0,119663,0,CE,2004
2004-08-28,RIM,0,119663,0,CE,2004
2004-08-29,RIM,0,119663,0,CE,2004
2004-08-30,RIM,0,119663,0,CE,2004
2004-09-01,RIM,0,119663,0,CE,2004
2004-09-02,RIM,0,119663,0,CE,2004
2004-09-03,RIM,0,119663,0,CE,2004
2004-09-04,RIM,0,119663,0,CE,2004
2004-09-05,RIM,0,119663,0,CE,2004
2004-09-06,RIM,0,119663,0,CE,2004
2004-09-07,RIM,0,119663,0,CE,2004
2004-09-08,RIM,0,119663,0,CE,2004
2004-09-09,RIM,0,119663,0,CE,2004
2004-09-10,RIM,0,119663,0,CE,2004
2004-09-11,RIM,0,119663,0,CE,2004
2004-09-12,RIM,0,119663,0,CE,2004
2004-09-13,RIM,0,119663,0,CE,2004
2004-09-14,RIM,0,119663,0,CE,2004
2004-09-15,RIM,0,119663,0,CE,2004
2004-09-16,RIM,0,119663,0,CE,2004
2004-09-17,RIM,0,119663,0,CE,2004
2004-09-18,RIM,0,119663,0,CE,2004
2004-09-19,RIM,0,119663,3.99,CE,2004
2004-09-20,RIM,0,119663,0,CE,2004
2004-09-21,RIM,0,119663,0,CE,2004
2004-09-22,RIM,0,119663,0,CE,2004
2004-09-23,RIM,0,119663,0,CE,2004
2004-09-24,RIM,0,119663,0,CE,2004
2004-09-25,RIM,0,119663,0,CE,2004
2004-09-26,RIM,0,119663,0,CE,2004
2004-09-28,RIM,0,119663,0,CE,2004
2004-09-29,RIM,0,119663,0,CE,2004
2004-09-30,RIM,0,119663,0,CE,2004
2004-10-01,RIM,0,119663,0,CE,2005
2004-10-02,RIM,0,119663,0,CE,2005
2004-10-03,RIM,0,119663,0,CE,2005
2004-10-04,RIM,0,119663,0,CE,2005
2004-10-05,RIM,0,119663,0,CE,2005
2004-10-06,RIM,0,119663,0,CE,2005
2004-10-07,RIM,0,119663,0,CE,2005
2004-10-08,RIM,0,119663,0,CE,2005
2004-10-09,RIM,0,119663,0,CE,2005
2004-10-10,RIM,0,119663,1,CE,2005
2004-10-11,RIM,0,119663,0,CE,2005
2004-10-12,RIM,0,119663,0,CE,2005
2004-10-13,RIM,0,119663,0,CE,2005
2004-10-14,RIM,0,119663,0,CE,2005
2004-10-15,RIM,0,119663,0,CE,2005
2004-10-16,RIM,0,119663,0,CE,2005
2004-10-17,RIM,0,119663,0,CE,2005
2004-10-18,RIM,0,119663,22.94,CE,2005
2004-10-19,RIM,0.02,119663,218.38,CE,2005
2004-10-20,RIM,0.06,119663,550.45,CE,2005
2004-10-21,RIM,0.04,119663,391.9,CE,2005
2004-10-22,RIM,0.04,119663,380.93,CE,2005
2004-10-23,RIM,0.05,119663,526.52,CE,2005
2004-10-24,RIM,0.05,119663,496.6,CE,2005
2004-10-25,RIM,0.05,119663,475.66,CE,2005
2004-10-26,RIM,0.05,119663,456.71,CE,2005
2004-10-27,RIM,0.08,119663,774.82,CE,2005
2004-10-28,RIM,0.04,119663,406.85,CE,2005
2004-10-29,RIM,0.03,119663,328.08,CE,2005
2004-10-30,RIM,0.03,119663,305.14,CE,2005
2004-10-31,RIM,0.05,119663,470.67,CE,2005
2004-11-01,RIM,0.05,119663,466.69,CE,2005
2004-11-02,RIM,0.18,119663,1777,CE,2005
2004-11-03,RIM,0.05,119663,534.49,CE,2005
2004-11-04,RIM,0.05,119663,460.7,CE,2005
2004-11-05,RIM,0.03,119663,298.16,CE,2005
2004-11-06,RIM,0.67,119663,6705.12,CE,2005
2004-11-07,RIM,0.47,119663,4733.67,CE,2005
2004-11-08,RIM,0.29,119663,2910.8,CE,2005
2004-11-09,RIM,0.17,119663,1693.23,CE,2005
2004-11-10,RIM,0.1,119663,1027.11,CE,2005
2004-11-11,RIM,0.08,119663,819.69,CE,2005
2004-11-12,RIM,0.07,119663,671.11,CE,2005
2004-11-13,RIM,0.05,119663,529.51,CE,2005
2004-11-14,RIM,0.04,119663,443.75,CE,2005
2004-11-15,RIM,0.04,119663,372.95,CE,2005
2004-11-16,RIM,0.02,119663,218.38,CE,2005
2004-11-17,RIM,0.02,119663,201.43,CE,2005
2004-11-18,RIM,0.02,119663,196.45,CE,2005
2004-11-19,RIM,0.03,119663,309.13,CE,2005
2004-11-20,RIM,0.03,119663,278.22,CE,2005
2004-11-21,RIM,0.03,119663,254.28,CE,2005
2004-11-22,RIM,0.02,119663,193.46,CE,2005
2004-11-23,RIM,0.02,119663,185.48,CE,2005
2004-11-24,RIM,0.02,119663,200.44,CE,2005
2004-11-25,RIM,0.01,119663,62.82,CE,2005
2004-11-26,RIM,0,119663,46.87,CE,2005
2004-11-27,RIM,0,119663,43.88,CE,2005
2004-11-28,RIM,0,119663,48.86,CE,2005
2004-11-29,RIM,0,119663,45.87,CE,2005
2004-11-30,RIM,0,119663,44.87,CE,2005
2004-12-01,RIM,1.52,119663,15165.29,CE,2005
2004-12-02,RIM,1.52,119663,15133.38,CE,2005
2004-12-03,RIM,1.51,119663,15034.66,CE,2005
2004-12-04,RIM,1.49,119663,14849.18,CE,2005
2004-12-05,RIM,1.58,119663,15764.6,CE,2005
2004-12-06,RIM,1.64,119663,16345.97,CE,2005
2004-12-07,RIM,1.65,119663,16494.55,CE,2005
2004-12-08,RIM,1.99,119663,19860.07,CE,2005
2004-12-09,RIM,2.76,119663,27563.37,CE,2005
2004-12-10,RIM,2.98,119663,29750.22,CE,2005
2004-12-11,RIM,3.85,119663,38421.79,CE,2005
2004-12-12,RIM,3.54,119663,35277.65,CE,2005
2004-12-13,RIM,3.48,119663,34751.13,CE,2005
2004-12-14,RIM,3.4,119663,33857.65,CE,2005
2004-12-15,RIM,3.41,119663,33970.33,CE,2005
2004-12-16,RIM,3.38,119663,33696.1,CE,2005
2004-12-17,RIM,3.35,119663,33389.97,CE,2005
2004-12-18,RIM,3.21,119663,31968.97,CE,2005
2004-12-19,RIM,2.9,119663,28924.54,CE,2005
2004-12-20,RIM,2.66,119663,26492.39,CE,2005
2004-12-21,RIM,3.54,119663,35309.56,CE,2005
2004-12-22,RIM,3.54,119663,35334.49,CE,2005
2004-12-23,RIM,3.54,119663,35271.67,CE,2005
2004-12-24,RIM,3.58,119663,35652.59,CE,2005
2004-12-25,RIM,3.53,119663,35241.75,CE,2005
2004-12-26,RIM,3.61,119663,36033.52,CE,2005
2004-12-27,RIM,3.6,119663,35885.94,CE,2005
2004-12-28,RIM,3.71,119663,36960.91,CE,2005
2004-12-29,RIM,3.7,119663,36880.14,CE,2005
2004-12-30,RIM,3.93,119663,39215.56,CE,2005
2004-12-31,RIM,3.99,119663,39770,CE,2005
2005-01-01,RIM,4.21,119663,41950.86,CE,2005
2005-01-02,RIM,4.45,119663,44372.04,CE,2005
2005-01-03,RIM,4.46,119663,44462.78,CE,2005
2005-01-04,RIM,4.46,119663,44435.86,CE,2005
2005-01-05,RIM,4.45,119663,44398.96,CE,2005
2005-01-06,RIM,4.45,119663,44339.13,CE,2005
2005-01-07,RIM,4.47,119663,44576.46,CE,2005
2005-01-08,RIM,4.97,119663,49521.54,CE,2005
2005-01-09,RIM,5.21,119663,51970.64,CE,2005
2005-01-10,RIM,5.33,119663,53138.35,CE,2005
2005-01-11,RIM,5.58,119663,55692.16,CE,2005
2005-01-12,RIM,5.59,119663,55740.02,CE,2005
2005-01-13,RIM,5.65,119663,56351.3,CE,2005
2005-01-14,RIM,5.66,119663,56456.01,CE,2005
2005-01-15,RIM,5.66,119663,56429.08,CE,2005
2005-01-16,RIM,5.82,119663,58052.51,CE,2005
2005-01-17,RIM,5.86,119663,58450.39,CE,2005
2005-01-18,RIM,6.27,119663,62567.79,CE,2005
2005-01-19,RIM,6.01,119663,59940.19,CE,2005
2005-01-20,RIM,5.37,119663,53505.32,CE,2005
2005-01-21,RIM,4.92,119663,49043.88,CE,2005
2005-01-22,RIM,4.59,119663,45806,CE,2005
2005-01-23,RIM,4.29,119663,42790.49,CE,2005
2005-01-24,RIM,3.93,119663,39204.59,CE,2005
2005-01-25,RIM,4.34,119663,43250.2,CE,2005
2005-01-26,RIM,4.08,119663,40708.36,CE,2005
2005-01-27,RIM,3.98,119663,39667.29,CE,2005
2005-01-28,RIM,3.92,119663,39099.89,CE,2005
2005-01-29,RIM,4.54,119663,45300.42,CE,2005
2005-01-30,RIM,4.53,119663,45198.71,CE,2005
2005-01-31,RIM,4.48,119663,44639.28,CE,2005
2005-02-01,RIM,4.44,119663,44232.43,CE,2005
2005-02-02,RIM,4.39,119663,43813.61,CE,2005
2005-02-03,RIM,4.25,119663,42407.57,CE,2005
2005-02-04,RIM,3.97,119663,39585.52,CE,2005
2005-02-05,RIM,4.51,119663,44979.33,CE,2005
2005-02-06,RIM,4.49,119663,44795.84,CE,2005
2005-02-07,RIM,4.83,119663,48165.35,CE,2005
2005-02-08,RIM,4.87,119663,48541.3,CE,2005
2005-02-09,RIM,4.86,119663,48500.41,CE,2005
2005-02-10,RIM,4.85,119663,48412.66,CE,2005
2005-02-11,RIM,5.12,119663,51053.22,CE,2005
2005-02-12,RIM,5.1,119663,50899.65,CE,2005
2005-02-13,RIM,5.12,119663,51096.1,CE,2005
2005-02-14,RIM,5.14,119663,51228.73,CE,2005
2005-02-15,RIM,5.15,119663,51358.36,CE,2005
2005-02-16,RIM,5.14,119663,51299.53,CE,2005
2005-02-17,RIM,5.4,119663,53831.4,CE,2005
2005-02-18,RIM,5.39,119663,53714.73,CE,2005
2005-02-19,RIM,5.37,119663,53576.12,CE,2005
2005-02-20,RIM,5.36,119663,53432.52,CE,2005
2005-02-21,RIM,5.35,119663,53321.83,CE,2005
2005-02-22,RIM,5.34,119663,53200.18,CE,2005
2005-02-23,RIM,5.5,119663,54823.6,CE,2005
2005-02-24,RIM,5.47,119663,54582.28,CE,2005
2005-02-25,RIM,5.44,119663,54226.29,CE,2005
2005-02-26,RIM,5.38,119663,53662.87,CE,2005
2005-02-27,RIM,5.32,119663,53073.53,CE,2005
2005-02-28,RIM,5.25,119663,52305.69,CE,2005
2005-03-01,RIM,5.56,119663,55476.76,CE,2005
2005-03-02,RIM,5.53,119663,55162.65,CE,2005
2005-03-03,RIM,5.53,119663,55117.77,CE,2005
2005-03-04,RIM,5.48,119663,54656.08,CE,2005
2005-03-05,RIM,5.42,119663,54054.77,CE,2005
2005-03-06,RIM,5.33,119663,53154.3,CE,2005
2005-03-07,RIM,5.17,119663,51581.73,CE,2005
2005-03-08,RIM,5.01,119663,49938.36,CE,2005
2005-03-09,RIM,4.75,119663,47360.62,CE,2005
2005-03-10,RIM,4.47,119663,44582.45,CE,2005
2005-03-11,RIM,4.22,119663,42113.4,CE,2005
2005-03-12,RIM,3.91,119663,38986.21,CE,2005
2005-03-13,RIM,3.76,119663,37473.47,CE,2005
2005-03-14,RIM,3.68,119663,36679.7,CE,2005
2005-03-15,RIM,3.6,119663,35926.82,CE,2005
2005-03-16,RIM,4.33,119663,43177.4,CE,2005
2005-03-17,RIM,4.5,119663,44894.57,CE,2005
2005-03-18,RIM,4.54,119663,45296.43,CE,2005
2005-03-19,RIM,4.52,119663,45091.01,CE,2005
2005-03-20,RIM,5.25,119663,52316.66,CE,2005
2005-03-21,RIM,5.34,119663,53291.92,CE,2005
2005-03-22,RIM,5.37,119663,53501.33,CE,2005
2005-03-23,RIM,5.36,119663,53406.59,CE,2005
2005-03-24,RIM,5.42,119663,54071.72,CE,2005
2005-03-25,RIM,5.43,119663,54103.63,CE,2005
2005-03-26,RIM,5.41,119663,53933.11,CE,2005
2005-03-27,RIM,6.17,119663,61480.86,CE,2005
2005-03-28,RIM,6.47,119663,64494.37,CE,2005
2005-03-29,RIM,6.48,119663,64586.11,CE,2005
2005-03-30,RIM,7.31,119663,72941.58,CE,2005
2005-03-31,RIM,7.79,119663,77682.23,CE,2005
2005-04-01,RIM,7.79,119663,77667.27,CE,2005
2005-04-02,RIM,7.91,119663,78854.93,CE,2005
2005-04-03,RIM,7.91,119663,78904.79,CE,2005
2005-04-04,RIM,7.97,119663,79433.3,CE,2005
2005-04-05,RIM,7.97,119663,79429.31,CE,2005
2005-04-06,RIM,7.97,119663,79512.07,CE,2005
2005-04-07,RIM,7.9,119663,78742.24,CE,2005
2005-04-08,RIM,8.64,119663,86158.36,CE,2005
2005-04-09,RIM,8.6,119663,85776.43,CE,2005
2005-04-10,RIM,8.57,119663,85411.46,CE,2005
2005-04-11,RIM,8.59,119663,85694.66,CE,2005
2005-04-12,RIM,8.68,119663,86576.18,CE,2005
2005-04-13,RIM,8.69,119663,86606.1,CE,2005
2005-04-14,RIM,8.77,119663,87430.77,CE,2005
2005-04-15,RIM,8.75,119663,87296.15,CE,2005
2005-04-16,RIM,8.89,119663,88685.24,CE,2005
2005-04-17,RIM,8.89,119663,88649.34,CE,2005
2005-04-18,RIM,8.83,119663,88072.97,CE,2005
2005-04-19,RIM,8.79,119663,87621.24,CE,2005
2005-04-20,RIM,9.08,119663,90579.91,CE,2005
2005-04-21,RIM,8.9,119663,88789.95,CE,2005
2005-04-22,RIM,8.64,119663,86145.39,CE,2005
2005-04-23,RIM,8.34,119663,83168.78,CE,2005
2005-04-24,RIM,8.07,119663,80425.5,CE,2005
2005-04-25,RIM,7.84,119663,78220.71,CE,2005
2005-04-26,RIM,7.47,119663,74490.22,CE,2005
2005-04-27,RIM,7.09,119663,70681.94,CE,2005
2005-04-28,RIM,6.69,119663,66706.14,CE,2005
2005-04-29,RIM,6.47,119663,64505.34,CE,2005
2005-04-30,RIM,6.4,119663,63838.22,CE,2005
2005-05-01,RIM,6.3,119663,62821.08,CE,2005
2005-05-02,RIM,6.16,119663,61403.07,CE,2005
2005-05-03,RIM,5.99,119663,59740.76,CE,2005
2005-05-04,RIM,5.81,119663,57982.71,CE,2005
2005-05-05,RIM,5.62,119663,56025.22,CE,2005
2005-05-06,RIM,5.42,119663,54026.85,CE,2005
2005-05-07,RIM,5.21,119663,51970.64,CE,2005
2005-05-08,RIM,5.1,119663,50809.91,CE,2005
2005-05-09,RIM,5.01,119663,49928.39,CE,2005
2005-05-10,RIM,4.98,119663,49709.01,CE,2005
2005-05-11,RIM,4.84,119663,48297.98,CE,2005
2005-05-12,RIM,4.68,119663,46650.62,CE,2005
2005-05-13,RIM,3.96,119663,39454.89,CE,2005
2005-05-14,RIM,3.72,119663,37070.6,CE,2005
2005-05-15,RIM,3.45,119663,34416.08,CE,2005
2005-05-16,RIM,3.23,119663,32244.19,CE,2005
2005-05-17,RIM,3.14,119663,31295.86,CE,2005
2005-05-18,RIM,3.1,119663,30926.9,CE,2005
2005-05-19,RIM,3.06,119663,30492.13,CE,2005
2005-05-20,RIM,3,119663,29941.68,CE,2005
2005-05-21,RIM,2.96,119663,29495.93,CE,2005
2005-05-22,RIM,2.93,119663,29264.58,CE,2005
2005-05-23,RIM,2.91,119663,28992.35,CE,2005
2005-05-24,RIM,2.88,119663,28711.14,CE,2005
2005-05-25,RIM,2.81,119663,28042.03,CE,2005
2005-05-26,RIM,2.65,119663,26406.63,CE,2005
2005-05-27,RIM,2.35,119663,23427.02,CE,2005
2005-05-28,RIM,2.03,119663,20283.88,CE,2005
2005-05-29,RIM,1.7,119663,16948.27,CE,2005
2005-05-30,RIM,1.43,119663,14299.73,CE,2005
2005-05-31,RIM,1.26,119663,12590.54,CE,2005
2005-06-01,RIM,1.19,119663,11857.61,CE,2005
2005-06-02,RIM,1.16,119663,11534.52,CE,2005
2005-06-03,RIM,0.84,119663,8359.46,CE,2005
2005-06-04,RIM,0.79,119663,7893.77,CE,2005
2005-06-05,RIM,0.74,119663,7427.08,CE,2005
2005-06-06,RIM,0.72,119663,7225.65,CE,2005
2005-06-07,RIM,0.72,119663,7161.83,CE,2005
2005-06-08,RIM,0.71,119663,7032.2,CE,2005
2005-06-09,RIM,0.68,119663,6747,CE,2005
2005-06-10,RIM,0.62,119663,6187.57,CE,2005
2005-06-11,RIM,0.56,119663,5570.31,CE,2005
2005-06-12,RIM,0.53,119663,5324.01,CE,2005
2005-06-13,RIM,0.52,119663,5226.28,CE,2005
2005-06-14,RIM,0.5,119663,4945.07,CE,2005
2005-06-15,RIM,0.47,119663,4703.75,CE,2005
2005-06-16,RIM,0.45,119663,4442.49,CE,2005
2005-06-17,RIM,0.39,119663,3907,CE,2005
2005-06-18,RIM,0.36,119663,3589.89,CE,2005
2005-06-19,RIM,0.32,119663,3230.9,CE,2005
2005-06-20,RIM,0.28,119663,2790.14,CE,2005
2005-06-21,RIM,0.22,119663,2172.88,CE,2005
2005-06-22,RIM,0.15,119663,1486.81,CE,2005
2005-06-23,RIM,0.13,119663,1313.3,CE,2005
2005-06-24,RIM,0.11,119663,1110.87,CE,2005
2005-06-26,RIM,0.07,119663,686.07,CE,2005
2005-06-27,RIM,0.06,119663,566.4,CE,2005
2005-06-28,RIM,0.05,119663,501.59,CE,2005
2005-06-29,RIM,0.04,119663,405.86,CE,2005
2005-06-30,RIM,0.03,119663,304.14,CE,2005
2005-07-01,RIM,0.02,119663,208.41,CE,2005
2005-07-02,RIM,0.02,119663,157.56,CE,2005
2005-07-03,RIM,0.01,119663,138.61,CE,2005
2005-07-04,RIM,0.01,119663,108.69,CE,2005
2005-07-05,RIM,0.01,119663,75.79,CE,2005
2005-07-06,RIM,0,119663,47.87,CE,2005
2005-07-07,RIM,0,119663,39.89,CE,2005
2005-07-08,RIM,0,119663,32.91,CE,2005
2005-07-09,RIM,0,119663,26.92,CE,2005
2005-07-10,RIM,0,119663,22.94,CE,2005
2005-07-11,RIM,0,119663,17.95,CE,2005
2005-07-12,RIM,0,119663,10.97,CE,2005
2005-07-13,RIM,0,119663,2.99,CE,2005
2005-07-14,RIM,0,119663,0,CE,2005
2005-07-15,RIM,0,119663,0,CE,2005
2005-07-16,RIM,0,119663,0,CE,2005
2005-07-17,RIM,0,119663,0,CE,2005
2005-07-18,RIM,0,119663,0,CE,2005
2005-07-19,RIM,0,119663,0,CE,2005
2005-07-20,RIM,0,119663,0,CE,2005
2005-07-21,RIM,0,119663,0,CE,2005
2005-07-22,RIM,0,119663,0,CE,2005
2005-07-23,RIM,0,119663,0,CE,2005
2005-07-24,RIM,0,119663,0,CE,2005
2005-07-25,RIM,0,119663,0,CE,2005
2005-07-26,RIM,0,119663,0,CE,2005
2005-07-27,RIM,0,119663,0,CE,2005
2005-07-28,RIM,0,119663,0,CE,2005
2005-07-29,RIM,0,119663,0,CE,2005
2005-07-30,RIM,0,119663,0,CE,2005
2005-07-31,RIM,0,119663,0,CE,2005
2005-08-03,RIM,0,119663,0,CE,2005
2005-08-04,RIM,0,119663,0,CE,2005
2005-08-05,RIM,0,119663,0,CE,2005
2005-08-06,RIM,0,119663,0,CE,2005
2005-08-07,RIM,0,119663,0,CE,2005
2005-08-08,RIM,0,119663,0,CE,2005
2005-08-09,RIM,0,119663,0,CE,2005
2005-08-10,RIM,0,119663,0,CE,2005
2005-08-11,RIM,0,119663,0,CE,2005
2005-08-12,RIM,0,119663,0,CE,2005
2005-08-13,RIM,0,119663,0,CE,2005
2005-08-14,RIM,0,119663,0,CE,2005
2005-08-15,RIM,0,119663,0,CE,2005
2005-08-16,RIM,0,119663,0,CE,2005
2005-08-17,RIM,0,119663,0,CE,2005
2005-08-18,RIM,0,119663,0,CE,2005
2005-08-19,RIM,0,119663,0,CE,2005
2005-08-20,RIM,0,119663,0,CE,2005
2005-08-21,RIM,0,119663,0,CE,2005
2005-08-22,RIM,0,119663,0,CE,2005
2005-08-23,RIM,0,119663,0,CE,2005
2005-08-24,RIM,0,119663,0,CE,2005
2005-08-25,RIM,0,119663,0,CE,2005
2005-08-26,RIM,0,119663,0,CE,2005
2005-08-27,RIM,0,119663,0,CE,2005
2005-08-28,RIM,0,119663,0,CE,2005
2005-08-29,RIM,0,119663,0,CE,2005
2005-08-30,RIM,0,119663,0,CE,2005
2005-08-31,RIM,0,119663,0,CE,2005
2005-09-01,RIM,0,119663,0,CE,2005
2005-09-02,RIM,0,119663,0,CE,2005
2005-09-03,RIM,0,119663,0,CE,2005
2005-09-04,RIM,0,119663,0,CE,2005
2005-09-05,RIM,0,119663,0,CE,2005
2005-09-06,RIM,0,119663,0,CE,2005
2005-09-07,RIM,0,119663,0,CE,2005
2005-09-08,RIM,0,119663,0,CE,2005
2005-09-09,RIM,0,119663,0,CE,2005
2005-09-10,RIM,0,119663,0,CE,2005
2005-09-11,RIM,0,119663,0,CE,2005
2005-09-12,RIM,0,119663,0,CE,2005
2005-09-13,RIM,0,119663,0,CE,2005
2005-09-14,RIM,0,119663,0,CE,2005
2005-09-15,RIM,0,119663,0,CE,2005
2005-09-16,RIM,0,119663,0,CE,2005
2005-09-17,RIM,0,119663,0,CE,2005
2005-09-18,RIM,0,119663,0,CE,2005
2005-09-19,RIM,0,119663,0,CE,2005
2005-09-20,RIM,0,119663,0,CE,2005
2005-09-21,RIM,0,119663,0,CE,2005
2005-09-22,RIM,0,119663,0,CE,2005
2005-09-23,RIM,0,119663,0,CE,2005
2005-09-24,RIM,0,119663,0,CE,2005
2005-09-25,RIM,0,119663,0,CE,2005
2005-09-26,RIM,0,119663,0,CE,2005
2005-09-27,RIM,0,119663,0,CE,2005
2005-09-28,RIM,0,119663,0,CE,2005
2005-09-29,RIM,0,119663,0,CE,2005
2005-09-30,RIM,0,119663,0,CE,2005
2005-10-01,RIM,0,119663,0,CE,2006
2005-10-02,RIM,0,119663,13.96,CE,2006
2005-10-03,RIM,0,119663,25.93,CE,2006
2005-10-04,RIM,0,119663,45.87,CE,2006
2005-10-05,RIM,0,119663,43.88,CE,2006
2005-10-06,RIM,0,119663,30.91,CE,2006
2005-10-07,RIM,0,119663,0,CE,2006
2005-10-08,RIM,0,119663,0,CE,2006
2005-10-09,RIM,0,119663,2.99,CE,2006
2005-10-10,RIM,0,119663,0,CE,2006
2005-10-11,RIM,0,119663,0,CE,2006
2005-10-12,RIM,0,119663,0,CE,2006
2005-10-13,RIM,0,119663,0,CE,2006
2005-10-14,RIM,0,119663,0,CE,2006
2005-10-15,RIM,0,119663,0,CE,2006
2005-10-16,RIM,0,119663,0,CE,2006
2005-10-17,RIM,0,119663,0,CE,2006
2005-10-18,RIM,0,119663,0,CE,2006
2005-10-19,RIM,0,119663,0,CE,2006
2005-10-20,RIM,0,119663,0,CE,2006
2005-10-21,RIM,0,119663,0,CE,2006
2005-10-22,RIM,0,119663,0,CE,2006
2005-10-23,RIM,0,119663,0,CE,2006
2005-10-24,RIM,0,119663,0,CE,2006
2005-10-25,RIM,0,119663,0,CE,2006
2005-10-26,RIM,0,119663,0,CE,2006
2005-10-27,RIM,0,119663,9.97,CE,2006
2005-10-28,RIM,0,119663,0,CE,2006
2005-10-29,RIM,0.05,119663,540.48,CE,2006
2005-10-30,RIM,0.05,119663,463.69,CE,2006
2005-10-31,RIM,0.03,119663,302.15,CE,2006
2005-11-01,RIM,0.06,119663,577.37,CE,2006
2005-11-02,RIM,0.15,119663,1484.82,CE,2006
2005-11-03,RIM,0.15,119663,1491.8,CE,2006
2005-11-04,RIM,1.31,119663,13107.09,CE,2006
2005-11-05,RIM,1.81,119663,18012.27,CE,2006
2005-11-06,RIM,3.02,119663,30114.19,CE,2006
2005-11-07,RIM,3.38,119663,33736.99,CE,2006
2005-11-08,RIM,3.46,119663,34490.87,CE,2006
2005-11-09,RIM,3.46,119663,34488.87,CE,2006
2005-11-10,RIM,3.64,119663,36293.79,CE,2006
2005-11-11,RIM,3.73,119663,37200.24,CE,2006
2005-11-12,RIM,3.95,119663,39367.13,CE,2006
2005-11-13,RIM,4.04,119663,40284.55,CE,2006
2005-11-14,RIM,4.37,119663,43536.39,CE,2006
2005-11-15,RIM,4.27,119663,42585.07,CE,2006
2005-11-16,RIM,4.24,119663,42310.84,CE,2006
2005-11-17,RIM,4.13,119663,41149.11,CE,2006
2005-11-18,RIM,3.99,119663,39793.93,CE,2006
2005-11-19,RIM,3.67,119663,36640.81,CE,2006
2005-11-20,RIM,3.43,119663,34227.61,CE,2006
2005-11-21,RIM,3.2,119663,31958,CE,2006
2005-11-22,RIM,3.04,119663,30309.64,CE,2006
2005-11-23,RIM,2.89,119663,28820.83,CE,2006
2005-11-24,RIM,2.72,119663,27114.64,CE,2006
2005-11-25,RIM,2.72,119663,27170.48,CE,2006
2005-11-26,RIM,3.2,119663,31894.18,CE,2006
2005-11-27,RIM,3.37,119663,33640.26,CE,2006
2005-11-28,RIM,3.45,119663,34387.16,CE,2006
2005-11-29,RIM,3.79,119663,37770.63,CE,2006
2005-11-30,RIM,5.82,119663,58033.56,CE,2006
2005-12-01,RIM,5.92,119663,59050.7,CE,2006
2005-12-02,RIM,6.47,119663,64498.36,CE,2006
2005-12-03,RIM,7.27,119663,72448.97,CE,2006
2005-12-04,RIM,7.46,119663,74352.61,CE,2006
2005-12-05,RIM,7.45,119663,74322.69,CE,2006
2005-12-06,RIM,7.45,119663,74278.81,CE,2006
2005-12-07,RIM,7.45,119663,74264.85,CE,2006
2005-12-08,RIM,7.45,119663,74250.89,CE,2006
2005-12-09,RIM,7.26,119663,72361.21,CE,2006
2005-12-10,RIM,7.24,119663,72195.68,CE,2006
2005-12-11,RIM,7.23,119663,72066.04,CE,2006
2005-12-12,RIM,7.16,119663,71408.9,CE,2006
2005-12-13,RIM,7.08,119663,70574.25,CE,2006
2005-12-14,RIM,7.06,119663,70356.86,CE,2006
2005-12-15,RIM,7.03,119663,70141.46,CE,2006
2005-12-16,RIM,7.29,119663,72697.27,CE,2006
2005-12-17,RIM,7.28,119663,72631.45,CE,2006
2005-12-18,RIM,7.28,119663,72589.57,CE,2006
2005-12-19,RIM,7.39,119663,73714.4,CE,2006
2005-12-20,RIM,7.84,119663,78169.85,CE,2006
2005-12-21,RIM,7.96,119663,79418.34,CE,2006
2005-12-22,RIM,8.63,119663,86063.62,CE,2006
2005-12-23,RIM,8.79,119663,87692.04,CE,2006
2005-12-24,RIM,8.58,119663,85511.18,CE,2006
2005-12-25,RIM,8.19,119663,81689.94,CE,2006
2005-12-26,RIM,8.26,119663,82404.93,CE,2006
2005-12-27,RIM,8.39,119663,83695.29,CE,2006
2005-12-28,RIM,8.58,119663,85600.93,CE,2006
2005-12-29,RIM,9.23,119663,92055.75,CE,2006
2005-12-30,RIM,11.58,119663,115504.71,CE,2006
2005-12-31,RIM,13.44,119663,133982.67,CE,2006
2006-01-01,RIM,13.68,119663,136446.73,CE,2006
2006-01-02,RIM,14.17,119663,141315.02,CE,2006
2006-01-03,RIM,14.38,119663,143380.21,CE,2006
2006-01-04,RIM,14.63,119663,145904.1,CE,2006
2006-01-05,RIM,14.65,119663,146044.7,CE,2006
2006-01-06,RIM,14.63,119663,145900.11,CE,2006
2006-01-07,RIM,14.81,119663,147720.98,CE,2006
2006-01-08,RIM,15.02,119663,149779.19,CE,2006
2006-01-09,RIM,15.05,119663,150109.26,CE,2006
2006-01-10,RIM,15.94,119663,158957.34,CE,2006
2006-01-11,RIM,16.47,119663,164221.51,CE,2006
2006-01-12,RIM,16.55,119663,165022.26,CE,2006
2006-01-13,RIM,19.05,119663,189968,CE,2006
2006-01-14,RIM,19.56,119663,195022.77,CE,2006
2006-01-15,RIM,19.57,119663,195161.38,CE,2006
2006-01-16,RIM,19.65,119663,195923.23,CE,2006
2006-01-17,RIM,20.3,119663,202452.84,CE,2006
2006-01-18,RIM,20.94,119663,208860.8,CE,2006
2006-01-19,RIM,20.94,119663,208854.81,CE,2006
2006-01-20,RIM,21.07,119663,210125.24,CE,2006
2006-01-21,RIM,21.5,119663,214388.23,CE,2006
2006-01-22,RIM,21.49,119663,214332.39,CE,2006
2006-01-23,RIM,21.47,119663,214121.98,CE,2006
2006-01-24,RIM,21.45,119663,213941.49,CE,2006
2006-01-25,RIM,21.81,119663,217489.5,CE,2006
2006-01-26,RIM,21.78,119663,217184.36,CE,2006
2006-01-27,RIM,21.91,119663,218512.62,CE,2006
2006-01-28,RIM,22.46,119663,223926.37,CE,2006
2006-01-29,RIM,23.3,119663,232361.61,CE,2006
2006-01-30,RIM,24.08,119663,240162.64,CE,2006
2006-01-31,RIM,24.5,119663,244318.94,CE,2006
2006-02-01,RIM,25.02,119663,249491.37,CE,2006
2006-02-02,RIM,25.12,119663,250462.64,CE,2006
2006-02-03,RIM,25.53,119663,254616.94,CE,2006
2006-02-04,RIM,25.7,119663,256311.17,CE,2006
2006-02-05,RIM,25.99,119663,259186.07,CE,2006
2006-02-06,RIM,25.99,119663,259199.03,CE,2006
2006-02-07,RIM,25.96,119663,258892.89,CE,2006
2006-02-08,RIM,25.93,119663,258528.92,CE,2006
2006-02-09,RIM,25.89,119663,258200.84,CE,2006
2006-02-10,RIM,28.93,119663,288507.49,CE,2006
2006-02-11,RIM,28.9,119663,288143.52,CE,2006
2006-02-12,RIM,28.87,119663,287855.33,CE,2006
2006-02-13,RIM,28.84,119663,287572.13,CE,2006
2006-02-14,RIM,28.84,119663,287636.94,CE,2006
2006-02-15,RIM,28.85,119663,287705.75,CE,2006
2006-02-16,RIM,28.83,119663,287517.28,CE,2006
2006-02-17,RIM,28.93,119663,288515.47,CE,2006
2006-02-18,RIM,28.93,119663,288512.48,CE,2006
2006-02-19,RIM,28.92,119663,288376.86,CE,2006
2006-02-20,RIM,28.91,119663,288263.18,CE,2006
2006-02-21,RIM,28.92,119663,288422.73,CE,2006
2006-02-22,RIM,28.98,119663,288991.13,CE,2006
2006-02-23,RIM,29.14,119663,290564.7,CE,2006
2006-02-24,RIM,29.79,119663,297070.38,CE,2006
2006-02-25,RIM,29.79,119663,297023.51,CE,2006
2006-02-26,RIM,29.79,119663,297020.52,CE,2006
2006-02-27,RIM,29.81,119663,297311.7,CE,2006
2006-02-28,RIM,30.19,119663,301098.03,CE,2006
2006-03-01,RIM,30.97,119663,308801.34,CE,2006
2006-03-02,RIM,30.96,119663,308712.59,CE,2006
2006-03-03,RIM,30.99,119663,309052.63,CE,2006
2006-03-04,RIM,30.96,119663,308698.63,CE,2006
2006-03-05,RIM,30.95,119663,308641.79,CE,2006
2006-03-06,RIM,31.22,119663,311352.16,CE,2006
2006-03-07,RIM,31.46,119663,313685.59,CE,2006
2006-03-08,RIM,31.66,119663,315743.79,CE,2006
2006-03-09,RIM,32.48,119663,323900.82,CE,2006
2006-03-10,RIM,33.43,119663,333318.29,CE,2006
2006-03-11,RIM,33.54,119663,334469.05,CE,2006
2006-03-12,RIM,34,119663,339090.04,CE,2006
2006-03-13,RIM,34,119663,339002.29,CE,2006
2006-03-14,RIM,34.02,119663,339253.58,CE,2006
2006-03-15,RIM,34.1,119663,340051.33,CE,2006
2006-03-16,RIM,34.27,119663,341723.62,CE,2006
2006-03-17,RIM,35.1,119663,350001.31,CE,2006
2006-03-18,RIM,35.22,119663,351184.98,CE,2006
2006-03-19,RIM,35.35,119663,352501.27,CE,2006
2006-03-20,RIM,35.34,119663,352447.42,CE,2006
2006-03-21,RIM,35.33,119663,352300.84,CE,2006
2006-03-22,RIM,34.63,119663,345311.52,CE,2006
2006-03-23,RIM,34.71,119663,346110.27,CE,2006
2006-03-24,RIM,34.69,119663,345879.92,CE,2006
2006-03-25,RIM,34.76,119663,346663.71,CE,2006
2006-03-26,RIM,34.79,119663,346901.04,CE,2006
2006-03-27,RIM,34.87,119663,347768.6,CE,2006
2006-03-28,RIM,34.83,119663,347370.72,CE,2006
2006-03-29,RIM,34.88,119663,347849.37,CE,2006
2006-03-30,RIM,34.62,119663,345187.87,CE,2006
2006-03-31,RIM,34.54,119663,344401.08,CE,2006
2006-04-01,RIM,34.74,119663,346409.43,CE,2006
2006-04-02,RIM,35.13,119663,350322.41,CE,2006
2006-04-03,RIM,35.25,119663,351541.97,CE,2006
2006-04-04,RIM,35.64,119663,355410.08,CE,2006
2006-04-05,RIM,35.56,119663,354628.28,CE,2006
2006-04-06,RIM,35.48,119663,353786.65,CE,2006
2006-04-07,RIM,35.26,119663,351644.68,CE,2006
2006-04-08,RIM,35.12,119663,350238.64,CE,2006
2006-04-09,RIM,35.46,119663,353580.23,CE,2006
2006-04-10,RIM,35.32,119663,352222.06,CE,2006
2006-04-11,RIM,35.22,119663,351220.88,CE,2006
2006-04-12,RIM,35.15,119663,350474.98,CE,2006
2006-04-13,RIM,35.09,119663,349933.5,CE,2006
2006-04-14,RIM,35.41,119663,353124.52,CE,2006
2006-04-15,RIM,35.62,119663,355157.79,CE,2006
2006-04-16,RIM,36.11,119663,360097.88,CE,2006
2006-04-17,RIM,36.03,119663,359318.07,CE,2006
2006-04-18,RIM,36.12,119663,360196.6,CE,2006
2006-04-19,RIM,36.04,119663,359429.76,CE,2006
2006-04-20,RIM,35.93,119663,358298.94,CE,2006
2006-04-21,RIM,35.68,119663,355831.89,CE,2006
2006-04-22,RIM,35.87,119663,357730.54,CE,2006
2006-04-23,RIM,35.65,119663,355534.73,CE,2006
2006-04-24,RIM,35.41,119663,353098.59,CE,2006
2006-04-25,RIM,35.13,119663,350275.54,CE,2006
2006-04-26,RIM,34.83,119663,347337.81,CE,2006
2006-04-27,RIM,34.48,119663,343797.78,CE,2006
2006-04-28,RIM,34.08,119663,339855.88,CE,2006
2006-04-29,RIM,33.48,119663,333879.71,CE,2006
2006-04-30,RIM,32.79,119663,326953.22,CE,2006
2006-05-01,RIM,32.39,119663,323032.26,CE,2006
2006-05-02,RIM,32.15,119663,320568.2,CE,2006
2006-05-03,RIM,31.95,119663,318633.65,CE,2006
2006-05-04,RIM,31.71,119663,316248.37,CE,2006
2006-05-05,RIM,31.39,119663,312991.54,CE,2006
2006-05-06,RIM,30.99,119663,309071.58,CE,2006
2006-05-07,RIM,30.58,119663,304917.28,CE,2006
2006-05-08,RIM,30.45,119663,303614.95,CE,2006
2006-05-09,RIM,30.25,119663,301623.55,CE,2006
2006-05-10,RIM,30.07,119663,299904.4,CE,2006
2006-05-11,RIM,29.8,119663,297125.22,CE,2006
2006-05-12,RIM,29.38,119663,293009.81,CE,2006
2006-05-13,RIM,29.06,119663,289818.8,CE,2006
2006-05-14,RIM,28.82,119663,287427.53,CE,2006
2006-05-15,RIM,28.36,119663,282774.64,CE,2006
2006-05-16,RIM,27.6,119663,275226.89,CE,2006
2006-05-17,RIM,26.52,119663,264495.12,CE,2006
2006-05-18,RIM,25.3,119663,252334.37,CE,2006
2006-05-19,RIM,24.08,119663,240145.69,CE,2006
2006-05-20,RIM,23.13,119663,230602.57,CE,2006
2006-05-21,RIM,22.34,119663,222798.55,CE,2006
2006-05-22,RIM,21.81,119663,217486.51,CE,2006
2006-05-23,RIM,21.27,119663,212147.54,CE,2006
2006-05-24,RIM,20.83,119663,207698.07,CE,2006
2006-05-25,RIM,20.42,119663,203647.48,CE,2006
2006-05-26,RIM,20.13,119663,200716.73,CE,2006
2006-05-27,RIM,19.91,119663,198545.85,CE,2006
2006-05-28,RIM,19.73,119663,196749.9,CE,2006
2006-05-29,RIM,19.58,119663,195256.11,CE,2006
2006-05-30,RIM,19.29,119663,192399.16,CE,2006
2006-05-31,RIM,18.93,119663,188762.4,CE,2006
2006-06-01,RIM,18.32,119663,182705.46,CE,2006
2006-06-02,RIM,17.61,119663,175589.5,CE,2006
2006-06-03,RIM,16.95,119663,168982.11,CE,2006
2006-06-04,RIM,16.43,119663,163808.68,CE,2006
2006-06-05,RIM,15.92,119663,158739.95,CE,2006
2006-06-06,RIM,15.35,119663,153020.06,CE,2006
2006-06-07,RIM,14.73,119663,146898.3,CE,2006
2006-06-08,RIM,14.13,119663,140941.08,CE,2006
2006-06-09,RIM,13.76,119663,137253.46,CE,2006
2006-06-10,RIM,13.43,119663,133872.98,CE,2006
2006-06-11,RIM,13.09,119663,130568.29,CE,2006
2006-06-12,RIM,12.63,119663,125909.41,CE,2006
2006-06-13,RIM,12.13,119663,120997.24,CE,2006
2006-06-14,RIM,11.67,119663,116362.3,CE,2006
2006-06-15,RIM,11.33,119663,113030.68,CE,2006
2006-06-16,RIM,11.01,119663,109800.77,CE,2006
2006-06-17,RIM,10.58,119663,105517.84,CE,2006
2006-06-18,RIM,10.3,119663,102729.69,CE,2006
2006-06-19,RIM,10.01,119663,99857.78,CE,2006
2006-06-20,RIM,9.77,119663,97418.65,CE,2006
2006-06-21,RIM,9.56,119663,95351.47,CE,2006
2006-06-22,RIM,9.35,119663,93259.36,CE,2006
2006-06-23,RIM,9.06,119663,90374.48,CE,2006
2006-06-24,RIM,8.7,119663,86784.59,CE,2006
2006-06-25,RIM,8.22,119663,81919.3,CE,2006
2006-06-26,RIM,7.61,119663,75916.2,CE,2006
2006-06-27,RIM,6.92,119663,68982.73,CE,2006
2006-06-28,RIM,6.3,119663,62794.16,CE,2006
2006-06-29,RIM,5.86,119663,58481.3,CE,2006
2006-06-30,RIM,5.47,119663,54555.36,CE,2006
2006-07-01,RIM,5.03,119663,50175.69,CE,2006
2006-07-02,RIM,4.63,119663,46133.08,CE,2006
2006-07-03,RIM,4.22,119663,42041.6,CE,2006
2006-07-04,RIM,3.84,119663,38319.08,CE,2006
2006-07-05,RIM,3.42,119663,34121.9,CE,2006
2006-07-06,RIM,3.13,119663,31216.09,CE,2006
2006-07-07,RIM,2.95,119663,29423.14,CE,2006
2006-07-08,RIM,2.77,119663,27644.15,CE,2006
2006-07-09,RIM,2.49,119663,24838.05,CE,2006
2006-07-10,RIM,2.19,119663,21834.51,CE,2006
2006-07-11,RIM,1.99,119663,19845.11,CE,2006
2006-07-12,RIM,1.83,119663,18230.66,CE,2006
2006-07-13,RIM,1.69,119663,16857.53,CE,2006
2006-07-14,RIM,1.55,119663,15499.35,CE,2006
2006-07-15,RIM,1.4,119663,13914.81,CE,2006
2006-07-16,RIM,1.25,119663,12478.86,CE,2006
2006-07-17,RIM,1.08,119663,10778.64,CE,2006
2006-07-18,RIM,0.97,119663,9633.87,CE,2006
2006-07-19,RIM,0.87,119663,8711.47,CE,2006
2006-07-20,RIM,0.76,119663,7622.53,CE,2006
2006-07-21,RIM,0.62,119663,6220.48,CE,2006
2006-07-22,RIM,0.46,119663,4548.19,CE,2006
2006-07-23,RIM,0.32,119663,3223.92,CE,2006
2006-07-24,RIM,0.22,119663,2189.83,CE,2006
2006-07-25,RIM,0.16,119663,1569.58,CE,2006
2006-07-26,RIM,0.12,119663,1186.66,CE,2006
2006-07-27,RIM,0.09,119663,862.57,CE,2006
2006-07-28,RIM,0.06,119663,591.33,CE,2006
2006-07-29,RIM,0.05,119663,453.72,CE,2006
2006-07-30,RIM,0.04,119663,386.91,CE,2006
2006-07-31,RIM,0.04,119663,356.99,CE,2006
2006-08-01,RIM,0.03,119663,318.1,CE,2006
2006-08-02,RIM,0.03,119663,267.25,CE,2006
2006-08-03,RIM,0.02,119663,216.39,CE,2006
2006-08-04,RIM,0.02,119663,179.49,CE,2006
2006-08-05,RIM,0.02,119663,152.57,CE,2006
2006-08-06,RIM,0.01,119663,117.67,CE,2006
2006-08-07,RIM,0.01,119663,80.77,CE,2006
2006-08-08,RIM,0.01,119663,49.86,CE,2006
2006-08-09,RIM,0,119663,38.89,CE,2006
2006-08-10,RIM,0,119663,27.92,CE,2006
2006-08-11,RIM,0,119663,18.95,CE,2006
2006-08-12,RIM,0,119663,12.96,CE,2006
2006-08-13,RIM,0,119663,4.99,CE,2006
2006-08-14,RIM,0,119663,0,CE,2006
2006-08-15,RIM,0,119663,0,CE,2006
2006-08-16,RIM,0,119663,0,CE,2006
2006-08-17,RIM,0,119663,0,CE,2006
2006-08-18,RIM,0,119663,0,CE,2006
2006-08-19,RIM,0,119663,0,CE,2006
2006-08-20,RIM,0,119663,0,CE,2006
2006-08-21,RIM,0,119663,0,CE,2006
2006-08-22,RIM,0,119663,0,CE,2006
2006-08-23,RIM,0,119663,0,CE,2006
2006-08-24,RIM,0,119663,0,CE,2006
2006-08-25,RIM,0,119663,0,CE,2006
2006-08-28,RIM,0,119663,0,CE,2006
2006-08-29,RIM,0,119663,0,CE,2006
2006-08-30,RIM,0,119663,0,CE,2006
2006-08-31,RIM,0,119663,0,CE,2006
2006-09-01,RIM,0,119663,0,CE,2006
2006-09-02,RIM,0,119663,0,CE,2006
2006-09-03,RIM,0,119663,0,CE,2006
2006-09-04,RIM,0,119663,0,CE,2006
2006-09-05,RIM,0,119663,0,CE,2006
2006-09-06,RIM,0,119663,0,CE,2006
2006-09-07,RIM,0,119663,0,CE,2006
2006-09-09,RIM,0,119663,0,CE,2006
2006-09-10,RIM,0,119663,0,CE,2006
2006-09-11,RIM,0,119663,0,CE,2006
2006-09-12,RIM,0,119663,0,CE,2006
2006-09-13,RIM,0,119663,0,CE,2006
2006-09-14,RIM,0,119663,0,CE,2006
2006-09-15,RIM,0,119663,5.98,CE,2006
2006-09-16,RIM,0,119663,11.97,CE,2006
2006-09-17,RIM,0,119663,16.95,CE,2006
2006-09-18,RIM,0,119663,0,CE,2006
2006-09-19,RIM,0,119663,0,CE,2006
2006-09-20,RIM,0,119663,0,CE,2006
2006-09-21,RIM,0,119663,0,CE,2006
2006-09-22,RIM,0,119663,1.99,CE,2006
2006-09-23,RIM,0,119663,0,CE,2006
2006-09-24,RIM,0,119663,0,CE,2006
2006-09-25,RIM,0,119663,0,CE,2006
2006-09-26,RIM,0,119663,0,CE,2006
2006-09-27,RIM,0,119663,0,CE,2006
2006-09-28,RIM,0,119663,0,CE,2006
2006-09-29,RIM,0,119663,0,CE,2006
2006-10-02,RIM,0,119663,0,CE,2007
2006-10-03,RIM,0,119663,0,CE,2007
2006-10-04,RIM,0,119663,0,CE,2007
2006-10-05,RIM,0,119663,0,CE,2007
2006-10-06,RIM,0,119663,0,CE,2007
2006-10-07,RIM,0,119663,0,CE,2007
2006-10-08,RIM,0,119663,0,CE,2007
2006-10-09,RIM,0,119663,0,CE,2007
2006-10-10,RIM,0,119663,0,CE,2007
2006-10-11,RIM,0,119663,0,CE,2007
2006-10-12,RIM,0,119663,0,CE,2007
2006-10-13,RIM,0,119663,0,CE,2007
2006-10-14,RIM,0,119663,0,CE,2007
2006-10-15,RIM,0,119663,0,CE,2007
2006-10-16,RIM,0,119663,0,CE,2007
2006-10-17,RIM,0.01,119663,49.86,CE,2007
2006-10-18,RIM,0.01,119663,49.86,CE,2007
2006-10-19,RIM,0,119663,5.98,CE,2007
2006-10-20,RIM,0,119663,0,CE,2007
2006-10-21,RIM,0,119663,0,CE,2007
2006-10-22,RIM,0,119663,0,CE,2007
2006-10-23,RIM,0,119663,0,CE,2007
2006-10-24,RIM,0,119663,0,CE,2007
2006-10-25,RIM,0.04,119663,386.91,CE,2007
2006-10-26,RIM,0.05,119663,522.53,CE,2007
2006-10-27,RIM,0.03,119663,262.26,CE,2007
2006-10-28,RIM,0.01,119663,71.8,CE,2007
2006-10-29,RIM,0,119663,0,CE,2007
2006-10-30,RIM,0.05,119663,450.73,CE,2007
2006-10-31,RIM,0.04,119663,410.84,CE,2007
2006-11-01,RIM,0.03,119663,341.04,CE,2007
2006-11-02,RIM,0.04,119663,379.93,CE,2007
2006-11-03,RIM,0.45,119663,4452.46,CE,2007
2006-11-04,RIM,0.24,119663,2364.34,CE,2007
2006-11-05,RIM,0.06,119663,615.27,CE,2007
2006-11-06,RIM,0,119663,0,CE,2007
2006-11-07,RIM,0,119663,0,CE,2007
2006-11-08,RIM,0,119663,20.94,CE,2007
2006-11-09,RIM,0.04,119663,402.87,CE,2007
2006-11-10,RIM,0.23,119663,2339.41,CE,2007
2006-11-11,RIM,1.9,119663,18913.73,CE,2007
2006-11-12,RIM,2.21,119663,22034.94,CE,2007
2006-11-13,RIM,3.45,119663,34397.13,CE,2007
2006-11-14,RIM,3.96,119663,39488.79,CE,2007
2006-11-15,RIM,4.01,119663,39946.5,CE,2007
2006-11-16,RIM,4.7,119663,46843.08,CE,2007
2006-11-17,RIM,3.36,119663,33482.7,CE,2007
2006-11-18,RIM,3.33,119663,33192.52,CE,2007
2006-11-19,RIM,3.31,119663,33006.05,CE,2007
2006-11-20,RIM,3.33,119663,33229.42,CE,2007
2006-11-21,RIM,3.29,119663,32856.47,CE,2007
2006-11-22,RIM,3.7,119663,36870.16,CE,2007
2006-11-23,RIM,4.57,119663,45555.7,CE,2007
2006-11-24,RIM,5.81,119663,57900.94,CE,2007
2006-11-25,RIM,6.25,119663,62369.35,CE,2007
2006-11-26,RIM,6.31,119663,62897.86,CE,2007
2006-11-27,RIM,7.1,119663,70821.55,CE,2007
2006-11-28,RIM,8.26,119663,82340.11,CE,2007
2006-11-29,RIM,8.45,119663,84310.56,CE,2007
2006-11-30,RIM,8.46,119663,84380.36,CE,2007
2006-12-01,RIM,8.83,119663,88061,CE,2007
2006-12-02,RIM,8.85,119663,88225.54,CE,2007
2006-12-03,RIM,8.84,119663,88173.68,CE,2007
2006-12-04,RIM,8.83,119663,88085.93,CE,2007
2006-12-05,RIM,8.87,119663,88449.9,CE,2007
2006-12-06,RIM,8.88,119663,88508.74,CE,2007
2006-12-07,RIM,8.86,119663,88383.09,CE,2007
2006-12-08,RIM,8.84,119663,88122.82,CE,2007
2006-12-09,RIM,8.78,119663,87588.33,CE,2007
2006-12-10,RIM,8.86,119663,88398.05,CE,2007
2006-12-11,RIM,8.98,119663,89587.7,CE,2007
2006-12-12,RIM,9.64,119663,96158.2,CE,2007
2006-12-13,RIM,9.97,119663,99468.87,CE,2007
2006-12-14,RIM,12.71,119663,126763,CE,2007
2006-12-15,RIM,14.15,119663,141072.71,CE,2007
2006-12-16,RIM,15.05,119663,150065.38,CE,2007
2006-12-17,RIM,14.97,119663,149321.47,CE,2007
2006-12-18,RIM,14.92,119663,148767.04,CE,2007
2006-12-19,RIM,13.87,119663,138314.47,CE,2007
2006-12-20,RIM,13.83,119663,137934.54,CE,2007
2006-12-21,RIM,13.83,119663,137897.65,CE,2007
2006-12-22,RIM,14.03,119663,139877.07,CE,2007
2006-12-23,RIM,14.09,119663,140470.4,CE,2007
2006-12-24,RIM,14.45,119663,144141.06,CE,2007
2006-12-25,RIM,14.83,119663,147893.5,CE,2007
2006-12-26,RIM,15.28,119663,152363.91,CE,2007
2006-12-27,RIM,16.01,119663,159647.39,CE,2007
2006-12-28,RIM,16.88,119663,168301.02,CE,2007
2006-12-29,RIM,16.87,119663,168195.32,CE,2007
2006-12-30,RIM,16.86,119663,168082.64,CE,2007
2006-12-31,RIM,16.85,119663,167993.89,CE,2007
2007-01-01,RIM,16.84,119663,167915.11,CE,2007
2007-01-02,RIM,16.9,119663,168568.27,CE,2007
2007-01-03,RIM,17.69,119663,176432.12,CE,2007
2007-01-04,RIM,18.38,119663,183289.81,CE,2007
2007-01-05,RIM,20.24,119663,201803.67,CE,2007
2007-01-06,RIM,20.64,119663,205791.44,CE,2007
2007-01-07,RIM,21.5,119663,214414.16,CE,2007
2007-01-08,RIM,21.97,119663,219069.05,CE,2007
2007-01-09,RIM,22.8,119663,227364.69,CE,2007
2007-01-10,RIM,23.08,119663,230104.97,CE,2007
2007-01-11,RIM,23.26,119663,231985.67,CE,2007
2007-01-12,RIM,23.43,119663,233593.15,CE,2007
2007-01-13,RIM,23.41,119663,233489.44,CE,2007
2007-01-14,RIM,23.41,119663,233398.69,CE,2007
2007-01-15,RIM,23.4,119663,233311.94,CE,2007
2007-01-16,RIM,23.39,119663,233216.21,CE,2007
2007-01-17,RIM,23.5,119663,234383.92,CE,2007
2007-01-18,RIM,23.5,119663,234300.15,CE,2007
2007-01-19,RIM,23.52,119663,234525.52,CE,2007
2007-01-20,RIM,23.58,119663,235151.76,CE,2007
2007-01-21,RIM,23.71,119663,236471.04,CE,2007
2007-01-22,RIM,23.71,119663,236464.06,CE,2007
2007-01-23,RIM,24.28,119663,242127.11,CE,2007
2007-01-24,RIM,24.26,119663,241944.63,CE,2007
2007-01-25,RIM,24.23,119663,241628.52,CE,2007
2007-01-26,RIM,24.19,119663,241221.66,CE,2007
2007-01-27,RIM,24.16,119663,240871.65,CE,2007
2007-01-28,RIM,24.12,119663,240530.61,CE,2007
2007-01-29,RIM,24.09,119663,240217.49,CE,2007
2007-01-30,RIM,24.05,119663,239826.59,CE,2007
2007-01-31,RIM,24.02,119663,239528.43,CE,2007
2007-02-01,RIM,24.21,119663,241378.22,CE,2007
2007-02-02,RIM,24.19,119663,241173.8,CE,2007
2007-02-03,RIM,24.15,119663,240846.72,CE,2007
2007-02-04,RIM,24.14,119663,240683.18,CE,2007
2007-02-05,RIM,24.08,119663,240099.82,CE,2007
2007-02-06,RIM,23.87,119663,238052.59,CE,2007
2007-02-07,RIM,23.6,119663,235298.34,CE,2007
2007-02-08,RIM,23.62,119663,235488.81,CE,2007
2007-02-09,RIM,23.54,119663,234739.92,CE,2007
2007-02-10,RIM,23.78,119663,237177.05,CE,2007
2007-02-11,RIM,23.95,119663,238795.49,CE,2007
2007-02-12,RIM,24.27,119663,242019.41,CE,2007
2007-02-13,RIM,25.48,119663,254072.47,CE,2007
2007-02-15,RIM,25.66,119663,255920.27,CE,2007
2007-02-16,RIM,26.62,119663,265465.39,CE,2007
2007-02-17,RIM,26.35,119663,262728.09,CE,2007
2007-02-18,RIM,26.12,119663,260482.42,CE,2007
2007-02-19,RIM,26.36,119663,262813.85,CE,2007
2007-02-20,RIM,26.72,119663,266477.53,CE,2007
2007-02-21,RIM,27.71,119663,276340.76,CE,2007
2007-02-22,RIM,28.78,119663,286991.76,CE,2007
2007-02-23,RIM,29.05,119663,289691.16,CE,2007
2007-02-24,RIM,29.29,119663,292092.4,CE,2007
2007-02-25,RIM,29.97,119663,298866.32,CE,2007
2007-02-26,RIM,30.52,119663,304318.96,CE,2007
2007-02-27,RIM,30.89,119663,308058.43,CE,2007
2007-02-28,RIM,31.48,119663,313929.9,CE,2007
2007-03-01,RIM,30.73,119663,306415.06,CE,2007
2007-03-02,RIM,31.01,119663,309228.14,CE,2007
2007-03-03,RIM,31.25,119663,311595.47,CE,2007
2007-03-04,RIM,31.33,119663,312387.24,CE,2007
2007-03-05,RIM,31.31,119663,312265.58,CE,2007
2007-03-06,RIM,31.29,119663,312048.2,CE,2007
2007-03-07,RIM,31.24,119663,311486.78,CE,2007
2007-03-08,RIM,31.27,119663,311858.73,CE,2007
2007-03-09,RIM,31.39,119663,312992.54,CE,2007
2007-03-10,RIM,31.39,119663,313049.38,CE,2007
2007-03-11,RIM,31.49,119663,314055.54,CE,2007
2007-03-12,RIM,31.61,119663,315207.3,CE,2007
2007-03-13,RIM,30.81,119663,307226.77,CE,2007
2007-03-14,RIM,30.24,119663,301598.63,CE,2007
2007-03-15,RIM,30.11,119663,300264.38,CE,2007
2007-03-16,RIM,29.88,119663,297940.93,CE,2007
2007-03-17,RIM,29.52,119663,294339.07,CE,2007
2007-03-18,RIM,29.08,119663,289933.48,CE,2007
2007-03-19,RIM,28.58,119663,285030.29,CE,2007
2007-03-20,RIM,29.51,119663,294237.36,CE,2007
2007-03-21,RIM,29.53,119663,294437.79,CE,2007
2007-03-22,RIM,29.3,119663,292214.05,CE,2007
2007-03-23,RIM,29.06,119663,289807.83,CE,2007
2007-03-24,RIM,28.84,119663,287590.08,CE,2007
2007-03-25,RIM,28.65,119663,285714.36,CE,2007
2007-03-27,RIM,28.1,119663,280219.83,CE,2007
2007-03-28,RIM,28.63,119663,285479.02,CE,2007
2007-03-29,RIM,28.4,119663,283231.35,CE,2007
2007-03-30,RIM,28.12,119663,280456.17,CE,2007
2007-03-31,RIM,27.72,119663,276381.64,CE,2007
2007-04-01,RIM,27.43,119663,273545.63,CE,2007
2007-04-02,RIM,27.21,119663,271293.97,CE,2007
2007-04-03,RIM,27.35,119663,272730.92,CE,2007
2007-04-04,RIM,27.13,119663,270543.09,CE,2007
2007-04-05,RIM,26.88,119663,268042.13,CE,2007
2007-04-06,RIM,26.51,119663,264324.6,CE,2007
2007-04-07,RIM,25.99,119663,259198.04,CE,2007
2007-04-08,RIM,25.64,119663,255712.85,CE,2007
2007-04-09,RIM,24.95,119663,248836.22,CE,2007
2007-04-10,RIM,25.6,119663,255314.97,CE,2007
2007-04-11,RIM,25.52,119663,254500.27,CE,2007
2007-04-12,RIM,25.33,119663,252548.76,CE,2007
2007-04-13,RIM,25.09,119663,250196.39,CE,2007
2007-04-14,RIM,24.78,119663,247067.2,CE,2007
2007-04-15,RIM,24.75,119663,246827.87,CE,2007
2007-04-16,RIM,24.45,119663,243857.24,CE,2007
2007-04-17,RIM,24.18,119663,241112.97,CE,2007
2007-04-18,RIM,24.06,119663,239945.26,CE,2007
2007-04-19,RIM,24.4,119663,243326.73,CE,2007
2007-04-20,RIM,24.18,119663,241079.06,CE,2007
2007-04-21,RIM,23.91,119663,238474.4,CE,2007
2007-04-22,RIM,23.81,119663,237409.4,CE,2007
2007-04-23,RIM,23.47,119663,233992.02,CE,2007
2007-04-24,RIM,23.27,119663,232077.41,CE,2007
2007-04-25,RIM,22.76,119663,227008.69,CE,2007
2007-04-26,RIM,22.33,119663,222627.03,CE,2007
2007-04-27,RIM,21.87,119663,218097.78,CE,2007
2007-04-28,RIM,21.34,119663,212789.73,CE,2007
2007-04-29,RIM,20.76,119663,207034.94,CE,2007
2007-04-30,RIM,20.23,119663,201766.78,CE,2007
2007-05-01,RIM,19.81,119663,197501.79,CE,2007
2007-05-02,RIM,19.68,119663,196229.37,CE,2007
2007-05-03,RIM,19.37,119663,193137.08,CE,2007
2007-05-04,RIM,19.14,119663,190863.48,CE,2007
2007-05-05,RIM,18.9,119663,188475.21,CE,2007
2007-05-06,RIM,18.61,119663,185605.29,CE,2007
2007-05-07,RIM,18.17,119663,181156.82,CE,2007
2007-05-08,RIM,17.5,119663,174528.49,CE,2007
2007-05-09,RIM,16.72,119663,166718.48,CE,2007
2007-05-10,RIM,16.11,119663,160631.62,CE,2007
2007-05-11,RIM,15.64,119663,155939.84,CE,2007
2007-05-12,RIM,15.09,119663,150495.17,CE,2007
2007-05-13,RIM,14.56,119663,145143.24,CE,2007
2007-05-14,RIM,14.21,119663,141697.94,CE,2007
2007-05-15,RIM,13.76,119663,137258.45,CE,2007
2007-05-16,RIM,13.17,119663,131282.28,CE,2007
2007-05-17,RIM,12.57,119663,125303.12,CE,2007
2007-05-18,RIM,12.07,119663,120358.04,CE,2007
2007-05-19,RIM,11.61,119663,115728.08,CE,2007
2007-05-20,RIM,11.18,119663,111464.09,CE,2007
2007-05-21,RIM,10.98,119663,109539.51,CE,2007
2007-05-22,RIM,10.9,119663,108736.77,CE,2007
2007-05-23,RIM,10.61,119663,105799.04,CE,2007
2007-05-24,RIM,10.21,119663,101829.22,CE,2007
2007-05-25,RIM,9.76,119663,97369.78,CE,2007
2007-05-26,RIM,9.28,119663,92588.25,CE,2007
2007-05-27,RIM,8.75,119663,87299.14,CE,2007
2007-05-28,RIM,8.34,119663,83139.86,CE,2007
2007-05-29,RIM,8.05,119663,80252.99,CE,2007
2007-05-30,RIM,7.6,119663,75741.69,CE,2007
2007-05-31,RIM,7.06,119663,70421.68,CE,2007
2007-06-01,RIM,6.49,119663,64686.83,CE,2007
2007-06-02,RIM,5.92,119663,59057.68,CE,2007
2007-06-03,RIM,5.29,119663,52781.35,CE,2007
2007-06-04,RIM,4.57,119663,45591.6,CE,2007
2007-06-05,RIM,4.1,119663,40891.84,CE,2007
2007-06-06,RIM,3.2,119663,31896.17,CE,2007
2007-06-07,RIM,3.1,119663,30927.9,CE,2007
2007-06-08,RIM,2.98,119663,29707.34,CE,2007
2007-06-09,RIM,2.78,119663,27679.05,CE,2007
2007-06-10,RIM,2.59,119663,25851.2,CE,2007
2007-06-11,RIM,2.42,119663,24098.13,CE,2007
2007-06-12,RIM,2.3,119663,22976.29,CE,2007
2007-06-13,RIM,2.14,119663,21378.79,CE,2007
2007-06-14,RIM,1.96,119663,19541.97,CE,2007
2007-06-15,RIM,1.81,119663,18094.04,CE,2007
2007-06-16,RIM,1.67,119663,16686.01,CE,2007
2007-06-17,RIM,1.56,119663,15593.09,CE,2007
2007-06-18,RIM,1.48,119663,14714.56,CE,2007
2007-06-19,RIM,1.1,119663,11014.98,CE,2007
2007-06-20,RIM,0.95,119663,9423.46,CE,2007
2007-06-21,RIM,0.78,119663,7817.98,CE,2007
2007-06-22,RIM,0.67,119663,6710.1,CE,2007
2007-06-23,RIM,0.6,119663,5967.19,CE,2007
2007-06-24,RIM,0.55,119663,5504.5,CE,2007
2007-06-25,RIM,0.52,119663,5143.51,CE,2007
2007-06-26,RIM,0.49,119663,4874.27,CE,2007
2007-06-27,RIM,0.42,119663,4178.23,CE,2007
2007-06-28,RIM,0.34,119663,3414.38,CE,2007
2007-06-29,RIM,0.27,119663,2709.37,CE,2007
2007-06-30,RIM,0.24,119663,2368.33,CE,2007
2007-07-01,RIM,0.21,119663,2116.04,CE,2007
2007-07-02,RIM,0.18,119663,1800.93,CE,2007
2007-07-03,RIM,0.15,119663,1531.69,CE,2007
2007-07-04,RIM,0.12,119663,1185.66,CE,2007
2007-07-05,RIM,0.08,119663,808.72,CE,2007
2007-07-06,RIM,0.05,119663,469.68,CE,2007
2007-07-07,RIM,0.03,119663,325.08,CE,2007
2007-07-08,RIM,0.02,119663,231.35,CE,2007
2007-07-09,RIM,0.02,119663,159.55,CE,2007
2007-07-10,RIM,0.01,119663,102.71,CE,2007
2007-07-11,RIM,0.01,119663,57.84,CE,2007
2007-07-12,RIM,0,119663,37.89,CE,2007
2007-07-13,RIM,0,119663,16.95,CE,2007
2007-07-14,RIM,0,119663,0,CE,2007
2007-07-15,RIM,0,119663,0,CE,2007
2007-07-16,RIM,0,119663,0,CE,2007
2007-07-17,RIM,0,119663,0,CE,2007
2007-07-18,RIM,0,119663,0,CE,2007
2007-07-19,RIM,0,119663,0,CE,2007
2007-07-20,RIM,0,119663,0,CE,2007
2007-07-21,RIM,0,119663,0,CE,2007
2007-07-22,RIM,0,119663,0,CE,2007
2007-07-23,RIM,0,119663,0,CE,2007
2007-07-24,RIM,0,119663,0,CE,2007
2007-07-25,RIM,0,119663,0,CE,2007
2007-07-26,RIM,0,119663,0,CE,2007
2007-07-27,RIM,0,119663,0,CE,2007
2007-07-28,RIM,0,119663,0,CE,2007
2007-07-29,RIM,0,119663,0,CE,2007
2007-07-30,RIM,0,119663,0,CE,2007
2007-07-31,RIM,0,119663,0,CE,2007
2007-08-01,RIM,0,119663,0,CE,2007
2007-08-02,RIM,0,119663,0,CE,2007
2007-08-03,RIM,0,119663,0,CE,2007
2007-08-04,RIM,0,119663,0,CE,2007
2007-08-05,RIM,0,119663,0,CE,2007
2007-08-06,RIM,0,119663,0,CE,2007
2007-08-07,RIM,0,119663,0,CE,2007
2007-08-08,RIM,0,119663,0,CE,2007
2007-08-09,RIM,0,119663,0,CE,2007
2007-08-10,RIM,0,119663,0,CE,2007
2007-08-11,RIM,0,119663,0,CE,2007
2007-08-12,RIM,0,119663,0,CE,2007
2007-08-13,RIM,0,119663,0,CE,2007
2007-08-14,RIM,0,119663,0,CE,2007
2007-08-15,RIM,0,119663,0,CE,2007
2007-08-16,RIM,0,119663,0,CE,2007
2007-08-17,RIM,0,119663,0,CE,2007
2007-08-18,RIM,0,119663,0,CE,2007
2007-08-19,RIM,0,119663,0,CE,2007
2007-08-20,RIM,0,119663,0,CE,2007
2007-08-21,RIM,0,119663,0,CE,2007
2007-08-22,RIM,0,119663,0,CE,2007
2007-08-23,RIM,0,119663,0,CE,2007
2007-08-24,RIM,0,119663,0,CE,2007
2007-08-25,RIM,0,119663,0,CE,2007
2007-08-26,RIM,0,119663,0,CE,2007
2007-08-27,RIM,0,119663,0,CE,2007
2007-08-28,RIM,0,119663,0,CE,2007
2007-08-29,RIM,0,119663,0,CE,2007
2007-08-30,RIM,0,119663,0,CE,2007
2007-08-31,RIM,0,119663,0,CE,2007
2007-09-01,RIM,0,119663,0,CE,2007
2007-09-02,RIM,0,119663,0,CE,2007
2007-09-03,RIM,0,119663,0,CE,2007
2007-09-04,RIM,0,119663,0,CE,2007
2007-09-05,RIM,0,119663,0,CE,2007
2007-09-06,RIM,0,119663,0,CE,2007
2007-09-07,RIM,0,119663,0,CE,2007
2007-09-08,RIM,0,119663,0,CE,2007
2007-09-09,RIM,0,119663,0,CE,2007
2007-09-10,RIM,0,119663,0,CE,2007
2007-09-11,RIM,0,119663,0,CE,2007
2007-09-12,RIM,0,119663,0,CE,2007
2007-09-13,RIM,0,119663,0,CE,2007
2007-09-14,RIM,0,119663,0,CE,2007
2007-09-15,RIM,0,119663,0,CE,2007
2007-09-16,RIM,0,119663,0,CE,2007
2007-09-17,RIM,0,119663,0,CE,2007
2007-09-18,RIM,0,119663,0,CE,2007
2007-09-19,RIM,0,119663,0,CE,2007
2007-09-20,RIM,0,119663,0,CE,2007
2007-09-21,RIM,0,119663,0,CE,2007
2007-09-22,RIM,0,119663,0,CE,2007
2007-09-23,RIM,0,119663,0,CE,2007
2007-09-24,RIM,0,119663,0,CE,2007
2007-09-25,RIM,0,119663,0,CE,2007
2007-09-26,RIM,0,119663,0,CE,2007
2007-09-27,RIM,0,119663,0,CE,2007
2007-09-28,RIM,0,119663,0,CE,2007
2007-09-29,RIM,0.01,119663,52.85,CE,2007
2007-09-30,RIM,0.01,119663,54.85,CE,2007
2007-10-01,RIM,0.01,119663,62.82,CE,2008
2007-10-02,RIM,0.01,119663,99.72,CE,2008
2007-10-03,RIM,0.01,119663,131.63,CE,2008
2007-10-04,RIM,0.03,119663,297.16,CE,2008
2007-10-05,RIM,0.14,119663,1439.94,CE,2008
2007-10-06,RIM,0.12,119663,1171.7,CE,2008
2007-10-07,RIM,0.08,119663,805.73,CE,2008
2007-10-08,RIM,0.01,119663,141.6,CE,2008
2007-10-09,RIM,0.01,119663,110.69,CE,2008
2007-10-10,RIM,0,119663,15.96,CE,2008
2007-10-11,RIM,0,119663,23.93,CE,2008
2007-10-12,RIM,0,119663,23.93,CE,2008
2007-10-13,RIM,0,119663,27.92,CE,2008
2007-10-14,RIM,0,119663,22.94,CE,2008
2007-10-15,RIM,0,119663,8.97,CE,2008
2007-10-16,RIM,0,119663,1.99,CE,2008
2007-10-17,RIM,0,119663,9.97,CE,2008
2007-10-18,RIM,0.12,119663,1174.69,CE,2008
2007-10-19,RIM,0.48,119663,4808.46,CE,2008
2007-10-20,RIM,0.53,119663,5306.06,CE,2008
2007-10-21,RIM,0.76,119663,7575.67,CE,2008
2007-10-22,RIM,0.74,119663,7332.35,CE,2008
2007-10-23,RIM,0.43,119663,4262,CE,2008
2007-10-24,RIM,0.09,119663,899.47,CE,2008
2007-10-25,RIM,0.03,119663,299.16,CE,2008
2007-10-26,RIM,0.03,119663,294.17,CE,2008
2007-10-27,RIM,0.03,119663,261.26,CE,2008
2007-10-28,RIM,0.01,119663,105.7,CE,2008
2007-10-29,RIM,0,119663,18.95,CE,2008
2007-10-30,RIM,0,119663,9.97,CE,2008
2007-10-31,RIM,0,119663,8.97,CE,2008
2007-11-01,RIM,0,119663,7.98,CE,2008
2007-11-02,RIM,0,119663,6.98,CE,2008
2007-11-03,RIM,0,119663,6.98,CE,2008
2007-11-04,RIM,0,119663,1.99,CE,2008
2007-11-05,RIM,0,119663,0,CE,2008
2007-11-06,RIM,0,119663,0,CE,2008
2007-11-07,RIM,0,119663,0,CE,2008
2007-11-08,RIM,0,119663,0,CE,2008
2007-11-09,RIM,0,119663,0,CE,2008
2007-11-10,RIM,0,119663,0,CE,2008
2007-11-11,RIM,0,119663,8.97,CE,2008
2007-11-12,RIM,0,119663,16.95,CE,2008
2007-11-13,RIM,0.28,119663,2752.25,CE,2008
2007-11-14,RIM,0.31,119663,3112.24,CE,2008
2007-11-15,RIM,0.88,119663,8733.4,CE,2008
2007-11-16,RIM,0.78,119663,7817.98,CE,2008
2007-11-17,RIM,0.58,119663,5813.63,CE,2008
2007-11-18,RIM,0.44,119663,4413.57,CE,2008
2007-11-19,RIM,0.98,119663,9808.38,CE,2008
2007-11-20,RIM,1.35,119663,13419.21,CE,2008
2007-11-21,RIM,1.35,119663,13445.14,CE,2008
2007-11-22,RIM,1.83,119663,18295.48,CE,2008
2007-11-23,RIM,1.83,119663,18212.71,CE,2008
2007-11-24,RIM,1.8,119663,17962.41,CE,2008
2007-11-25,RIM,1.78,119663,17766.96,CE,2008
2007-11-26,RIM,1.77,119663,17668.24,CE,2008
2007-11-27,RIM,2,119663,19922.89,CE,2008
2007-11-28,RIM,2.2,119663,21933.23,CE,2008
2007-11-29,RIM,2.41,119663,24079.19,CE,2008
2007-11-30,RIM,3.02,119663,30115.19,CE,2008
2007-12-01,RIM,3.05,119663,30446.26,CE,2008
2007-12-02,RIM,3.46,119663,34527.76,CE,2008
2007-12-03,RIM,5.43,119663,54123.57,CE,2008
2007-12-04,RIM,6.17,119663,61542.68,CE,2008
2007-12-05,RIM,5.41,119663,53943.08,CE,2008
2007-12-06,RIM,5.33,119663,53179.23,CE,2008
2007-12-07,RIM,5.62,119663,56060.12,CE,2008
2007-12-08,RIM,5.63,119663,56117.96,CE,2008
2007-12-09,RIM,5.62,119663,56037.19,CE,2008
2007-12-10,RIM,5.54,119663,55226.47,CE,2008
2007-12-11,RIM,5.46,119663,54486.55,CE,2008
2007-12-12,RIM,5.39,119663,53753.62,CE,2008
2007-12-13,RIM,5.33,119663,53110.43,CE,2008
2007-12-14,RIM,5.29,119663,52742.46,CE,2008
2007-12-15,RIM,5.66,119663,56480.94,CE,2008
2007-12-16,RIM,6.02,119663,60018.97,CE,2008
2007-12-17,RIM,6.27,119663,62571.78,CE,2008
2007-12-18,RIM,6.73,119663,67146.9,CE,2008
2007-12-19,RIM,7.67,119663,76500.56,CE,2008
2007-12-20,RIM,8.7,119663,86764.65,CE,2008
2007-12-21,RIM,9.21,119663,91853.32,CE,2008
2007-12-22,RIM,9.21,119663,91855.31,CE,2008
2007-12-23,RIM,9.55,119663,95185.93,CE,2008
2007-12-24,RIM,10.39,119663,103603.23,CE,2008
2007-12-25,RIM,10.57,119663,105407.15,CE,2008
2007-12-26,RIM,10.84,119663,108071.64,CE,2008
2007-12-27,RIM,11.56,119663,115291.31,CE,2008
2007-12-28,RIM,12.15,119663,121207.65,CE,2008
2007-12-29,RIM,12.75,119663,127132.96,CE,2008
2007-12-30,RIM,13.26,119663,132241.58,CE,2008
2007-12-31,RIM,13.94,119663,138985.58,CE,2008
2008-01-01,RIM,14.03,119663,139905.99,CE,2008
2008-01-02,RIM,14.02,119663,139823.22,CE,2008
2008-01-03,RIM,14.64,119663,145948.97,CE,2008
2008-01-04,RIM,15.25,119663,152088.68,CE,2008
2008-01-05,RIM,15.92,119663,158791.8,CE,2008
2008-01-06,RIM,16.5,119663,164572.52,CE,2008
2008-01-07,RIM,16.93,119663,168775.69,CE,2008
2008-01-08,RIM,17.16,119663,171078.2,CE,2008
2008-01-09,RIM,18.17,119663,181198.7,CE,2008
2008-01-10,RIM,18.11,119663,180604.37,CE,2008
2008-01-11,RIM,19.48,119663,194282.85,CE,2008
2008-01-12,RIM,20.04,119663,199840.2,CE,2008
2008-01-13,RIM,20.16,119663,201053.78,CE,2008
2008-01-14,RIM,20.14,119663,200801.49,CE,2008
2008-01-15,RIM,20.75,119663,206925.25,CE,2008
2008-01-16,RIM,20.84,119663,207803.77,CE,2008
2008-01-17,RIM,20.84,119663,207764.88,CE,2008
2008-01-18,RIM,20.82,119663,207647.22,CE,2008
2008-01-19,RIM,20.79,119663,207302.19,CE,2008
2008-01-20,RIM,20.99,119663,209303.55,CE,2008
2008-01-21,RIM,21.07,119663,210071.39,CE,2008
2008-01-22,RIM,21.05,119663,209948.73,CE,2008
2008-01-23,RIM,21.05,119663,209877.93,CE,2008
2008-01-24,RIM,21.62,119663,215573.89,CE,2008
2008-01-25,RIM,21.61,119663,215529.02,CE,2008
2008-01-26,RIM,21.61,119663,215488.13,CE,2008
2008-01-27,RIM,22.17,119663,221083.38,CE,2008
2008-01-28,RIM,22.5,119663,224327.24,CE,2008
2008-01-29,RIM,22.97,119663,229031.99,CE,2008
2008-01-30,RIM,24.02,119663,239476.58,CE,2008
2008-01-31,RIM,24.57,119663,245017.97,CE,2008
2008-02-01,RIM,26.3,119663,262276.37,CE,2008
2008-02-02,RIM,27.31,119663,272323.07,CE,2008
2008-02-03,RIM,27.81,119663,277325.98,CE,2008
2008-02-04,RIM,27.86,119663,277771.73,CE,2008
2008-02-05,RIM,27.91,119663,278289.27,CE,2008
2008-02-06,RIM,28.42,119663,283381.93,CE,2008
2008-02-07,RIM,28.93,119663,288522.45,CE,2008
2008-02-08,RIM,30.44,119663,303523.21,CE,2008
2008-02-09,RIM,32.14,119663,320458.51,CE,2008
2008-02-10,RIM,32.27,119663,321821.67,CE,2008
2008-02-11,RIM,32.42,119663,323240.68,CE,2008
2008-02-12,RIM,32.41,119663,323182.84,CE,2008
2008-02-13,RIM,32.44,119663,323491.97,CE,2008
2008-02-14,RIM,32.49,119663,323959.65,CE,2008
2008-02-15,RIM,32.48,119663,323853.95,CE,2008
2008-02-16,RIM,32.41,119663,323226.72,CE,2008
2008-02-17,RIM,32.39,119663,323012.32,CE,2008
2008-02-18,RIM,32.36,119663,322732.11,CE,2008
2008-02-19,RIM,32.3,119663,322064.99,CE,2008
2008-02-20,RIM,33.96,119663,338617.37,CE,2008
2008-02-21,RIM,33.91,119663,338100.83,CE,2008
2008-02-22,RIM,33.93,119663,338363.09,CE,2008
2008-02-23,RIM,33.92,119663,338233.45,CE,2008
2008-02-24,RIM,33.94,119663,338408.96,CE,2008
2008-02-25,RIM,33.99,119663,338895.59,CE,2008
2008-02-26,RIM,34.03,119663,339317.4,CE,2008
2008-02-27,RIM,33.98,119663,338875.64,CE,2008
2008-02-28,RIM,33.89,119663,337905.38,CE,2008
2008-02-29,RIM,33.76,119663,336647.92,CE,2008
2008-03-01,RIM,33.75,119663,336537.23,CE,2008
2008-03-02,RIM,33.99,119663,338900.57,CE,2008
2008-03-03,RIM,33.97,119663,338725.07,CE,2008
2008-03-04,RIM,35.54,119663,354384.97,CE,2008
2008-03-05,RIM,35.61,119663,355129.87,CE,2008
2008-03-06,RIM,35.57,119663,354718.03,CE,2008
2008-03-07,RIM,35.48,119663,353821.55,CE,2008
2008-03-08,RIM,35.43,119663,353272.1,CE,2008
2008-03-09,RIM,35.52,119663,354183.53,CE,2008
2008-03-10,RIM,35.41,119663,353076.65,CE,2008
2008-03-11,RIM,35.33,119663,352316.79,CE,2008
2008-03-12,RIM,35.44,119663,353449.6,CE,2008
2008-03-14,RIM,36.06,119663,359587.32,CE,2008
2008-03-15,RIM,36.69,119663,365907.52,CE,2008
2008-03-16,RIM,36.71,119663,366108.95,CE,2008
2008-03-17,RIM,36.72,119663,366181.74,CE,2008
2008-03-18,RIM,36.86,119663,367588.78,CE,2008
2008-03-19,RIM,37.09,119663,369825.48,CE,2008
2008-03-20,RIM,37.15,119663,370411.83,CE,2008
2008-03-21,RIM,37.71,119663,376024.03,CE,2008
2008-03-22,RIM,37.89,119663,377792.05,CE,2008
2008-03-23,RIM,37.86,119663,377533.77,CE,2008
2008-03-24,RIM,38.25,119663,381387.92,CE,2008
2008-03-25,RIM,38.23,119663,381242.33,CE,2008
2008-03-26,RIM,38.44,119663,383322.47,CE,2008
2008-03-27,RIM,39.04,119663,389254.76,CE,2008
2008-03-28,RIM,39.21,119663,390999.85,CE,2008
2008-03-29,RIM,39.93,119663,398156.69,CE,2008
2008-03-30,RIM,40.26,119663,401435.46,CE,2008
2008-03-31,RIM,40.26,119663,401455.4,CE,2008
2008-04-01,RIM,40.28,119663,401689.74,CE,2008
2008-04-02,RIM,40.26,119663,401506.26,CE,2008
2008-04-03,RIM,40.23,119663,401131.32,CE,2008
2008-04-04,RIM,40.15,119663,400362.48,CE,2008
2008-04-05,RIM,40.36,119663,402420.69,CE,2008
2008-04-06,RIM,40.39,119663,402761.73,CE,2008
2008-04-07,RIM,40.56,119663,404411.08,CE,2008
2008-04-08,RIM,40.76,119663,406437.37,CE,2008
2008-04-09,RIM,41.24,119663,411231.87,CE,2008
2008-04-10,RIM,41.23,119663,411134.15,CE,2008
2008-04-11,RIM,41.26,119663,411403.39,CE,2008
2008-04-12,RIM,41.13,119663,410111.03,CE,2008
2008-04-13,RIM,40.9,119663,407808.51,CE,2008
2008-04-14,RIM,40.59,119663,404736.16,CE,2008
2008-04-15,RIM,40.5,119663,403862.63,CE,2008
2008-04-16,RIM,40.51,119663,403980.29,CE,2008
2008-04-17,RIM,40.45,119663,403321.15,CE,2008
2008-04-18,RIM,40.59,119663,404710.24,CE,2008
2008-04-19,RIM,40.77,119663,406536.1,CE,2008
2008-04-20,RIM,40.85,119663,407325.87,CE,2008
2008-04-21,RIM,40.86,119663,407426.59,CE,2008
2008-04-22,RIM,40.89,119663,407744.69,CE,2008
2008-04-23,RIM,41.39,119663,412754.58,CE,2008
2008-04-24,RIM,42.08,119663,419666.12,CE,2008
2008-04-25,RIM,42.12,119663,419968.27,CE,2008
2008-04-26,RIM,42.06,119663,419441.75,CE,2008
2008-04-27,RIM,41.95,119663,418323.9,CE,2008
2008-04-28,RIM,41.73,119663,416090.19,CE,2008
2008-04-29,RIM,41.52,119663,414056.92,CE,2008
2008-04-30,RIM,41.51,119663,413936.26,CE,2008
2008-05-01,RIM,41.47,119663,413495.5,CE,2008
2008-05-02,RIM,41.56,119663,414407.93,CE,2008
2008-05-03,RIM,41.4,119663,412818.4,CE,2008
2008-05-04,RIM,41.18,119663,410667.46,CE,2008
2008-05-05,RIM,40.91,119663,407956.1,CE,2008
2008-05-06,RIM,40.59,119663,404794,CE,2008
2008-05-07,RIM,40.36,119663,402468.55,CE,2008
2008-05-08,RIM,40.36,119663,402476.53,CE,2008
2008-05-09,RIM,40.26,119663,401443.44,CE,2008
2008-05-10,RIM,40.1,119663,399896.79,CE,2008
2008-05-11,RIM,39.9,119663,397880.47,CE,2008
2008-05-12,RIM,39.78,119663,396668.88,CE,2008
2008-05-13,RIM,39.59,119663,394761.26,CE,2008
2008-05-14,RIM,39.43,119663,393145.81,CE,2008
2008-05-15,RIM,38.7,119663,385930.13,CE,2008
2008-05-16,RIM,38.21,119663,381023.94,CE,2008
2008-05-17,RIM,37.55,119663,374454.45,CE,2008
2008-05-18,RIM,36.67,119663,365677.16,CE,2008
2008-05-19,RIM,35.66,119663,355632.45,CE,2008
2008-05-20,RIM,34.77,119663,346697.62,CE,2008
2008-05-21,RIM,34.11,119663,340102.19,CE,2008
2008-05-22,RIM,33.78,119663,336883.26,CE,2008
2008-05-23,RIM,34.23,119663,341367.63,CE,2008
2008-05-24,RIM,33.89,119663,337988.14,CE,2008
2008-05-25,RIM,33.46,119663,333664.32,CE,2008
2008-05-26,RIM,32.85,119663,327546.55,CE,2008
2008-05-27,RIM,32.21,119663,321228.34,CE,2008
2008-05-28,RIM,31.44,119663,313529.03,CE,2008
2008-05-29,RIM,30.71,119663,306276.45,CE,2008
2008-05-30,RIM,29.89,119663,298075.55,CE,2008
2008-05-31,RIM,29.31,119663,292253.94,CE,2008
2008-06-01,RIM,28.77,119663,286849.16,CE,2008
2008-06-02,RIM,28.18,119663,280986.67,CE,2008
2008-06-03,RIM,27.7,119663,276223.09,CE,2008
2008-06-04,RIM,27.5,119663,274200.78,CE,2008
2008-06-05,RIM,27.01,119663,269382.35,CE,2008
2008-06-06,RIM,25.6,119663,255253.15,CE,2008
2008-06-07,RIM,25.57,119663,254964.96,CE,2008
2008-06-08,RIM,25.14,119663,250695.98,CE,2008
2008-06-09,RIM,24.66,119663,245940.37,CE,2008
2008-06-10,RIM,24.25,119663,241812,CE,2008
2008-06-11,RIM,24.77,119663,246988.42,CE,2008
2008-06-12,RIM,24.4,119663,243311.78,CE,2008
2008-06-14,RIM,23.38,119663,233136.43,CE,2008
2008-06-15,RIM,22.8,119663,227313.83,CE,2008
2008-06-16,RIM,22.19,119663,221275.83,CE,2008
2008-06-17,RIM,21.53,119663,214661.46,CE,2008
2008-06-19,RIM,19.82,119663,197685.27,CE,2008
2008-06-20,RIM,19.27,119663,192189.75,CE,2008
2008-06-21,RIM,18.56,119663,185070.8,CE,2008
2008-06-22,RIM,17.73,119663,176760.2,CE,2008
2008-06-23,RIM,17.06,119663,170077.02,CE,2008
2008-06-24,RIM,16.51,119663,164625.38,CE,2008
2008-06-25,RIM,15.95,119663,159100.93,CE,2008
2008-06-26,RIM,14.82,119663,147777.82,CE,2008
2008-06-27,RIM,14.21,119663,141749.8,CE,2008
2008-06-28,RIM,13.45,119663,134134.25,CE,2008
2008-06-29,RIM,12.44,119663,124010.76,CE,2008
2008-06-30,RIM,11.35,119663,113228.12,CE,2008
2008-07-01,RIM,10.37,119663,103387.83,CE,2008
2008-07-02,RIM,8.46,119663,84387.34,CE,2008
2008-07-03,RIM,7.61,119663,75915.2,CE,2008
2008-07-04,RIM,6.81,119663,67915.73,CE,2008
2008-07-05,RIM,6.3,119663,62828.06,CE,2008
2008-07-06,RIM,5.84,119663,58282.86,CE,2008
2008-07-07,RIM,5.44,119663,54199.36,CE,2008
2008-07-08,RIM,5,119663,49827.67,CE,2008
2008-07-09,RIM,4.51,119663,44985.31,CE,2008
2008-07-10,RIM,3.35,119663,33394.95,CE,2008
2008-07-11,RIM,3.02,119663,30154.08,CE,2008
2008-07-12,RIM,2.74,119663,27369.92,CE,2008
2008-07-13,RIM,2.34,119663,23363.2,CE,2008
2008-07-14,RIM,1.95,119663,19418.31,CE,2008
2008-07-15,RIM,1.63,119663,16224.31,CE,2008
2008-07-16,RIM,1.39,119663,13838.03,CE,2008
2008-07-17,RIM,1.2,119663,11955.33,CE,2008
2008-07-18,RIM,1.05,119663,10486.47,CE,2008
2008-07-19,RIM,0.94,119663,9350.67,CE,2008
2008-07-20,RIM,0.82,119663,8134.09,CE,2008
2008-07-21,RIM,0.68,119663,6777.91,CE,2008
2008-07-22,RIM,0.56,119663,5583.28,CE,2008
2008-07-23,RIM,0.48,119663,4828.4,CE,2008
2008-07-24,RIM,0.44,119663,4343.77,CE,2008
2008-07-25,RIM,0.37,119663,3689.61,CE,2008
2008-07-26,RIM,0.3,119663,2972.63,CE,2008
2008-07-27,RIM,0.25,119663,2464.06,CE,2008
2008-07-28,RIM,0.21,119663,2099.09,CE,2008
2008-07-29,RIM,0.17,119663,1699.21,CE,2008
2008-07-30,RIM,0.14,119663,1437.95,CE,2008
2008-07-31,RIM,0.13,119663,1259.45,CE,2008
2008-08-01,RIM,0.1,119663,1028.1,CE,2008
2008-08-02,RIM,0.09,119663,857.58,CE,2008
2008-08-03,RIM,0.07,119663,733.93,CE,2008
2008-08-04,RIM,0.06,119663,581.36,CE,2008
2008-08-05,RIM,0.04,119663,417.82,CE,2008
2008-08-06,RIM,0.03,119663,269.24,CE,2008
2008-08-07,RIM,0.01,119663,144.59,CE,2008
2008-08-08,RIM,0.01,119663,101.71,CE,2008
2008-08-09,RIM,0.01,119663,84.76,CE,2008
2008-08-10,RIM,0.01,119663,72.79,CE,2008
2008-08-11,RIM,0.01,119663,65.81,CE,2008
2008-08-12,RIM,0.01,119663,55.84,CE,2008
2008-08-13,RIM,0,119663,42.88,CE,2008
2008-08-14,RIM,0,119663,28.92,CE,2008
2008-08-15,RIM,0,119663,10.97,CE,2008
2008-08-16,RIM,0,119663,0,CE,2008
2008-08-17,RIM,0,119663,0,CE,2008
2008-08-18,RIM,0,119663,0,CE,2008
2008-08-19,RIM,0,119663,0,CE,2008
2008-08-20,RIM,0,119663,0,CE,2008
2008-08-21,RIM,0,119663,0,CE,2008
2008-08-22,RIM,0,119663,0,CE,2008
2008-08-23,RIM,0,119663,0,CE,2008
2008-08-24,RIM,0,119663,0,CE,2008
2008-08-25,RIM,0,119663,0,CE,2008
2008-08-26,RIM,0,119663,0,CE,2008
2008-08-27,RIM,0,119663,0,CE,2008
2008-08-28,RIM,0,119663,0,CE,2008
2008-08-29,RIM,0,119663,0,CE,2008
2008-08-30,RIM,0,119663,0,CE,2008
2008-08-31,RIM,0,119663,0,CE,2008
2008-09-01,RIM,0,119663,0,CE,2008
2008-09-02,RIM,0,119663,0,CE,2008
2008-09-03,RIM,0,119663,0,CE,2008
2008-09-04,RIM,0,119663,0,CE,2008
2008-09-05,RIM,0,119663,0,CE,2008
2008-09-06,RIM,0,119663,0,CE,2008
2008-09-07,RIM,0,119663,0,CE,2008
2008-09-08,RIM,0,119663,0,CE,2008
2008-09-09,RIM,0,119663,0,CE,2008
2008-09-10,RIM,0,119663,0,CE,2008
2008-09-11,RIM,0,119663,0,CE,2008
2008-09-12,RIM,0,119663,0,CE,2008
2008-09-13,RIM,0,119663,0,CE,2008
2008-09-14,RIM,0,119663,0,CE,2008
2008-09-15,RIM,0,119663,0,CE,2008
2008-09-16,RIM,0,119663,0,CE,2008
2008-09-17,RIM,0,119663,0,CE,2008
2008-09-18,RIM,0,119663,0,CE,2008
2008-09-19,RIM,0,119663,0,CE,2008
2008-09-20,RIM,0,119663,0,CE,2008
2008-09-21,RIM,0,119663,0,CE,2008
2008-09-22,RIM,0,119663,0,CE,2008
2008-09-23,RIM,0,119663,0,CE,2008
2008-09-24,RIM,0,119663,0,CE,2008
2008-09-25,RIM,0,119663,0,CE,2008
2008-09-26,RIM,0,119663,0,CE,2008
2008-09-27,RIM,0,119663,0,CE,2008
2008-09-28,RIM,0,119663,0,CE,2008
2008-09-29,RIM,0,119663,0,CE,2008
2008-09-30,RIM,0,119663,0,CE,2008
2008-10-01,RIM,0,119663,0,CE,2009
2008-10-02,RIM,0,119663,0,CE,2009
2008-10-03,RIM,0,119663,0,CE,2009
2008-10-04,RIM,0,119663,0,CE,2009
2008-10-05,RIM,0,119663,0,CE,2009
2008-10-06,RIM,0,119663,1,CE,2009
2008-10-07,RIM,0,119663,0,CE,2009
2008-10-08,RIM,0,119663,0,CE,2009
2008-10-09,RIM,0,119663,0,CE,2009
2008-10-10,RIM,0,119663,0,CE,2009
2008-10-11,RIM,0,119663,2.99,CE,2009
2008-10-12,RIM,0,119663,0,CE,2009
2008-10-13,RIM,0,119663,0,CE,2009
2008-10-14,RIM,0,119663,0,CE,2009
2008-10-15,RIM,0,119663,0,CE,2009
2008-10-16,RIM,0,119663,0,CE,2009
2008-10-17,RIM,0,119663,0,CE,2009
2008-10-18,RIM,0,119663,0,CE,2009
2008-10-19,RIM,0,119663,0,CE,2009
2008-10-20,RIM,0,119663,0,CE,2009
2008-10-21,RIM,0,119663,40.88,CE,2009
2008-10-22,RIM,0,119663,41.88,CE,2009
2008-10-23,RIM,0,119663,0,CE,2009
2008-10-24,RIM,0,119663,0,CE,2009
2008-10-25,RIM,0,119663,0,CE,2009
2008-10-26,RIM,0,119663,0,CE,2009
2008-10-27,RIM,0,119663,0,CE,2009
2008-10-28,RIM,0,119663,0,CE,2009
2008-10-29,RIM,0,119663,0,CE,2009
2008-10-30,RIM,0,119663,0,CE,2009
2008-10-31,RIM,0,119663,0,CE,2009
2008-11-01,RIM,0,119663,0,CE,2009
2008-11-02,RIM,0,119663,0,CE,2009
2008-11-03,RIM,0,119663,19.94,CE,2009
2008-11-04,RIM,0.06,119663,629.23,CE,2009
2008-11-05,RIM,0.41,119663,4070.54,CE,2009
2008-11-06,RIM,0.47,119663,4652.9,CE,2009
2008-11-07,RIM,0.77,119663,7631.51,CE,2009
2008-11-08,RIM,0.2,119663,1965.46,CE,2009
2008-11-09,RIM,0.03,119663,277.22,CE,2009
2008-11-10,RIM,0.01,119663,78.78,CE,2009
2008-11-11,RIM,0.01,119663,69.8,CE,2009
2008-11-12,RIM,0.16,119663,1615.45,CE,2009
2008-11-13,RIM,0,119663,10.97,CE,2009
2008-11-14,RIM,0,119663,17.95,CE,2009
2008-11-15,RIM,0,119663,1.99,CE,2009
2008-11-16,RIM,0,119663,0,CE,2009
2008-11-17,RIM,0,119663,0,CE,2009
2008-11-18,RIM,0,119663,0,CE,2009
2008-11-19,RIM,0,119663,0,CE,2009
2008-11-20,RIM,0.04,119663,425.8,CE,2009
2008-11-21,RIM,0.45,119663,4510.3,CE,2009
2008-11-22,RIM,0.52,119663,5139.53,CE,2009
2008-11-23,RIM,0.54,119663,5413.75,CE,2009
2008-11-24,RIM,0.53,119663,5310.05,CE,2009
2008-11-25,RIM,0.48,119663,4824.41,CE,2009
2008-11-26,RIM,0.36,119663,3637.76,CE,2009
2008-11-27,RIM,0.35,119663,3446.29,CE,2009
2008-11-28,RIM,0.33,119663,3275.77,CE,2009
2008-11-29,RIM,0.29,119663,2870.91,CE,2009
2008-11-30,RIM,0.09,119663,882.51,CE,2009
2008-12-01,RIM,0.04,119663,401.87,CE,2009
2008-12-02,RIM,0.03,119663,282.21,CE,2009
2008-12-03,RIM,0.01,119663,119.66,CE,2009
2008-12-04,RIM,0.01,119663,90.74,CE,2009
2008-12-05,RIM,0.01,119663,75.79,CE,2009
2008-12-06,RIM,0,119663,28.92,CE,2009
2008-12-07,RIM,0,119663,7.98,CE,2009
2008-12-08,RIM,0.18,119663,1829.85,CE,2009
2008-12-09,RIM,0.18,119663,1748.08,CE,2009
2008-12-10,RIM,0.17,119663,1686.25,CE,2009
2008-12-11,RIM,0.57,119663,5727.87,CE,2009
2008-12-12,RIM,0.51,119663,5119.58,CE,2009
2008-12-13,RIM,1.3,119663,12976.46,CE,2009
2008-12-14,RIM,1.88,119663,18768.14,CE,2009
2008-12-15,RIM,2.04,119663,20311.8,CE,2009
2008-12-16,RIM,2.69,119663,26788.56,CE,2009
2008-12-17,RIM,2.68,119663,26725.73,CE,2009
2008-12-18,RIM,3.49,119663,34755.12,CE,2009
2008-12-19,RIM,4.18,119663,41721.5,CE,2009
2008-12-20,RIM,4.19,119663,41809.26,CE,2009
2008-12-21,RIM,4.58,119663,45672.38,CE,2009
2008-12-22,RIM,5.22,119663,52062.38,CE,2009
2008-12-23,RIM,5.3,119663,52888.05,CE,2009
2008-12-24,RIM,6.06,119663,60424.83,CE,2009
2008-12-25,RIM,6.83,119663,68091.24,CE,2009
2008-12-26,RIM,7.09,119663,70693.91,CE,2009
2008-12-27,RIM,7.3,119663,72831.89,CE,2009
2008-12-28,RIM,8.17,119663,81508.45,CE,2009
2008-12-29,RIM,8.98,119663,89583.71,CE,2009
2008-12-30,RIM,10.08,119663,100549.83,CE,2009
2008-12-31,RIM,11.16,119663,111264.65,CE,2009
2009-01-01,RIM,11.61,119663,115734.06,CE,2009
2009-01-02,RIM,13.72,119663,136847.6,CE,2009
2009-01-03,RIM,14.35,119663,143130.91,CE,2009
2009-01-04,RIM,14.34,119663,143026.2,CE,2009
2009-01-05,RIM,14.59,119663,145446.39,CE,2009
2009-01-06,RIM,16.72,119663,166756.37,CE,2009
2009-01-07,RIM,17.14,119663,170919.65,CE,2009
2009-01-08,RIM,18.13,119663,180755.95,CE,2009
2009-01-09,RIM,18.46,119663,184050.67,CE,2009
2009-01-10,RIM,18.14,119663,180907.52,CE,2009
2009-01-11,RIM,18.11,119663,180551.52,CE,2009
2009-01-12,RIM,17.98,119663,179336.94,CE,2009
2009-01-13,RIM,17.69,119663,176382.26,CE,2009
2009-01-14,RIM,18.49,119663,184416.64,CE,2009
2009-01-15,RIM,18.22,119663,181653.42,CE,2009
2009-01-16,RIM,18.66,119663,186088.93,CE,2009
2009-01-17,RIM,18.4,119663,183528.14,CE,2009
2009-01-18,RIM,18.19,119663,181412.1,CE,2009
2009-01-19,RIM,18.03,119663,179780.69,CE,2009
2009-01-20,RIM,17.86,119663,178122.36,CE,2009
2009-01-21,RIM,20.31,119663,202564.53,CE,2009
2009-01-22,RIM,20.22,119663,201589.28,CE,2009
2009-01-23,RIM,20.13,119663,200720.72,CE,2009
2009-01-24,RIM,20.1,119663,200391.65,CE,2009
2009-01-25,RIM,20.09,119663,200341.79,CE,2009
2009-01-26,RIM,20.2,119663,201432.72,CE,2009
2009-01-27,RIM,20.99,119663,209316.51,CE,2009
2009-01-28,RIM,21.16,119663,211019.72,CE,2009
2009-01-29,RIM,21.17,119663,211123.43,CE,2009
2009-01-30,RIM,21.15,119663,210915.01,CE,2009
2009-01-31,RIM,21.04,119663,209778.21,CE,2009
2009-02-01,RIM,21.02,119663,209641.6,CE,2009
2009-02-02,RIM,21.02,119663,209639.6,CE,2009
2009-02-03,RIM,21.88,119663,218144.65,CE,2009
2009-02-04,RIM,21.77,119663,217123.53,CE,2009
2009-02-05,RIM,21.62,119663,215639.71,CE,2009
2009-02-06,RIM,22.24,119663,221742.52,CE,2009
2009-02-07,RIM,22.14,119663,220806.16,CE,2009
2009-02-08,RIM,22.07,119663,220072.22,CE,2009
2009-02-09,RIM,22.07,119663,220052.28,CE,2009
2009-02-10,RIM,22.21,119663,221429.4,CE,2009
2009-02-11,RIM,22.55,119663,224860.74,CE,2009
2009-02-12,RIM,22.55,119663,224870.71,CE,2009
2009-02-13,RIM,22.83,119663,227624.95,CE,2009
2009-02-14,RIM,22.82,119663,227604.01,CE,2009
2009-02-15,RIM,22.83,119663,227678.8,CE,2009
2009-02-16,RIM,22.97,119663,229049.94,CE,2009
2009-02-17,RIM,22.99,119663,229264.34,CE,2009
2009-02-18,RIM,23.05,119663,229873.62,CE,2009
2009-02-19,RIM,23.23,119663,231659.59,CE,2009
2009-02-20,RIM,23.19,119663,231280.66,CE,2009
2009-02-21,RIM,23.14,119663,230738.19,CE,2009
2009-02-22,RIM,23.08,119663,230129.9,CE,2009
2009-02-23,RIM,23.43,119663,233656.97,CE,2009
2009-02-24,RIM,23.97,119663,239023.85,CE,2009
2009-02-25,RIM,24.75,119663,246843.83,CE,2009
2009-02-26,RIM,25.45,119663,253758.35,CE,2009
2009-02-27,RIM,25.74,119663,256640.24,CE,2009
2009-02-28,RIM,26.11,119663,260356.77,CE,2009
2009-03-01,RIM,26.17,119663,260970.05,CE,2009
2009-03-02,RIM,26.53,119663,264587.86,CE,2009
2009-03-03,RIM,26.58,119663,265060.53,CE,2009
2009-03-04,RIM,27.89,119663,278113.76,CE,2009
2009-03-05,RIM,28.11,119663,280318.56,CE,2009
2009-03-06,RIM,28.81,119663,287275.96,CE,2009
2009-03-07,RIM,28.66,119663,285750.26,CE,2009
2009-03-08,RIM,29.08,119663,289961.4,CE,2009
2009-03-09,RIM,29.37,119663,292853.25,CE,2009
2009-03-10,RIM,29.55,119663,294624.27,CE,2009
2009-03-11,RIM,29.56,119663,294760.88,CE,2009
2009-03-12,RIM,29.85,119663,297650.74,CE,2009
2009-03-13,RIM,29.84,119663,297560,CE,2009
2009-03-14,RIM,29.79,119663,297060.41,CE,2009
2009-03-15,RIM,30.44,119663,303588.02,CE,2009
2009-03-16,RIM,32.1,119663,320061.63,CE,2009
2009-03-17,RIM,32.91,119663,328209.68,CE,2009
2009-03-18,RIM,33.48,119663,333901.65,CE,2009
2009-03-19,RIM,33.44,119663,333457.9,CE,2009
2009-03-20,RIM,33.41,119663,333116.86,CE,2009
2009-03-21,RIM,33.63,119663,335363.54,CE,2009
2009-03-22,RIM,33.56,119663,334663.51,CE,2009
2009-03-23,RIM,33.53,119663,334332.44,CE,2009
2009-03-24,RIM,33.64,119663,335473.23,CE,2009
2009-03-25,RIM,33.76,119663,336656.89,CE,2009
2009-03-26,RIM,34.1,119663,340080.25,CE,2009
2009-03-27,RIM,34.91,119663,348073.74,CE,2009
2009-03-28,RIM,34.85,119663,347519.3,CE,2009
2009-03-29,RIM,35.59,119663,354872.59,CE,2009
2009-03-30,RIM,35.63,119663,355348.25,CE,2009
2009-03-31,RIM,35.6,119663,354954.36,CE,2009
2009-04-01,RIM,36.2,119663,360947.48,CE,2009
2009-04-02,RIM,36.81,119663,367050.3,CE,2009
2009-04-03,RIM,37.42,119663,373165.08,CE,2009
2009-04-04,RIM,38.1,119663,379896.12,CE,2009
2009-04-05,RIM,38.03,119663,379186.12,CE,2009
2009-04-06,RIM,37.91,119663,377996.47,CE,2009
2009-04-07,RIM,37.98,119663,378768.3,CE,2009
2009-04-08,RIM,37.72,119663,376119.76,CE,2009
2009-04-09,RIM,37.4,119663,372954.67,CE,2009
2009-04-10,RIM,37.53,119663,374266.97,CE,2009
2009-04-11,RIM,37.4,119663,372971.62,CE,2009
2009-04-12,RIM,37.28,119663,371731.12,CE,2009
2009-04-13,RIM,37.82,119663,377139.88,CE,2009
2009-04-14,RIM,38.36,119663,382496.8,CE,2009
2009-04-15,RIM,38.42,119663,383085.14,CE,2009
2009-04-16,RIM,38.19,119663,380857.41,CE,2009
2009-04-17,RIM,38.02,119663,379084.41,CE,2009
2009-04-18,RIM,37.84,119663,377301.43,CE,2009
2009-04-19,RIM,37.55,119663,374426.52,CE,2009
2009-04-20,RIM,37.17,119663,370633.21,CE,2009
2009-04-21,RIM,37.39,119663,372876.89,CE,2009
2009-04-22,RIM,36.88,119663,367762.29,CE,2009
2009-04-23,RIM,36.37,119663,362643.71,CE,2009
2009-04-24,RIM,36.18,119663,360740.07,CE,2009
2009-04-25,RIM,35.96,119663,358545.25,CE,2009
2009-04-26,RIM,35.76,119663,356602.72,CE,2009
2009-04-27,RIM,35.53,119663,354302.2,CE,2009
2009-04-28,RIM,35.45,119663,353477.52,CE,2009
2009-04-29,RIM,35.3,119663,351969.77,CE,2009
2009-04-30,RIM,35.07,119663,349753.01,CE,2009
2009-05-01,RIM,35.79,119663,356867.97,CE,2009
2009-05-02,RIM,35.42,119663,353218.25,CE,2009
2009-05-03,RIM,35.42,119663,353193.32,CE,2009
2009-05-04,RIM,34.88,119663,347797.52,CE,2009
2009-05-05,RIM,35.07,119663,349749.02,CE,2009
2009-05-06,RIM,34.76,119663,346606.87,CE,2009
2009-05-07,RIM,34.95,119663,348529.46,CE,2009
2009-05-08,RIM,34.81,119663,347083.53,CE,2009
2009-05-09,RIM,34.48,119663,343866.59,CE,2009
2009-05-10,RIM,34.05,119663,339509.86,CE,2009
2009-05-11,RIM,33.52,119663,334296.54,CE,2009
2009-05-12,RIM,35.13,119663,350266.56,CE,2009
2009-05-13,RIM,35.44,119663,353450.6,CE,2009
2009-05-14,RIM,35.86,119663,357557.03,CE,2009
2009-05-15,RIM,35.44,119663,353432.65,CE,2009
2009-05-16,RIM,35.35,119663,352544.15,CE,2009
2009-05-17,RIM,34.77,119663,346691.63,CE,2009
2009-05-18,RIM,34.04,119663,339447.03,CE,2009
2009-05-19,RIM,33.29,119663,331915.25,CE,2009
2009-05-20,RIM,32.77,119663,326735.83,CE,2009
2009-05-21,RIM,32.39,119663,323002.35,CE,2009
2009-05-22,RIM,31.94,119663,318510,CE,2009
2009-05-23,RIM,31.41,119663,313245.82,CE,2009
2009-05-24,RIM,30.8,119663,307088.17,CE,2009
2009-05-25,RIM,30.14,119663,300593.46,CE,2009
2009-05-26,RIM,29.5,119663,294189.49,CE,2009
2009-05-27,RIM,28.89,119663,288062.75,CE,2009
2009-05-28,RIM,28.01,119663,279345.3,CE,2009
2009-05-29,RIM,27.33,119663,272514.53,CE,2009
2009-05-30,RIM,26.4,119663,263275.55,CE,2009
2009-05-31,RIM,25.42,119663,253471.16,CE,2009
2009-06-01,RIM,24.49,119663,244165.37,CE,2009
2009-06-02,RIM,23.14,119663,230768.1,CE,2009
2009-06-03,RIM,22.3,119663,222350.81,CE,2009
2009-06-04,RIM,21.51,119663,214490.94,CE,2009
2009-06-05,RIM,20.83,119663,207738.96,CE,2009
2009-06-06,RIM,19.86,119663,198003.37,CE,2009
2009-06-07,RIM,19.2,119663,191418.92,CE,2009
2009-06-08,RIM,18.7,119663,186515.73,CE,2009
2009-06-09,RIM,18.22,119663,181689.32,CE,2009
2009-06-10,RIM,16.36,119663,163092.69,CE,2009
2009-06-11,RIM,15.79,119663,157474.51,CE,2009
2009-06-12,RIM,15.13,119663,150900.03,CE,2009
2009-06-13,RIM,14.5,119663,144598.77,CE,2009
2009-06-14,RIM,13.86,119663,138206.78,CE,2009
2009-06-15,RIM,13.15,119663,131113.75,CE,2009
2009-06-16,RIM,12.51,119663,124758.65,CE,2009
2009-06-17,RIM,11.9,119663,118674.78,CE,2009
2009-06-18,RIM,11.32,119663,112854.18,CE,2009
2009-06-19,RIM,9.34,119663,93169.61,CE,2009
2009-06-20,RIM,8.85,119663,88299.33,CE,2009
2009-06-21,RIM,8.45,119663,84280.65,CE,2009
2009-06-22,RIM,8.13,119663,81114.56,CE,2009
2009-06-23,RIM,7.87,119663,78475,CE,2009
2009-06-24,RIM,7.47,119663,74456.31,CE,2009
2009-06-25,RIM,6.88,119663,68572.88,CE,2009
2009-06-26,RIM,6.35,119663,63337.63,CE,2009
2009-06-27,RIM,5.96,119663,59408.69,CE,2009
2009-06-28,RIM,5.44,119663,54277.14,CE,2009
2009-06-29,RIM,4.95,119663,49409.85,CE,2009
2009-06-30,RIM,4.35,119663,43405.76,CE,2009
2009-07-01,RIM,3.94,119663,39329.24,CE,2009
2009-07-02,RIM,3.49,119663,34788.03,CE,2009
2009-07-03,RIM,2.96,119663,29522.86,CE,2009
2009-07-04,RIM,2.44,119663,24373.36,CE,2009
2009-07-05,RIM,2.02,119663,20165.21,CE,2009
2009-07-06,RIM,1.66,119663,16574.32,CE,2009
2009-07-07,RIM,1.49,119663,14866.13,CE,2009
2009-07-08,RIM,1.36,119663,13583.74,CE,2009
2009-07-09,RIM,1.25,119663,12438.97,CE,2009
2009-07-10,RIM,1.11,119663,11067.83,CE,2009
2009-07-11,RIM,0.94,119663,9405.51,CE,2009
2009-07-12,RIM,0.75,119663,7468.97,CE,2009
2009-07-13,RIM,0.63,119663,6303.25,CE,2009
2009-07-14,RIM,0.57,119663,5675.02,CE,2009
2009-07-15,RIM,0.48,119663,4758.6,CE,2009
2009-07-16,RIM,0.39,119663,3846.17,CE,2009
2009-07-17,RIM,0.3,119663,3019.5,CE,2009
2009-07-18,RIM,0.23,119663,2331.43,CE,2009
2009-07-19,RIM,0.18,119663,1823.86,CE,2009
2009-07-20,RIM,0.15,119663,1481.83,CE,2009
2009-07-21,RIM,0.12,119663,1163.72,CE,2009
2009-07-22,RIM,0.09,119663,853.6,CE,2009
2009-07-23,RIM,0.06,119663,623.24,CE,2009
2009-07-24,RIM,0.05,119663,497.6,CE,2009
2009-07-25,RIM,0.04,119663,399.87,CE,2009
2009-07-26,RIM,0.03,119663,301.15,CE,2009
2009-07-27,RIM,0.02,119663,233.34,CE,2009
2009-07-28,RIM,0.02,119663,171.52,CE,2009
2009-07-29,RIM,0.01,119663,110.69,CE,2009
2009-07-30,RIM,0.01,119663,54.85,CE,2009
2009-07-31,RIM,0,119663,12.96,CE,2009
2009-08-01,RIM,0,119663,0,CE,2009
2009-08-02,RIM,0,119663,0,CE,2009
2009-08-03,RIM,0,119663,0,CE,2009
2009-08-04,RIM,0,119663,0,CE,2009
2009-08-05,RIM,0,119663,0,CE,2009
2009-08-06,RIM,0,119663,0,CE,2009
2009-08-07,RIM,0,119663,0,CE,2009
2009-08-08,RIM,0,119663,0,CE,2009
2009-08-09,RIM,0,119663,0,CE,2009
2009-08-10,RIM,0,119663,0,CE,2009
2009-08-11,RIM,0,119663,0,CE,2009
2009-08-12,RIM,0,119663,0,CE,2009
2009-08-13,RIM,0,119663,0,CE,2009
2009-08-14,RIM,0,119663,0,CE,2009
2009-08-15,RIM,0,119663,0,CE,2009
2009-08-16,RIM,0,119663,0,CE,2009
2009-08-17,RIM,0,119663,0,CE,2009
2009-08-18,RIM,0,119663,0,CE,2009
2009-08-19,RIM,0,119663,0,CE,2009
2009-08-21,RIM,0,119663,0,CE,2009
2009-08-22,RIM,0,119663,0,CE,2009
2009-08-23,RIM,0,119663,0,CE,2009
2009-08-24,RIM,0,119663,0,CE,2009
2009-08-25,RIM,0,119663,0,CE,2009
2009-08-26,RIM,0,119663,0,CE,2009
2009-08-27,RIM,0,119663,0,CE,2009
2009-08-28,RIM,0,119663,0,CE,2009
2009-08-29,RIM,0,119663,0,CE,2009
2009-08-30,RIM,0,119663,0,CE,2009
2009-08-31,RIM,0,119663,0,CE,2009
2009-09-01,RIM,0,119663,0,CE,2009
2009-09-02,RIM,0,119663,0,CE,2009
2009-09-03,RIM,0,119663,0,CE,2009
2009-09-04,RIM,0,119663,0,CE,2009
2009-09-05,RIM,0,119663,0,CE,2009
2009-09-06,RIM,0,119663,0,CE,2009
2009-09-07,RIM,0,119663,0,CE,2009
2009-09-08,RIM,0,119663,0,CE,2009
2009-09-09,RIM,0,119663,0,CE,2009
2009-09-10,RIM,0,119663,0,CE,2009
2009-09-11,RIM,0,119663,0,CE,2009
2009-09-12,RIM,0,119663,0,CE,2009
2009-09-13,RIM,0,119663,0,CE,2009
2009-09-14,RIM,0,119663,0,CE,2009
2009-09-15,RIM,0,119663,0,CE,2009
2009-09-16,RIM,0,119663,0,CE,2009
2009-09-17,RIM,0,119663,0,CE,2009
2009-09-18,RIM,0,119663,0,CE,2009
2009-09-19,RIM,0,119663,0,CE,2009
2009-09-20,RIM,0,119663,0,CE,2009
2009-09-21,RIM,0,119663,0,CE,2009
2009-09-22,RIM,0,119663,0,CE,2009
2009-09-23,RIM,0,119663,0,CE,2009
2009-09-24,RIM,0,119663,0,CE,2009
2009-09-25,RIM,0,119663,0,CE,2009
2009-09-26,RIM,0,119663,0,CE,2009
2009-09-27,RIM,0,119663,0,CE,2009
2009-09-28,RIM,0,119663,0,CE,2009
2009-09-29,RIM,0,119663,0,CE,2009
2009-09-30,RIM,0,119663,9.97,CE,2009
2009-10-01,RIM,0,119663,8.97,CE,2010
2009-10-02,RIM,0,119663,12.96,CE,2010
2009-10-03,RIM,0,119663,8.97,CE,2010
2009-10-04,RIM,0.35,119663,3508.12,CE,2010
2009-10-05,RIM,0.58,119663,5817.62,CE,2010
2009-10-06,RIM,0.42,119663,4223.11,CE,2010
2009-10-07,RIM,0.2,119663,2024.3,CE,2010
2009-10-08,RIM,0.08,119663,766.84,CE,2010
2009-10-09,RIM,0.05,119663,485.63,CE,2010
2009-10-10,RIM,0.04,119663,430.79,CE,2010
2009-10-11,RIM,0.04,119663,417.82,CE,2010
2009-10-12,RIM,0.04,119663,401.87,CE,2010
2009-10-13,RIM,0.04,119663,371.95,CE,2010
2009-10-14,RIM,0.39,119663,3876.08,CE,2010
2009-10-15,RIM,0.29,119663,2915.79,CE,2010
2009-10-16,RIM,0.1,119663,1006.17,CE,2010
2009-10-17,RIM,0,119663,21.94,CE,2010
2009-10-18,RIM,0,119663,0,CE,2010
2009-10-19,RIM,0,119663,0,CE,2010
2009-10-20,RIM,0,119663,0,CE,2010
2009-10-21,RIM,0,119663,0,CE,2010
2009-10-22,RIM,0,119663,0,CE,2010
2009-10-23,RIM,0,119663,0,CE,2010
2009-10-24,RIM,0,119663,0,CE,2010
2009-10-25,RIM,0,119663,0,CE,2010
2009-10-26,RIM,0,119663,0,CE,2010
2009-10-27,RIM,0.16,119663,1559.61,CE,2010
2009-10-28,RIM,0.16,119663,1554.62,CE,2010
2009-10-29,RIM,0.15,119663,1522.71,CE,2010
2009-10-30,RIM,0.23,119663,2302.52,CE,2010
2009-10-31,RIM,0,119663,1.99,CE,2010
2009-11-01,RIM,0,119663,0,CE,2010
2009-11-02,RIM,0,119663,0,CE,2010
2009-11-03,RIM,0,119663,0,CE,2010
2009-11-04,RIM,0,119663,0,CE,2010
2009-11-05,RIM,0,119663,0,CE,2010
2009-11-06,RIM,0,119663,20.94,CE,2010
2009-11-07,RIM,0.32,119663,3209.96,CE,2010
2009-11-08,RIM,0.73,119663,7240.61,CE,2010
2009-11-09,RIM,0.94,119663,9422.46,CE,2010
2009-11-10,RIM,2.34,119663,23284.43,CE,2010
2009-11-11,RIM,2.46,119663,24527.92,CE,2010
2009-11-12,RIM,2.51,119663,24985.63,CE,2010
2009-11-13,RIM,2.5,119663,24934.78,CE,2010
2009-11-14,RIM,2.88,119663,28687.21,CE,2010
2009-11-15,RIM,2.9,119663,28960.44,CE,2010
2009-11-16,RIM,3.13,119663,31164.23,CE,2010
2009-11-17,RIM,3.42,119663,34094.98,CE,2010
2009-11-18,RIM,3.82,119663,38046.85,CE,2010
2009-11-19,RIM,3.84,119663,38308.12,CE,2010
2009-11-20,RIM,4.21,119663,41941.88,CE,2010
2009-11-21,RIM,4.29,119663,42755.59,CE,2010
2009-11-22,RIM,4.41,119663,43952.22,CE,2010
2009-11-23,RIM,5.43,119663,54102.63,CE,2010
2009-11-24,RIM,6.89,119663,68715.48,CE,2010
2009-11-25,RIM,6.84,119663,68176,CE,2010
2009-11-26,RIM,6.67,119663,66530.63,CE,2010
2009-11-27,RIM,6.62,119663,66006.11,CE,2010
2009-11-28,RIM,6.79,119663,67699.34,CE,2010
2009-11-29,RIM,6.69,119663,66713.12,CE,2010
2009-11-30,RIM,6.53,119663,65091.69,CE,2010
2009-12-01,RIM,7.27,119663,72535.72,CE,2010
2009-12-02,RIM,7.2,119663,71760.9,CE,2010
2009-12-03,RIM,7.14,119663,71202.48,CE,2010
2009-12-04,RIM,7.21,119663,71898.52,CE,2010
2009-12-05,RIM,7.15,119663,71310.17,CE,2010
2009-12-06,RIM,7.15,119663,71340.09,CE,2010
2009-12-07,RIM,7.33,119663,73113.1,CE,2010
2009-12-08,RIM,7.32,119663,72982.46,CE,2010
2009-12-09,RIM,7.31,119663,72922.63,CE,2010
2009-12-10,RIM,7.31,119663,72874.77,CE,2010
2009-12-11,RIM,7.3,119663,72823.91,CE,2010
2009-12-12,RIM,7.29,119663,72716.21,CE,2010
2009-12-13,RIM,7.32,119663,72957.53,CE,2010
2009-12-14,RIM,7.56,119663,75339.82,CE,2010
2009-12-15,RIM,8.35,119663,83295.42,CE,2010
2009-12-16,RIM,9.69,119663,96666.76,CE,2010
2009-12-17,RIM,10.24,119663,102089.49,CE,2010
2009-12-18,RIM,10.3,119663,102684.81,CE,2010
2009-12-19,RIM,10.25,119663,102215.14,CE,2010
2009-12-20,RIM,10.55,119663,105194.75,CE,2010
2009-12-21,RIM,10.41,119663,103796.68,CE,2010
2009-12-22,RIM,10.52,119663,104867.67,CE,2010
2009-12-23,RIM,12.27,119663,122397.3,CE,2010
2009-12-24,RIM,12.22,119663,121860.81,CE,2010
2009-12-25,RIM,12.16,119663,121248.53,CE,2010
2009-12-26,RIM,12.1,119663,120652.21,CE,2010
2009-12-27,RIM,12.05,119663,120138.66,CE,2010
2009-12-28,RIM,12.03,119663,119953.18,CE,2010
2009-12-29,RIM,12.05,119663,120132.68,CE,2010
2009-12-30,RIM,12.19,119663,121593.56,CE,2010
2009-12-31,RIM,12.48,119663,124463.48,CE,2010
2010-01-01,RIM,13.32,119663,132856.84,CE,2010
2010-01-02,RIM,13.99,119663,139474.21,CE,2010
2010-01-03,RIM,14.22,119663,141823.59,CE,2010
2010-01-04,RIM,14.55,119663,145126.29,CE,2010
2010-01-05,RIM,15.6,119663,155574.86,CE,2010
2010-01-06,RIM,15.55,119663,155021.42,CE,2010
2010-01-07,RIM,16.63,119663,165871.86,CE,2010
2010-01-08,RIM,16.55,119663,165009.29,CE,2010
2010-01-09,RIM,17.04,119663,169923.45,CE,2010
2010-01-10,RIM,17.06,119663,170163.78,CE,2010
2010-01-11,RIM,16.98,119663,169354.06,CE,2010
2010-01-12,RIM,16.88,119663,168284.07,CE,2010
2010-01-13,RIM,17.12,119663,170685.31,CE,2010
2010-01-14,RIM,17.89,119663,178389.61,CE,2010
2010-01-15,RIM,17.69,119663,176411.18,CE,2010
2010-01-16,RIM,17.87,119663,178177.21,CE,2010
2010-01-17,RIM,17.9,119663,178520.24,CE,2010
2010-01-18,RIM,18.52,119663,184668.93,CE,2010
2010-01-19,RIM,18.39,119663,183409.47,CE,2010
2010-01-20,RIM,20.24,119663,201830.6,CE,2010
2010-01-21,RIM,20.38,119663,203191.76,CE,2010
2010-01-22,RIM,20.29,119663,202289.3,CE,2010
2010-01-23,RIM,20.77,119663,207093.77,CE,2010
2010-01-24,RIM,20.67,119663,206147.44,CE,2010
2010-01-25,RIM,21.33,119663,212715.94,CE,2010
2010-01-26,RIM,21.55,119663,214870.87,CE,2010
2010-01-27,RIM,21.69,119663,216251.98,CE,2010
2010-01-28,RIM,22.13,119663,220696.47,CE,2010
2010-01-29,RIM,22.1,119663,220377.36,CE,2010
2010-01-30,RIM,22.06,119663,220003.42,CE,2010
2010-01-31,RIM,22.4,119663,223336.03,CE,2010
2010-02-01,RIM,22.4,119663,223344.01,CE,2010
2010-02-02,RIM,22.47,119663,224036.06,CE,2010
2010-02-03,RIM,22.53,119663,224694.21,CE,2010
2010-02-04,RIM,22.9,119663,228310.02,CE,2010
2010-02-05,RIM,23.27,119663,232082.4,CE,2010
2010-02-06,RIM,23.45,119663,233796.57,CE,2010
2010-02-07,RIM,23.43,119663,233685.88,CE,2010
2010-02-08,RIM,23.61,119663,235460.89,CE,2010
2010-02-09,RIM,23.57,119663,235020.13,CE,2010
2010-02-10,RIM,23.54,119663,234722.96,CE,2010
2010-02-11,RIM,23.95,119663,238803.47,CE,2010
2010-02-12,RIM,24.31,119663,242429.26,CE,2010
2010-02-13,RIM,24.84,119663,247724.35,CE,2010
2010-02-14,RIM,24.8,119663,247266.64,CE,2010
2010-02-15,RIM,25.01,119663,249424.56,CE,2010
2010-02-16,RIM,24.85,119663,247799.14,CE,2010
2010-02-17,RIM,24.86,119663,247890.88,CE,2010
2010-02-18,RIM,25.85,119663,257788.01,CE,2010
2010-02-19,RIM,25.73,119663,256558.47,CE,2010
2010-02-20,RIM,25.62,119663,255449.59,CE,2010
2010-02-21,RIM,25.51,119663,254401.54,CE,2010
2010-02-22,RIM,25.42,119663,253449.23,CE,2010
2010-02-23,RIM,25.99,119663,259160.14,CE,2010
2010-02-24,RIM,26.33,119663,262523.67,CE,2010
2010-02-25,RIM,26.74,119663,266617.14,CE,2010
2010-02-26,RIM,26.74,119663,266694.92,CE,2010
2010-02-27,RIM,27.92,119663,278459.79,CE,2010
2010-02-28,RIM,27.86,119663,277851.5,CE,2010
2010-03-01,RIM,27.74,119663,276605.01,CE,2010
2010-03-02,RIM,27.79,119663,277108.6,CE,2010
2010-03-03,RIM,27.72,119663,276448.45,CE,2010
2010-03-04,RIM,27.57,119663,274942.69,CE,2010
2010-03-05,RIM,27.39,119663,273167.69,CE,2010
2010-03-06,RIM,28.01,119663,279357.26,CE,2010
2010-03-07,RIM,27.86,119663,277851.5,CE,2010
2010-03-08,RIM,27.7,119663,276193.17,CE,2010
2010-03-09,RIM,27.77,119663,276931.09,CE,2010
2010-03-10,RIM,27.74,119663,276575.1,CE,2010
2010-03-11,RIM,28.41,119663,283349.02,CE,2010
2010-03-12,RIM,29,119663,289228.46,CE,2010
2010-03-13,RIM,29.37,119663,292871.2,CE,2010
2010-03-14,RIM,29.56,119663,294781.82,CE,2010
2010-03-15,RIM,29.49,119663,294076.81,CE,2010
2010-03-16,RIM,29.68,119663,296013.35,CE,2010
2010-03-17,RIM,29.51,119663,294295.19,CE,2010
2010-03-18,RIM,29.53,119663,294439.79,CE,2010
2010-03-19,RIM,29.4,119663,293143.44,CE,2010
2010-03-20,RIM,29.98,119663,298912.19,CE,2010
2010-03-21,RIM,29.79,119663,297088.33,CE,2010
2010-03-22,RIM,29.63,119663,295456.92,CE,2010
2010-03-23,RIM,29.55,119663,294714.01,CE,2010
2010-03-24,RIM,30.18,119663,300989.34,CE,2010
2010-03-25,RIM,29.99,119663,299096.67,CE,2010
2010-03-26,RIM,30.12,119663,300346.15,CE,2010
2010-03-27,RIM,30.4,119663,303133.3,CE,2010
2010-03-28,RIM,30.25,119663,301661.45,CE,2010
2010-03-29,RIM,30.71,119663,306240.55,CE,2010
2010-03-30,RIM,32.16,119663,320703.82,CE,2010
2010-03-31,RIM,32.42,119663,323307.49,CE,2010
2010-04-01,RIM,32.4,119663,323062.18,CE,2010
2010-04-02,RIM,32.33,119663,322344.2,CE,2010
2010-04-03,RIM,33.3,119663,332075.79,CE,2010
2010-04-04,RIM,33.92,119663,338200.55,CE,2010
2010-04-05,RIM,34.35,119663,342485.48,CE,2010
2010-04-06,RIM,34.43,119663,343347.05,CE,2010
2010-04-07,RIM,35.01,119663,349108.82,CE,2010
2010-04-08,RIM,35.06,119663,349622.38,CE,2010
2010-04-09,RIM,35.8,119663,357043.48,CE,2010
2010-04-10,RIM,35.98,119663,358827.45,CE,2010
2010-04-11,RIM,35.92,119663,358152.36,CE,2010
2010-04-12,RIM,35.84,119663,357343.63,CE,2010
2010-04-13,RIM,38.2,119663,380903.28,CE,2010
2010-04-14,RIM,38.14,119663,380342.86,CE,2010
2010-04-15,RIM,37.97,119663,378641.65,CE,2010
2010-04-16,RIM,38.43,119663,383244.69,CE,2010
2010-04-17,RIM,38.15,119663,380394.72,CE,2010
2010-04-18,RIM,37.74,119663,376321.19,CE,2010
2010-04-19,RIM,37.34,119663,372376.3,CE,2010
2010-04-20,RIM,37.47,119663,373673.64,CE,2010
2010-04-21,RIM,37.09,119663,369879.33,CE,2010
2010-04-22,RIM,37.36,119663,372569.75,CE,2010
2010-04-23,RIM,36.79,119663,366905.7,CE,2010
2010-04-24,RIM,36.38,119663,362806.25,CE,2010
2010-04-25,RIM,36.11,119663,360071.95,CE,2010
2010-04-26,RIM,35.79,119663,356886.92,CE,2010
2010-04-27,RIM,35.75,119663,356470.09,CE,2010
2010-04-28,RIM,35.49,119663,353904.32,CE,2010
2010-04-29,RIM,35.37,119663,352733.62,CE,2010
2010-04-30,RIM,35.16,119663,350604.61,CE,2010
2010-05-01,RIM,35.78,119663,356778.23,CE,2010
2010-05-02,RIM,35.61,119663,355063.06,CE,2010
2010-05-03,RIM,35.4,119663,353013.83,CE,2010
2010-05-04,RIM,35.96,119663,358618.04,CE,2010
2010-05-05,RIM,35.91,119663,358084.55,CE,2010
2010-05-06,RIM,35.74,119663,356347.44,CE,2010
2010-05-07,RIM,36.6,119663,364939.24,CE,2010
2010-05-08,RIM,36.31,119663,362055.36,CE,2010
2010-05-09,RIM,35.91,119663,358134.41,CE,2010
2010-05-10,RIM,35.53,119663,354259.32,CE,2010
2010-05-11,RIM,35.54,119663,354371.01,CE,2010
2010-05-12,RIM,35.08,119663,349774.95,CE,2010
2010-05-13,RIM,35.7,119663,356041.3,CE,2010
2010-05-14,RIM,35.17,119663,350681.4,CE,2010
2010-05-15,RIM,34.56,119663,344611.49,CE,2010
2010-05-16,RIM,33.89,119663,337903.38,CE,2010
2010-05-17,RIM,33.24,119663,331444.57,CE,2010
2010-05-18,RIM,32.55,119663,324566.94,CE,2010
2010-05-19,RIM,32.04,119663,319458.33,CE,2010
2010-05-20,RIM,31.74,119663,316549.52,CE,2010
2010-05-21,RIM,31.58,119663,314957,CE,2010
2010-05-22,RIM,31.44,119663,313507.09,CE,2010
2010-05-23,RIM,31.19,119663,310974.22,CE,2010
2010-05-24,RIM,30.93,119663,308451.33,CE,2010
2010-05-25,RIM,30.39,119663,303005.66,CE,2010
2010-05-26,RIM,29.98,119663,298999.94,CE,2010
2010-05-27,RIM,29.62,119663,295413.05,CE,2010
2010-05-28,RIM,29.23,119663,291480.12,CE,2010
2010-05-29,RIM,28.94,119663,288555.36,CE,2010
2010-05-30,RIM,28.52,119663,284447.93,CE,2010
2010-05-31,RIM,28.1,119663,280220.83,CE,2010
2010-06-01,RIM,27.72,119663,276460.42,CE,2010
2010-06-02,RIM,27.57,119663,274967.62,CE,2010
2010-06-03,RIM,27.24,119663,271592.13,CE,2010
2010-06-04,RIM,26.59,119663,265200.13,CE,2010
2010-06-05,RIM,26.26,119663,261885.47,CE,2010
2010-06-06,RIM,25.71,119663,256416.87,CE,2010
2010-06-07,RIM,25.33,119663,252550.76,CE,2010
2010-06-08,RIM,23.86,119663,237945.89,CE,2010
2010-06-09,RIM,23.39,119663,233248.12,CE,2010
2010-06-10,RIM,22.9,119663,228358.89,CE,2010
2010-06-11,RIM,22.46,119663,223926.37,CE,2010
2010-06-12,RIM,21.4,119663,213382.06,CE,2010
2010-06-13,RIM,20.82,119663,207609.32,CE,2010
2010-06-14,RIM,20.07,119663,200107.45,CE,2010
2010-06-15,RIM,18.51,119663,184574.19,CE,2010
2010-06-16,RIM,18.13,119663,180741.99,CE,2010
2010-06-17,RIM,17.86,119663,178062.53,CE,2010
2010-06-18,RIM,17.46,119663,174142.57,CE,2010
2010-06-19,RIM,17,119663,169481.7,CE,2010
2010-06-20,RIM,16.57,119663,165260.59,CE,2010
2010-06-21,RIM,16.05,119663,160083.17,CE,2010
2010-06-22,RIM,15.57,119663,155299.64,CE,2010
2010-06-23,RIM,13.85,119663,138136.97,CE,2010
2010-06-24,RIM,13.08,119663,130456.6,CE,2010
2010-06-25,RIM,12.28,119663,122493.03,CE,2010
2010-06-26,RIM,11.53,119663,115024.06,CE,2010
2010-06-27,RIM,10.9,119663,108682.92,CE,2010
2010-06-28,RIM,10.25,119663,102255.03,CE,2010
2010-06-29,RIM,8.25,119663,82288.26,CE,2010
2010-06-30,RIM,7.77,119663,77511.71,CE,2010
2010-07-01,RIM,7.41,119663,73913.84,CE,2010
2010-07-02,RIM,7.07,119663,70549.32,CE,2010
2010-07-03,RIM,6.79,119663,67745.21,CE,2010
2010-07-04,RIM,6.48,119663,64612.04,CE,2010
2010-07-05,RIM,6.16,119663,61451.94,CE,2010
2010-07-06,RIM,5.84,119663,58262.92,CE,2010
2010-07-07,RIM,5.12,119663,51011.34,CE,2010
2010-07-08,RIM,4.57,119663,45577.64,CE,2010
2010-07-09,RIM,3.99,119663,39769,CE,2010
2010-07-10,RIM,3.39,119663,33817.76,CE,2010
2010-07-11,RIM,2.92,119663,29093.07,CE,2010
2010-07-12,RIM,2.47,119663,24616.67,CE,2010
2010-07-13,RIM,2.23,119663,22254.33,CE,2010
2010-07-14,RIM,1.7,119663,16922.34,CE,2010
2010-07-15,RIM,1.46,119663,14552.02,CE,2010
2010-07-16,RIM,1.17,119663,11640.22,CE,2010
2010-07-17,RIM,0.93,119663,9319.75,CE,2010
2010-07-18,RIM,0.76,119663,7532.79,CE,2010
2010-07-19,RIM,0.63,119663,6232.45,CE,2010
2010-07-20,RIM,0.52,119663,5164.46,CE,2010
2010-07-21,RIM,0.42,119663,4159.29,CE,2010
2010-07-22,RIM,0.33,119663,3278.77,CE,2010
2010-07-23,RIM,0.27,119663,2693.41,CE,2010
2010-07-24,RIM,0.22,119663,2144.96,CE,2010
2010-07-25,RIM,0.17,119663,1650.35,CE,2010
2010-07-26,RIM,0.12,119663,1228.54,CE,2010
2010-07-27,RIM,0.1,119663,954.31,CE,2010
2010-07-28,RIM,0.07,119663,720.97,CE,2010
2010-07-29,RIM,0.05,119663,539.48,CE,2010
2010-07-30,RIM,0.05,119663,451.73,CE,2010
2010-07-31,RIM,0.04,119663,387.91,CE,2010
2010-08-01,RIM,0.03,119663,337.05,CE,2010
2010-08-02,RIM,0.03,119663,301.15,CE,2010
2010-08-03,RIM,0.03,119663,258.27,CE,2010
2010-08-04,RIM,0.02,119663,213.4,CE,2010
2010-08-05,RIM,0.02,119663,166.53,CE,2010
2010-08-06,RIM,0.01,119663,120.66,CE,2010
2010-08-07,RIM,0.01,119663,84.76,CE,2010
2010-08-08,RIM,0.01,119663,67.81,CE,2010
2010-08-09,RIM,0.01,119663,55.84,CE,2010
2010-08-10,RIM,0,119663,46.87,CE,2010
2010-08-11,RIM,0,119663,38.89,CE,2010
2010-08-12,RIM,0,119663,28.92,CE,2010
2010-08-13,RIM,0,119663,15.96,CE,2010
2010-08-14,RIM,0,119663,1.99,CE,2010
2010-08-15,RIM,0,119663,0,CE,2010
2010-08-16,RIM,0,119663,0,CE,2010
2010-08-17,RIM,0,119663,0,CE,2010
2010-08-18,RIM,0,119663,0,CE,2010
2010-08-19,RIM,0,119663,0,CE,2010
2010-08-20,RIM,0,119663,0,CE,2010
2010-08-21,RIM,0,119663,0,CE,2010
2010-08-22,RIM,0,119663,0,CE,2010
2010-08-23,RIM,0,119663,0,CE,2010
2010-08-24,RIM,0,119663,0,CE,2010
2010-08-25,RIM,0,119663,0,CE,2010
2010-08-26,RIM,0,119663,0,CE,2010
2010-08-27,RIM,0,119663,0,CE,2010
2010-08-28,RIM,0,119663,0,CE,2010
2010-08-29,RIM,0,119663,0,CE,2010
2010-08-30,RIM,0,119663,0,CE,2010
2010-08-31,RIM,0,119663,0,CE,2010
2010-09-01,RIM,0,119663,0,CE,2010
2010-09-02,RIM,0,119663,0,CE,2010
2010-09-03,RIM,0,119663,0,CE,2010
2010-09-04,RIM,0,119663,0,CE,2010
2010-09-05,RIM,0,119663,0,CE,2010
2010-09-06,RIM,0,119663,0,CE,2010
2010-09-07,RIM,0,119663,0,CE,2010
2010-09-08,RIM,0,119663,0,CE,2010
2010-09-09,RIM,0,119663,0,CE,2010
2010-09-10,RIM,0,119663,0,CE,2010
2010-09-11,RIM,0,119663,0,CE,2010
2010-09-12,RIM,0,119663,0,CE,2010
2010-09-13,RIM,0,119663,0,CE,2010
2010-09-14,RIM,0,119663,0,CE,2010
2010-09-15,RIM,0,119663,0,CE,2010
2010-09-16,RIM,0,119663,0,CE,2010
2010-09-17,RIM,0,119663,0,CE,2010
2010-09-18,RIM,0,119663,0,CE,2010
2010-09-19,RIM,0,119663,0,CE,2010
2010-09-20,RIM,0,119663,0,CE,2010
2010-09-21,RIM,0,119663,0,CE,2010
2010-09-22,RIM,0,119663,0,CE,2010
2010-09-23,RIM,0,119663,0,CE,2010
2010-09-24,RIM,0,119663,0,CE,2010
2010-09-25,RIM,0,119663,0,CE,2010
2010-09-26,RIM,0,119663,0,CE,2010
2010-09-27,RIM,0,119663,0,CE,2010
2010-09-28,RIM,0,119663,0,CE,2010
2010-09-29,RIM,0,119663,0,CE,2010
2010-09-30,RIM,0,119663,0,CE,2010
2010-10-01,RIM,0,119663,0,CE,2011
2010-10-02,RIM,0,119663,0,CE,2011
2010-10-03,RIM,0,119663,0,CE,2011
2010-10-04,RIM,0,119663,0,CE,2011
2010-10-05,RIM,0,119663,0,CE,2011
2010-10-06,RIM,0,119663,0,CE,2011
2010-10-07,RIM,0,119663,0,CE,2011
2010-10-08,RIM,0,119663,0,CE,2011
2010-10-09,RIM,0,119663,0,CE,2011
2010-10-10,RIM,0,119663,0,CE,2011
2010-10-11,RIM,0,119663,0,CE,2011
2010-10-12,RIM,0,119663,0,CE,2011
2010-10-13,RIM,0,119663,0,CE,2011
2010-10-14,RIM,0,119663,0,CE,2011
2010-10-15,RIM,0,119663,0,CE,2011
2010-10-16,RIM,0,119663,0,CE,2011
2010-10-17,RIM,0,119663,0,CE,2011
2010-10-18,RIM,0,119663,0,CE,2011
2010-10-19,RIM,0,119663,0,CE,2011
2010-10-20,RIM,0,119663,0,CE,2011
2010-10-21,RIM,0,119663,0,CE,2011
2010-10-22,RIM,0,119663,0,CE,2011
2010-10-23,RIM,0,119663,0,CE,2011
2010-10-24,RIM,0,119663,0,CE,2011
2010-10-25,RIM,0.42,119663,4154.3,CE,2011
2010-10-26,RIM,1.32,119663,13183.87,CE,2011
2010-10-27,RIM,1.98,119663,19739.41,CE,2011
2010-10-28,RIM,2.39,119663,23807.95,CE,2011
2010-10-29,RIM,2.47,119663,24662.54,CE,2011
2010-10-30,RIM,2.35,119663,23422.04,CE,2011
2010-10-31,RIM,2.26,119663,22497.64,CE,2011
2010-11-01,RIM,2.07,119663,20600.98,CE,2011
2010-11-02,RIM,1.62,119663,16174.45,CE,2011
2010-11-03,RIM,1.19,119663,11855.61,CE,2011
2010-11-04,RIM,0.91,119663,9033.56,CE,2011
2010-11-05,RIM,0.59,119663,5922.32,CE,2011
2010-11-06,RIM,0.3,119663,2957.67,CE,2011
2010-11-07,RIM,0.18,119663,1747.08,CE,2011
2010-11-08,RIM,0.12,119663,1240.51,CE,2011
2010-11-09,RIM,0.38,119663,3819.24,CE,2011
2010-11-10,RIM,0.8,119663,8022.41,CE,2011
2010-11-11,RIM,0.8,119663,8004.46,CE,2011
2010-11-12,RIM,0.86,119663,8564.88,CE,2011
2010-11-13,RIM,0.83,119663,8234.81,CE,2011
2010-11-14,RIM,0.76,119663,7603.59,CE,2011
2010-11-15,RIM,0.42,119663,4213.13,CE,2011
2010-11-16,RIM,0.29,119663,2900.83,CE,2011
2010-11-17,RIM,0.44,119663,4399.61,CE,2011
2010-11-18,RIM,1.32,119663,13133.01,CE,2011
2010-11-19,RIM,2.04,119663,20389.58,CE,2011
2010-11-20,RIM,2.33,119663,23242.54,CE,2011
2010-11-21,RIM,2.45,119663,24440.17,CE,2011
2010-11-22,RIM,3.03,119663,30193.97,CE,2011
2010-11-23,RIM,3.95,119663,39363.14,CE,2011
2010-11-24,RIM,4.8,119663,47911.07,CE,2011
2010-11-25,RIM,4.81,119663,47930.02,CE,2011
2010-11-26,RIM,4.82,119663,48084.58,CE,2011
2010-11-27,RIM,5.16,119663,51479.02,CE,2011
2010-11-28,RIM,5.26,119663,52456.27,CE,2011
2010-11-29,RIM,5.27,119663,52585.91,CE,2011
2010-11-30,RIM,5.36,119663,53432.52,CE,2011
2010-12-01,RIM,6.44,119663,64182.25,CE,2011
2010-12-02,RIM,6.49,119663,64737.68,CE,2011
2010-12-03,RIM,7.26,119663,72415.06,CE,2011
2010-12-04,RIM,7.27,119663,72535.72,CE,2011
2010-12-05,RIM,7.3,119663,72757.1,CE,2011
2010-12-06,RIM,7.31,119663,72923.63,CE,2011
2010-12-07,RIM,7.33,119663,73065.23,CE,2011
2010-12-08,RIM,7.62,119663,75937.14,CE,2011
2010-12-09,RIM,8.02,119663,79980.75,CE,2011
2010-12-10,RIM,9.45,119663,94187.74,CE,2011
2010-12-11,RIM,10.42,119663,103956.23,CE,2011
2010-12-12,RIM,11.61,119663,115759.99,CE,2011
2010-12-13,RIM,12,119663,119639.07,CE,2011
2010-12-14,RIM,11.75,119663,117126.14,CE,2011
2010-12-15,RIM,12.52,119663,124829.45,CE,2011
2010-12-16,RIM,12.84,119663,128019.47,CE,2011
2010-12-17,RIM,13.31,119663,132679.34,CE,2011
2010-12-18,RIM,13.21,119663,131727.02,CE,2011
2010-12-19,RIM,13.62,119663,135862.38,CE,2011
2010-12-20,RIM,13.79,119663,137558.6,CE,2011
2010-12-21,RIM,14.25,119663,142101.81,CE,2011
2010-12-22,RIM,14.06,119663,140190.19,CE,2011
2010-12-23,RIM,14.34,119663,142959.39,CE,2011
2010-12-24,RIM,14.39,119663,143520.81,CE,2011
2010-12-25,RIM,14.9,119663,148606.49,CE,2011
2010-12-26,RIM,15.23,119663,151850.35,CE,2011
2010-12-27,RIM,15.93,119663,158803.77,CE,2011
2010-12-28,RIM,16.82,119663,167720.66,CE,2011
2010-12-29,RIM,17.46,119663,174080.75,CE,2011
2010-12-30,RIM,16.97,119663,169266.31,CE,2011
2010-12-31,RIM,16.97,119663,169255.34,CE,2011
2011-01-01,RIM,16.97,119663,169188.52,CE,2011
2011-01-02,RIM,16.96,119663,169111.74,CE,2011
2011-01-03,RIM,16.95,119663,169038.95,CE,2011
2011-01-04,RIM,16.94,119663,168948.2,CE,2011
2011-01-05,RIM,17.37,119663,173232.14,CE,2011
2011-01-06,RIM,17.53,119663,174776.79,CE,2011
2011-01-07,RIM,17.51,119663,174618.23,CE,2011
2011-01-08,RIM,17.6,119663,175542.63,CE,2011
2011-01-09,RIM,17.6,119663,175459.86,CE,2011
2011-01-10,RIM,18.09,119663,180387.98,CE,2011
2011-01-11,RIM,19.11,119663,190575.29,CE,2011
2011-01-12,RIM,19.27,119663,192178.78,CE,2011
2011-01-13,RIM,20.45,119663,203899.77,CE,2011
2011-01-14,RIM,21.9,119663,218336.11,CE,2011
2011-01-15,RIM,21.84,119663,217765.72,CE,2011
2011-01-16,RIM,22.22,119663,221585.96,CE,2011
2011-01-17,RIM,21.65,119663,215930.89,CE,2011
2011-01-18,RIM,21.24,119663,211836.42,CE,2011
2011-01-19,RIM,21.82,119663,217613.15,CE,2011
2011-01-20,RIM,21.63,119663,215644.69,CE,2011
2011-01-21,RIM,21.44,119663,213833.79,CE,2011
2011-01-22,RIM,22.14,119663,220822.11,CE,2011
2011-01-23,RIM,21.84,119663,217778.68,CE,2011
2011-01-24,RIM,21.47,119663,214100.04,CE,2011
2011-01-25,RIM,21.14,119663,210819.28,CE,2011
2011-01-26,RIM,22.21,119663,221469.29,CE,2011
2011-01-27,RIM,21.84,119663,217773.7,CE,2011
2011-01-28,RIM,21.4,119663,213381.07,CE,2011
2011-01-29,RIM,21.01,119663,209502.99,CE,2011
2011-01-30,RIM,20.82,119663,207648.21,CE,2011
2011-01-31,RIM,20.61,119663,205496.27,CE,2011
2011-02-01,RIM,22.1,119663,220352.43,CE,2011
2011-02-02,RIM,21.92,119663,218591.39,CE,2011
2011-02-03,RIM,21.74,119663,216754.57,CE,2011
2011-02-04,RIM,21.48,119663,214216.71,CE,2011
2011-02-05,RIM,21.18,119663,211229.13,CE,2011
2011-02-06,RIM,20.96,119663,208977.47,CE,2011
2011-02-07,RIM,20.79,119663,207322.13,CE,2011
2011-02-08,RIM,22.43,119663,223704.99,CE,2011
2011-02-09,RIM,22.37,119663,223116.65,CE,2011
2011-02-10,RIM,22.21,119663,221447.35,CE,2011
2011-02-11,RIM,21.99,119663,219280.45,CE,2011
2011-02-12,RIM,21.69,119663,216244,CE,2011
2011-02-13,RIM,21.69,119663,216258.96,CE,2011
2011-02-14,RIM,21.57,119663,215115.18,CE,2011
2011-02-15,RIM,22.83,119663,227672.82,CE,2011
2011-02-16,RIM,23.44,119663,233736.74,CE,2011
2011-02-17,RIM,23.49,119663,234262.26,CE,2011
2011-02-18,RIM,23.52,119663,234560.42,CE,2011
2011-02-19,RIM,24.15,119663,240853.7,CE,2011
2011-02-20,RIM,24.07,119663,240067.91,CE,2011
2011-02-21,RIM,23.99,119663,239267.17,CE,2011
2011-02-22,RIM,24.01,119663,239423.72,CE,2011
2011-02-23,RIM,24.66,119663,245882.54,CE,2011
2011-02-24,RIM,25.42,119663,253511.05,CE,2011
2011-02-25,RIM,26.13,119663,260533.28,CE,2011
2011-02-26,RIM,26.13,119663,260519.31,CE,2011
2011-02-27,RIM,26.18,119663,261032.87,CE,2011
2011-02-28,RIM,26.86,119663,267885.57,CE,2011
2011-03-01,RIM,28.94,119663,288612.2,CE,2011
2011-03-02,RIM,29.6,119663,295185.69,CE,2011
2011-03-03,RIM,29.98,119663,298908.2,CE,2011
2011-03-04,RIM,29.97,119663,298895.24,CE,2011
2011-03-05,RIM,30.27,119663,301831.97,CE,2011
2011-03-06,RIM,30.28,119663,301933.68,CE,2011
2011-03-07,RIM,30.26,119663,301709.31,CE,2011
2011-03-08,RIM,30.25,119663,301605.61,CE,2011
2011-03-09,RIM,30.6,119663,305167.57,CE,2011
2011-03-10,RIM,31.69,119663,315979.13,CE,2011
2011-03-11,RIM,32.5,119663,324064.36,CE,2011
2011-03-12,RIM,32.46,119663,323697.39,CE,2011
2011-03-13,RIM,32.53,119663,324356.53,CE,2011
2011-03-14,RIM,33.18,119663,330871.19,CE,2011
2011-03-15,RIM,33.39,119663,332994.21,CE,2011
2011-03-16,RIM,34.98,119663,348837.59,CE,2011
2011-03-17,RIM,35.41,119663,353133.49,CE,2011
2011-03-18,RIM,35.46,119663,353649.04,CE,2011
2011-03-19,RIM,36.42,119663,363210.11,CE,2011
2011-03-20,RIM,36.36,119663,362614.79,CE,2011
2011-03-21,RIM,36.84,119663,367363.42,CE,2011
2011-03-22,RIM,36.91,119663,368069.43,CE,2011
2011-03-23,RIM,37.32,119663,372181.85,CE,2011
2011-03-24,RIM,37.3,119663,371957.48,CE,2011
2011-03-25,RIM,37.48,119663,373748.43,CE,2011
2011-03-26,RIM,37.5,119663,373904,CE,2011
2011-03-27,RIM,37.84,119663,377322.37,CE,2011
2011-03-28,RIM,38.2,119663,380942.17,CE,2011
2011-03-29,RIM,38.17,119663,380650.99,CE,2011
2011-03-30,RIM,38.65,119663,385375.69,CE,2011
2011-03-31,RIM,40.64,119663,405226.78,CE,2011
2011-04-01,RIM,40.44,119663,403267.3,CE,2011
2011-04-02,RIM,40.03,119663,399202.75,CE,2011
2011-04-03,RIM,40.21,119663,400966.78,CE,2011
2011-04-04,RIM,40.07,119663,399587.66,CE,2011
2011-04-05,RIM,40.93,119663,408107.67,CE,2011
2011-04-06,RIM,41.22,119663,411077.31,CE,2011
2011-04-07,RIM,41.66,119663,415406.12,CE,2011
2011-04-08,RIM,41.97,119663,418477.47,CE,2011
2011-04-09,RIM,41.85,119663,417279.84,CE,2011
2011-04-10,RIM,41.78,119663,416590.78,CE,2011
2011-04-11,RIM,41.79,119663,416771.27,CE,2011
2011-04-12,RIM,42.02,119663,418982.05,CE,2011
2011-04-13,RIM,42.27,119663,421481.01,CE,2011
2011-04-14,RIM,42.24,119663,421235.7,CE,2011
2011-04-15,RIM,42.94,119663,428241.97,CE,2011
2011-04-16,RIM,43.21,119663,430871.56,CE,2011
2011-04-17,RIM,42.97,119663,428483.29,CE,2011
2011-04-18,RIM,42.89,119663,427650.63,CE,2011
2011-04-19,RIM,42.79,119663,426710.28,CE,2011
2011-04-20,RIM,42.68,119663,425618.36,CE,2011
2011-04-21,RIM,43.46,119663,433396.45,CE,2011
2011-04-22,RIM,43.41,119663,432871.93,CE,2011
2011-04-23,RIM,43.27,119663,431450.93,CE,2011
2011-04-24,RIM,43.06,119663,429376.77,CE,2011
2011-04-25,RIM,42.86,119663,427404.33,CE,2011
2011-04-26,RIM,43.44,119663,433174.08,CE,2011
2011-04-27,RIM,44.29,119663,441705.05,CE,2011
2011-04-28,RIM,44.7,119663,445788.55,CE,2011
2011-04-29,RIM,44.87,119663,447488.76,CE,2011
2011-04-30,RIM,44.76,119663,446332.02,CE,2011
2011-05-01,RIM,44.6,119663,444790.36,CE,2011
2011-05-02,RIM,44.38,119663,442545.68,CE,2011
2011-05-03,RIM,44.19,119663,440624.1,CE,2011
2011-05-04,RIM,43.96,119663,438388.39,CE,2011
2011-05-05,RIM,44.8,119663,446732.89,CE,2011
2011-05-06,RIM,44.44,119663,443152.97,CE,2011
2011-05-07,RIM,44.18,119663,440527.37,CE,2011
2011-05-08,RIM,44.03,119663,439021.61,CE,2011
2011-05-09,RIM,43.82,119663,436958.42,CE,2011
2011-05-10,RIM,44.58,119663,444565.99,CE,2011
2011-05-11,RIM,44.18,119663,440567.26,CE,2011
2011-05-12,RIM,43.84,119663,437140.91,CE,2011
2011-05-13,RIM,43.48,119663,433579.93,CE,2011
2011-05-14,RIM,43.1,119663,429791.6,CE,2011
2011-05-15,RIM,43.32,119663,432023.32,CE,2011
2011-05-16,RIM,42.74,119663,426239.61,CE,2011
2011-05-17,RIM,42.31,119663,421894.84,CE,2011
2011-05-18,RIM,41.96,119663,418446.55,CE,2011
2011-05-19,RIM,41.54,119663,414236.41,CE,2011
2011-05-20,RIM,41.86,119663,417439.39,CE,2011
2011-05-21,RIM,41.34,119663,412205.13,CE,2011
2011-05-22,RIM,40.79,119663,406724.57,CE,2011
2011-05-23,RIM,40.32,119663,402030.78,CE,2011
2011-05-24,RIM,39.88,119663,397675.05,CE,2011
2011-05-25,RIM,39.41,119663,393018.17,CE,2011
2011-05-26,RIM,39.06,119663,389470.16,CE,2011
2011-05-27,RIM,38.76,119663,386519.47,CE,2011
2011-05-28,RIM,38.46,119663,383494.99,CE,2011
2011-05-29,RIM,38.19,119663,380794.59,CE,2011
2011-05-30,RIM,37.81,119663,377053.13,CE,2011
2011-05-31,RIM,37.47,119663,373669.66,CE,2011
2011-06-01,RIM,37.1,119663,369919.22,CE,2011
2011-06-02,RIM,36.81,119663,367102.15,CE,2011
2011-06-03,RIM,36.42,119663,363222.08,CE,2011
2011-06-04,RIM,35.92,119663,358227.15,CE,2011
2011-06-05,RIM,35.34,119663,352407.54,CE,2011
2011-06-06,RIM,34.67,119663,345703.42,CE,2011
2011-06-07,RIM,33.92,119663,338264.37,CE,2011
2011-06-08,RIM,33.43,119663,333330.26,CE,2011
2011-06-09,RIM,32.97,119663,328771.1,CE,2011
2011-06-10,RIM,32.46,119663,323692.4,CE,2011
2011-06-11,RIM,31.84,119663,317513.8,CE,2011
2011-06-12,RIM,31.23,119663,311448.88,CE,2011
2011-06-13,RIM,30.68,119663,305888.54,CE,2011
2011-06-14,RIM,30.14,119663,300547.59,CE,2011
2011-06-15,RIM,29.22,119663,291357.47,CE,2011
2011-06-16,RIM,28.77,119663,286917.97,CE,2011
2011-06-17,RIM,28.32,119663,282396.7,CE,2011
2011-06-18,RIM,27.77,119663,276940.07,CE,2011
2011-06-19,RIM,27.24,119663,271643.98,CE,2011
2011-06-20,RIM,26.66,119663,265847.31,CE,2011
2011-06-21,RIM,25.05,119663,249756.62,CE,2011
2011-06-22,RIM,24.41,119663,243410.5,CE,2011
2011-06-23,RIM,23.58,119663,235114.86,CE,2011
2011-06-24,RIM,22.93,119663,228680.98,CE,2011
2011-06-25,RIM,22.46,119663,223998.17,CE,2011
2011-06-26,RIM,22,119663,219332.31,CE,2011
2011-06-27,RIM,21.45,119663,213917.56,CE,2011
2011-06-28,RIM,20.1,119663,200389.65,CE,2011
2011-06-29,RIM,19.33,119663,192769.12,CE,2011
2011-06-30,RIM,18.64,119663,185852.59,CE,2011
2011-07-01,RIM,18.11,119663,180589.42,CE,2011
2011-07-02,RIM,17.59,119663,175445.9,CE,2011
2011-07-03,RIM,16.87,119663,168239.2,CE,2011
2011-07-04,RIM,16.14,119663,160907.84,CE,2011
2011-07-05,RIM,15.49,119663,154454.02,CE,2011
2011-07-06,RIM,14.11,119663,140747.62,CE,2011
2011-07-07,RIM,13.24,119663,132067.07,CE,2011
2011-07-08,RIM,12.48,119663,124429.58,CE,2011
2011-07-09,RIM,12.03,119663,119999.05,CE,2011
2011-07-10,RIM,11.59,119663,115531.63,CE,2011
2011-07-11,RIM,11.07,119663,110391.11,CE,2011
2011-07-12,RIM,10.54,119663,105130.93,CE,2011
2011-07-13,RIM,10.09,119663,100621.63,CE,2011
2011-07-14,RIM,9.69,119663,96649.81,CE,2011
2011-07-15,RIM,9.34,119663,93134.71,CE,2011
2011-07-16,RIM,8.92,119663,88996.36,CE,2011
2011-07-17,RIM,8.49,119663,84681.52,CE,2011
2011-07-18,RIM,8.07,119663,80455.42,CE,2011
2011-07-19,RIM,6.91,119663,68944.83,CE,2011
2011-07-20,RIM,6.55,119663,65298.1,CE,2011
2011-07-21,RIM,6.21,119663,61973.47,CE,2011
2011-07-22,RIM,5.91,119663,58894.14,CE,2011
2011-07-23,RIM,5.62,119663,56004.28,CE,2011
2011-07-24,RIM,5.25,119663,52322.65,CE,2011
2011-07-25,RIM,4.75,119663,47329.71,CE,2011
2011-07-26,RIM,4.01,119663,39965.45,CE,2011
2011-07-27,RIM,3.73,119663,37192.26,CE,2011
2011-07-28,RIM,3.45,119663,34422.06,CE,2011
2011-07-29,RIM,3.14,119663,31299.85,CE,2011
2011-07-30,RIM,2.8,119663,27902.42,CE,2011
2011-07-31,RIM,2.47,119663,24650.58,CE,2011
2011-08-01,RIM,2.2,119663,21890.35,CE,2011
2011-08-02,RIM,1.96,119663,19582.85,CE,2011
2011-08-03,RIM,1.74,119663,17342.16,CE,2011
2011-08-04,RIM,1.29,119663,12822.89,CE,2011
2011-08-05,RIM,1.1,119663,10974.09,CE,2011
2011-08-06,RIM,0.96,119663,9578.03,CE,2011
2011-08-07,RIM,0.83,119663,8313.59,CE,2011
2011-08-08,RIM,0.72,119663,7144.88,CE,2011
2011-08-09,RIM,0.61,119663,6130.73,CE,2011
2011-08-10,RIM,0.55,119663,5478.57,CE,2011
2011-08-11,RIM,0.5,119663,4963.02,CE,2011
2011-08-12,RIM,0.44,119663,4414.57,CE,2011
2011-08-13,RIM,0.38,119663,3768.39,CE,2011
2011-08-14,RIM,0.33,119663,3291.73,CE,2011
2011-08-15,RIM,0.29,119663,2906.81,CE,2011
2011-08-16,RIM,0.26,119663,2631.59,CE,2011
2011-08-17,RIM,0.23,119663,2315.48,CE,2011
2011-08-18,RIM,0.2,119663,1981.42,CE,2011
2011-08-19,RIM,0.17,119663,1704.2,CE,2011
2011-08-20,RIM,0.15,119663,1451.91,CE,2011
2011-08-21,RIM,0.12,119663,1150.76,CE,2011
2011-08-22,RIM,0.09,119663,915.42,CE,2011
2011-08-23,RIM,0.07,119663,706.01,CE,2011
2011-08-24,RIM,0.06,119663,568.4,CE,2011
2011-08-25,RIM,0.05,119663,482.64,CE,2011
2011-08-26,RIM,0.04,119663,394.89,CE,2011
2011-08-27,RIM,0.03,119663,324.09,CE,2011
2011-08-28,RIM,0.03,119663,269.24,CE,2011
2011-08-29,RIM,0.02,119663,217.39,CE,2011
2011-08-30,RIM,0.02,119663,184.48,CE,2011
2011-08-31,RIM,0.02,119663,173.51,CE,2011
2011-09-01,RIM,0.02,119663,164.54,CE,2011
2011-09-02,RIM,0.02,119663,156.56,CE,2011
2011-09-03,RIM,0.01,119663,145.59,CE,2011
2011-09-04,RIM,0.01,119663,133.62,CE,2011
2011-09-05,RIM,0.01,119663,119.66,CE,2011
2011-09-06,RIM,0.01,119663,105.7,CE,2011
2011-09-07,RIM,0.01,119663,89.75,CE,2011
2011-09-08,RIM,0.01,119663,74.79,CE,2011
2011-09-09,RIM,0.01,119663,56.84,CE,2011
2011-09-10,RIM,0,119663,36.9,CE,2011
2011-09-11,RIM,0,119663,18.95,CE,2011
2011-09-12,RIM,0,119663,1,CE,2011
2011-09-13,RIM,0,119663,0,CE,2011
2011-09-14,RIM,0,119663,0,CE,2011
2011-09-15,RIM,0,119663,0,CE,2011
2011-09-16,RIM,0,119663,0,CE,2011
2011-09-17,RIM,0,119663,0,CE,2011
2011-09-18,RIM,0,119663,0,CE,2011
2011-09-19,RIM,0,119663,0,CE,2011
2011-09-20,RIM,0,119663,0,CE,2011
2011-09-21,RIM,0,119663,0,CE,2011
2011-09-22,RIM,0,119663,0,CE,2011
2011-09-23,RIM,0,119663,0,CE,2011
2011-09-24,RIM,0,119663,0,CE,2011
2011-09-25,RIM,0,119663,0,CE,2011
2011-09-26,RIM,0,119663,0,CE,2011
2011-09-27,RIM,0,119663,0,CE,2011
2011-09-28,RIM,0,119663,0,CE,2011
2011-09-29,RIM,0,119663,0,CE,2011
2011-09-30,RIM,0,119663,0,CE,2011
2011-10-01,RIM,0,119663,0,CE,2012
2011-10-02,RIM,0,119663,0,CE,2012
2011-10-03,RIM,0,119663,0,CE,2012
2011-10-04,RIM,0,119663,0,CE,2012
2011-10-05,RIM,0,119663,10.97,CE,2012
2011-10-06,RIM,0.01,119663,139.61,CE,2012
2011-10-07,RIM,0.02,119663,159.55,CE,2012
2011-10-08,RIM,0.02,119663,176.5,CE,2012
2011-10-09,RIM,0.01,119663,105.7,CE,2012
2011-10-10,RIM,0,119663,47.87,CE,2012
2011-10-11,RIM,0,119663,11.97,CE,2012
2011-10-12,RIM,0,119663,43.88,CE,2012
2011-10-13,RIM,0.01,119663,50.86,CE,2012
2011-10-14,RIM,0,119663,46.87,CE,2012
2011-10-15,RIM,0,119663,32.91,CE,2012
2011-10-16,RIM,0,119663,24.93,CE,2012
2011-10-17,RIM,0,119663,21.94,CE,2012
2011-10-18,RIM,0,119663,9.97,CE,2012
2011-10-19,RIM,0,119663,0,CE,2012
2011-10-20,RIM,0,119663,0,CE,2012
2011-10-21,RIM,0,119663,0,CE,2012
2011-10-22,RIM,0,119663,0,CE,2012
2011-10-23,RIM,0,119663,0,CE,2012
2011-10-24,RIM,0,119663,0,CE,2012
2011-10-25,RIM,0,119663,0,CE,2012
2011-10-26,RIM,0,119663,0,CE,2012
2011-10-27,RIM,0,119663,0,CE,2012
2011-10-28,RIM,0,119663,0,CE,2012
2011-10-29,RIM,0,119663,0,CE,2012
2011-10-30,RIM,0,119663,0,CE,2012
2011-10-31,RIM,0,119663,0,CE,2012
2011-11-01,RIM,0,119663,0,CE,2012
2011-11-02,RIM,0,119663,0,CE,2012
2011-11-03,RIM,0.01,119663,122.65,CE,2012
2011-11-04,RIM,0.07,119663,719.97,CE,2012
2011-11-05,RIM,0.07,119663,700.03,CE,2012
2011-11-06,RIM,0.09,119663,935.37,CE,2012
2011-11-07,RIM,0.09,119663,905.45,CE,2012
2011-11-08,RIM,0.09,119663,877.53,CE,2012
2011-11-09,RIM,0.06,119663,621.25,CE,2012
2011-11-10,RIM,0.04,119663,377.94,CE,2012
2011-11-11,RIM,0,119663,25.93,CE,2012
2011-11-12,RIM,0.27,119663,2721.34,CE,2012
2011-11-13,RIM,0.6,119663,5973.18,CE,2012
2011-11-14,RIM,0.77,119663,7696.33,CE,2012
2011-11-15,RIM,0.84,119663,8388.38,CE,2012
2011-11-16,RIM,2.29,119663,22861.62,CE,2012
2011-11-17,RIM,2.77,119663,27597.28,CE,2012
2011-11-18,RIM,3.84,119663,38249.28,CE,2012
2011-11-19,RIM,4.4,119663,43828.57,CE,2012
2011-11-20,RIM,4.77,119663,47590.97,CE,2012
2011-11-21,RIM,4.77,119663,47569.03,CE,2012
2011-11-22,RIM,5.19,119663,51762.23,CE,2012
2011-11-23,RIM,6.46,119663,64412.6,CE,2012
2011-11-24,RIM,6.72,119663,67035.21,CE,2012
2011-11-25,RIM,6.92,119663,69036.58,CE,2012
2011-11-26,RIM,7.16,119663,71383.97,CE,2012
2011-11-27,RIM,7.05,119663,70253.15,CE,2012
2011-11-28,RIM,6.96,119663,69420.5,CE,2012
2011-11-29,RIM,8.15,119663,81267.13,CE,2012
2011-11-30,RIM,7.99,119663,79662.65,CE,2012
2011-12-01,RIM,7.91,119663,78882.85,CE,2012
2011-12-02,RIM,7.73,119663,77119.81,CE,2012
2011-12-03,RIM,8.22,119663,82005.05,CE,2012
2011-12-04,RIM,8.09,119663,80643.89,CE,2012
2011-12-05,RIM,7.96,119663,79342.55,CE,2012
2011-12-06,RIM,7.82,119663,77937.51,CE,2012
2011-12-07,RIM,7.58,119663,75625.02,CE,2012
2011-12-08,RIM,7.35,119663,73287.6,CE,2012
2011-12-09,RIM,7.98,119663,79556.95,CE,2012
2011-12-10,RIM,7.75,119663,77259.42,CE,2012
2011-12-11,RIM,7.52,119663,74952.91,CE,2012
2011-12-12,RIM,7.43,119663,74085.36,CE,2012
2011-12-13,RIM,7.34,119663,73201.85,CE,2012
2011-12-14,RIM,7.25,119663,72289.42,CE,2012
2011-12-15,RIM,7.16,119663,71353.05,CE,2012
2011-12-16,RIM,8.46,119663,84315.55,CE,2012
2011-12-17,RIM,8.38,119663,83565.66,CE,2012
2011-12-18,RIM,8.2,119663,81801.63,CE,2012
2011-12-19,RIM,8.01,119663,79877.05,CE,2012
2011-12-20,RIM,7.85,119663,78315.44,CE,2012
2011-12-21,RIM,7.69,119663,76728.91,CE,2012
2011-12-22,RIM,8.72,119663,86980.04,CE,2012
2011-12-23,RIM,8.66,119663,86382.73,CE,2012
2011-12-24,RIM,8.61,119663,85863.19,CE,2012
2011-12-25,RIM,8.48,119663,84557.86,CE,2012
2011-12-26,RIM,8.49,119663,84636.64,CE,2012
2011-12-27,RIM,8.49,119663,84689.49,CE,2012
2011-12-28,RIM,9.03,119663,90001.53,CE,2012
2011-12-29,RIM,9.46,119663,94376.21,CE,2012
2011-12-30,RIM,11.34,119663,113063.59,CE,2012
2011-12-31,RIM,12,119663,119700.89,CE,2012
2012-01-01,RIM,11.85,119663,118195.13,CE,2012
2012-01-02,RIM,11.74,119663,117107.2,CE,2012
2012-01-03,RIM,11.58,119663,115463.83,CE,2012
2012-01-04,RIM,13.26,119663,132204.68,CE,2012
2012-01-05,RIM,13.18,119663,131432.85,CE,2012
2012-01-06,RIM,12.95,119663,129091.45,CE,2012
2012-01-07,RIM,13.71,119663,136708.99,CE,2012
2012-01-08,RIM,13.56,119663,135253.09,CE,2012
2012-01-09,RIM,13.36,119663,133252.73,CE,2012
2012-01-10,RIM,13.27,119663,132299.41,CE,2012
2012-01-11,RIM,13.18,119663,131462.77,CE,2012
2012-01-12,RIM,14.02,119663,139758.41,CE,2012
2012-01-13,RIM,13.93,119663,138871.9,CE,2012
2012-01-14,RIM,13.76,119663,137182.66,CE,2012
2012-01-15,RIM,13.99,119663,139512.1,CE,2012
2012-01-16,RIM,14.26,119663,142149.67,CE,2012
2012-01-17,RIM,14.55,119663,145044.52,CE,2012
2012-01-18,RIM,17.55,119663,174989.19,CE,2012
2012-01-19,RIM,19.73,119663,196721.98,CE,2012
2012-01-20,RIM,21.37,119663,213118.81,CE,2012
2012-01-21,RIM,21.88,119663,218157.62,CE,2012
2012-01-22,RIM,22.8,119663,227335.77,CE,2012
2012-01-23,RIM,23.43,119663,233616.08,CE,2012
2012-01-24,RIM,23.45,119663,233798.57,CE,2012
2012-01-25,RIM,23.31,119663,232489.25,CE,2012
2012-01-26,RIM,23.93,119663,238671.84,CE,2012
2012-01-27,RIM,24.08,119663,240087.85,CE,2012
2012-01-28,RIM,24.01,119663,239432.7,CE,2012
2012-01-29,RIM,23.94,119663,238776.55,CE,2012
2012-01-30,RIM,24.07,119663,240060.93,CE,2012
2012-01-31,RIM,25.79,119663,257149.8,CE,2012
2012-02-01,RIM,25.73,119663,256562.46,CE,2012
2012-02-02,RIM,25.89,119663,258124.06,CE,2012
2012-02-03,RIM,25.8,119663,257293.4,CE,2012
2012-02-04,RIM,25.73,119663,256587.39,CE,2012
2012-02-05,RIM,25.66,119663,255903.31,CE,2012
2012-02-06,RIM,25.59,119663,255223.23,CE,2012
2012-02-07,RIM,26.31,119663,262315.26,CE,2012
2012-02-08,RIM,26.26,119663,261859.54,CE,2012
2012-02-09,RIM,26.34,119663,262652.31,CE,2012
2012-02-10,RIM,26.43,119663,263533.82,CE,2012
2012-02-11,RIM,26.43,119663,263583.68,CE,2012
2012-02-12,RIM,26.34,119663,262684.22,CE,2012
2012-02-13,RIM,26.28,119663,262070.94,CE,2012
2012-02-14,RIM,27.99,119663,279162.81,CE,2012
2012-02-15,RIM,28.04,119663,279570.66,CE,2012
2012-02-16,RIM,28,119663,279227.63,CE,2012
2012-02-17,RIM,28,119663,279215.66,CE,2012
2012-02-18,RIM,28.31,119663,282259.09,CE,2012
2012-02-19,RIM,29.47,119663,293825.52,CE,2012
2012-02-20,RIM,29.56,119663,294783.82,CE,2012
2012-02-21,RIM,29.76,119663,296726.35,CE,2012
2012-02-22,RIM,32.18,119663,320880.32,CE,2012
2012-02-23,RIM,33.43,119663,333386.1,CE,2012
2012-02-24,RIM,32.79,119663,327023.02,CE,2012
2012-02-25,RIM,32.87,119663,327752.97,CE,2012
2012-02-26,RIM,33.64,119663,335425.36,CE,2012
2012-02-27,RIM,33.89,119663,337976.18,CE,2012
2012-02-28,RIM,34.33,119663,342377.78,CE,2012
2012-02-29,RIM,34.58,119663,344786,CE,2012
2012-03-01,RIM,35.37,119663,352692.73,CE,2012
2012-03-02,RIM,35.41,119663,353149.45,CE,2012
2012-03-03,RIM,35.45,119663,353513.42,CE,2012
2012-03-04,RIM,35.63,119663,355269.48,CE,2012
2012-03-05,RIM,35.47,119663,353728.81,CE,2012
2012-03-06,RIM,35.95,119663,358508.35,CE,2012
2012-03-07,RIM,37.04,119663,369318.91,CE,2012
2012-03-08,RIM,36.96,119663,368520.16,CE,2012
2012-03-09,RIM,36.79,119663,366870.8,CE,2012
2012-03-10,RIM,36.51,119663,364045.76,CE,2012
2012-03-11,RIM,36.37,119663,362657.67,CE,2012
2012-03-12,RIM,37,119663,368937.98,CE,2012
2012-03-13,RIM,39.38,119663,392719.01,CE,2012
2012-03-14,RIM,39.96,119663,398524.66,CE,2012
2012-03-15,RIM,40.55,119663,404330.31,CE,2012
2012-03-16,RIM,40.91,119663,407984.02,CE,2012
2012-03-17,RIM,41.12,119663,410078.12,CE,2012
2012-03-18,RIM,41.37,119663,412537.2,CE,2012
2012-03-19,RIM,41.45,119663,413373.84,CE,2012
2012-03-20,RIM,41.43,119663,413108.59,CE,2012
2012-03-21,RIM,42.55,119663,424341.95,CE,2012
2012-03-22,RIM,43.01,119663,428912.08,CE,2012
2012-03-23,RIM,43.48,119663,433585.92,CE,2012
2012-03-24,RIM,43.45,119663,433270.8,CE,2012
2012-03-25,RIM,43.38,119663,432594.71,CE,2012
2012-03-26,RIM,43.32,119663,432002.38,CE,2012
2012-03-27,RIM,43.69,119663,435649.11,CE,2012
2012-03-28,RIM,44.38,119663,442554.66,CE,2012
2012-03-29,RIM,45.05,119663,449239.83,CE,2012
2012-03-30,RIM,46.04,119663,459137.96,CE,2012
2012-03-31,RIM,48.88,119663,487457.2,CE,2012
2012-04-01,RIM,49.33,119663,491963.51,CE,2012
2012-04-02,RIM,49.73,119663,495930.34,CE,2012
2012-04-03,RIM,49.13,119663,489928.24,CE,2012
2012-04-04,RIM,49.06,119663,489200.29,CE,2012
2012-04-05,RIM,49.01,119663,488690.73,CE,2012
2012-04-06,RIM,49.14,119663,490021.98,CE,2012
2012-04-07,RIM,49.26,119663,491191.69,CE,2012
2012-04-08,RIM,49.15,119663,490103.75,CE,2012
2012-04-09,RIM,48.99,119663,488492.29,CE,2012
2012-04-10,RIM,49.25,119663,491139.83,CE,2012
2012-04-11,RIM,48.91,119663,487768.33,CE,2012
2012-04-12,RIM,49.33,119663,491901.69,CE,2012
2012-04-13,RIM,49.24,119663,490976.29,CE,2012
2012-04-14,RIM,49.03,119663,488890.17,CE,2012
2012-04-15,RIM,48.8,119663,486619.56,CE,2012
2012-04-16,RIM,48.5,119663,483684.83,CE,2012
2012-04-17,RIM,49.09,119663,489472.53,CE,2012
2012-04-18,RIM,49.02,119663,488801.42,CE,2012
2012-04-19,RIM,48.88,119663,487388.4,CE,2012
2012-04-20,RIM,49.57,119663,494348.79,CE,2012
2012-04-21,RIM,49.03,119663,488901.14,CE,2012
2012-04-22,RIM,48.44,119663,483042.63,CE,2012
2012-04-23,RIM,47.79,119663,476576.84,CE,2012
2012-04-24,RIM,46.9,119663,467655.97,CE,2012
2012-04-25,RIM,46.13,119663,459994.54,CE,2012
2012-04-26,RIM,45.59,119663,454666.55,CE,2012
2012-04-27,RIM,45.16,119663,450356.69,CE,2012
2012-04-28,RIM,45.43,119663,453010.21,CE,2012
2012-04-29,RIM,45.07,119663,449419.33,CE,2012
2012-04-30,RIM,44.6,119663,444782.39,CE,2012
2012-05-01,RIM,44.4,119663,442768.06,CE,2012
2012-05-02,RIM,44.4,119663,442755.09,CE,2012
2012-05-03,RIM,44.17,119663,440412.69,CE,2012
2012-05-04,RIM,44.75,119663,446289.14,CE,2012
2012-05-05,RIM,44.31,119663,441809.76,CE,2012
2012-05-06,RIM,43.98,119663,438587.83,CE,2012
2012-05-07,RIM,43.64,119663,435124.58,CE,2012
2012-05-08,RIM,43.54,119663,434176.25,CE,2012
2012-05-09,RIM,42.92,119663,427979.71,CE,2012
2012-05-10,RIM,42.39,119663,422713.54,CE,2012
2012-05-11,RIM,42.07,119663,419481.64,CE,2012
2012-05-12,RIM,41.61,119663,414918.49,CE,2012
2012-05-13,RIM,41.09,119663,409786.94,CE,2012
2012-05-14,RIM,40.45,119663,403370.01,CE,2012
2012-05-15,RIM,39.6,119663,394879.92,CE,2012
2012-05-16,RIM,38.68,119663,385749.64,CE,2012
2012-05-17,RIM,37.85,119663,377404.14,CE,2012
2012-05-18,RIM,37.22,119663,371170.69,CE,2012
2012-05-19,RIM,36.74,119663,366396.14,CE,2012
2012-05-20,RIM,36.25,119663,361510.9,CE,2012
2012-05-21,RIM,35.84,119663,357348.62,CE,2012
2012-05-22,RIM,35.38,119663,352798.43,CE,2012
2012-05-23,RIM,34.93,119663,348279.16,CE,2012
2012-05-24,RIM,34.49,119663,343895.51,CE,2012
2012-05-25,RIM,34.26,119663,341613.93,CE,2012
2012-05-26,RIM,33.7,119663,336051.6,CE,2012
2012-05-27,RIM,33.17,119663,330727.59,CE,2012
2012-05-28,RIM,32.58,119663,324851.14,CE,2012
2012-05-29,RIM,32,119663,319114.3,CE,2012
2012-05-30,RIM,31.34,119663,312529.84,CE,2012
2012-05-31,RIM,30.76,119663,306782.03,CE,2012
2012-06-01,RIM,30.09,119663,300071.92,CE,2012
2012-06-02,RIM,29.36,119663,292731.6,CE,2012
2012-06-03,RIM,28.61,119663,285290.55,CE,2012
2012-06-04,RIM,28.05,119663,279725.23,CE,2012
2012-06-05,RIM,27.98,119663,279029.19,CE,2012
2012-06-06,RIM,27.47,119663,273935.53,CE,2012
2012-06-07,RIM,26.66,119663,265896.17,CE,2012
2012-06-08,RIM,26.56,119663,264887.01,CE,2012
2012-06-09,RIM,26.22,119663,261492.57,CE,2012
2012-06-10,RIM,25.81,119663,257370.18,CE,2012
2012-06-11,RIM,25.34,119663,252680.39,CE,2012
2012-06-12,RIM,24.63,119663,245648.2,CE,2012
2012-06-13,RIM,23.97,119663,239005.9,CE,2012
2012-06-14,RIM,23.28,119663,232178.13,CE,2012
2012-06-15,RIM,22.33,119663,222696.83,CE,2012
2012-06-16,RIM,21.72,119663,216606.98,CE,2012
2012-06-17,RIM,20.91,119663,208532.72,CE,2012
2012-06-18,RIM,20.04,119663,199849.18,CE,2012
2012-06-19,RIM,19.54,119663,194822.33,CE,2012
2012-06-20,RIM,18.67,119663,186196.63,CE,2012
2012-06-21,RIM,18.14,119663,180913.5,CE,2012
2012-06-22,RIM,17.44,119663,173877.32,CE,2012
2012-06-23,RIM,16.85,119663,168068.68,CE,2012
2012-06-24,RIM,16.35,119663,163001.95,CE,2012
2012-06-25,RIM,15.9,119663,158538.52,CE,2012
2012-06-26,RIM,15.15,119663,151119.41,CE,2012
2012-06-27,RIM,14.71,119663,146734.76,CE,2012
2012-06-28,RIM,14.22,119663,141837.55,CE,2012
2012-06-29,RIM,13.61,119663,135732.74,CE,2012
2012-06-30,RIM,12.93,119663,128908.96,CE,2012
2012-07-01,RIM,12.22,119663,121814.94,CE,2012
2012-07-02,RIM,11.54,119663,115108.83,CE,2012
2012-07-03,RIM,10.27,119663,102404.6,CE,2012
2012-07-04,RIM,9.87,119663,98467.69,CE,2012
2012-07-05,RIM,9.47,119663,94397.15,CE,2012
2012-07-06,RIM,8.85,119663,88226.53,CE,2012
2012-07-07,RIM,8.19,119663,81680.97,CE,2012
2012-07-08,RIM,7.4,119663,73806.14,CE,2012
2012-07-09,RIM,6.54,119663,65172.46,CE,2012
2012-07-10,RIM,5.68,119663,56610.57,CE,2012
2012-07-11,RIM,4.84,119663,48287.01,CE,2012
2012-07-12,RIM,4.28,119663,42689.78,CE,2012
2012-07-13,RIM,3.73,119663,37150.38,CE,2012
2012-07-14,RIM,3.27,119663,32582.24,CE,2012
2012-07-15,RIM,2.84,119663,28271.38,CE,2012
2012-07-16,RIM,2.51,119663,24986.63,CE,2012
2012-07-17,RIM,2.01,119663,20044.55,CE,2012
2012-07-18,RIM,1.68,119663,16793.7,CE,2012
2012-07-19,RIM,1.41,119663,14077.35,CE,2012
2012-07-20,RIM,1.16,119663,11558.45,CE,2012
2012-07-21,RIM,1,119663,9930.03,CE,2012
2012-07-22,RIM,0.87,119663,8676.56,CE,2012
2012-07-23,RIM,0.78,119663,7768.12,CE,2012
2012-07-24,RIM,0.66,119663,6577.48,CE,2012
2012-07-25,RIM,0.56,119663,5605.21,CE,2012
2012-07-26,RIM,0.46,119663,4599.05,CE,2012
2012-07-27,RIM,0.37,119663,3642.74,CE,2012
2012-07-28,RIM,0.3,119663,3040.44,CE,2012
2012-07-29,RIM,0.26,119663,2628.6,CE,2012
2012-07-30,RIM,0.23,119663,2253.65,CE,2012
2012-07-31,RIM,0.2,119663,1981.42,CE,2012
2012-08-01,RIM,0.18,119663,1752.07,CE,2012
2012-08-02,RIM,0.16,119663,1573.57,CE,2012
2012-08-03,RIM,0.14,119663,1415.01,CE,2012
2012-08-04,RIM,0.13,119663,1272.42,CE,2012
2012-08-05,RIM,0.1,119663,1041.07,CE,2012
2012-08-06,RIM,0.09,119663,897.47,CE,2012
2012-08-07,RIM,0.08,119663,757.87,CE,2012
2012-08-08,RIM,0.06,119663,626.24,CE,2012
2012-08-09,RIM,0.06,119663,556.43,CE,2012
2012-08-10,RIM,0.05,119663,503.58,CE,2012
2012-08-11,RIM,0.05,119663,457.71,CE,2012
2012-08-12,RIM,0.04,119663,403.86,CE,2012
2012-08-13,RIM,0.03,119663,337.05,CE,2012
2012-08-14,RIM,0.03,119663,273.23,CE,2012
2012-08-15,RIM,0.02,119663,218.38,CE,2012
2012-08-16,RIM,0.02,119663,188.47,CE,2012
2012-08-17,RIM,0.02,119663,157.56,CE,2012
2012-08-18,RIM,0.01,119663,121.66,CE,2012
2012-08-19,RIM,0.01,119663,100.72,CE,2012
2012-08-20,RIM,0.01,119663,84.76,CE,2012
2012-08-21,RIM,0.01,119663,71.8,CE,2012
2012-08-22,RIM,0.01,119663,59.83,CE,2012
2012-08-23,RIM,0.01,119663,52.85,CE,2012
2012-08-24,RIM,0,119663,47.87,CE,2012
2012-08-25,RIM,0,119663,40.88,CE,2012
2012-08-26,RIM,0,119663,31.91,CE,2012
2012-08-27,RIM,0,119663,21.94,CE,2012
2012-08-28,RIM,0,119663,14.96,CE,2012
2012-08-29,RIM,0,119663,6.98,CE,2012
2012-08-30,RIM,0,119663,2.99,CE,2012
2012-08-31,RIM,0,119663,0,CE,2012
2012-09-01,RIM,0,119663,0,CE,2012
2012-09-02,RIM,0,119663,0,CE,2012
2012-09-03,RIM,0,119663,0,CE,2012
2012-09-04,RIM,0,119663,0,CE,2012
2012-09-05,RIM,0,119663,0,CE,2012
2012-09-06,RIM,0,119663,0,CE,2012
2012-09-07,RIM,0,119663,0,CE,2012
2012-09-08,RIM,0,119663,0,CE,2012
2012-09-09,RIM,0,119663,0,CE,2012
2012-09-10,RIM,0,119663,0,CE,2012
2012-09-11,RIM,0,119663,0,CE,2012
2012-09-12,RIM,0,119663,0,CE,2012
2012-09-13,RIM,0,119663,0,CE,2012
2012-09-14,RIM,0,119663,0,CE,2012
2012-09-15,RIM,0,119663,0,CE,2012
2012-09-16,RIM,0,119663,0,CE,2012
2012-09-17,RIM,0,119663,0,CE,2012
2012-09-18,RIM,0,119663,0,CE,2012
2012-09-19,RIM,0,119663,0,CE,2012
2012-09-20,RIM,0,119663,0,CE,2012
2012-09-21,RIM,0,119663,0,CE,2012
2012-09-22,RIM,0,119663,0,CE,2012
2012-09-23,RIM,0,119663,0,CE,2012
2012-09-24,RIM,0,119663,0,CE,2012
2012-09-25,RIM,0,119663,0,CE,2012
2012-09-26,RIM,0,119663,0,CE,2012
2012-09-27,RIM,0,119663,0,CE,2012
2012-09-28,RIM,0,119663,0,CE,2012
2012-09-29,RIM,0,119663,0,CE,2012
2012-09-30,RIM,0,119663,0,CE,2012
